date_key,cell_id,voice_minutes,data_gb,sms_count
2026-05-04,C-VAN-N-002,1904.8,431.89,705
2026-05-05,C-VAN-N-002,1708.1,400.71,784
2026-05-06,C-VAN-N-002,1833.3,318.92,771
2026-05-07,C-VAN-N-002,1700.2,371.34,772
2026-05-08,C-VAN-N-002,1700.5,407.32,666
2026-05-09,C-VAN-N-002,1288.9,402.4,577
2026-05-10,C-VAN-N-002,1036.5,406.39,546
2026-05-11,C-VAN-N-002,1813.3,335.76,582
2026-05-12,C-VAN-N-002,1479.2,319.9,675
2026-05-13,C-VAN-N-002,1730.1,393.73,747
2026-05-14,C-VAN-N-002,1759.2,343.44,686
2026-05-15,C-VAN-N-002,1708.5,409.9,710
2026-05-16,C-VAN-N-002,1156.2,365.37,547
2026-05-17,C-VAN-N-002,1083.1,414.89,738
2026-05-18,C-VAN-N-002,1653.0,338.36,744
2026-05-19,C-VAN-N-002,1952.2,313.56,668
2026-05-20,C-VAN-N-002,1885.6,432.57,597
2026-05-21,C-VAN-N-002,1786.6,327.47,745
2026-05-22,C-VAN-N-002,1469.5,362.19,726
2026-05-23,C-VAN-N-002,1206.7,494.86,633
2026-05-24,C-VAN-N-002,1254.5,375.6,715
2026-05-25,C-VAN-N-002,1472.0,403.14,615
2026-05-26,C-VAN-N-002,1459.6,397.31,737
2026-05-27,C-VAN-N-002,1603.0,420.64,667
2026-05-28,C-VAN-N-002,1615.4,390.17,529
2026-05-29,C-VAN-N-002,1714.3,343.5,649
2026-05-30,C-VAN-N-002,1360.8,460.78,577
2026-05-31,C-VAN-N-002,1251.3,362.07,613
2026-05-04,C-VAN-001-002,819.1,410.68,1312
2026-05-05,C-VAN-001-002,718.8,407.99,1258
2026-05-06,C-VAN-001-002,716.8,363.13,1110
2026-05-07,C-VAN-001-002,759.2,455.99,1223
2026-05-08,C-VAN-001-002,877.5,369.63,1373
2026-05-09,C-VAN-001-002,485.0,441.64,1193
2026-05-10,C-VAN-001-002,479.6,518.41,1030
2026-05-11,C-VAN-001-002,793.3,360.41,1085
2026-05-12,C-VAN-001-002,865.8,404.59,1386
2026-05-13,C-VAN-001-002,750.8,472.46,1448
2026-05-14,C-VAN-001-002,920.4,411.48,1120
2026-05-15,C-VAN-001-002,702.4,380.06,1113
2026-05-16,C-VAN-001-002,583.1,557.41,988
2026-05-17,C-VAN-001-002,488.5,423.84,1042
2026-05-18,C-VAN-001-002,766.6,425.09,1006
2026-05-19,C-VAN-001-002,797.2,471.81,1296
2026-05-20,C-VAN-001-002,825.3,398.33,1283
2026-05-21,C-VAN-001-002,784.6,402.3,1423
2026-05-22,C-VAN-001-002,733.8,440.37,1154
2026-05-23,C-VAN-001-002,615.7,495.98,1394
2026-05-24,C-VAN-001-002,519.7,486.01,974
2026-05-25,C-VAN-001-002,861.8,365.28,1229
2026-05-26,C-VAN-001-002,867.5,417.21,1163
2026-05-27,C-VAN-001-002,754.3,407.45,1133
2026-05-28,C-VAN-001-002,817.3,354.23,1137
2026-05-29,C-VAN-001-002,840.8,421.85,1121
2026-05-30,C-VAN-001-002,527.7,498.49,1265
2026-05-31,C-VAN-001-002,483.1,424.83,1265
2026-05-04,C-VAN-001-003,1583.4,351.25,536
2026-05-05,C-VAN-001-003,1467.2,269.86,541
2026-05-06,C-VAN-001-003,1480.1,349.95,718
2026-05-07,C-VAN-001-003,1364.7,312.17,609
2026-05-08,C-VAN-001-003,1511.9,349.52,712
2026-05-09,C-VAN-001-003,951.9,361.67,544
2026-05-10,C-VAN-001-003,921.8,406.12,612
2026-05-11,C-VAN-001-003,1429.2,372.54,647
2026-05-12,C-VAN-001-003,1296.4,374.66,581
2026-05-13,C-VAN-001-003,1377.1,302.38,677
2026-05-14,C-VAN-001-003,1414.3,299.65,633
2026-05-15,C-VAN-001-003,1523.5,283.9,683
2026-05-16,C-VAN-001-003,1043.7,364.03,730
2026-05-17,C-VAN-001-003,920.2,382.84,554
2026-05-18,C-VAN-001-003,1359.9,272.77,547
2026-05-19,C-VAN-001-003,1354.1,363.65,573
2026-05-20,C-VAN-001-003,1290.4,273.42,558
2026-05-21,C-VAN-001-003,1278.3,342.39,745
2026-05-22,C-VAN-001-003,1488.5,315.84,722
2026-05-23,C-VAN-001-003,992.7,363.45,685
2026-05-24,C-VAN-001-003,1146.4,402.24,635
2026-05-25,C-VAN-001-003,1518.9,346.76,716
2026-05-26,C-VAN-001-003,1265.2,371.36,658
2026-05-27,C-VAN-001-003,1579.4,301.03,714
2026-05-28,C-VAN-001-003,1326.3,284.92,593
2026-05-29,C-VAN-001-003,1283.3,345.67,516
2026-05-30,C-VAN-001-003,1003.7,385.47,717
2026-05-31,C-VAN-001-003,875.4,337.33,601
2026-05-04,C-SUR-002-001,1725.1,468.21,654
2026-05-05,C-SUR-002-001,1861.2,404.85,596
2026-05-06,C-SUR-002-001,1675.1,365.74,638
2026-05-07,C-SUR-002-001,1551.1,489.33,687
2026-05-08,C-SUR-002-001,1808.8,393.91,845
2026-05-09,C-SUR-002-001,1064.8,456.19,635
2026-05-10,C-SUR-002-001,1120.3,512.75,731
2026-05-11,C-SUR-002-001,1829.6,356.32,733
2026-05-12,C-SUR-002-001,1779.7,456.17,713
2026-05-13,C-SUR-002-001,1603.6,409.62,619
2026-05-14,C-SUR-002-001,1507.9,390.18,700
2026-05-15,C-SUR-002-001,1464.0,411.14,867
2026-05-16,C-SUR-002-001,1018.6,486.34,734
2026-05-17,C-SUR-002-001,1031.5,562.14,609
2026-05-18,C-SUR-002-001,1699.6,434.92,784
2026-05-19,C-SUR-002-001,1610.0,390.06,824
2026-05-20,C-SUR-002-001,1829.6,361.91,690
2026-05-21,C-SUR-002-001,1669.8,449.47,737
2026-05-22,C-SUR-002-001,1542.8,371.45,728
2026-05-23,C-SUR-002-001,1043.6,513.82,841
2026-05-24,C-SUR-002-001,1189.7,434.55,599
2026-05-25,C-SUR-002-001,1707.8,414.55,887
2026-05-26,C-SUR-002-001,1669.9,384.04,881
2026-05-27,C-SUR-002-001,1880.4,459.98,874
2026-05-28,C-SUR-002-001,1676.5,356.57,634
2026-05-29,C-SUR-002-001,1467.4,421.11,669
2026-05-30,C-SUR-002-001,1334.6,548.52,856
2026-05-31,C-SUR-002-001,1045.9,535.66,687
2026-05-04,C-SUR-002-002,1794.5,454.81,1653
2026-05-05,C-SUR-002-002,1840.7,613.06,1234
2026-05-06,C-SUR-002-002,1947.9,591.85,1361
2026-05-07,C-SUR-002-002,2001.0,500.24,1390
2026-05-08,C-SUR-002-002,2119.6,523.35,1332
2026-05-09,C-SUR-002-002,1523.3,724.87,1651
2026-05-10,C-SUR-002-002,1593.1,677.29,1486
2026-05-11,C-SUR-002-002,1907.7,494.45,1119
2026-05-12,C-SUR-002-002,1769.4,466.13,1309
2026-05-13,C-SUR-002-002,1909.8,516.5,1153
2026-05-14,C-SUR-002-002,2259.8,552.97,1131
2026-05-15,C-SUR-002-002,1716.0,577.94,1420
2026-05-16,C-SUR-002-002,1529.9,572.67,1214
2026-05-17,C-SUR-002-002,1354.0,564.69,1378
2026-05-18,C-SUR-002-002,2233.3,469.62,1233
2026-05-19,C-SUR-002-002,1918.9,597.85,1184
2026-05-20,C-SUR-002-002,1731.4,504.41,1122
2026-05-21,C-SUR-002-002,1956.1,519.15,1518
2026-05-22,C-SUR-002-002,2055.0,466.37,1521
2026-05-23,C-SUR-002-002,1288.3,619.91,1370
2026-05-24,C-SUR-002-002,1437.3,666.23,1356
2026-05-25,C-SUR-002-002,1740.2,620.53,1581
2026-05-26,C-SUR-002-002,2079.7,484.89,1416
2026-05-27,C-SUR-002-002,2051.7,505.41,1564
2026-05-28,C-SUR-002-002,1710.6,622.83,1587
2026-05-29,C-SUR-002-002,1845.8,577.78,1358
2026-05-30,C-SUR-002-002,1211.7,687.71,1598
2026-05-31,C-SUR-002-002,1327.4,717.89,1156
2026-05-04,C-SUR-002-003,1815.4,191.54,630
2026-05-05,C-SUR-002-003,1803.8,165.42,647
2026-05-06,C-SUR-002-003,1596.6,170.13,674
2026-05-07,C-SUR-002-003,1600.6,183.84,509
2026-05-08,C-SUR-002-003,1710.9,157.69,656
2026-05-09,C-SUR-002-003,1252.7,216.97,557
2026-05-10,C-SUR-002-003,1232.4,202.78,526
2026-05-11,C-SUR-002-003,1943.4,203.71,534
2026-05-12,C-SUR-002-003,1598.6,190.63,542
2026-05-13,C-SUR-002-003,2018.3,167.39,625
2026-05-14,C-SUR-002-003,1634.9,149.13,524
2026-05-15,C-SUR-002-003,2129.9,152.46,731
2026-05-16,C-SUR-002-003,1170.1,202.33,695
2026-05-17,C-SUR-002-003,1160.6,225.98,531
2026-05-18,C-SUR-002-003,1898.9,190.89,673
2026-05-19,C-SUR-002-003,1591.5,170.72,743
2026-05-20,C-SUR-002-003,1674.4,173.32,656
2026-05-21,C-SUR-002-003,1958.1,197.57,554
2026-05-22,C-SUR-002-003,1969.5,193.26,531
2026-05-23,C-SUR-002-003,1359.8,228.41,565
2026-05-24,C-SUR-002-003,1478.2,175.3,579
2026-05-25,C-SUR-002-003,2013.0,189.4,642
2026-05-26,C-SUR-002-003,1919.7,202.85,657
2026-05-27,C-SUR-002-003,1833.2,188.29,670
2026-05-28,C-SUR-002-003,2110.9,185.53,638
2026-05-29,C-SUR-002-003,1753.7,202.47,749
2026-05-30,C-SUR-002-003,1479.5,222.82,542
2026-05-31,C-SUR-002-003,1153.4,220.58,698
2026-05-04,C-HAM-001-001,1748.6,425.48,707
2026-05-05,C-HAM-001-001,1889.1,441.59,651
2026-05-06,C-HAM-001-001,1730.3,377.12,791
2026-05-07,C-HAM-001-001,1927.7,379.19,677
2026-05-08,C-HAM-001-001,1715.8,382.97,838
2026-05-09,C-HAM-001-001,1069.5,449.12,744
2026-05-10,C-HAM-001-001,1258.5,473.57,868
2026-05-11,C-HAM-001-001,1724.0,380.63,817
2026-05-12,C-HAM-001-001,1571.1,378.49,652
2026-05-13,C-HAM-001-001,1632.7,329.15,810
2026-05-14,C-HAM-001-001,1697.2,363.86,799
2026-05-15,C-HAM-001-001,1688.9,420.95,688
2026-05-16,C-HAM-001-001,1354.7,366.0,752
2026-05-17,C-HAM-001-001,1189.2,429.91,692
2026-05-18,C-HAM-001-001,1665.6,344.1,691
2026-05-19,C-HAM-001-001,1465.1,429.75,621
2026-05-20,C-HAM-001-001,1632.1,360.04,795
2026-05-21,C-HAM-001-001,1685.6,379.08,716
2026-05-22,C-HAM-001-001,1754.5,339.4,841
2026-05-23,C-HAM-001-001,1271.3,479.37,612
2026-05-24,C-HAM-001-001,1059.7,448.04,618
2026-05-25,C-HAM-001-001,1510.8,402.86,679
2026-05-26,C-HAM-001-001,1588.8,355.26,846
2026-05-27,C-HAM-001-001,1554.3,419.28,644
2026-05-28,C-HAM-001-001,1493.8,347.45,712
2026-05-29,C-HAM-001-001,1754.6,434.69,625
2026-05-30,C-HAM-001-001,1141.4,414.9,845
2026-05-31,C-HAM-001-001,1199.6,422.09,729
2026-05-04,C-HAM-001-002,2070.0,376.28,1013
2026-05-05,C-HAM-001-002,1627.6,444.1,834
2026-05-06,C-HAM-001-002,1858.3,367.27,838
2026-05-07,C-HAM-001-002,1898.0,325.63,928
2026-05-08,C-HAM-001-002,2103.9,349.61,1021
2026-05-09,C-HAM-001-002,1321.3,509.22,891
2026-05-10,C-HAM-001-002,1464.0,487.0,740
2026-05-11,C-HAM-001-002,1702.3,346.89,807
2026-05-12,C-HAM-001-002,1857.1,415.22,882
2026-05-13,C-HAM-001-002,2134.7,318.59,885
2026-05-14,C-HAM-001-002,2071.8,417.96,767
2026-05-15,C-HAM-001-002,1676.3,374.93,934
2026-05-16,C-HAM-001-002,1206.9,435.88,921
2026-05-17,C-HAM-001-002,1167.5,479.55,810
2026-05-18,C-HAM-001-002,2092.3,374.89,964
2026-05-19,C-HAM-001-002,1793.3,317.58,921
2026-05-20,C-HAM-001-002,2108.9,377.06,786
2026-05-21,C-HAM-001-002,1695.2,415.26,909
2026-05-22,C-HAM-001-002,1624.9,332.67,802
2026-05-23,C-HAM-001-002,1194.0,472.0,792
2026-05-24,C-HAM-001-002,1362.2,406.63,932
2026-05-25,C-HAM-001-002,2100.0,422.99,1033
2026-05-26,C-HAM-001-002,2105.3,427.56,830
2026-05-27,C-HAM-001-002,1911.3,364.01,828
2026-05-28,C-HAM-001-002,1823.4,430.58,943
2026-05-29,C-HAM-001-002,1980.3,374.19,1070
2026-05-30,C-HAM-001-002,1380.2,426.68,776
2026-05-31,C-HAM-001-002,1196.0,399.09,936
2026-05-04,C-HAM-001-003,1801.7,423.06,1030
2026-05-05,C-HAM-001-003,1971.8,329.06,1023
2026-05-06,C-HAM-001-003,2319.0,345.26,1169
2026-05-07,C-HAM-001-003,2025.3,331.76,1147
2026-05-08,C-HAM-001-003,1970.7,432.9,982
2026-05-09,C-HAM-001-003,1337.5,421.04,1194
2026-05-10,C-HAM-001-003,1376.0,378.68,875
2026-05-11,C-HAM-001-003,1837.4,313.36,838
2026-05-12,C-HAM-001-003,2159.3,386.89,908
2026-05-13,C-HAM-001-003,1832.9,366.56,1116
2026-05-14,C-HAM-001-003,2311.8,433.37,869
2026-05-15,C-HAM-001-003,1848.3,318.98,1119
2026-05-16,C-HAM-001-003,1344.7,389.05,952
2026-05-17,C-HAM-001-003,1558.0,487.11,1039
2026-05-18,C-HAM-001-003,2274.1,423.01,958
2026-05-19,C-HAM-001-003,1759.9,393.45,997
2026-05-20,C-HAM-001-003,2059.6,437.02,1200
2026-05-21,C-HAM-001-003,2370.2,432.02,1090
2026-05-22,C-HAM-001-003,2296.2,339.61,1058
2026-05-23,C-HAM-001-003,1258.4,495.64,1072
2026-05-24,C-HAM-001-003,1421.3,471.21,1170
2026-05-25,C-HAM-001-003,2157.1,400.25,965
2026-05-26,C-HAM-001-003,2233.8,394.68,1119
2026-05-27,C-HAM-001-003,2326.2,426.94,954
2026-05-28,C-HAM-001-003,2293.2,362.64,821
2026-05-29,C-HAM-001-003,1896.2,435.83,944
2026-05-30,C-HAM-001-003,1599.2,429.61,1005
2026-05-31,C-HAM-001-003,1533.2,452.42,920
2026-05-04,C-HAM-002-001,1816.5,1001.57,1238
2026-05-05,C-HAM-002-001,1964.7,1021.44,1400
2026-05-06,C-HAM-002-001,1816.0,743.54,1602
2026-05-07,C-HAM-002-001,1969.4,764.38,1220
2026-05-08,C-HAM-002-001,1773.7,884.49,1647
2026-05-09,C-HAM-002-001,1233.5,973.77,1123
2026-05-10,C-HAM-002-001,1312.9,1161.52,1670
2026-05-11,C-HAM-002-001,1787.1,740.98,1590
2026-05-12,C-HAM-002-001,1949.9,794.2,1158
2026-05-13,C-HAM-002-001,1877.2,761.95,1238
2026-05-14,C-HAM-002-001,1663.4,761.1,1387
2026-05-15,C-HAM-002-001,2192.0,1010.63,1658
2026-05-16,C-HAM-002-001,1423.9,947.3,1270
2026-05-17,C-HAM-002-001,1248.9,1139.37,1142
2026-05-18,C-HAM-002-001,2005.8,746.52,1518
2026-05-19,C-HAM-002-001,1866.4,1023.21,1548
2026-05-20,C-HAM-002-001,1787.4,1010.55,1646
2026-05-21,C-HAM-002-001,2012.0,966.43,1617
2026-05-22,C-HAM-002-001,1952.7,846.03,1362
2026-05-23,C-HAM-002-001,1330.0,1095.24,1284
2026-05-24,C-HAM-002-001,1422.0,876.11,1437
2026-05-25,C-HAM-002-001,1932.6,996.0,1603
2026-05-26,C-HAM-002-001,2201.5,814.93,1613
2026-05-27,C-HAM-002-001,1685.2,986.72,1662
2026-05-28,C-HAM-002-001,2136.4,735.82,1319
2026-05-29,C-HAM-002-001,1748.7,948.27,1559
2026-05-30,C-HAM-002-001,1415.9,920.92,1526
2026-05-31,C-HAM-002-001,1372.9,1056.12,1492
2026-05-04,C-HAM-002-002,1953.0,438.98,982
2026-05-05,C-HAM-002-002,2092.1,419.04,833
2026-05-06,C-HAM-002-002,2296.8,390.31,922
2026-05-07,C-HAM-002-002,2241.5,331.97,937
2026-05-08,C-HAM-002-002,2282.5,404.79,915
2026-05-09,C-HAM-002-002,1299.2,431.44,850
2026-05-10,C-HAM-002-002,1438.6,381.64,760
2026-05-11,C-HAM-002-002,1922.8,324.57,944
2026-05-12,C-HAM-002-002,2259.4,393.3,919
2026-05-13,C-HAM-002-002,1933.7,406.25,656
2026-05-14,C-HAM-002-002,2043.5,423.95,783
2026-05-15,C-HAM-002-002,1956.8,452.13,767
2026-05-16,C-HAM-002-002,1521.3,387.51,752
2026-05-17,C-HAM-002-002,1221.9,452.96,719
2026-05-18,C-HAM-002-002,1838.4,381.18,749
2026-05-19,C-HAM-002-002,1804.2,335.78,942
2026-05-20,C-HAM-002-002,1952.0,350.85,948
2026-05-21,C-HAM-002-002,2125.3,437.92,841
2026-05-22,C-HAM-002-002,2006.9,403.82,684
2026-05-23,C-HAM-002-002,1504.1,514.91,704
2026-05-24,C-HAM-002-002,1442.2,480.04,801
2026-05-25,C-HAM-002-002,1746.2,358.4,851
2026-05-26,C-HAM-002-002,1963.2,408.57,867
2026-05-27,C-HAM-002-002,2260.6,404.24,762
2026-05-28,C-HAM-002-002,2016.9,436.0,796
2026-05-29,C-HAM-002-002,2155.7,376.42,974
2026-05-30,C-HAM-002-002,1366.1,477.44,955
2026-05-31,C-HAM-002-002,1333.7,461.62,812
2026-05-04,C-HAM-002-003,1858.3,419.42,772
2026-05-05,C-HAM-002-003,1653.3,385.1,713
2026-05-06,C-HAM-002-003,1611.7,377.31,645
2026-05-07,C-HAM-002-003,1645.2,493.18,608
2026-05-08,C-HAM-002-003,1465.4,501.06,706
2026-05-09,C-HAM-002-003,997.0,500.8,592
2026-05-10,C-HAM-002-003,1084.7,423.23,532
2026-05-11,C-HAM-002-003,1541.5,388.91,581
2026-05-12,C-HAM-002-003,1669.4,368.81,649
2026-05-13,C-HAM-002-003,1714.3,498.87,734
2026-05-14,C-HAM-002-003,1885.2,446.33,751
2026-05-15,C-HAM-002-003,1631.1,379.3,764
2026-05-16,C-HAM-002-003,1007.2,568.52,786
2026-05-17,C-HAM-002-003,1295.9,523.7,583
2026-05-18,C-HAM-002-003,1597.0,467.59,580
2026-05-19,C-HAM-002-003,1573.1,463.3,539
2026-05-20,C-HAM-002-003,1566.7,466.0,783
2026-05-21,C-HAM-002-003,1484.8,371.27,610
2026-05-22,C-HAM-002-003,1477.0,385.72,774
2026-05-23,C-HAM-002-003,1174.3,572.61,541
2026-05-24,C-HAM-002-003,1049.5,569.47,600
2026-05-25,C-HAM-002-003,1608.3,473.2,628
2026-05-26,C-HAM-002-003,1855.4,494.42,671
2026-05-27,C-HAM-002-003,1820.6,366.29,744
2026-05-28,C-HAM-002-003,1696.9,379.16,643
2026-05-29,C-HAM-002-003,1878.4,500.22,717
2026-05-30,C-HAM-002-003,1061.5,527.29,627
2026-05-31,C-HAM-002-003,1110.1,573.29,534
2026-05-04,C-MTL-001-001,1416.5,1360.72,1151
2026-05-05,C-MTL-001-001,1273.4,1342.7,1370
2026-05-06,C-MTL-001-001,1188.6,1367.97,1304
2026-05-07,C-MTL-001-001,1332.1,1253.31,1623
2026-05-08,C-MTL-001-001,1527.2,1190.25,1241
2026-05-09,C-MTL-001-001,810.0,1234.4,1314
2026-05-10,C-MTL-001-001,822.1,1222.87,1499
2026-05-11,C-MTL-001-001,1248.6,1026.31,1236
2026-05-12,C-MTL-001-001,1227.9,1022.26,1562
2026-05-13,C-MTL-001-001,1208.7,1273.42,1612
2026-05-14,C-MTL-001-001,1171.1,1108.86,1155
2026-05-15,C-MTL-001-001,1264.1,1230.45,1147
2026-05-16,C-MTL-001-001,830.1,1276.31,1532
2026-05-17,C-MTL-001-001,949.7,1579.53,1353
2026-05-18,C-MTL-001-001,1310.2,1397.31,1305
2026-05-19,C-MTL-001-001,1291.8,1399.41,1544
2026-05-20,C-MTL-001-001,1403.7,1202.8,1377
2026-05-21,C-MTL-001-001,1520.4,1377.85,1439
2026-05-22,C-MTL-001-001,1173.8,1303.5,1270
2026-05-23,C-MTL-001-001,867.2,1599.82,1651
2026-05-24,C-MTL-001-001,903.0,1493.77,1325
2026-05-25,C-MTL-001-001,1153.3,1272.05,1135
2026-05-26,C-MTL-001-001,1383.2,1393.09,1535
2026-05-27,C-MTL-001-001,1388.8,1317.66,1353
2026-05-28,C-MTL-001-001,1454.7,1419.89,1449
2026-05-29,C-MTL-001-001,1321.6,1373.14,1402
2026-05-30,C-MTL-001-001,862.6,1229.39,1107
2026-05-31,C-MTL-001-001,910.6,1619.8,1244
2026-05-04,C-MTL-001-002,1037.4,343.39,1155
2026-05-05,C-MTL-001-002,1129.2,339.47,1046
2026-05-06,C-MTL-001-002,984.9,326.6,895
2026-05-07,C-MTL-001-002,1028.2,308.36,1026
2026-05-08,C-MTL-001-002,939.1,337.42,1046
2026-05-09,C-MTL-001-002,750.6,389.48,1312
2026-05-10,C-MTL-001-002,819.6,458.3,1041
2026-05-11,C-MTL-001-002,1203.3,359.88,918
2026-05-12,C-MTL-001-002,912.4,319.54,943
2026-05-13,C-MTL-001-002,935.1,368.09,990
2026-05-14,C-MTL-001-002,1099.6,400.82,1246
2026-05-15,C-MTL-001-002,1127.7,405.41,1227
2026-05-16,C-MTL-001-002,698.4,379.78,1258
2026-05-17,C-MTL-001-002,709.0,430.0,1207
2026-05-18,C-MTL-001-002,983.9,315.28,1137
2026-05-19,C-MTL-001-002,1116.1,399.81,1071
2026-05-20,C-MTL-001-002,1009.3,383.27,1285
2026-05-21,C-MTL-001-002,918.4,314.35,1144
2026-05-22,C-MTL-001-002,1106.7,361.48,978
2026-05-23,C-MTL-001-002,816.7,428.04,951
2026-05-24,C-MTL-001-002,789.3,384.29,1255
2026-05-25,C-MTL-001-002,949.1,400.43,1243
2026-05-26,C-MTL-001-002,1160.8,336.3,1316
2026-05-27,C-MTL-001-002,1013.1,312.71,1163
2026-05-28,C-MTL-001-002,959.3,292.31,1019
2026-05-29,C-MTL-001-002,1007.6,403.09,1279
2026-05-30,C-MTL-001-002,835.0,411.99,981
2026-05-31,C-MTL-001-002,664.8,363.73,1187
2026-05-04,C-MTL-001-003,1531.0,532.35,547
2026-05-05,C-MTL-001-003,1888.8,656.21,596
2026-05-06,C-MTL-001-003,1885.6,695.25,758
2026-05-07,C-MTL-001-003,1874.2,579.9,559
2026-05-08,C-MTL-001-003,1525.5,587.49,705
2026-05-09,C-MTL-001-003,1172.4,812.56,592
2026-05-10,C-MTL-001-003,1222.8,706.79,570
2026-05-11,C-MTL-001-003,1664.3,676.96,777
2026-05-12,C-MTL-001-003,1514.8,563.49,566
2026-05-13,C-MTL-001-003,1815.8,631.66,657
2026-05-14,C-MTL-001-003,1493.7,538.84,700
2026-05-15,C-MTL-001-003,1738.1,586.85,652
2026-05-16,C-MTL-001-003,1213.6,638.3,671
2026-05-17,C-MTL-001-003,1094.2,794.38,710
2026-05-18,C-MTL-001-003,1457.0,673.37,654
2026-05-19,C-MTL-001-003,1790.4,614.88,654
2026-05-20,C-MTL-001-003,1620.3,607.52,663
2026-05-21,C-MTL-001-003,1640.2,697.04,559
2026-05-22,C-MTL-001-003,1707.6,598.31,725
2026-05-23,C-MTL-001-003,1162.2,599.34,580
2026-05-24,C-MTL-001-003,1207.1,755.36,640
2026-05-25,C-MTL-001-003,1519.8,657.22,533
2026-05-26,C-MTL-001-003,1709.5,544.45,644
2026-05-27,C-MTL-001-003,1550.9,505.09,586
2026-05-28,C-MTL-001-003,1856.9,675.36,779
2026-05-29,C-MTL-001-003,1491.2,704.34,598
2026-05-30,C-MTL-001-003,1262.4,811.22,787
2026-05-31,C-MTL-001-003,1324.9,777.89,764
2026-05-04,C-OTT-003-001,1550.9,1282.09,903
2026-05-05,C-OTT-003-001,1366.2,1133.34,908
2026-05-06,C-OTT-003-001,1299.3,1278.98,856
2026-05-07,C-OTT-003-001,1550.4,1111.71,1021
2026-05-08,C-OTT-003-001,1263.7,983.9,850
2026-05-09,C-OTT-003-001,934.9,1227.28,876
2026-05-10,C-OTT-003-001,939.5,1350.93,799
2026-05-11,C-OTT-003-001,1432.8,982.68,947
2026-05-12,C-OTT-003-001,1284.8,1243.6,828
2026-05-13,C-OTT-003-001,1282.2,1047.78,872
2026-05-14,C-OTT-003-001,1440.5,1233.4,1099
2026-05-15,C-OTT-003-001,1301.1,977.63,1089
2026-05-16,C-OTT-003-001,933.1,1117.53,1045
2026-05-17,C-OTT-003-001,926.7,1305.86,950
2026-05-18,C-OTT-003-001,1410.0,1061.97,882
2026-05-19,C-OTT-003-001,1402.9,1072.07,771
2026-05-20,C-OTT-003-001,1577.9,1342.47,969
2026-05-21,C-OTT-003-001,1498.7,1243.19,1026
2026-05-22,C-OTT-003-001,1249.2,1206.6,1057
2026-05-23,C-OTT-003-001,876.5,1392.97,1126
2026-05-24,C-OTT-003-001,915.6,1218.61,922
2026-05-25,C-OTT-003-001,1204.7,1084.21,1031
2026-05-26,C-OTT-003-001,1530.0,1321.0,783
2026-05-27,C-OTT-003-001,1529.7,1178.88,893
2026-05-28,C-OTT-003-001,1322.5,1139.63,1054
2026-05-29,C-OTT-003-001,1376.3,1111.95,828
2026-05-30,C-OTT-003-001,1003.3,1430.52,1071
2026-05-31,C-OTT-003-001,997.1,1467.96,974
2026-05-04,C-OTT-003-002,1447.3,642.51,478
2026-05-05,C-OTT-003-002,1189.9,534.71,481
2026-05-06,C-OTT-003-002,1239.6,656.77,578
2026-05-07,C-OTT-003-002,1214.7,653.84,550
2026-05-08,C-OTT-003-002,1320.7,632.96,580
2026-05-09,C-OTT-003-002,948.2,741.55,527
2026-05-10,C-OTT-003-002,870.7,574.71,527
2026-05-11,C-OTT-003-002,1282.1,661.04,585
2026-05-12,C-OTT-003-002,1403.5,588.85,514
2026-05-13,C-OTT-003-002,1370.4,480.95,603
2026-05-14,C-OTT-003-002,1554.2,529.71,523
2026-05-15,C-OTT-003-002,1269.2,484.3,525
2026-05-16,C-OTT-003-002,832.8,729.2,451
2026-05-17,C-OTT-003-002,857.7,624.51,476
2026-05-18,C-OTT-003-002,1354.2,502.13,525
2026-05-19,C-OTT-003-002,1357.9,534.62,557
2026-05-20,C-OTT-003-002,1504.2,603.99,473
2026-05-21,C-OTT-003-002,1178.0,588.92,501
2026-05-22,C-OTT-003-002,1245.5,616.46,439
2026-05-23,C-OTT-003-002,977.9,645.48,484
2026-05-24,C-OTT-003-002,928.5,683.97,634
2026-05-25,C-OTT-003-002,1233.6,495.42,478
2026-05-26,C-OTT-003-002,1308.4,578.8,639
2026-05-27,C-OTT-003-002,1268.7,553.76,589
2026-05-28,C-OTT-003-002,1532.3,497.58,557
2026-05-29,C-OTT-003-002,1502.4,642.23,443
2026-05-30,C-OTT-003-002,901.0,593.62,497
2026-05-31,C-OTT-003-002,919.1,741.71,577
2026-05-04,C-OTT-003-003,1635.6,1195.1,1011
2026-05-05,C-OTT-003-003,1312.1,1077.61,797
2026-05-06,C-OTT-003-003,1436.5,971.25,724
2026-05-07,C-OTT-003-003,1436.9,971.54,738
2026-05-08,C-OTT-003-003,1748.0,1204.64,1010
2026-05-09,C-OTT-003-003,1114.1,1287.37,757
2026-05-10,C-OTT-003-003,1022.8,1390.82,988
2026-05-11,C-OTT-003-003,1732.8,1260.73,769
2026-05-12,C-OTT-003-003,1346.6,1048.68,980
2026-05-13,C-OTT-003-003,1455.0,1336.01,970
2026-05-14,C-OTT-003-003,1535.2,951.73,809
2026-05-15,C-OTT-003-003,1502.2,1059.92,762
2026-05-16,C-OTT-003-003,962.6,1533.49,1028
2026-05-17,C-OTT-003-003,1062.2,1233.02,790
2026-05-18,C-OTT-003-003,1306.3,976.41,970
2026-05-19,C-OTT-003-003,1707.7,1266.48,1036
2026-05-20,C-OTT-003-003,1737.5,1265.03,852
2026-05-21,C-OTT-003-003,1416.9,1122.22,913
2026-05-22,C-OTT-003-003,1551.3,986.01,797
2026-05-23,C-OTT-003-003,1019.9,1092.65,756
2026-05-24,C-OTT-003-003,1067.5,1373.84,737
2026-05-25,C-OTT-003-003,1478.0,986.56,1033
2026-05-26,C-OTT-003-003,1556.3,1119.99,762
2026-05-27,C-OTT-003-003,1306.9,1130.87,1057
2026-05-28,C-OTT-003-003,1389.6,1038.66,776
2026-05-29,C-OTT-003-003,1612.5,1010.28,784
2026-05-30,C-OTT-003-003,974.6,1292.17,1072
2026-05-31,C-OTT-003-003,1131.3,1129.25,734
2026-05-04,C-OTT-004-001,1575.6,612.07,1393
2026-05-05,C-OTT-004-001,1660.1,539.63,1074
2026-05-06,C-OTT-004-001,1498.7,591.82,1483
2026-05-07,C-OTT-004-001,1492.8,540.64,1052
2026-05-08,C-OTT-004-001,1783.7,553.78,1178
2026-05-09,C-OTT-004-001,1154.3,585.59,1223
2026-05-10,C-OTT-004-001,1037.2,660.54,1512
2026-05-11,C-OTT-004-001,1698.5,663.28,1218
2026-05-12,C-OTT-004-001,1667.5,581.92,1482
2026-05-13,C-OTT-004-001,1682.2,682.7,1111
2026-05-14,C-OTT-004-001,1750.2,550.46,1161
2026-05-15,C-OTT-004-001,1614.4,570.94,1197
2026-05-16,C-OTT-004-001,1222.0,799.16,1217
2026-05-17,C-OTT-004-001,980.9,733.73,1422
2026-05-18,C-OTT-004-001,1376.4,670.83,1321
2026-05-19,C-OTT-004-001,1349.2,685.55,1388
2026-05-20,C-OTT-004-001,1723.9,693.83,1510
2026-05-21,C-OTT-004-001,1803.6,672.04,1473
2026-05-22,C-OTT-004-001,1504.6,611.69,1192
2026-05-23,C-OTT-004-001,1082.5,724.02,1390
2026-05-24,C-OTT-004-001,1046.5,648.81,1175
2026-05-25,C-OTT-004-001,1457.3,698.1,1401
2026-05-26,C-OTT-004-001,1477.5,533.45,1502
2026-05-27,C-OTT-004-001,1478.1,513.4,1038
2026-05-28,C-OTT-004-001,1511.4,511.75,1272
2026-05-29,C-OTT-004-001,1581.9,558.61,1502
2026-05-30,C-OTT-004-001,993.8,720.04,1404
2026-05-31,C-OTT-004-001,1217.5,741.2,1187
2026-05-04,C-OTT-004-002,2034.6,738.1,1206
2026-05-05,C-OTT-004-002,1816.8,722.98,1319
2026-05-06,C-OTT-004-002,1791.9,658.91,1396
2026-05-07,C-OTT-004-002,1920.3,538.72,1629
2026-05-08,C-OTT-004-002,1989.4,714.79,1581
2026-05-09,C-OTT-004-002,1106.9,690.69,1124
2026-05-10,C-OTT-004-002,1342.7,663.0,1418
2026-05-11,C-OTT-004-002,1912.8,579.33,1178
2026-05-12,C-OTT-004-002,1909.7,629.04,1459
2026-05-13,C-OTT-004-002,1634.9,699.16,1533
2026-05-14,C-OTT-004-002,1968.3,637.14,1512
2026-05-15,C-OTT-004-002,1661.9,691.46,1395
2026-05-16,C-OTT-004-002,1288.8,850.18,1645
2026-05-17,C-OTT-004-002,1113.3,650.74,1154
2026-05-18,C-OTT-004-002,1890.0,622.5,1290
2026-05-19,C-OTT-004-002,1701.3,640.91,1386
2026-05-20,C-OTT-004-002,2023.0,544.96,1629
2026-05-21,C-OTT-004-002,1788.9,674.55,1608
2026-05-22,C-OTT-004-002,1997.4,719.98,1656
2026-05-23,C-OTT-004-002,1074.6,670.8,1239
2026-05-24,C-OTT-004-002,1421.2,788.48,1151
2026-05-25,C-OTT-004-002,1519.8,539.94,1618
2026-05-26,C-OTT-004-002,1950.6,578.48,1372
2026-05-27,C-OTT-004-002,2028.3,714.11,1555
2026-05-28,C-OTT-004-002,1860.1,537.48,1435
2026-05-29,C-OTT-004-002,1758.2,721.35,1602
2026-05-30,C-OTT-004-002,1196.8,672.77,1629
2026-05-31,C-OTT-004-002,1266.2,668.36,1488
2026-05-04,C-OTT-004-003,1699.4,834.52,1183
2026-05-05,C-OTT-004-003,1519.3,731.14,1087
2026-05-06,C-OTT-004-003,1713.8,632.39,1203
2026-05-07,C-OTT-004-003,1717.3,762.0,1171
2026-05-08,C-OTT-004-003,1781.9,786.31,1116
2026-05-09,C-OTT-004-003,1177.3,845.97,1001
2026-05-10,C-OTT-004-003,1093.2,903.65,915
2026-05-11,C-OTT-004-003,1660.4,654.73,1132
2026-05-12,C-OTT-004-003,1491.3,793.29,918
2026-05-13,C-OTT-004-003,1771.2,828.27,1099
2026-05-14,C-OTT-004-003,1735.5,734.27,1051
2026-05-15,C-OTT-004-003,1619.8,833.83,981
2026-05-16,C-OTT-004-003,1241.2,912.69,1099
2026-05-17,C-OTT-004-003,1344.0,856.43,966
2026-05-18,C-OTT-004-003,1516.3,820.39,877
2026-05-19,C-OTT-004-003,1819.5,670.57,858
2026-05-20,C-OTT-004-003,1726.0,633.9,935
2026-05-21,C-OTT-004-003,1757.6,684.66,835
2026-05-22,C-OTT-004-003,1987.1,631.03,970
2026-05-23,C-OTT-004-003,1210.6,775.45,894
2026-05-24,C-OTT-004-003,1102.2,902.86,978
2026-05-25,C-OTT-004-003,1916.6,815.39,1125
2026-05-26,C-OTT-004-003,1525.3,779.95,1215
2026-05-27,C-OTT-004-003,1840.0,773.88,1149
2026-05-28,C-OTT-004-003,1746.7,766.24,1179
2026-05-29,C-OTT-004-003,1614.4,778.83,1146
2026-05-30,C-OTT-004-003,1383.6,823.36,1193
2026-05-31,C-OTT-004-003,1194.6,837.93,830
2026-05-04,C-CAL-001-001,1960.4,731.74,948
2026-05-05,C-CAL-001-001,1853.7,732.33,1041
2026-05-06,C-CAL-001-001,1891.2,849.27,834
2026-05-07,C-CAL-001-001,1900.9,836.97,910
2026-05-08,C-CAL-001-001,2071.7,797.19,838
2026-05-09,C-CAL-001-001,1309.2,929.63,819
2026-05-10,C-CAL-001-001,1393.4,773.88,1127
2026-05-11,C-CAL-001-001,2014.3,785.65,859
2026-05-12,C-CAL-001-001,1890.9,695.89,973
2026-05-13,C-CAL-001-001,2047.7,823.69,867
2026-05-14,C-CAL-001-001,1757.3,658.58,918
2026-05-15,C-CAL-001-001,1958.6,774.38,1097
2026-05-16,C-CAL-001-001,1397.5,727.5,1022
2026-05-17,C-CAL-001-001,1175.6,937.49,906
2026-05-18,C-CAL-001-001,1704.3,839.25,784
2026-05-19,C-CAL-001-001,1687.9,722.83,1121
2026-05-20,C-CAL-001-001,1959.9,890.45,997
2026-05-21,C-CAL-001-001,2084.0,700.91,817
2026-05-22,C-CAL-001-001,1900.2,835.37,916
2026-05-23,C-CAL-001-001,1188.3,763.48,835
2026-05-24,C-CAL-001-001,1325.9,855.32,1007
2026-05-25,C-CAL-001-001,1728.7,817.82,982
2026-05-26,C-CAL-001-001,1835.1,767.46,1158
2026-05-27,C-CAL-001-001,1638.9,823.15,1033
2026-05-28,C-CAL-001-001,1698.9,817.13,1046
2026-05-29,C-CAL-001-001,1622.0,715.75,948
2026-05-30,C-CAL-001-001,1438.2,757.17,947
2026-05-31,C-CAL-001-001,1235.1,798.32,843
2026-05-04,C-CAL-001-002,830.2,657.87,947
2026-05-05,C-CAL-001-002,805.6,668.77,700
2026-05-06,C-CAL-001-002,798.9,765.64,893
2026-05-07,C-CAL-001-002,800.2,806.31,697
2026-05-08,C-CAL-001-002,910.2,695.41,922
2026-05-09,C-CAL-001-002,572.5,894.91,876
2026-05-10,C-CAL-001-002,648.7,797.17,859
2026-05-11,C-CAL-001-002,897.6,794.75,868
2026-05-12,C-CAL-001-002,806.6,843.89,927
2026-05-13,C-CAL-001-002,911.7,695.04,882
2026-05-14,C-CAL-001-002,917.6,691.67,779
2026-05-15,C-CAL-001-002,771.4,797.14,825
2026-05-16,C-CAL-001-002,588.8,864.59,662
2026-05-17,C-CAL-001-002,536.4,806.96,936
2026-05-18,C-CAL-001-002,993.0,636.24,687
2026-05-19,C-CAL-001-002,821.2,804.79,788
2026-05-20,C-CAL-001-002,967.3,836.12,747
2026-05-21,C-CAL-001-002,765.4,611.97,893
2026-05-22,C-CAL-001-002,917.8,762.74,640
2026-05-23,C-CAL-001-002,664.6,833.02,936
2026-05-24,C-CAL-001-002,626.4,856.2,834
2026-05-25,C-CAL-001-002,926.6,742.62,794
2026-05-26,C-CAL-001-002,775.8,772.39,818
2026-05-27,C-CAL-001-002,862.6,604.26,790
2026-05-28,C-CAL-001-002,768.1,687.38,674
2026-05-29,C-CAL-001-002,806.7,710.1,702
2026-05-30,C-CAL-001-002,591.0,900.84,842
2026-05-31,C-CAL-001-002,533.7,796.0,748
2026-05-04,C-CAL-001-003,1408.2,785.32,758
2026-05-05,C-CAL-001-003,1480.6,881.73,920
2026-05-06,C-CAL-001-003,1661.3,961.69,801
2026-05-07,C-CAL-001-003,1261.8,839.17,752
2026-05-08,C-CAL-001-003,1295.7,1009.6,830
2026-05-09,C-CAL-001-003,1123.6,1135.42,774
2026-05-10,C-CAL-001-003,1167.2,1002.37,915
2026-05-11,C-CAL-001-003,1464.6,893.88,774
2026-05-12,C-CAL-001-003,1615.0,810.69,1053
2026-05-13,C-CAL-001-003,1503.2,817.53,1002
2026-05-14,C-CAL-001-003,1671.0,950.42,943
2026-05-15,C-CAL-001-003,1266.6,952.68,1057
2026-05-16,C-CAL-001-003,1025.4,1114.39,786
2026-05-17,C-CAL-001-003,1107.4,1155.56,833
2026-05-18,C-CAL-001-003,1495.7,955.12,738
2026-05-19,C-CAL-001-003,1479.4,931.3,1014
2026-05-20,C-CAL-001-003,1667.8,987.78,958
2026-05-21,C-CAL-001-003,1553.9,1000.31,795
2026-05-22,C-CAL-001-003,1571.6,933.47,1000
2026-05-23,C-CAL-001-003,904.7,879.83,930
2026-05-24,C-CAL-001-003,880.6,1153.58,754
2026-05-25,C-CAL-001-003,1543.2,738.55,1076
2026-05-26,C-CAL-001-003,1279.0,936.37,1080
2026-05-27,C-CAL-001-003,1402.4,834.25,1008
2026-05-28,C-CAL-001-003,1294.6,1021.96,862
2026-05-29,C-CAL-001-003,1517.4,871.04,1001
2026-05-30,C-CAL-001-003,1121.8,1103.99,998
2026-05-31,C-CAL-001-003,923.1,1095.17,1049
2026-05-04,C-OTT-005-001,857.4,739.78,607
2026-05-05,C-OTT-005-001,904.4,802.53,614
2026-05-06,C-OTT-005-001,1008.6,813.7,477
2026-05-07,C-OTT-005-001,877.9,686.42,704
2026-05-08,C-OTT-005-001,830.4,922.49,491
2026-05-09,C-OTT-005-001,726.7,802.05,473
2026-05-10,C-OTT-005-001,689.5,853.45,627
2026-05-11,C-OTT-005-001,847.3,831.04,528
2026-05-12,C-OTT-005-001,884.8,695.07,573
2026-05-13,C-OTT-005-001,1034.2,925.28,592
2026-05-14,C-OTT-005-001,1068.5,928.52,621
2026-05-15,C-OTT-005-001,964.6,735.12,574
2026-05-16,C-OTT-005-001,696.0,880.96,707
2026-05-17,C-OTT-005-001,657.7,1088.96,485
2026-05-18,C-OTT-005-001,998.6,741.82,500
2026-05-19,C-OTT-005-001,943.6,791.08,577
2026-05-20,C-OTT-005-001,841.3,957.64,497
2026-05-21,C-OTT-005-001,977.6,693.36,606
2026-05-22,C-OTT-005-001,1048.3,761.39,636
2026-05-23,C-OTT-005-001,603.2,990.83,543
2026-05-24,C-OTT-005-001,561.9,887.43,523
2026-05-25,C-OTT-005-001,993.3,742.8,674
2026-05-26,C-OTT-005-001,980.7,813.96,487
2026-05-27,C-OTT-005-001,946.5,943.19,512
2026-05-28,C-OTT-005-001,834.9,688.68,485
2026-05-29,C-OTT-005-001,943.3,930.71,671
2026-05-30,C-OTT-005-001,593.8,1024.52,535
2026-05-31,C-OTT-005-001,686.2,1103.9,627
2026-05-04,C-OTT-005-002,1082.6,1097.52,1360
2026-05-05,C-OTT-005-002,1211.4,1046.45,1362
2026-05-06,C-OTT-005-002,1238.1,991.38,1106
2026-05-07,C-OTT-005-002,1078.0,1043.22,1134
2026-05-08,C-OTT-005-002,1282.2,1070.34,1496
2026-05-09,C-OTT-005-002,735.3,1000.22,1442
2026-05-10,C-OTT-005-002,821.3,1251.57,1081
2026-05-11,C-OTT-005-002,1068.3,979.24,1079
2026-05-12,C-OTT-005-002,1244.2,854.39,1237
2026-05-13,C-OTT-005-002,1281.4,874.27,1444
2026-05-14,C-OTT-005-002,1110.7,1106.09,1110
2026-05-15,C-OTT-005-002,1287.8,961.91,1324
2026-05-16,C-OTT-005-002,888.7,1072.8,1197
2026-05-17,C-OTT-005-002,699.7,1017.94,1110
2026-05-18,C-OTT-005-002,1234.3,884.71,1501
2026-05-19,C-OTT-005-002,1104.0,1043.62,1132
2026-05-20,C-OTT-005-002,1208.8,830.44,1414
2026-05-21,C-OTT-005-002,1138.8,1040.01,1435
2026-05-22,C-OTT-005-002,1204.2,900.08,1374
2026-05-23,C-OTT-005-002,772.0,971.77,1287
2026-05-24,C-OTT-005-002,854.9,1006.82,1146
2026-05-25,C-OTT-005-002,1203.4,1015.59,1217
2026-05-26,C-OTT-005-002,1094.1,874.04,1045
2026-05-27,C-OTT-005-002,1242.8,949.18,1027
2026-05-28,C-OTT-005-002,1255.7,831.01,1498
2026-05-29,C-OTT-005-002,1166.5,954.47,1435
2026-05-30,C-OTT-005-002,759.1,1064.77,1242
2026-05-31,C-OTT-005-002,733.8,1044.98,1163
2026-05-04,C-OTT-005-003,1847.1,244.25,1477
2026-05-05,C-OTT-005-003,1770.6,246.36,1417
2026-05-06,C-OTT-005-003,1793.3,252.36,1467
2026-05-07,C-OTT-005-003,1571.2,227.54,1110
2026-05-08,C-OTT-005-003,1955.1,307.35,1343
2026-05-09,C-OTT-005-003,1329.0,308.65,1166
2026-05-10,C-OTT-005-003,1162.0,327.74,1401
2026-05-11,C-OTT-005-003,1616.4,220.82,1028
2026-05-12,C-OTT-005-003,1945.3,256.68,1273
2026-05-13,C-OTT-005-003,1653.0,269.5,1331
2026-05-14,C-OTT-005-003,1564.6,235.98,1089
2026-05-15,C-OTT-005-003,1914.0,286.16,1061
2026-05-16,C-OTT-005-003,1389.3,287.6,1392
2026-05-17,C-OTT-005-003,1145.2,275.8,1325
2026-05-18,C-OTT-005-003,1507.7,239.87,1098
2026-05-19,C-OTT-005-003,1798.4,251.97,1504
2026-05-20,C-OTT-005-003,1932.0,226.23,1339
2026-05-21,C-OTT-005-003,1856.0,248.08,1073
2026-05-22,C-OTT-005-003,1616.1,270.96,1314
2026-05-23,C-OTT-005-003,1047.1,340.29,1105
2026-05-24,C-OTT-005-003,1186.1,308.29,1511
2026-05-25,C-OTT-005-003,1807.9,277.15,1469
2026-05-26,C-OTT-005-003,1924.1,238.94,1083
2026-05-27,C-OTT-005-003,1853.8,249.68,1159
2026-05-28,C-OTT-005-003,1676.1,249.86,1055
2026-05-29,C-OTT-005-003,1510.9,261.42,1291
2026-05-30,C-OTT-005-003,1136.6,331.45,1309
2026-05-31,C-OTT-005-003,1241.9,289.08,1233
2026-05-04,C-MNC-001-001,1803.1,395.1,1087
2026-05-05,C-MNC-001-001,2164.5,361.59,943
2026-05-06,C-MNC-001-001,1920.6,469.39,1106
2026-05-07,C-MNC-001-001,2028.1,420.72,1157
2026-05-08,C-MNC-001-001,2252.9,464.87,1110
2026-05-09,C-MNC-001-001,1450.2,533.5,1024
2026-05-10,C-MNC-001-001,1253.1,407.82,874
2026-05-11,C-MNC-001-001,2046.5,424.9,1053
2026-05-12,C-MNC-001-001,1919.0,459.03,983
2026-05-13,C-MNC-001-001,1959.4,447.35,1039
2026-05-14,C-MNC-001-001,1865.2,431.63,1029
2026-05-15,C-MNC-001-001,2122.2,447.23,1135
2026-05-16,C-MNC-001-001,1474.7,565.32,947
2026-05-17,C-MNC-001-001,1486.7,474.11,1129
2026-05-18,C-MNC-001-001,1889.0,469.51,908
2026-05-19,C-MNC-001-001,2139.5,413.22,923
2026-05-20,C-MNC-001-001,2235.4,432.16,1135
2026-05-21,C-MNC-001-001,2190.8,376.3,1159
2026-05-22,C-MNC-001-001,2079.7,390.48,1021
2026-05-23,C-MNC-001-001,1285.9,474.35,1114
2026-05-24,C-MNC-001-001,1585.2,512.86,998
2026-05-25,C-MNC-001-001,1762.4,463.82,914
2026-05-26,C-MNC-001-001,1769.1,397.48,1100
2026-05-27,C-MNC-001-001,2065.9,408.39,912
2026-05-28,C-MNC-001-001,2201.9,448.07,843
2026-05-29,C-MNC-001-001,2195.3,431.19,1074
2026-05-30,C-MNC-001-001,1318.5,443.83,780
2026-05-31,C-MNC-001-001,1416.9,506.14,956
2026-05-04,C-MNC-001-002,2071.7,952.71,1133
2026-05-05,C-MNC-001-002,2135.8,822.36,971
2026-05-06,C-MNC-001-002,2056.7,941.41,1067
2026-05-07,C-MNC-001-002,1906.6,737.38,948
2026-05-08,C-MNC-001-002,2069.3,987.87,1197
2026-05-09,C-MNC-001-002,1562.3,857.06,938
2026-05-10,C-MNC-001-002,1723.3,993.72,1006
2026-05-11,C-MNC-001-002,2384.1,911.88,1081
2026-05-12,C-MNC-001-002,2079.6,799.46,1114
2026-05-13,C-MNC-001-002,2479.8,751.72,947
2026-05-14,C-MNC-001-002,1935.0,803.4,1046
2026-05-15,C-MNC-001-002,1966.5,809.78,907
2026-05-16,C-MNC-001-002,1329.3,867.7,857
2026-05-17,C-MNC-001-002,1456.9,1032.0,820
2026-05-18,C-MNC-001-002,2317.4,742.74,805
2026-05-19,C-MNC-001-002,2051.1,769.94,1154
2026-05-20,C-MNC-001-002,2139.3,788.25,998
2026-05-21,C-MNC-001-002,2399.9,878.05,1110
2026-05-22,C-MNC-001-002,2066.1,735.75,868
2026-05-23,C-MNC-001-002,1687.7,859.05,884
2026-05-24,C-MNC-001-002,1569.6,1144.3,815
2026-05-25,C-MNC-001-002,1886.8,908.19,1067
2026-05-26,C-MNC-001-002,2094.4,1023.0,1146
2026-05-27,C-MNC-001-002,2207.4,800.46,1106
2026-05-28,C-MNC-001-002,2362.1,885.25,936
2026-05-29,C-MNC-001-002,1850.3,859.64,1075
2026-05-30,C-MNC-001-002,1691.9,878.61,889
2026-05-31,C-MNC-001-002,1457.1,846.39,930
2026-05-04,C-MNC-001-003,1866.1,687.86,735
2026-05-05,C-MNC-001-003,1996.6,552.09,621
2026-05-06,C-MNC-001-003,2242.3,681.17,603
2026-05-07,C-MNC-001-003,2109.8,533.18,752
2026-05-08,C-MNC-001-003,2275.6,681.07,632
2026-05-09,C-MNC-001-003,1506.0,851.06,756
2026-05-10,C-MNC-001-003,1535.6,720.1,730
2026-05-11,C-MNC-001-003,1799.8,596.54,787
2026-05-12,C-MNC-001-003,1741.5,625.34,690
2026-05-13,C-MNC-001-003,1939.8,658.96,644
2026-05-14,C-MNC-001-003,2173.5,548.46,548
2026-05-15,C-MNC-001-003,2231.0,733.33,686
2026-05-16,C-MNC-001-003,1575.8,652.92,668
2026-05-17,C-MNC-001-003,1281.0,833.15,575
2026-05-18,C-MNC-001-003,1813.2,706.06,701
2026-05-19,C-MNC-001-003,1802.3,604.56,613
2026-05-20,C-MNC-001-003,1908.4,640.88,758
2026-05-21,C-MNC-001-003,2208.4,606.32,619
2026-05-22,C-MNC-001-003,2321.3,556.99,610
2026-05-23,C-MNC-001-003,1561.7,657.92,571
2026-05-24,C-MNC-001-003,1231.2,626.25,547
2026-05-25,C-MNC-001-003,1808.0,642.33,630
2026-05-26,C-MNC-001-003,2092.1,708.15,725
2026-05-27,C-MNC-001-003,2180.7,672.88,616
2026-05-28,C-MNC-001-003,2143.6,587.52,673
2026-05-29,C-MNC-001-003,2267.8,718.61,605
2026-05-30,C-MNC-001-003,1343.3,842.98,607
2026-05-31,C-MNC-001-003,1300.6,698.99,777
2026-05-04,C-QBC-002-001,1256.7,201.46,801
2026-05-05,C-QBC-002-001,1333.8,222.49,1099
2026-05-06,C-QBC-002-001,1471.7,201.65,1011
2026-05-07,C-QBC-002-001,1564.4,256.09,1027
2026-05-08,C-QBC-002-001,1171.8,236.34,1090
2026-05-09,C-QBC-002-001,954.5,300.63,805
2026-05-10,C-QBC-002-001,1060.6,296.4,798
2026-05-11,C-QBC-002-001,1234.5,214.29,946
2026-05-12,C-QBC-002-001,1391.4,232.63,1049
2026-05-13,C-QBC-002-001,1409.8,205.3,969
2026-05-14,C-QBC-002-001,1397.2,212.67,851
2026-05-15,C-QBC-002-001,1442.5,257.23,1113
2026-05-16,C-QBC-002-001,919.8,263.51,1029
2026-05-17,C-QBC-002-001,1079.2,288.81,911
2026-05-18,C-QBC-002-001,1179.8,208.13,833
2026-05-19,C-QBC-002-001,1577.9,192.17,831
2026-05-20,C-QBC-002-001,1515.3,205.37,1010
2026-05-21,C-QBC-002-001,1555.3,256.32,811
2026-05-22,C-QBC-002-001,1441.5,216.01,870
2026-05-23,C-QBC-002-001,1058.7,247.2,1080
2026-05-24,C-QBC-002-001,979.1,221.15,875
2026-05-25,C-QBC-002-001,1324.4,237.82,1183
2026-05-26,C-QBC-002-001,1479.0,210.29,853
2026-05-27,C-QBC-002-001,1344.1,215.13,869
2026-05-28,C-QBC-002-001,1397.8,199.79,846
2026-05-29,C-QBC-002-001,1524.1,204.12,1158
2026-05-30,C-QBC-002-001,994.5,272.9,1059
2026-05-31,C-QBC-002-001,950.8,214.8,950
2026-05-04,C-QBC-002-002,1412.0,1306.02,557
2026-05-05,C-QBC-002-002,1361.9,1279.5,586
2026-05-06,C-QBC-002-002,1449.9,1233.94,584
2026-05-07,C-QBC-002-002,1273.4,1331.95,481
2026-05-08,C-QBC-002-002,1210.9,1149.76,551
2026-05-09,C-QBC-002-002,895.8,1132.09,459
2026-05-10,C-QBC-002-002,848.2,1400.36,541
2026-05-11,C-QBC-002-002,1443.1,1276.01,649
2026-05-12,C-QBC-002-002,1446.5,1083.81,645
2026-05-13,C-QBC-002-002,1487.7,1260.15,642
2026-05-14,C-QBC-002-002,1476.4,1075.32,580
2026-05-15,C-QBC-002-002,1220.1,972.61,446
2026-05-16,C-QBC-002-002,868.8,1185.88,584
2026-05-17,C-QBC-002-002,1045.1,1545.44,514
2026-05-18,C-QBC-002-002,1255.1,1057.96,582
2026-05-19,C-QBC-002-002,1164.6,1355.11,503
2026-05-20,C-QBC-002-002,1337.8,976.04,647
2026-05-21,C-QBC-002-002,1336.9,984.58,549
2026-05-22,C-QBC-002-002,1419.7,1011.73,610
2026-05-23,C-QBC-002-002,1041.3,1359.71,508
2026-05-24,C-QBC-002-002,1051.4,1159.44,538
2026-05-25,C-QBC-002-002,1273.1,1114.63,457
2026-05-26,C-QBC-002-002,1359.4,1250.75,492
2026-05-27,C-QBC-002-002,1309.4,1170.56,606
2026-05-28,C-QBC-002-002,1347.2,1290.11,611
2026-05-29,C-QBC-002-002,1220.4,1001.28,634
2026-05-30,C-QBC-002-002,830.6,1417.49,489
2026-05-31,C-QBC-002-002,907.5,1229.81,472
2026-05-04,C-QBC-002-003,1087.9,1147.56,1358
2026-05-05,C-QBC-002-003,1290.9,1143.63,1132
2026-05-06,C-QBC-002-003,1041.2,1174.21,1400
2026-05-07,C-QBC-002-003,1158.1,983.63,1338
2026-05-08,C-QBC-002-003,1168.2,927.06,1323
2026-05-09,C-QBC-002-003,828.3,1114.47,1318
2026-05-10,C-QBC-002-003,714.7,1089.89,1405
2026-05-11,C-QBC-002-003,1112.8,1158.84,1204
2026-05-12,C-QBC-002-003,1053.9,991.0,1202
2026-05-13,C-QBC-002-003,1143.9,1167.23,1361
2026-05-14,C-QBC-002-003,1170.6,1056.8,979
2026-05-15,C-QBC-002-003,1293.0,962.22,1259
2026-05-16,C-QBC-002-003,787.8,1360.32,1161
2026-05-17,C-QBC-002-003,716.2,1099.58,1049
2026-05-18,C-QBC-002-003,1152.8,869.44,1429
2026-05-19,C-QBC-002-003,1372.2,1189.11,1134
2026-05-20,C-QBC-002-003,1258.4,1198.27,1286
2026-05-21,C-QBC-002-003,1179.6,866.17,1318
2026-05-22,C-QBC-002-003,1267.9,1130.34,1243
2026-05-23,C-QBC-002-003,821.8,1041.9,1193
2026-05-24,C-QBC-002-003,925.9,1144.15,1311
2026-05-25,C-QBC-002-003,1186.6,1167.66,1343
2026-05-26,C-QBC-002-003,1268.7,1152.44,1018
2026-05-27,C-QBC-002-003,1072.6,1025.65,1139
2026-05-28,C-QBC-002-003,1165.6,1047.19,1153
2026-05-29,C-QBC-002-003,1299.2,1037.3,1270
2026-05-30,C-QBC-002-003,885.7,1227.22,1159
2026-05-31,C-QBC-002-003,851.9,1375.94,1155
2026-05-04,C-LDN-006-001,2259.0,1008.26,1015
2026-05-05,C-LDN-006-001,2093.2,1056.1,1073
2026-05-06,C-LDN-006-001,2132.3,1067.61,988
2026-05-07,C-LDN-006-001,1823.2,1100.92,1066
2026-05-08,C-LDN-006-001,2106.1,1191.86,1083
2026-05-09,C-LDN-006-001,1284.3,1237.14,859
2026-05-10,C-LDN-006-001,1224.3,1233.72,761
2026-05-11,C-LDN-006-001,1824.3,1092.53,886
2026-05-12,C-LDN-006-001,2279.8,1154.32,1029
2026-05-13,C-LDN-006-001,2084.0,1177.26,1077
2026-05-14,C-LDN-006-001,2316.4,954.88,811
2026-05-15,C-LDN-006-001,1832.5,1032.55,933
2026-05-16,C-LDN-006-001,1439.7,1100.73,986
2026-05-17,C-LDN-006-001,1326.9,1332.5,857
2026-05-18,C-LDN-006-001,2102.6,973.9,904
2026-05-19,C-LDN-006-001,1993.3,1182.47,836
2026-05-20,C-LDN-006-001,1954.0,1147.82,851
2026-05-21,C-LDN-006-001,2026.4,1171.11,955
2026-05-22,C-LDN-006-001,2268.7,924.18,780
2026-05-23,C-LDN-006-001,1407.4,1327.55,945
2026-05-24,C-LDN-006-001,1348.1,1339.29,801
2026-05-25,C-LDN-006-001,1959.5,1077.5,754
2026-05-26,C-LDN-006-001,1781.2,1036.37,978
2026-05-27,C-LDN-006-001,2262.3,1075.69,750
2026-05-28,C-LDN-006-001,2318.0,1023.66,990
2026-05-29,C-LDN-006-001,2111.6,1007.59,947
2026-05-30,C-LDN-006-001,1220.6,1220.0,742
2026-05-31,C-LDN-006-001,1407.5,1219.67,864
2026-05-04,C-LDN-006-002,1797.4,280.12,449
2026-05-05,C-LDN-006-002,2064.4,247.27,574
2026-05-06,C-LDN-006-002,2276.6,262.35,502
2026-05-07,C-LDN-006-002,1844.8,281.37,488
2026-05-08,C-LDN-006-002,1940.1,263.95,542
2026-05-09,C-LDN-006-002,1497.7,294.57,570
2026-05-10,C-LDN-006-002,1512.8,344.64,437
2026-05-11,C-LDN-006-002,2017.7,311.72,577
2026-05-12,C-LDN-006-002,2165.7,304.65,525
2026-05-13,C-LDN-006-002,2359.5,295.41,547
2026-05-14,C-LDN-006-002,2382.1,334.28,565
2026-05-15,C-LDN-006-002,1921.4,275.73,570
2026-05-16,C-LDN-006-002,1239.7,337.49,606
2026-05-17,C-LDN-006-002,1605.5,318.57,629
2026-05-18,C-LDN-006-002,2370.3,242.61,456
2026-05-19,C-LDN-006-002,2090.6,303.21,559
2026-05-20,C-LDN-006-002,2148.8,270.65,495
2026-05-21,C-LDN-006-002,2358.5,277.8,492
2026-05-22,C-LDN-006-002,1779.3,262.81,462
2026-05-23,C-LDN-006-002,1580.5,310.46,602
2026-05-24,C-LDN-006-002,1283.2,369.41,489
2026-05-25,C-LDN-006-002,2292.2,312.28,497
2026-05-26,C-LDN-006-002,1782.2,258.52,580
2026-05-27,C-LDN-006-002,2085.4,328.81,429
2026-05-28,C-LDN-006-002,2306.8,300.9,581
2026-05-29,C-LDN-006-002,2107.9,315.01,461
2026-05-30,C-LDN-006-002,1528.8,324.06,584
2026-05-31,C-LDN-006-002,1493.9,360.74,556
2026-05-04,C-LDN-006-003,1863.4,816.85,1296
2026-05-05,C-LDN-006-003,1989.8,779.29,1453
2026-05-06,C-LDN-006-003,1934.1,850.62,1303
2026-05-07,C-LDN-006-003,1880.5,850.05,1101
2026-05-08,C-LDN-006-003,1705.5,882.75,1136
2026-05-09,C-LDN-006-003,1245.2,975.45,1170
2026-05-10,C-LDN-006-003,1457.0,992.32,1438
2026-05-11,C-LDN-006-003,1902.1,864.59,1049
2026-05-12,C-LDN-006-003,1595.2,746.2,1125
2026-05-13,C-LDN-006-003,1771.6,796.27,1399
2026-05-14,C-LDN-006-003,2064.0,887.46,1403
2026-05-15,C-LDN-006-003,1822.4,988.81,1423
2026-05-16,C-LDN-006-003,1152.0,892.47,1243
2026-05-17,C-LDN-006-003,1184.5,843.56,1104
2026-05-18,C-LDN-006-003,2027.8,887.58,1499
2026-05-19,C-LDN-006-003,2017.9,862.8,1282
2026-05-20,C-LDN-006-003,1852.1,784.2,1073
2026-05-21,C-LDN-006-003,2033.1,969.09,1379
2026-05-22,C-LDN-006-003,2091.5,1002.56,1534
2026-05-23,C-LDN-006-003,1225.5,943.42,1329
2026-05-24,C-LDN-006-003,1391.5,1092.36,1478
2026-05-25,C-LDN-006-003,1821.5,914.39,1124
2026-05-26,C-LDN-006-003,2100.8,779.18,1089
2026-05-27,C-LDN-006-003,1706.5,1007.55,1139
2026-05-28,C-LDN-006-003,1921.1,840.69,1071
2026-05-29,C-LDN-006-003,1693.5,885.22,1548
2026-05-30,C-LDN-006-003,1209.2,1134.53,1070
2026-05-31,C-LDN-006-003,1258.2,1011.8,1048
2026-05-04,C-LDN-007-001,1344.4,126.08,575
2026-05-05,C-LDN-007-001,1698.1,120.47,590
2026-05-06,C-LDN-007-001,1281.5,129.17,586
2026-05-07,C-LDN-007-001,1540.8,115.51,591
2026-05-08,C-LDN-007-001,1633.1,121.56,614
2026-05-09,C-LDN-007-001,1020.8,159.45,578
2026-05-10,C-LDN-007-001,1195.8,158.77,495
2026-05-11,C-LDN-007-001,1614.5,143.55,562
2026-05-12,C-LDN-007-001,1318.3,140.77,445
2026-05-13,C-LDN-007-001,1415.6,124.5,451
2026-05-14,C-LDN-007-001,1296.9,127.65,448
2026-05-15,C-LDN-007-001,1558.9,138.1,433
2026-05-16,C-LDN-007-001,928.4,168.84,613
2026-05-17,C-LDN-007-001,966.4,127.73,557
2026-05-18,C-LDN-007-001,1365.4,134.32,525
2026-05-19,C-LDN-007-001,1356.2,132.11,591
2026-05-20,C-LDN-007-001,1507.3,143.36,435
2026-05-21,C-LDN-007-001,1540.3,142.03,566
2026-05-22,C-LDN-007-001,1488.5,138.42,588
2026-05-23,C-LDN-007-001,1192.1,167.52,489
2026-05-24,C-LDN-007-001,1198.6,138.92,632
2026-05-25,C-LDN-007-001,1320.5,123.93,515
2026-05-26,C-LDN-007-001,1477.0,137.26,545
2026-05-27,C-LDN-007-001,1662.9,122.63,602
2026-05-28,C-LDN-007-001,1702.3,123.58,624
2026-05-29,C-LDN-007-001,1310.7,147.75,452
2026-05-30,C-LDN-007-001,1019.3,169.33,537
2026-05-31,C-LDN-007-001,1042.1,163.92,600
2026-05-04,C-LDN-007-002,1195.7,149.98,548
2026-05-05,C-LDN-007-002,1516.5,114.78,525
2026-05-06,C-LDN-007-002,1288.6,136.63,491
2026-05-07,C-LDN-007-002,1452.6,148.68,525
2026-05-08,C-LDN-007-002,1182.2,121.44,588
2026-05-09,C-LDN-007-002,909.3,147.05,703
2026-05-10,C-LDN-007-002,975.5,134.9,671
2026-05-11,C-LDN-007-002,1322.6,124.43,565
2026-05-12,C-LDN-007-002,1255.1,128.37,707
2026-05-13,C-LDN-007-002,1230.5,129.7,594
2026-05-14,C-LDN-007-002,1237.7,124.14,663
2026-05-15,C-LDN-007-002,1377.1,150.64,583
2026-05-16,C-LDN-007-002,1053.0,141.29,582
2026-05-17,C-LDN-007-002,946.5,158.55,584
2026-05-18,C-LDN-007-002,1256.4,133.6,519
2026-05-19,C-LDN-007-002,1531.1,129.72,715
2026-05-20,C-LDN-007-002,1254.2,112.18,632
2026-05-21,C-LDN-007-002,1149.3,121.68,526
2026-05-22,C-LDN-007-002,1393.8,134.9,689
2026-05-23,C-LDN-007-002,1032.1,165.75,515
2026-05-24,C-LDN-007-002,1071.4,151.18,711
2026-05-25,C-LDN-007-002,1393.9,121.11,668
2026-05-26,C-LDN-007-002,1441.0,129.85,583
2026-05-27,C-LDN-007-002,1531.1,125.6,736
2026-05-28,C-LDN-007-002,1428.7,109.65,692
2026-05-29,C-LDN-007-002,1407.7,116.11,729
2026-05-30,C-LDN-007-002,904.5,167.6,672
2026-05-31,C-LDN-007-002,1046.7,151.54,494
2026-05-04,C-LDN-007-003,1699.5,251.8,1191
2026-05-05,C-LDN-007-003,2270.7,243.97,1055
2026-05-06,C-LDN-007-003,2267.8,299.88,1243
2026-05-07,C-LDN-007-003,1890.5,264.5,1354
2026-05-08,C-LDN-007-003,1998.4,322.38,1242
2026-05-09,C-LDN-007-003,1463.4,347.3,1175
2026-05-10,C-LDN-007-003,1349.3,331.8,1254
2026-05-11,C-LDN-007-003,1955.7,286.75,1171
2026-05-12,C-LDN-007-003,2230.3,326.94,1038
2026-05-13,C-LDN-007-003,1778.0,297.96,1261
2026-05-14,C-LDN-007-003,2007.3,281.27,1298
2026-05-15,C-LDN-007-003,1745.3,334.8,994
2026-05-16,C-LDN-007-003,1536.3,295.17,1032
2026-05-17,C-LDN-007-003,1295.7,289.02,1068
2026-05-18,C-LDN-007-003,1800.5,299.25,1115
2026-05-19,C-LDN-007-003,1712.9,243.42,1130
2026-05-20,C-LDN-007-003,1724.4,339.26,1196
2026-05-21,C-LDN-007-003,1843.8,300.07,1127
2026-05-22,C-LDN-007-003,2186.0,330.09,1355
2026-05-23,C-LDN-007-003,1295.5,362.36,1075
2026-05-24,C-LDN-007-003,1218.0,332.37,1204
2026-05-25,C-LDN-007-003,1810.3,255.13,1145
2026-05-26,C-LDN-007-003,2143.3,300.18,1048
2026-05-27,C-LDN-007-003,2007.7,330.33,930
2026-05-28,C-LDN-007-003,2110.7,265.22,1113
2026-05-29,C-LDN-007-003,1941.7,268.91,1279
2026-05-30,C-LDN-007-003,1514.9,288.61,948
2026-05-31,C-LDN-007-003,1446.2,363.43,1121
2026-05-04,C-STJ-001-001,934.7,451.5,1044
2026-05-05,C-STJ-001-001,943.4,457.08,983
2026-05-06,C-STJ-001-001,859.0,426.97,1046
2026-05-07,C-STJ-001-001,918.1,490.25,787
2026-05-08,C-STJ-001-001,742.7,392.52,788
2026-05-09,C-STJ-001-001,605.5,542.62,988
2026-05-10,C-STJ-001-001,527.7,462.21,850
2026-05-11,C-STJ-001-001,865.1,412.15,921
2026-05-12,C-STJ-001-001,780.4,491.72,995
2026-05-13,C-STJ-001-001,820.7,412.02,876
2026-05-14,C-STJ-001-001,926.4,361.99,862
2026-05-15,C-STJ-001-001,896.3,386.5,807
2026-05-16,C-STJ-001-001,551.1,525.92,846
2026-05-17,C-STJ-001-001,569.5,511.71,721
2026-05-18,C-STJ-001-001,797.7,427.36,1072
2026-05-19,C-STJ-001-001,809.6,435.66,929
2026-05-20,C-STJ-001-001,711.9,454.73,946
2026-05-21,C-STJ-001-001,841.2,382.7,862
2026-05-22,C-STJ-001-001,902.0,482.53,988
2026-05-23,C-STJ-001-001,560.0,466.37,1057
2026-05-24,C-STJ-001-001,619.6,458.46,1029
2026-05-25,C-STJ-001-001,855.7,504.01,734
2026-05-26,C-STJ-001-001,738.8,448.6,945
2026-05-27,C-STJ-001-001,854.5,461.23,768
2026-05-28,C-STJ-001-001,946.0,500.24,825
2026-05-29,C-STJ-001-001,863.8,375.29,809
2026-05-30,C-STJ-001-001,554.6,478.7,1051
2026-05-31,C-STJ-001-001,608.2,539.33,1063
2026-05-04,C-STJ-001-002,2075.0,277.86,615
2026-05-05,C-STJ-001-002,1797.4,223.64,491
2026-05-06,C-STJ-001-002,2285.0,206.11,623
2026-05-07,C-STJ-001-002,1764.7,237.16,581
2026-05-08,C-STJ-001-002,2240.2,242.29,592
2026-05-09,C-STJ-001-002,1263.4,263.79,503
2026-05-10,C-STJ-001-002,1286.7,251.72,432
2026-05-11,C-STJ-001-002,1727.3,204.06,434
2026-05-12,C-STJ-001-002,1961.3,242.56,593
2026-05-13,C-STJ-001-002,1865.2,255.27,597
2026-05-14,C-STJ-001-002,2078.8,260.0,538
2026-05-15,C-STJ-001-002,2258.2,244.05,477
2026-05-16,C-STJ-001-002,1212.8,267.72,593
2026-05-17,C-STJ-001-002,1585.1,309.43,561
2026-05-18,C-STJ-001-002,1853.7,212.42,447
2026-05-19,C-STJ-001-002,2098.1,209.18,468
2026-05-20,C-STJ-001-002,2305.3,255.1,641
2026-05-21,C-STJ-001-002,2194.3,224.18,641
2026-05-22,C-STJ-001-002,1845.3,241.96,602
2026-05-23,C-STJ-001-002,1437.3,260.87,543
2026-05-24,C-STJ-001-002,1428.6,275.97,613
2026-05-25,C-STJ-001-002,1807.8,279.97,528
2026-05-26,C-STJ-001-002,2013.6,284.76,548
2026-05-27,C-STJ-001-002,1845.8,286.45,552
2026-05-28,C-STJ-001-002,2059.4,282.67,475
2026-05-29,C-STJ-001-002,2069.9,262.55,550
2026-05-30,C-STJ-001-002,1433.5,253.39,625
2026-05-31,C-STJ-001-002,1279.0,262.36,554
2026-05-04,C-STJ-001-003,1237.7,520.91,1556
2026-05-05,C-STJ-001-003,1186.1,482.66,1497
2026-05-06,C-STJ-001-003,1328.2,557.46,1212
2026-05-07,C-STJ-001-003,1329.9,467.41,1309
2026-05-08,C-STJ-001-003,1557.7,545.52,1143
2026-05-09,C-STJ-001-003,897.2,522.48,1161
2026-05-10,C-STJ-001-003,843.9,478.88,1590
2026-05-11,C-STJ-001-003,1449.8,471.9,1533
2026-05-12,C-STJ-001-003,1512.4,477.86,1627
2026-05-13,C-STJ-001-003,1387.5,529.77,1276
2026-05-14,C-STJ-001-003,1552.7,518.63,1341
2026-05-15,C-STJ-001-003,1426.9,396.96,1171
2026-05-16,C-STJ-001-003,951.5,510.27,1492
2026-05-17,C-STJ-001-003,942.7,543.1,1646
2026-05-18,C-STJ-001-003,1548.2,527.57,1254
2026-05-19,C-STJ-001-003,1499.9,405.87,1354
2026-05-20,C-STJ-001-003,1336.9,497.62,1202
2026-05-21,C-STJ-001-003,1215.3,529.69,1495
2026-05-22,C-STJ-001-003,1330.3,443.22,1142
2026-05-23,C-STJ-001-003,908.0,491.73,1621
2026-05-24,C-STJ-001-003,1052.0,628.44,1273
2026-05-25,C-STJ-001-003,1348.7,551.55,1538
2026-05-26,C-STJ-001-003,1471.9,460.64,1330
2026-05-27,C-STJ-001-003,1166.8,527.07,1415
2026-05-28,C-STJ-001-003,1210.6,486.64,1446
2026-05-29,C-STJ-001-003,1483.9,453.78,1262
2026-05-30,C-STJ-001-003,999.9,519.95,1391
2026-05-31,C-STJ-001-003,886.9,477.96,1549
2026-05-04,C-VAN-003-001,1699.9,577.09,750
2026-05-05,C-VAN-003-001,1816.6,499.89,693
2026-05-06,C-VAN-003-001,1910.5,457.25,800
2026-05-07,C-VAN-003-001,2164.6,497.82,704
2026-05-08,C-VAN-003-001,2141.2,559.69,670
2026-05-09,C-VAN-003-001,1333.9,543.31,661
2026-05-10,C-VAN-003-001,1225.9,508.62,789
2026-05-11,C-VAN-003-001,2194.9,483.09,633
2026-05-12,C-VAN-003-001,2085.4,442.43,893
2026-05-13,C-VAN-003-001,2230.6,505.56,714
2026-05-14,C-VAN-003-001,1963.7,472.4,899
2026-05-15,C-VAN-003-001,1730.0,570.29,716
2026-05-16,C-VAN-003-001,1353.4,612.11,878
2026-05-17,C-VAN-003-001,1415.7,567.24,826
2026-05-18,C-VAN-003-001,2228.7,478.2,816
2026-05-19,C-VAN-003-001,1971.5,451.6,761
2026-05-20,C-VAN-003-001,2163.4,541.47,662
2026-05-21,C-VAN-003-001,1831.8,471.03,654
2026-05-22,C-VAN-003-001,1821.5,562.89,779
2026-05-23,C-VAN-003-001,1271.0,524.88,719
2026-05-24,C-VAN-003-001,1521.1,669.12,735
2026-05-25,C-VAN-003-001,2223.2,511.19,845
2026-05-26,C-VAN-003-001,1838.6,584.21,795
2026-05-27,C-VAN-003-001,1818.6,578.84,654
2026-05-28,C-VAN-003-001,2177.1,542.45,897
2026-05-29,C-VAN-003-001,2009.0,539.74,808
2026-05-30,C-VAN-003-001,1346.0,526.2,640
2026-05-31,C-VAN-003-001,1373.7,662.47,631
2026-05-04,C-VAN-003-002,1137.4,457.19,1213
2026-05-05,C-VAN-003-002,1301.9,526.39,1245
2026-05-06,C-VAN-003-002,1312.2,522.66,1065
2026-05-07,C-VAN-003-002,1165.3,480.93,1133
2026-05-08,C-VAN-003-002,1201.1,483.76,1100
2026-05-09,C-VAN-003-002,947.3,487.11,1218
2026-05-10,C-VAN-003-002,759.9,652.88,1183
2026-05-11,C-VAN-003-002,1043.2,518.55,1028
2026-05-12,C-VAN-003-002,1050.3,421.41,1498
2026-05-13,C-VAN-003-002,1143.6,428.06,1429
2026-05-14,C-VAN-003-002,1227.8,558.22,1240
2026-05-15,C-VAN-003-002,1304.0,411.49,1242
2026-05-16,C-VAN-003-002,796.1,514.57,1097
2026-05-17,C-VAN-003-002,732.8,580.46,1249
2026-05-18,C-VAN-003-002,1108.4,433.81,1124
2026-05-19,C-VAN-003-002,1089.5,565.24,1032
2026-05-20,C-VAN-003-002,1099.3,418.73,1069
2026-05-21,C-VAN-003-002,1242.5,540.56,1256
2026-05-22,C-VAN-003-002,1245.1,533.47,1410
2026-05-23,C-VAN-003-002,948.1,541.77,1360
2026-05-24,C-VAN-003-002,960.0,590.93,1160
2026-05-25,C-VAN-003-002,1361.5,458.69,1345
2026-05-26,C-VAN-003-002,1202.3,515.54,1062
2026-05-27,C-VAN-003-002,1324.3,572.12,1406
2026-05-28,C-VAN-003-002,1222.4,431.98,1288
2026-05-29,C-VAN-003-002,1253.1,435.58,1451
2026-05-30,C-VAN-003-002,790.4,556.45,1183
2026-05-31,C-VAN-003-002,744.3,635.86,1194
2026-05-04,C-VAN-003-003,2049.1,754.92,969
2026-05-05,C-VAN-003-003,2346.2,852.58,787
2026-05-06,C-VAN-003-003,1993.3,741.34,726
2026-05-07,C-VAN-003-003,1922.7,814.14,732
2026-05-08,C-VAN-003-003,1911.0,808.48,770
2026-05-09,C-VAN-003-003,1552.7,945.49,921
2026-05-10,C-VAN-003-003,1324.3,968.22,805
2026-05-11,C-VAN-003-003,2325.1,663.77,693
2026-05-12,C-VAN-003-003,2332.3,679.29,746
2026-05-13,C-VAN-003-003,2034.9,709.82,914
2026-05-14,C-VAN-003-003,1953.5,701.37,897
2026-05-15,C-VAN-003-003,2096.8,702.75,703
2026-05-16,C-VAN-003-003,1690.7,849.0,985
2026-05-17,C-VAN-003-003,1667.7,879.57,1025
2026-05-18,C-VAN-003-003,2270.1,831.43,993
2026-05-19,C-VAN-003-003,2339.2,646.08,955
2026-05-20,C-VAN-003-003,2406.5,846.94,938
2026-05-21,C-VAN-003-003,2340.0,794.78,893
2026-05-22,C-VAN-003-003,2319.7,805.67,903
2026-05-23,C-VAN-003-003,1565.2,794.83,783
2026-05-24,C-VAN-003-003,1311.0,951.26,948
2026-05-25,C-VAN-003-003,2186.0,747.78,866
2026-05-26,C-VAN-003-003,2430.8,663.55,849
2026-05-27,C-VAN-003-003,1875.0,817.49,964
2026-05-28,C-VAN-003-003,2216.6,713.33,1020
2026-05-29,C-VAN-003-003,2430.7,849.37,1004
2026-05-30,C-VAN-003-003,1555.2,846.54,886
2026-05-31,C-VAN-003-003,1670.5,844.9,742
2026-05-04,C-CHA-001-001,1121.2,578.76,557
2026-05-05,C-CHA-001-001,1149.1,534.58,465
2026-05-06,C-CHA-001-001,1110.8,721.14,597
2026-05-07,C-CHA-001-001,1143.6,721.75,571
2026-05-08,C-CHA-001-001,1051.1,589.98,588
2026-05-09,C-CHA-001-001,833.4,607.06,533
2026-05-10,C-CHA-001-001,838.4,647.52,515
2026-05-11,C-CHA-001-001,1255.6,550.49,446
2026-05-12,C-CHA-001-001,1239.7,526.77,597
2026-05-13,C-CHA-001-001,959.4,678.97,591
2026-05-14,C-CHA-001-001,1017.2,615.09,492
2026-05-15,C-CHA-001-001,1004.5,554.95,601
2026-05-16,C-CHA-001-001,701.8,712.08,572
2026-05-17,C-CHA-001-001,805.1,816.33,457
2026-05-18,C-CHA-001-001,1213.9,646.48,569
2026-05-19,C-CHA-001-001,1255.4,555.3,508
2026-05-20,C-CHA-001-001,1091.0,650.99,561
2026-05-21,C-CHA-001-001,1059.4,600.6,585
2026-05-22,C-CHA-001-001,995.3,662.97,599
2026-05-23,C-CHA-001-001,828.9,833.35,519
2026-05-24,C-CHA-001-001,776.4,810.69,558
2026-05-25,C-CHA-001-001,1141.2,612.48,600
2026-05-26,C-CHA-001-001,1112.5,573.54,463
2026-05-27,C-CHA-001-001,952.7,633.05,514
2026-05-28,C-CHA-001-001,1139.8,603.47,518
2026-05-29,C-CHA-001-001,1196.2,632.35,538
2026-05-30,C-CHA-001-001,785.8,603.65,548
2026-05-31,C-CHA-001-001,674.8,699.29,487
2026-05-04,C-CHA-001-002,1617.6,521.91,746
2026-05-05,C-CHA-001-002,1462.9,522.04,764
2026-05-06,C-CHA-001-002,1413.0,488.95,731
2026-05-07,C-CHA-001-002,1703.9,498.4,651
2026-05-08,C-CHA-001-002,1540.1,502.92,795
2026-05-09,C-CHA-001-002,1031.9,648.94,916
2026-05-10,C-CHA-001-002,922.7,670.12,932
2026-05-11,C-CHA-001-002,1358.6,457.06,657
2026-05-12,C-CHA-001-002,1405.7,481.65,753
2026-05-13,C-CHA-001-002,1693.2,590.63,664
2026-05-14,C-CHA-001-002,1604.7,534.91,904
2026-05-15,C-CHA-001-002,1408.4,443.61,740
2026-05-16,C-CHA-001-002,1077.3,513.1,844
2026-05-17,C-CHA-001-002,1110.2,581.72,857
2026-05-18,C-CHA-001-002,1499.5,473.86,839
2026-05-19,C-CHA-001-002,1492.8,533.78,655
2026-05-20,C-CHA-001-002,1691.2,426.16,639
2026-05-21,C-CHA-001-002,1394.6,507.39,741
2026-05-22,C-CHA-001-002,1658.2,426.94,692
2026-05-23,C-CHA-001-002,993.8,652.82,840
2026-05-24,C-CHA-001-002,954.4,491.48,782
2026-05-25,C-CHA-001-002,1682.0,559.76,888
2026-05-26,C-CHA-001-002,1669.1,556.83,752
2026-05-27,C-CHA-001-002,1677.0,512.64,690
2026-05-28,C-CHA-001-002,1668.8,486.09,805
2026-05-29,C-CHA-001-002,1618.0,486.47,782
2026-05-30,C-CHA-001-002,1042.2,564.02,651
2026-05-31,C-CHA-001-002,1146.9,631.85,658
2026-05-04,C-CHA-001-003,880.1,356.18,586
2026-05-05,C-CHA-001-003,856.5,409.99,585
2026-05-06,C-CHA-001-003,1026.5,334.8,409
2026-05-07,C-CHA-001-003,863.8,361.02,608
2026-05-08,C-CHA-001-003,1045.9,415.54,471
2026-05-09,C-CHA-001-003,623.3,389.99,460
2026-05-10,C-CHA-001-003,713.1,506.64,545
2026-05-11,C-CHA-001-003,1115.2,430.99,580
2026-05-12,C-CHA-001-003,1093.8,328.09,447
2026-05-13,C-CHA-001-003,897.0,454.79,576
2026-05-14,C-CHA-001-003,846.6,393.75,571
2026-05-15,C-CHA-001-003,1012.3,422.13,473
2026-05-16,C-CHA-001-003,692.5,517.42,610
2026-05-17,C-CHA-001-003,659.4,428.19,531
2026-05-18,C-CHA-001-003,1117.5,399.59,496
2026-05-19,C-CHA-001-003,1007.2,357.17,429
2026-05-20,C-CHA-001-003,897.6,427.92,588
2026-05-21,C-CHA-001-003,893.2,395.9,579
2026-05-22,C-CHA-001-003,1031.3,348.61,464
2026-05-23,C-CHA-001-003,757.3,388.99,505
2026-05-24,C-CHA-001-003,607.7,397.42,463
2026-05-25,C-CHA-001-003,888.6,391.43,576
2026-05-26,C-CHA-001-003,1062.0,361.76,498
2026-05-27,C-CHA-001-003,837.5,401.78,435
2026-05-28,C-CHA-001-003,1015.4,378.7,469
2026-05-29,C-CHA-001-003,1046.8,375.39,549
2026-05-30,C-CHA-001-003,748.9,447.01,429
2026-05-31,C-CHA-001-003,739.6,393.07,579
2026-05-04,C-MNC-002-001,1800.8,345.85,810
2026-05-05,C-MNC-002-001,1807.6,374.15,776
2026-05-06,C-MNC-002-001,1775.7,369.87,901
2026-05-07,C-MNC-002-001,1764.4,331.95,714
2026-05-08,C-MNC-002-001,1509.3,300.87,851
2026-05-09,C-MNC-002-001,1054.1,394.75,727
2026-05-10,C-MNC-002-001,1107.5,357.2,821
2026-05-11,C-MNC-002-001,1654.5,318.74,876
2026-05-12,C-MNC-002-001,1781.9,292.42,922
2026-05-13,C-MNC-002-001,1571.3,384.43,887
2026-05-14,C-MNC-002-001,1570.1,366.2,879
2026-05-15,C-MNC-002-001,1845.5,370.56,772
2026-05-16,C-MNC-002-001,1094.7,397.02,952
2026-05-17,C-MNC-002-001,1210.3,429.51,849
2026-05-18,C-MNC-002-001,1894.0,309.67,755
2026-05-19,C-MNC-002-001,1549.8,380.68,1013
2026-05-20,C-MNC-002-001,1919.8,386.45,758
2026-05-21,C-MNC-002-001,1690.1,331.83,1010
2026-05-22,C-MNC-002-001,1534.7,403.18,909
2026-05-23,C-MNC-002-001,1036.8,342.73,734
2026-05-24,C-MNC-002-001,1063.5,439.78,806
2026-05-25,C-MNC-002-001,1992.3,371.95,789
2026-05-26,C-MNC-002-001,1834.7,376.76,977
2026-05-27,C-MNC-002-001,1802.2,312.35,825
2026-05-28,C-MNC-002-001,1483.2,333.21,920
2026-05-29,C-MNC-002-001,1598.3,310.72,812
2026-05-30,C-MNC-002-001,1393.9,457.95,728
2026-05-31,C-MNC-002-001,1294.7,438.76,942
2026-05-04,C-MNC-002-002,1561.0,584.64,663
2026-05-05,C-MNC-002-002,1634.3,570.88,565
2026-05-06,C-MNC-002-002,1747.9,645.92,750
2026-05-07,C-MNC-002-002,1416.3,690.16,729
2026-05-08,C-MNC-002-002,1633.2,664.18,706
2026-05-09,C-MNC-002-002,1068.6,652.61,736
2026-05-10,C-MNC-002-002,1035.6,842.95,686
2026-05-11,C-MNC-002-002,1523.3,584.62,560
2026-05-12,C-MNC-002-002,1522.6,596.59,522
2026-05-13,C-MNC-002-002,1532.5,769.5,720
2026-05-14,C-MNC-002-002,1666.9,748.58,560
2026-05-15,C-MNC-002-002,1369.9,617.3,546
2026-05-16,C-MNC-002-002,1219.8,639.7,693
2026-05-17,C-MNC-002-002,1136.4,646.92,569
2026-05-18,C-MNC-002-002,1798.8,751.91,675
2026-05-19,C-MNC-002-002,1432.4,745.1,658
2026-05-20,C-MNC-002-002,1538.9,619.1,519
2026-05-21,C-MNC-002-002,1440.4,617.66,659
2026-05-22,C-MNC-002-002,1524.0,579.85,688
2026-05-23,C-MNC-002-002,1081.7,818.68,644
2026-05-24,C-MNC-002-002,1170.1,817.94,702
2026-05-25,C-MNC-002-002,1754.3,561.21,615
2026-05-26,C-MNC-002-002,1654.9,625.99,648
2026-05-27,C-MNC-002-002,1684.1,751.89,696
2026-05-28,C-MNC-002-002,1642.2,562.22,553
2026-05-29,C-MNC-002-002,1500.1,620.22,538
2026-05-30,C-MNC-002-002,958.3,632.63,744
2026-05-31,C-MNC-002-002,1101.1,772.3,659
2026-05-04,C-MNC-002-003,1927.4,1016.62,622
2026-05-05,C-MNC-002-003,1997.8,1051.78,725
2026-05-06,C-MNC-002-003,1609.0,1184.54,546
2026-05-07,C-MNC-002-003,1727.8,1191.8,548
2026-05-08,C-MNC-002-003,1919.5,1262.36,632
2026-05-09,C-MNC-002-003,1094.1,1177.18,593
2026-05-10,C-MNC-002-003,1074.2,1445.69,578
2026-05-11,C-MNC-002-003,1573.5,1411.03,591
2026-05-12,C-MNC-002-003,2058.3,1240.14,665
2026-05-13,C-MNC-002-003,1753.3,1401.12,715
2026-05-14,C-MNC-002-003,1935.0,1068.0,629
2026-05-15,C-MNC-002-003,1764.1,1153.66,599
2026-05-16,C-MNC-002-003,1102.8,1372.06,638
2026-05-17,C-MNC-002-003,1436.8,1257.03,659
2026-05-18,C-MNC-002-003,1923.7,1268.18,553
2026-05-19,C-MNC-002-003,1987.9,1394.88,505
2026-05-20,C-MNC-002-003,1817.5,1063.56,725
2026-05-21,C-MNC-002-003,1559.6,1150.54,563
2026-05-22,C-MNC-002-003,1855.1,1338.0,694
2026-05-23,C-MNC-002-003,1206.4,1179.76,665
2026-05-24,C-MNC-002-003,1442.3,1349.88,701
2026-05-25,C-MNC-002-003,2017.8,1416.67,492
2026-05-26,C-MNC-002-003,1904.2,1259.24,545
2026-05-27,C-MNC-002-003,1930.8,1330.23,527
2026-05-28,C-MNC-002-003,1780.4,1090.12,545
2026-05-29,C-MNC-002-003,1679.7,1062.47,519
2026-05-30,C-MNC-002-003,1249.5,1625.73,718
2026-05-31,C-MNC-002-003,1309.4,1576.66,632
2026-05-04,C-MTL-003-001,2061.8,425.54,1458
2026-05-05,C-MTL-003-001,2247.4,465.1,1448
2026-05-06,C-MTL-003-001,1985.6,479.87,1499
2026-05-07,C-MTL-003-001,2340.5,413.44,1166
2026-05-08,C-MTL-003-001,2269.2,530.75,1442
2026-05-09,C-MTL-003-001,1502.2,516.81,1254
2026-05-10,C-MTL-003-001,1577.6,488.45,1249
2026-05-11,C-MTL-003-001,1846.0,458.52,1148
2026-05-12,C-MTL-003-001,1769.1,427.51,1084
2026-05-13,C-MTL-003-001,1891.7,512.35,1284
2026-05-14,C-MTL-003-001,1778.6,501.59,1551
2026-05-15,C-MTL-003-001,2357.0,444.59,1186
2026-05-16,C-MTL-003-001,1463.2,468.39,1149
2026-05-17,C-MTL-003-001,1554.8,541.14,1524
2026-05-18,C-MTL-003-001,2337.6,495.9,1207
2026-05-19,C-MTL-003-001,1780.6,482.83,1319
2026-05-20,C-MTL-003-001,1840.4,532.27,1608
2026-05-21,C-MTL-003-001,1917.9,504.73,1451
2026-05-22,C-MTL-003-001,2256.0,441.6,1506
2026-05-23,C-MTL-003-001,1521.3,512.62,1521
2026-05-24,C-MTL-003-001,1645.3,605.68,1321
2026-05-25,C-MTL-003-001,2279.9,397.05,1188
2026-05-26,C-MTL-003-001,2008.1,474.42,1609
2026-05-27,C-MTL-003-001,2133.0,446.41,1440
2026-05-28,C-MTL-003-001,2330.6,517.69,1280
2026-05-29,C-MTL-003-001,1970.0,406.65,1500
2026-05-30,C-MTL-003-001,1261.0,521.13,1448
2026-05-31,C-MTL-003-001,1545.8,495.52,1319
2026-05-04,C-MTL-003-002,1018.8,213.17,614
2026-05-05,C-MTL-003-002,975.3,251.94,691
2026-05-06,C-MTL-003-002,1111.0,211.4,590
2026-05-07,C-MTL-003-002,1117.2,266.2,602
2026-05-08,C-MTL-003-002,1151.5,270.79,684
2026-05-09,C-MTL-003-002,644.3,320.05,660
2026-05-10,C-MTL-003-002,602.6,302.02,671
2026-05-11,C-MTL-003-002,1138.8,267.61,723
2026-05-12,C-MTL-003-002,1140.1,239.45,553
2026-05-13,C-MTL-003-002,1026.3,276.97,771
2026-05-14,C-MTL-003-002,889.1,266.61,700
2026-05-15,C-MTL-003-002,1059.6,217.03,652
2026-05-16,C-MTL-003-002,651.1,279.81,725
2026-05-17,C-MTL-003-002,760.8,292.05,675
2026-05-18,C-MTL-003-002,937.1,285.67,605
2026-05-19,C-MTL-003-002,866.7,230.4,583
2026-05-20,C-MTL-003-002,1141.9,257.26,660
2026-05-21,C-MTL-003-002,1084.1,265.86,661
2026-05-22,C-MTL-003-002,930.3,284.8,754
2026-05-23,C-MTL-003-002,710.6,249.96,742
2026-05-24,C-MTL-003-002,629.8,253.59,598
2026-05-25,C-MTL-003-002,1041.2,253.82,674
2026-05-26,C-MTL-003-002,1077.9,268.27,643
2026-05-27,C-MTL-003-002,1102.5,228.64,713
2026-05-28,C-MTL-003-002,927.6,211.98,745
2026-05-29,C-MTL-003-002,988.1,273.28,556
2026-05-30,C-MTL-003-002,732.7,248.18,650
2026-05-31,C-MTL-003-002,797.3,309.79,778
2026-05-04,C-MTL-003-003,1049.9,305.44,883
2026-05-05,C-MTL-003-003,1316.0,368.91,1065
2026-05-06,C-MTL-003-003,1031.1,308.51,1037
2026-05-07,C-MTL-003-003,1018.1,408.24,1071
2026-05-08,C-MTL-003-003,1199.6,387.45,937
2026-05-09,C-MTL-003-003,875.6,409.36,883
2026-05-10,C-MTL-003-003,747.5,345.86,1195
2026-05-11,C-MTL-003-003,1146.0,401.71,1182
2026-05-12,C-MTL-003-003,1091.6,307.76,1044
2026-05-13,C-MTL-003-003,1113.4,410.29,804
2026-05-14,C-MTL-003-003,1103.7,367.65,1138
2026-05-15,C-MTL-003-003,1127.9,344.4,842
2026-05-16,C-MTL-003-003,778.4,459.31,808
2026-05-17,C-MTL-003-003,706.5,471.46,817
2026-05-18,C-MTL-003-003,1218.1,299.28,1157
2026-05-19,C-MTL-003-003,1090.1,296.8,1157
2026-05-20,C-MTL-003-003,1011.0,377.38,1064
2026-05-21,C-MTL-003-003,1102.7,341.71,1199
2026-05-22,C-MTL-003-003,1228.1,330.49,1165
2026-05-23,C-MTL-003-003,907.8,344.29,1046
2026-05-24,C-MTL-003-003,890.4,450.78,1053
2026-05-25,C-MTL-003-003,1272.2,409.85,870
2026-05-26,C-MTL-003-003,1087.7,321.2,1005
2026-05-27,C-MTL-003-003,1298.0,353.1,1166
2026-05-28,C-MTL-003-003,1182.2,385.55,1043
2026-05-29,C-MTL-003-003,1268.3,361.83,1089
2026-05-30,C-MTL-003-003,778.4,421.22,977
2026-05-31,C-MTL-003-003,708.0,417.5,1072
2026-05-04,C-VAN-004-001,1709.2,909.14,1146
2026-05-05,C-VAN-004-001,1735.6,1058.38,1003
2026-05-06,C-VAN-004-001,1628.8,1115.98,1148
2026-05-07,C-VAN-004-001,1623.5,1011.03,1139
2026-05-08,C-VAN-004-001,1587.9,1124.55,1212
2026-05-09,C-VAN-004-001,1424.0,1276.53,1114
2026-05-10,C-VAN-004-001,1415.5,976.4,1329
2026-05-11,C-VAN-004-001,2101.9,1050.78,941
2026-05-12,C-VAN-004-001,2017.6,1029.7,1312
2026-05-13,C-VAN-004-001,2051.9,878.73,1219
2026-05-14,C-VAN-004-001,1945.5,957.98,1258
2026-05-15,C-VAN-004-001,1855.6,1091.54,1166
2026-05-16,C-VAN-004-001,1368.8,1326.29,1062
2026-05-17,C-VAN-004-001,1480.0,1100.94,952
2026-05-18,C-VAN-004-001,1861.6,1103.11,1208
2026-05-19,C-VAN-004-001,1840.9,1075.0,1300
2026-05-20,C-VAN-004-001,1729.2,1032.15,1311
2026-05-21,C-VAN-004-001,1658.6,863.66,1261
2026-05-22,C-VAN-004-001,1999.8,962.46,956
2026-05-23,C-VAN-004-001,1376.5,1259.67,1306
2026-05-24,C-VAN-004-001,1464.5,1067.64,1153
2026-05-25,C-VAN-004-001,1822.6,1055.25,1153
2026-05-26,C-VAN-004-001,1696.4,1061.37,1341
2026-05-27,C-VAN-004-001,1888.9,1104.84,923
2026-05-28,C-VAN-004-001,1980.0,989.0,1288
2026-05-29,C-VAN-004-001,1892.8,841.9,919
2026-05-30,C-VAN-004-001,1277.9,1286.85,1332
2026-05-31,C-VAN-004-001,1439.9,1152.68,1198
2026-05-04,C-VAN-004-002,1946.4,414.91,442
2026-05-05,C-VAN-004-002,1979.9,392.88,637
2026-05-06,C-VAN-004-002,1704.6,349.33,479
2026-05-07,C-VAN-004-002,1817.5,371.56,587
2026-05-08,C-VAN-004-002,1668.6,470.12,592
2026-05-09,C-VAN-004-002,1296.2,470.17,541
2026-05-10,C-VAN-004-002,1459.7,489.47,512
2026-05-11,C-VAN-004-002,2018.3,350.75,461
2026-05-12,C-VAN-004-002,1646.0,377.14,608
2026-05-13,C-VAN-004-002,1692.6,467.65,597
2026-05-14,C-VAN-004-002,1636.8,360.69,603
2026-05-15,C-VAN-004-002,1766.9,363.19,491
2026-05-16,C-VAN-004-002,1364.1,527.8,442
2026-05-17,C-VAN-004-002,1239.4,433.88,442
2026-05-18,C-VAN-004-002,2139.2,400.5,594
2026-05-19,C-VAN-004-002,1886.7,469.06,462
2026-05-20,C-VAN-004-002,2044.9,395.37,530
2026-05-21,C-VAN-004-002,1589.5,475.48,486
2026-05-22,C-VAN-004-002,1632.4,353.1,598
2026-05-23,C-VAN-004-002,1357.1,489.19,456
2026-05-24,C-VAN-004-002,1207.6,423.06,446
2026-05-25,C-VAN-004-002,1687.9,412.59,550
2026-05-26,C-VAN-004-002,1824.6,383.18,659
2026-05-27,C-VAN-004-002,1880.1,447.12,504
2026-05-28,C-VAN-004-002,1713.7,362.39,557
2026-05-29,C-VAN-004-002,2055.2,386.08,566
2026-05-30,C-VAN-004-002,1306.4,547.74,445
2026-05-31,C-VAN-004-002,1243.8,549.54,644
2026-05-04,C-VAN-004-003,1360.8,269.51,1238
2026-05-05,C-VAN-004-003,1738.7,265.88,1237
2026-05-06,C-VAN-004-003,1565.9,222.95,1179
2026-05-07,C-VAN-004-003,1524.0,261.05,1416
2026-05-08,C-VAN-004-003,1662.0,268.28,1240
2026-05-09,C-VAN-004-003,1066.2,238.21,1208
2026-05-10,C-VAN-004-003,940.8,225.45,1037
2026-05-11,C-VAN-004-003,1467.7,252.47,1129
2026-05-12,C-VAN-004-003,1340.5,200.06,1091
2026-05-13,C-VAN-004-003,1746.7,242.09,1077
2026-05-14,C-VAN-004-003,1620.9,270.77,1280
2026-05-15,C-VAN-004-003,1379.2,207.29,1436
2026-05-16,C-VAN-004-003,1189.6,291.32,1241
2026-05-17,C-VAN-004-003,1074.2,226.92,1189
2026-05-18,C-VAN-004-003,1511.2,236.71,1026
2026-05-19,C-VAN-004-003,1774.8,271.46,1197
2026-05-20,C-VAN-004-003,1339.7,208.13,1242
2026-05-21,C-VAN-004-003,1418.9,241.26,1185
2026-05-22,C-VAN-004-003,1446.2,214.01,1025
2026-05-23,C-VAN-004-003,966.8,224.02,1207
2026-05-24,C-VAN-004-003,1181.5,235.83,1011
2026-05-25,C-VAN-004-003,1773.0,198.46,1170
2026-05-26,C-VAN-004-003,1429.0,242.22,1242
2026-05-27,C-VAN-004-003,1486.5,195.76,1305
2026-05-28,C-VAN-004-003,1629.9,253.78,1130
2026-05-29,C-VAN-004-003,1617.9,199.52,1463
2026-05-30,C-VAN-004-003,1047.7,230.8,1436
2026-05-31,C-VAN-004-003,998.8,298.06,1264
2026-05-04,C-CHA-002-001,1051.4,717.98,862
2026-05-05,C-CHA-002-001,873.2,809.14,677
2026-05-06,C-CHA-002-001,875.9,735.26,817
2026-05-07,C-CHA-002-001,1126.1,826.47,605
2026-05-08,C-CHA-002-001,898.9,774.75,826
2026-05-09,C-CHA-002-001,623.4,940.2,876
2026-05-10,C-CHA-002-001,658.0,988.36,726
2026-05-11,C-CHA-002-001,1117.8,770.42,653
2026-05-12,C-CHA-002-001,1016.1,806.78,714
2026-05-13,C-CHA-002-001,1120.6,856.23,783
2026-05-14,C-CHA-002-001,1037.5,802.24,736
2026-05-15,C-CHA-002-001,1019.2,904.9,618
2026-05-16,C-CHA-002-001,663.9,883.85,850
2026-05-17,C-CHA-002-001,760.7,780.4,879
2026-05-18,C-CHA-002-001,905.9,865.57,643
2026-05-19,C-CHA-002-001,1068.2,825.31,786
2026-05-20,C-CHA-002-001,1038.8,848.75,751
2026-05-21,C-CHA-002-001,1036.2,913.25,769
2026-05-22,C-CHA-002-001,839.2,801.24,820
2026-05-23,C-CHA-002-001,612.3,805.8,871
2026-05-24,C-CHA-002-001,663.2,1038.92,863
2026-05-25,C-CHA-002-001,963.5,687.38,866
2026-05-26,C-CHA-002-001,1097.1,799.04,619
2026-05-27,C-CHA-002-001,1120.3,867.28,775
2026-05-28,C-CHA-002-001,1028.6,750.41,850
2026-05-29,C-CHA-002-001,1049.9,812.9,834
2026-05-30,C-CHA-002-001,776.1,962.66,783
2026-05-31,C-CHA-002-001,664.6,984.99,635
2026-05-04,C-CHA-002-002,973.2,1140.02,905
2026-05-05,C-CHA-002-002,1013.3,995.86,1248
2026-05-06,C-CHA-002-002,955.2,1161.54,1313
2026-05-07,C-CHA-002-002,887.0,1176.17,1214
2026-05-08,C-CHA-002-002,887.1,1034.71,1008
2026-05-09,C-CHA-002-002,675.7,1011.18,1271
2026-05-10,C-CHA-002-002,537.9,1281.73,1036
2026-05-11,C-CHA-002-002,969.0,1131.64,1058
2026-05-12,C-CHA-002-002,911.5,1050.19,1252
2026-05-13,C-CHA-002-002,1006.8,920.73,1223
2026-05-14,C-CHA-002-002,819.7,990.78,1048
2026-05-15,C-CHA-002-002,862.7,894.62,1210
2026-05-16,C-CHA-002-002,642.5,1186.34,1264
2026-05-17,C-CHA-002-002,721.4,1304.56,1175
2026-05-18,C-CHA-002-002,835.5,1154.19,1057
2026-05-19,C-CHA-002-002,865.4,1069.93,912
2026-05-20,C-CHA-002-002,796.2,1068.74,1224
2026-05-21,C-CHA-002-002,803.0,1163.89,1217
2026-05-22,C-CHA-002-002,941.9,1160.34,1050
2026-05-23,C-CHA-002-002,648.0,1244.79,1223
2026-05-24,C-CHA-002-002,716.1,1020.59,1056
2026-05-25,C-CHA-002-002,946.6,909.46,1310
2026-05-26,C-CHA-002-002,999.1,1133.04,906
2026-05-27,C-CHA-002-002,876.8,943.13,1278
2026-05-28,C-CHA-002-002,878.8,1031.66,1171
2026-05-29,C-CHA-002-002,793.4,1077.3,1111
2026-05-30,C-CHA-002-002,563.6,1326.05,894
2026-05-31,C-CHA-002-002,650.2,1149.62,949
2026-05-04,C-CHA-002-003,1690.9,476.08,1196
2026-05-05,C-CHA-002-003,2200.6,430.92,1596
2026-05-06,C-CHA-002-003,2251.9,434.05,1485
2026-05-07,C-CHA-002-003,2044.2,483.84,1363
2026-05-08,C-CHA-002-003,1708.7,499.54,1620
2026-05-09,C-CHA-002-003,1524.9,520.04,1116
2026-05-10,C-CHA-002-003,1447.5,525.77,1333
2026-05-11,C-CHA-002-003,1791.6,551.43,1624
2026-05-12,C-CHA-002-003,1843.7,424.06,1558
2026-05-13,C-CHA-002-003,2149.3,540.06,1182
2026-05-14,C-CHA-002-003,1887.8,458.78,1297
2026-05-15,C-CHA-002-003,1709.0,558.96,1610
2026-05-16,C-CHA-002-003,1234.9,472.36,1178
2026-05-17,C-CHA-002-003,1311.6,555.3,1398
2026-05-18,C-CHA-002-003,1837.2,560.31,1515
2026-05-19,C-CHA-002-003,1949.4,409.06,1244
2026-05-20,C-CHA-002-003,2254.8,528.89,1245
2026-05-21,C-CHA-002-003,1667.5,480.62,1171
2026-05-22,C-CHA-002-003,1697.1,530.35,1643
2026-05-23,C-CHA-002-003,1484.4,473.08,1345
2026-05-24,C-CHA-002-003,1232.5,522.4,1420
2026-05-25,C-CHA-002-003,2071.5,536.69,1587
2026-05-26,C-CHA-002-003,1904.4,506.55,1589
2026-05-27,C-CHA-002-003,2171.9,534.68,1385
2026-05-28,C-CHA-002-003,2032.1,518.82,1169
2026-05-29,C-CHA-002-003,1841.9,439.62,1627
2026-05-30,C-CHA-002-003,1564.6,535.88,1620
2026-05-31,C-CHA-002-003,1481.8,585.61,1195
2026-05-04,C-LDN-008-001,1119.9,416.22,1389
2026-05-05,C-LDN-008-001,1202.1,573.63,1085
2026-05-06,C-LDN-008-001,1105.0,440.91,1237
2026-05-07,C-LDN-008-001,1055.5,499.17,1335
2026-05-08,C-LDN-008-001,1221.7,463.28,1220
2026-05-09,C-LDN-008-001,854.2,587.66,1335
2026-05-10,C-LDN-008-001,865.0,665.87,1279
2026-05-11,C-LDN-008-001,1240.9,578.9,1479
2026-05-12,C-LDN-008-001,1181.3,420.75,1267
2026-05-13,C-LDN-008-001,1278.3,501.39,1560
2026-05-14,C-LDN-008-001,1282.6,516.73,1186
2026-05-15,C-LDN-008-001,1065.7,430.61,1452
2026-05-16,C-LDN-008-001,773.8,629.21,1593
2026-05-17,C-LDN-008-001,820.6,547.15,1247
2026-05-18,C-LDN-008-001,1067.3,419.59,1179
2026-05-19,C-LDN-008-001,1403.3,499.94,1521
2026-05-20,C-LDN-008-001,1055.1,563.17,1200
2026-05-21,C-LDN-008-001,1293.6,503.59,1321
2026-05-22,C-LDN-008-001,1309.3,463.07,1579
2026-05-23,C-LDN-008-001,777.0,492.12,1337
2026-05-24,C-LDN-008-001,900.8,531.99,1149
2026-05-25,C-LDN-008-001,1173.8,475.23,1518
2026-05-26,C-LDN-008-001,1384.9,420.52,1579
2026-05-27,C-LDN-008-001,1079.7,562.12,1443
2026-05-28,C-LDN-008-001,1089.6,443.76,1596
2026-05-29,C-LDN-008-001,1052.7,529.31,1426
2026-05-30,C-LDN-008-001,874.0,504.27,1484
2026-05-31,C-LDN-008-001,928.8,628.96,1186
2026-05-04,C-LDN-008-002,1680.0,347.69,1200
2026-05-05,C-LDN-008-002,1400.2,335.26,1010
2026-05-06,C-LDN-008-002,1315.8,412.47,978
2026-05-07,C-LDN-008-002,1445.8,416.79,1351
2026-05-08,C-LDN-008-002,1405.8,350.59,1140
2026-05-09,C-LDN-008-002,894.1,438.43,1191
2026-05-10,C-LDN-008-002,1111.0,400.35,1335
2026-05-11,C-LDN-008-002,1419.9,420.97,1043
2026-05-12,C-LDN-008-002,1520.2,324.17,1250
2026-05-13,C-LDN-008-002,1684.6,374.82,922
2026-05-14,C-LDN-008-002,1459.2,341.95,943
2026-05-15,C-LDN-008-002,1327.3,396.42,942
2026-05-16,C-LDN-008-002,1118.0,475.42,958
2026-05-17,C-LDN-008-002,930.2,370.37,1365
2026-05-18,C-LDN-008-002,1590.8,437.07,1256
2026-05-19,C-LDN-008-002,1642.9,387.26,1108
2026-05-20,C-LDN-008-002,1579.8,359.64,1122
2026-05-21,C-LDN-008-002,1307.7,424.22,1112
2026-05-22,C-LDN-008-002,1612.7,368.0,1141
2026-05-23,C-LDN-008-002,1130.9,425.39,1112
2026-05-24,C-LDN-008-002,1026.8,473.24,1187
2026-05-25,C-LDN-008-002,1321.3,361.29,1013
2026-05-26,C-LDN-008-002,1528.3,419.49,1224
2026-05-27,C-LDN-008-002,1310.3,362.0,1016
2026-05-28,C-LDN-008-002,1713.3,350.56,1220
2026-05-29,C-LDN-008-002,1584.8,329.38,996
2026-05-30,C-LDN-008-002,1156.9,489.47,1064
2026-05-31,C-LDN-008-002,1044.8,501.91,1094
2026-05-04,C-LDN-008-003,1817.6,901.22,1043
2026-05-05,C-LDN-008-003,1524.3,754.43,1060
2026-05-06,C-LDN-008-003,1512.5,702.36,798
2026-05-07,C-LDN-008-003,1616.8,704.36,1146
2026-05-08,C-LDN-008-003,1515.8,864.21,1067
2026-05-09,C-LDN-008-003,1203.3,816.61,1145
2026-05-10,C-LDN-008-003,1007.0,981.81,919
2026-05-11,C-LDN-008-003,1369.5,865.97,917
2026-05-12,C-LDN-008-003,1479.7,673.7,836
2026-05-13,C-LDN-008-003,1532.2,679.14,1034
2026-05-14,C-LDN-008-003,1400.1,890.46,1151
2026-05-15,C-LDN-008-003,1513.3,857.84,1053
2026-05-16,C-LDN-008-003,1232.0,747.9,826
2026-05-17,C-LDN-008-003,1067.0,968.33,1132
2026-05-18,C-LDN-008-003,1537.1,784.39,990
2026-05-19,C-LDN-008-003,1844.5,781.64,1121
2026-05-20,C-LDN-008-003,1764.2,897.21,885
2026-05-21,C-LDN-008-003,1776.4,682.95,841
2026-05-22,C-LDN-008-003,1456.1,691.49,997
2026-05-23,C-LDN-008-003,999.8,951.26,907
2026-05-24,C-LDN-008-003,981.8,1034.0,1064
2026-05-25,C-LDN-008-003,1540.3,705.97,807
2026-05-26,C-LDN-008-003,1494.6,790.9,1139
2026-05-27,C-LDN-008-003,1738.1,658.21,851
2026-05-28,C-LDN-008-003,1756.9,837.89,1075
2026-05-29,C-LDN-008-003,1708.1,763.03,1014
2026-05-30,C-LDN-008-003,1235.4,926.23,949
2026-05-31,C-LDN-008-003,1142.9,809.93,1064
2026-05-04,C-MTL-004-001,1990.6,609.29,768
2026-05-05,C-MTL-004-001,1822.9,502.28,848
2026-05-06,C-MTL-004-001,1973.7,538.14,720
2026-05-07,C-MTL-004-001,1864.3,555.0,770
2026-05-08,C-MTL-004-001,1823.1,605.98,821
2026-05-09,C-MTL-004-001,1145.5,767.92,802
2026-05-10,C-MTL-004-001,1382.5,631.21,952
2026-05-11,C-MTL-004-001,1994.0,482.95,850
2026-05-12,C-MTL-004-001,1748.0,513.05,943
2026-05-13,C-MTL-004-001,1653.5,669.25,829
2026-05-14,C-MTL-004-001,1605.6,566.56,689
2026-05-15,C-MTL-004-001,1931.8,592.91,908
2026-05-16,C-MTL-004-001,1405.6,619.92,845
2026-05-17,C-MTL-004-001,1132.0,665.26,806
2026-05-18,C-MTL-004-001,2028.3,592.05,905
2026-05-19,C-MTL-004-001,1783.9,480.97,917
2026-05-20,C-MTL-004-001,1522.1,608.59,740
2026-05-21,C-MTL-004-001,1844.1,554.2,907
2026-05-22,C-MTL-004-001,2017.8,548.15,717
2026-05-23,C-MTL-004-001,1273.3,587.01,705
2026-05-24,C-MTL-004-001,1253.2,640.4,679
2026-05-25,C-MTL-004-001,1981.1,579.56,944
2026-05-26,C-MTL-004-001,1564.8,646.28,639
2026-05-27,C-MTL-004-001,1882.9,668.19,817
2026-05-28,C-MTL-004-001,1540.6,533.35,903
2026-05-29,C-MTL-004-001,1643.5,495.59,798
2026-05-30,C-MTL-004-001,1061.9,648.98,773
2026-05-31,C-MTL-004-001,1405.1,637.58,725
2026-05-04,C-MTL-004-002,1042.7,877.69,817
2026-05-05,C-MTL-004-002,1019.4,783.87,927
2026-05-06,C-MTL-004-002,1053.2,908.99,893
2026-05-07,C-MTL-004-002,1254.5,1056.98,765
2026-05-08,C-MTL-004-002,1083.7,999.47,1075
2026-05-09,C-MTL-004-002,812.5,1137.94,812
2026-05-10,C-MTL-004-002,681.0,1078.18,1001
2026-05-11,C-MTL-004-002,980.8,1005.82,904
2026-05-12,C-MTL-004-002,1134.6,920.8,765
2026-05-13,C-MTL-004-002,966.9,793.6,832
2026-05-14,C-MTL-004-002,1262.7,959.31,1057
2026-05-15,C-MTL-004-002,1102.0,1057.58,1087
2026-05-16,C-MTL-004-002,755.0,1245.88,1071
2026-05-17,C-MTL-004-002,722.8,993.19,930
2026-05-18,C-MTL-004-002,938.3,943.53,854
2026-05-19,C-MTL-004-002,1109.0,948.85,790
2026-05-20,C-MTL-004-002,1022.9,1042.51,1107
2026-05-21,C-MTL-004-002,1012.0,972.2,1054
2026-05-22,C-MTL-004-002,1103.6,806.25,895
2026-05-23,C-MTL-004-002,780.3,1105.67,996
2026-05-24,C-MTL-004-002,777.5,1223.7,912
2026-05-25,C-MTL-004-002,1248.5,884.69,1070
2026-05-26,C-MTL-004-002,1048.2,781.09,1040
2026-05-27,C-MTL-004-002,1082.0,952.55,999
2026-05-28,C-MTL-004-002,1154.6,977.42,791
2026-05-29,C-MTL-004-002,1054.2,796.5,1014
2026-05-30,C-MTL-004-002,749.5,1131.23,1007
2026-05-31,C-MTL-004-002,758.3,1028.25,814
2026-05-04,C-MTL-004-003,980.0,454.2,988
2026-05-05,C-MTL-004-003,865.3,380.92,747
2026-05-06,C-MTL-004-003,1004.2,455.71,1039
2026-05-07,C-MTL-004-003,1155.0,457.44,1050
2026-05-08,C-MTL-004-003,1060.4,456.57,1017
2026-05-09,C-MTL-004-003,659.3,414.39,826
2026-05-10,C-MTL-004-003,776.7,403.76,963
2026-05-11,C-MTL-004-003,1147.1,409.45,887
2026-05-12,C-MTL-004-003,917.6,406.48,714
2026-05-13,C-MTL-004-003,999.1,484.81,718
2026-05-14,C-MTL-004-003,1140.5,402.28,1002
2026-05-15,C-MTL-004-003,1109.2,486.01,847
2026-05-16,C-MTL-004-003,667.6,447.51,986
2026-05-17,C-MTL-004-003,779.2,533.71,731
2026-05-18,C-MTL-004-003,895.9,491.61,908
2026-05-19,C-MTL-004-003,886.8,395.73,976
2026-05-20,C-MTL-004-003,1124.9,357.63,724
2026-05-21,C-MTL-004-003,911.8,425.85,1047
2026-05-22,C-MTL-004-003,1008.5,430.0,831
2026-05-23,C-MTL-004-003,682.2,491.39,820
2026-05-24,C-MTL-004-003,766.2,541.35,845
2026-05-25,C-MTL-004-003,1066.8,381.73,873
2026-05-26,C-MTL-004-003,1144.7,432.22,1053
2026-05-27,C-MTL-004-003,1123.0,457.78,923
2026-05-28,C-MTL-004-003,981.5,472.99,957
2026-05-29,C-MTL-004-003,974.5,413.25,1051
2026-05-30,C-MTL-004-003,682.9,505.7,909
2026-05-31,C-MTL-004-003,698.6,549.74,823
2026-05-04,C-MTL-005-001,1026.5,316.27,975
2026-05-05,C-MTL-005-001,1273.0,243.28,842
2026-05-06,C-MTL-005-001,1034.3,327.64,728
2026-05-07,C-MTL-005-001,1121.4,305.85,978
2026-05-08,C-MTL-005-001,1120.1,294.07,907
2026-05-09,C-MTL-005-001,763.3,311.28,940
2026-05-10,C-MTL-005-001,766.6,354.65,898
2026-05-11,C-MTL-005-001,1167.8,248.92,992
2026-05-12,C-MTL-005-001,1091.4,305.68,893
2026-05-13,C-MTL-005-001,1032.2,336.61,939
2026-05-14,C-MTL-005-001,1310.4,331.3,849
2026-05-15,C-MTL-005-001,1245.2,252.79,930
2026-05-16,C-MTL-005-001,900.0,332.03,768
2026-05-17,C-MTL-005-001,729.3,291.1,867
2026-05-18,C-MTL-005-001,1262.5,315.86,795
2026-05-19,C-MTL-005-001,1000.9,269.36,876
2026-05-20,C-MTL-005-001,1080.5,314.3,980
2026-05-21,C-MTL-005-001,1230.6,316.98,1040
2026-05-22,C-MTL-005-001,1153.4,277.68,724
2026-05-23,C-MTL-005-001,800.1,337.77,1021
2026-05-24,C-MTL-005-001,754.8,357.06,987
2026-05-25,C-MTL-005-001,1104.7,340.02,752
2026-05-26,C-MTL-005-001,1230.2,335.15,781
2026-05-27,C-MTL-005-001,1213.5,261.45,1040
2026-05-28,C-MTL-005-001,1262.7,276.68,959
2026-05-29,C-MTL-005-001,1240.3,321.47,913
2026-05-30,C-MTL-005-001,777.2,352.47,891
2026-05-31,C-MTL-005-001,807.1,356.37,946
2026-05-04,C-MTL-005-002,1559.5,326.1,967
2026-05-05,C-MTL-005-002,1831.0,309.78,1172
2026-05-06,C-MTL-005-002,1493.3,302.9,1037
2026-05-07,C-MTL-005-002,1972.3,388.75,1006
2026-05-08,C-MTL-005-002,1563.6,377.12,1209
2026-05-09,C-MTL-005-002,1094.2,351.82,959
2026-05-10,C-MTL-005-002,1362.4,459.38,1091
2026-05-11,C-MTL-005-002,1904.5,380.81,1364
2026-05-12,C-MTL-005-002,1528.0,361.06,1271
2026-05-13,C-MTL-005-002,1764.3,375.93,1090
2026-05-14,C-MTL-005-002,1799.2,311.58,921
2026-05-15,C-MTL-005-002,1950.5,374.77,1161
2026-05-16,C-MTL-005-002,1293.0,421.22,930
2026-05-17,C-MTL-005-002,1041.9,421.48,954
2026-05-18,C-MTL-005-002,1728.0,297.99,1360
2026-05-19,C-MTL-005-002,1568.9,301.96,1097
2026-05-20,C-MTL-005-002,1641.6,411.36,993
2026-05-21,C-MTL-005-002,1676.0,406.75,1173
2026-05-22,C-MTL-005-002,1824.6,327.4,1053
2026-05-23,C-MTL-005-002,1236.6,397.95,965
2026-05-24,C-MTL-005-002,1212.3,444.4,1178
2026-05-25,C-MTL-005-002,1610.7,373.88,1179
2026-05-26,C-MTL-005-002,1799.3,300.34,1268
2026-05-27,C-MTL-005-002,1877.7,303.24,1049
2026-05-28,C-MTL-005-002,1933.8,397.14,1328
2026-05-29,C-MTL-005-002,1865.1,411.26,1339
2026-05-30,C-MTL-005-002,1324.9,448.52,1163
2026-05-31,C-MTL-005-002,1221.3,379.67,1007
2026-05-04,C-MTL-005-003,1805.7,244.37,1296
2026-05-05,C-MTL-005-003,1953.0,325.04,1318
2026-05-06,C-MTL-005-003,1568.5,303.25,1065
2026-05-07,C-MTL-005-003,1603.6,265.75,1241
2026-05-08,C-MTL-005-003,1634.6,317.21,1312
2026-05-09,C-MTL-005-003,1417.5,370.39,1040
2026-05-10,C-MTL-005-003,1305.0,321.05,1269
2026-05-11,C-MTL-005-003,1910.8,262.32,1291
2026-05-12,C-MTL-005-003,1701.5,291.67,1358
2026-05-13,C-MTL-005-003,1730.7,272.07,1024
2026-05-14,C-MTL-005-003,1924.7,242.7,965
2026-05-15,C-MTL-005-003,1883.5,263.33,1357
2026-05-16,C-MTL-005-003,1337.5,294.86,1177
2026-05-17,C-MTL-005-003,1452.7,340.03,1237
2026-05-18,C-MTL-005-003,1781.6,327.83,1133
2026-05-19,C-MTL-005-003,1828.6,252.14,1012
2026-05-20,C-MTL-005-003,1645.8,304.66,1265
2026-05-21,C-MTL-005-003,1599.8,274.88,1240
2026-05-22,C-MTL-005-003,2077.2,234.18,1415
2026-05-23,C-MTL-005-003,1093.1,326.87,1273
2026-05-24,C-MTL-005-003,1405.3,268.29,1185
2026-05-25,C-MTL-005-003,1621.6,275.71,1069
2026-05-26,C-MTL-005-003,1907.4,301.47,1053
2026-05-27,C-MTL-005-003,2015.4,313.49,1072
2026-05-28,C-MTL-005-003,2001.6,311.57,1029
2026-05-29,C-MTL-005-003,1801.4,241.64,1149
2026-05-30,C-MTL-005-003,1165.9,371.29,1293
2026-05-31,C-MTL-005-003,1470.5,330.76,1357
2026-05-04,C-TOR-009-001,1212.0,213.18,412
2026-05-05,C-TOR-009-001,1234.3,165.51,510
2026-05-06,C-TOR-009-001,1359.6,221.89,515
2026-05-07,C-TOR-009-001,1419.2,185.54,413
2026-05-08,C-TOR-009-001,1332.4,204.26,553
2026-05-09,C-TOR-009-001,1005.9,220.01,502
2026-05-10,C-TOR-009-001,900.2,209.51,535
2026-05-11,C-TOR-009-001,1455.6,225.2,487
2026-05-12,C-TOR-009-001,1348.3,211.81,450
2026-05-13,C-TOR-009-001,1424.4,168.57,539
2026-05-14,C-TOR-009-001,1572.1,224.41,513
2026-05-15,C-TOR-009-001,1474.4,170.79,536
2026-05-16,C-TOR-009-001,1115.6,218.49,468
2026-05-17,C-TOR-009-001,992.0,204.71,608
2026-05-18,C-TOR-009-001,1556.8,191.13,479
2026-05-19,C-TOR-009-001,1579.0,170.75,486
2026-05-20,C-TOR-009-001,1384.7,194.49,501
2026-05-21,C-TOR-009-001,1483.0,220.79,468
2026-05-22,C-TOR-009-001,1591.4,192.4,441
2026-05-23,C-TOR-009-001,887.5,195.9,502
2026-05-24,C-TOR-009-001,1897.4,791.81,745
2026-05-25,C-TOR-009-001,701.3,83.81,307
2026-05-26,C-TOR-009-001,1246.5,206.34,429
2026-05-27,C-TOR-009-001,1456.6,179.06,613
2026-05-28,C-TOR-009-001,1462.2,216.28,426
2026-05-29,C-TOR-009-001,1368.0,161.91,481
2026-05-30,C-TOR-009-001,1118.0,233.91,571
2026-05-31,C-TOR-009-001,1063.2,195.93,594
2026-05-04,C-TOR-009-002,2144.6,1084.93,1011
2026-05-05,C-TOR-009-002,1680.8,1149.91,1184
2026-05-06,C-TOR-009-002,1838.9,919.67,1192
2026-05-07,C-TOR-009-002,1735.2,1072.86,966
2026-05-08,C-TOR-009-002,1952.2,1170.23,1061
2026-05-09,C-TOR-009-002,1183.1,1220.8,966
2026-05-10,C-TOR-009-002,1332.4,994.85,1232
2026-05-11,C-TOR-009-002,1993.9,1147.58,1166
2026-05-12,C-TOR-009-002,2187.2,861.62,1061
2026-05-13,C-TOR-009-002,1772.7,1160.64,953
2026-05-14,C-TOR-009-002,2058.3,1073.91,890
2026-05-15,C-TOR-009-002,2037.5,1067.63,1080
2026-05-16,C-TOR-009-002,1326.8,1362.23,892
2026-05-17,C-TOR-009-002,1324.4,1221.02,875
2026-05-18,C-TOR-009-002,1982.8,1043.91,1247
2026-05-19,C-TOR-009-002,1754.1,989.33,962
2026-05-20,C-TOR-009-002,1643.2,1028.07,1006
2026-05-21,C-TOR-009-002,2146.0,1209.14,1006
2026-05-22,C-TOR-009-002,1955.6,865.54,1072
2026-05-23,C-TOR-009-002,1237.3,1112.41,1200
2026-05-24,C-TOR-009-002,2227.8,3617.62,1590
2026-05-25,C-TOR-009-002,798.7,451.48,634
2026-05-26,C-TOR-009-002,1897.2,1099.81,1149
2026-05-27,C-TOR-009-002,1823.3,1106.05,977
2026-05-28,C-TOR-009-002,1869.0,863.33,1240
2026-05-29,C-TOR-009-002,1825.6,1079.1,1159
2026-05-30,C-TOR-009-002,1422.6,1066.88,994
2026-05-31,C-TOR-009-002,1519.7,1165.95,1015
2026-05-04,C-TOR-009-003,1620.9,447.69,620
2026-05-05,C-TOR-009-003,1574.9,438.65,522
2026-05-06,C-TOR-009-003,1899.5,440.85,715
2026-05-07,C-TOR-009-003,2059.6,407.0,576
2026-05-08,C-TOR-009-003,2101.9,489.77,727
2026-05-09,C-TOR-009-003,1425.5,439.48,741
2026-05-10,C-TOR-009-003,1244.9,557.42,567
2026-05-11,C-TOR-009-003,1832.2,355.2,737
2026-05-12,C-TOR-009-003,1630.9,415.97,702
2026-05-13,C-TOR-009-003,2004.8,408.77,669
2026-05-14,C-TOR-009-003,2115.7,433.94,610
2026-05-15,C-TOR-009-003,1935.6,367.34,665
2026-05-16,C-TOR-009-003,1356.3,475.27,523
2026-05-17,C-TOR-009-003,1127.3,505.77,682
2026-05-18,C-TOR-009-003,2028.1,486.38,699
2026-05-19,C-TOR-009-003,1654.7,427.77,640
2026-05-20,C-TOR-009-003,1965.9,479.19,547
2026-05-21,C-TOR-009-003,1608.3,410.04,521
2026-05-22,C-TOR-009-003,2043.4,381.56,517
2026-05-23,C-TOR-009-003,1207.4,477.66,690
2026-05-24,C-TOR-009-003,2499.6,1313.92,711
2026-05-25,C-TOR-009-003,827.6,143.31,388
2026-05-26,C-TOR-009-003,2092.4,495.24,503
2026-05-27,C-TOR-009-003,1970.9,476.87,522
2026-05-28,C-TOR-009-003,1943.4,397.44,594
2026-05-29,C-TOR-009-003,2122.4,461.79,620
2026-05-30,C-TOR-009-003,1395.4,540.66,574
2026-05-31,C-TOR-009-003,1263.6,502.54,551
2026-05-04,C-LAV-006-001,1868.1,612.42,755
2026-05-05,C-LAV-006-001,1556.5,639.53,828
2026-05-06,C-LAV-006-001,1524.2,662.24,946
2026-05-07,C-LAV-006-001,1623.2,594.87,784
2026-05-08,C-LAV-006-001,1780.6,623.79,880
2026-05-09,C-LAV-006-001,1180.0,732.49,655
2026-05-10,C-LAV-006-001,1237.8,721.96,771
2026-05-11,C-LAV-006-001,1397.1,587.85,705
2026-05-12,C-LAV-006-001,1886.6,617.35,845
2026-05-13,C-LAV-006-001,1620.4,495.23,919
2026-05-14,C-LAV-006-001,1587.7,650.09,887
2026-05-15,C-LAV-006-001,1487.9,630.91,807
2026-05-16,C-LAV-006-001,1314.1,719.03,891
2026-05-17,C-LAV-006-001,1199.5,694.57,932
2026-05-18,C-LAV-006-001,1780.6,508.39,831
2026-05-19,C-LAV-006-001,1689.9,496.17,638
2026-05-20,C-LAV-006-001,1489.0,525.11,920
2026-05-21,C-LAV-006-001,1708.0,497.86,656
2026-05-22,C-LAV-006-001,1543.8,491.42,909
2026-05-23,C-LAV-006-001,1239.7,773.88,645
2026-05-24,C-LAV-006-001,1266.6,734.97,646
2026-05-25,C-LAV-006-001,1559.3,600.8,920
2026-05-26,C-LAV-006-001,1736.7,662.96,790
2026-05-27,C-LAV-006-001,1670.4,545.78,917
2026-05-28,C-LAV-006-001,1803.0,552.13,636
2026-05-29,C-LAV-006-001,1863.6,688.63,670
2026-05-30,C-LAV-006-001,1003.9,759.86,807
2026-05-31,C-LAV-006-001,1089.6,789.31,660
2026-05-04,C-LAV-006-002,943.0,509.24,1102
2026-05-05,C-LAV-006-002,875.5,531.3,976
2026-05-06,C-LAV-006-002,1058.5,462.33,869
2026-05-07,C-LAV-006-002,1065.0,448.66,1130
2026-05-08,C-LAV-006-002,1084.9,423.94,853
2026-05-09,C-LAV-006-002,725.3,650.96,950
2026-05-10,C-LAV-006-002,762.4,575.55,968
2026-05-11,C-LAV-006-002,1098.0,448.03,1123
2026-05-12,C-LAV-006-002,949.8,479.42,997
2026-05-13,C-LAV-006-002,912.6,575.05,1179
2026-05-14,C-LAV-006-002,959.5,490.84,993
2026-05-15,C-LAV-006-002,965.1,435.91,897
2026-05-16,C-LAV-006-002,734.2,568.54,1057
2026-05-17,C-LAV-006-002,663.3,548.28,1129
2026-05-18,C-LAV-006-002,964.5,493.55,1119
2026-05-19,C-LAV-006-002,1103.8,474.88,1206
2026-05-20,C-LAV-006-002,937.5,514.48,970
2026-05-21,C-LAV-006-002,1155.8,474.39,821
2026-05-22,C-LAV-006-002,1133.4,553.77,897
2026-05-23,C-LAV-006-002,816.4,516.07,1200
2026-05-24,C-LAV-006-002,710.6,523.37,1011
2026-05-25,C-LAV-006-002,1144.5,498.0,1163
2026-05-26,C-LAV-006-002,1088.2,507.55,914
2026-05-27,C-LAV-006-002,1101.8,568.22,995
2026-05-28,C-LAV-006-002,978.9,529.77,986
2026-05-29,C-LAV-006-002,973.4,554.87,1164
2026-05-30,C-LAV-006-002,760.1,581.48,989
2026-05-31,C-LAV-006-002,613.9,674.49,919
2026-05-04,C-LAV-006-003,1843.3,417.95,537
2026-05-05,C-LAV-006-003,1774.5,510.26,718
2026-05-06,C-LAV-006-003,1655.3,499.74,590
2026-05-07,C-LAV-006-003,1848.7,438.46,585
2026-05-08,C-LAV-006-003,1666.6,479.42,674
2026-05-09,C-LAV-006-003,1095.8,496.95,557
2026-05-10,C-LAV-006-003,1263.5,496.04,650
2026-05-11,C-LAV-006-003,1589.7,445.41,623
2026-05-12,C-LAV-006-003,1908.2,399.76,547
2026-05-13,C-LAV-006-003,1878.8,439.17,648
2026-05-14,C-LAV-006-003,1970.4,383.27,714
2026-05-15,C-LAV-006-003,1573.3,427.76,638
2026-05-16,C-LAV-006-003,1315.6,496.68,732
2026-05-17,C-LAV-006-003,1125.2,583.63,729
2026-05-18,C-LAV-006-003,1640.3,462.5,560
2026-05-19,C-LAV-006-003,1849.8,391.29,593
2026-05-20,C-LAV-006-003,1893.7,405.63,541
2026-05-21,C-LAV-006-003,1732.7,409.32,651
2026-05-22,C-LAV-006-003,1969.5,521.01,644
2026-05-23,C-LAV-006-003,1196.5,497.35,529
2026-05-24,C-LAV-006-003,1099.4,578.67,574
2026-05-25,C-LAV-006-003,1783.2,446.95,676
2026-05-26,C-LAV-006-003,1809.5,405.74,714
2026-05-27,C-LAV-006-003,1541.2,385.32,749
2026-05-28,C-LAV-006-003,1637.2,462.77,603
2026-05-29,C-LAV-006-003,1827.5,417.97,570
2026-05-30,C-LAV-006-003,1309.5,485.55,675
2026-05-31,C-LAV-006-003,1358.7,457.29,543
2026-05-04,C-LAV-007-001,837.5,345.09,1512
2026-05-05,C-LAV-007-001,865.9,390.86,1467
2026-05-06,C-LAV-007-001,960.9,358.12,1595
2026-05-07,C-LAV-007-001,971.2,354.97,1200
2026-05-08,C-LAV-007-001,861.7,368.85,1187
2026-05-09,C-LAV-007-001,591.2,372.24,1213
2026-05-10,C-LAV-007-001,679.4,464.6,1257
2026-05-11,C-LAV-007-001,916.0,351.26,1273
2026-05-12,C-LAV-007-001,832.7,423.23,1366
2026-05-13,C-LAV-007-001,969.8,422.67,1354
2026-05-14,C-LAV-007-001,757.4,382.6,1630
2026-05-15,C-LAV-007-001,902.6,394.91,1423
2026-05-16,C-LAV-007-001,606.1,406.07,1485
2026-05-17,C-LAV-007-001,650.9,395.13,1129
2026-05-18,C-LAV-007-001,881.1,327.4,1476
2026-05-19,C-LAV-007-001,863.3,447.7,1250
2026-05-20,C-LAV-007-001,835.4,370.77,1272
2026-05-21,C-LAV-007-001,919.1,397.61,1129
2026-05-22,C-LAV-007-001,825.1,324.47,1475
2026-05-23,C-LAV-007-001,520.2,465.15,1218
2026-05-24,C-LAV-007-001,567.2,389.1,1105
2026-05-25,C-LAV-007-001,884.6,383.95,1410
2026-05-26,C-LAV-007-001,897.5,449.72,1428
2026-05-27,C-LAV-007-001,819.3,408.48,1312
2026-05-28,C-LAV-007-001,972.2,452.85,1618
2026-05-29,C-LAV-007-001,755.0,365.72,1195
2026-05-30,C-LAV-007-001,523.3,466.69,1435
2026-05-31,C-LAV-007-001,519.4,503.75,1224
2026-05-04,C-LAV-007-002,1207.0,352.35,1260
2026-05-05,C-LAV-007-002,1388.4,427.93,1405
2026-05-06,C-LAV-007-002,1115.0,436.26,1252
2026-05-07,C-LAV-007-002,1175.7,343.53,1235
2026-05-08,C-LAV-007-002,1470.4,310.16,1266
2026-05-09,C-LAV-007-002,910.0,386.57,1092
2026-05-10,C-LAV-007-002,868.7,479.26,1234
2026-05-11,C-LAV-007-002,1431.5,347.2,1342
2026-05-12,C-LAV-007-002,1337.6,316.44,1036
2026-05-13,C-LAV-007-002,1151.7,414.44,1065
2026-05-14,C-LAV-007-002,1141.6,413.28,1153
2026-05-15,C-LAV-007-002,1433.4,315.47,1233
2026-05-16,C-LAV-007-002,825.1,462.94,1189
2026-05-17,C-LAV-007-002,891.0,463.76,1252
2026-05-18,C-LAV-007-002,1430.8,351.36,1246
2026-05-19,C-LAV-007-002,1439.5,407.2,1165
2026-05-20,C-LAV-007-002,1209.1,400.72,1151
2026-05-21,C-LAV-007-002,1106.3,432.05,1213
2026-05-22,C-LAV-007-002,1148.2,434.43,1147
2026-05-23,C-LAV-007-002,1022.5,404.29,1185
2026-05-24,C-LAV-007-002,982.8,426.24,1260
2026-05-25,C-LAV-007-002,1293.8,379.03,1196
2026-05-26,C-LAV-007-002,1096.2,369.56,1042
2026-05-27,C-LAV-007-002,1317.9,401.32,972
2026-05-28,C-LAV-007-002,1123.6,406.15,1281
2026-05-29,C-LAV-007-002,1373.9,334.96,984
2026-05-30,C-LAV-007-002,805.0,498.12,997
2026-05-31,C-LAV-007-002,923.0,389.08,1204
2026-05-04,C-LAV-007-003,1512.5,697.77,1114
2026-05-05,C-LAV-007-003,1556.9,710.77,1162
2026-05-06,C-LAV-007-003,1785.0,696.12,1261
2026-05-07,C-LAV-007-003,1745.2,551.14,1091
2026-05-08,C-LAV-007-003,1695.4,709.89,1127
2026-05-09,C-LAV-007-003,1301.9,666.24,978
2026-05-10,C-LAV-007-003,1308.1,724.15,1024
2026-05-11,C-LAV-007-003,1810.5,606.44,1261
2026-05-12,C-LAV-007-003,1525.1,634.95,1227
2026-05-13,C-LAV-007-003,1702.0,612.79,1076
2026-05-14,C-LAV-007-003,1771.2,660.67,1151
2026-05-15,C-LAV-007-003,1720.8,575.63,1113
2026-05-16,C-LAV-007-003,1169.6,858.8,1277
2026-05-17,C-LAV-007-003,1094.0,626.62,1200
2026-05-18,C-LAV-007-003,1710.8,545.46,1103
2026-05-19,C-LAV-007-003,1880.8,716.19,1106
2026-05-20,C-LAV-007-003,1694.4,599.22,979
2026-05-21,C-LAV-007-003,1964.1,645.34,939
2026-05-22,C-LAV-007-003,1989.6,657.58,1140
2026-05-23,C-LAV-007-003,1356.8,802.48,1162
2026-05-24,C-LAV-007-003,1149.0,846.27,1298
2026-05-25,C-LAV-007-003,1748.3,648.88,904
2026-05-26,C-LAV-007-003,1893.5,717.89,1207
2026-05-27,C-LAV-007-003,1547.9,601.27,889
2026-05-28,C-LAV-007-003,1828.6,736.06,1204
2026-05-29,C-LAV-007-003,1545.2,729.38,968
2026-05-30,C-LAV-007-003,1240.5,742.18,1243
2026-05-31,C-LAV-007-003,1288.1,729.17,876
2026-05-04,C-CHA-003-001,1144.7,444.39,588
2026-05-05,C-CHA-003-001,1086.2,419.93,548
2026-05-06,C-CHA-003-001,1098.9,460.01,733
2026-05-07,C-CHA-003-001,1169.5,502.65,578
2026-05-08,C-CHA-003-001,1075.1,476.56,733
2026-05-09,C-CHA-003-001,640.0,464.88,667
2026-05-10,C-CHA-003-001,799.1,608.57,763
2026-05-11,C-CHA-003-001,996.0,543.46,681
2026-05-12,C-CHA-003-001,906.8,456.78,702
2026-05-13,C-CHA-003-001,912.9,458.08,652
2026-05-14,C-CHA-003-001,1155.5,469.84,612
2026-05-15,C-CHA-003-001,1152.6,462.41,525
2026-05-16,C-CHA-003-001,774.0,557.82,715
2026-05-17,C-CHA-003-001,797.6,557.29,754
2026-05-18,C-CHA-003-001,1000.2,400.86,557
2026-05-19,C-CHA-003-001,1133.6,464.52,682
2026-05-20,C-CHA-003-001,1115.8,459.9,591
2026-05-21,C-CHA-003-001,911.2,437.83,671
2026-05-22,C-CHA-003-001,890.9,527.43,576
2026-05-23,C-CHA-003-001,727.8,462.47,759
2026-05-24,C-CHA-003-001,754.6,621.15,611
2026-05-25,C-CHA-003-001,1014.8,419.11,704
2026-05-26,C-CHA-003-001,962.5,496.57,712
2026-05-27,C-CHA-003-001,949.6,491.01,712
2026-05-28,C-CHA-003-001,874.7,411.68,645
2026-05-29,C-CHA-003-001,1153.0,428.07,515
2026-05-30,C-CHA-003-001,707.6,577.01,733
2026-05-31,C-CHA-003-001,663.3,571.99,558
2026-05-04,C-CHA-003-002,1886.1,317.15,1131
2026-05-05,C-CHA-003-002,1776.2,266.3,1092
2026-05-06,C-CHA-003-002,1818.2,289.08,992
2026-05-07,C-CHA-003-002,1991.4,309.67,919
2026-05-08,C-CHA-003-002,1784.5,318.51,962
2026-05-09,C-CHA-003-002,1182.0,371.48,1096
2026-05-10,C-CHA-003-002,1360.1,364.21,1029
2026-05-11,C-CHA-003-002,1865.3,321.17,999
2026-05-12,C-CHA-003-002,1962.5,250.66,968
2026-05-13,C-CHA-003-002,1853.8,311.26,1228
2026-05-14,C-CHA-003-002,1787.7,252.85,1242
2026-05-15,C-CHA-003-002,2066.0,255.08,1030
2026-05-16,C-CHA-003-002,1408.8,370.58,995
2026-05-17,C-CHA-003-002,1276.9,347.63,1132
2026-05-18,C-CHA-003-002,1684.3,338.38,928
2026-05-19,C-CHA-003-002,1890.8,288.29,899
2026-05-20,C-CHA-003-002,1825.5,310.91,1139
2026-05-21,C-CHA-003-002,1627.0,277.37,941
2026-05-22,C-CHA-003-002,2080.2,279.1,873
2026-05-23,C-CHA-003-002,1231.9,323.95,1065
2026-05-24,C-CHA-003-002,1186.0,349.25,1144
2026-05-25,C-CHA-003-002,2123.4,248.41,1136
2026-05-26,C-CHA-003-002,1896.8,245.08,1026
2026-05-27,C-CHA-003-002,1955.8,248.75,1135
2026-05-28,C-CHA-003-002,1689.4,270.08,1058
2026-05-29,C-CHA-003-002,2165.2,307.22,870
2026-05-30,C-CHA-003-002,1291.6,313.87,998
2026-05-31,C-CHA-003-002,1413.6,282.38,955
2026-05-04,C-CHA-003-003,1920.3,158.55,1251
2026-05-05,C-CHA-003-003,1933.0,131.27,1171
2026-05-06,C-CHA-003-003,2018.8,158.52,1209
2026-05-07,C-CHA-003-003,1816.5,127.96,1481
2026-05-08,C-CHA-003-003,2216.7,116.22,1153
2026-05-09,C-CHA-003-003,1560.9,170.01,1438
2026-05-10,C-CHA-003-003,1528.9,141.12,1506
2026-05-11,C-CHA-003-003,2425.2,140.2,1216
2026-05-12,C-CHA-003-003,1976.3,114.48,1270
2026-05-13,C-CHA-003-003,2115.7,137.81,1102
2026-05-14,C-CHA-003-003,2384.4,134.06,1181
2026-05-15,C-CHA-003-003,2183.0,126.94,1170
2026-05-16,C-CHA-003-003,1305.3,140.51,1322
2026-05-17,C-CHA-003-003,1490.4,153.68,1345
2026-05-18,C-CHA-003-003,2419.1,114.03,1186
2026-05-19,C-CHA-003-003,2334.2,152.8,1229
2026-05-20,C-CHA-003-003,2114.6,115.67,1412
2026-05-21,C-CHA-003-003,1944.5,135.34,1340
2026-05-22,C-CHA-003-003,2281.8,149.89,1139
2026-05-23,C-CHA-003-003,1552.4,143.12,1465
2026-05-24,C-CHA-003-003,1686.7,143.35,1501
2026-05-25,C-CHA-003-003,2168.9,130.93,1517
2026-05-26,C-CHA-003-003,1802.5,132.96,1498
2026-05-27,C-CHA-003-003,1819.0,131.24,1488
2026-05-28,C-CHA-003-003,1944.8,157.65,1223
2026-05-29,C-CHA-003-003,1902.1,130.22,1427
2026-05-30,C-CHA-003-003,1353.0,143.6,1341
2026-05-31,C-CHA-003-003,1525.6,136.8,1266
2026-05-04,C-SUR-005-001,930.1,380.17,1097
2026-05-05,C-SUR-005-001,866.8,380.3,1079
2026-05-06,C-SUR-005-001,813.6,477.56,902
2026-05-07,C-SUR-005-001,977.1,455.4,1010
2026-05-08,C-SUR-005-001,794.3,494.9,922
2026-05-09,C-SUR-005-001,514.1,510.0,1179
2026-05-10,C-SUR-005-001,663.5,502.48,841
2026-05-11,C-SUR-005-001,737.1,432.61,1176
2026-05-12,C-SUR-005-001,868.9,376.01,1132
2026-05-13,C-SUR-005-001,761.6,453.0,892
2026-05-14,C-SUR-005-001,945.4,402.73,1207
2026-05-15,C-SUR-005-001,920.8,434.11,958
2026-05-16,C-SUR-005-001,571.3,565.51,822
2026-05-17,C-SUR-005-001,644.1,573.5,990
2026-05-18,C-SUR-005-001,756.6,367.33,1123
2026-05-19,C-SUR-005-001,902.7,396.98,995
2026-05-20,C-SUR-005-001,912.9,466.47,911
2026-05-21,C-SUR-005-001,872.6,484.29,957
2026-05-22,C-SUR-005-001,896.5,409.93,834
2026-05-23,C-SUR-005-001,674.4,421.64,1091
2026-05-24,C-SUR-005-001,564.3,455.41,1150
2026-05-25,C-SUR-005-001,941.0,489.45,1076
2026-05-26,C-SUR-005-001,804.6,443.49,880
2026-05-27,C-SUR-005-001,811.9,374.36,1120
2026-05-28,C-SUR-005-001,792.2,491.07,1214
2026-05-29,C-SUR-005-001,740.6,489.88,997
2026-05-30,C-SUR-005-001,546.5,420.54,913
2026-05-31,C-SUR-005-001,658.4,546.5,1066
2026-05-04,C-SUR-005-002,2373.2,424.48,892
2026-05-05,C-SUR-005-002,1803.9,436.75,1075
2026-05-06,C-SUR-005-002,1816.9,370.17,785
2026-05-07,C-SUR-005-002,2170.1,387.87,922
2026-05-08,C-SUR-005-002,1991.8,416.05,1048
2026-05-09,C-SUR-005-002,1622.8,429.33,1078
2026-05-10,C-SUR-005-002,1444.8,416.65,1035
2026-05-11,C-SUR-005-002,1885.3,352.11,1003
2026-05-12,C-SUR-005-002,2069.5,395.0,981
2026-05-13,C-SUR-005-002,2345.3,372.37,1024
2026-05-14,C-SUR-005-002,2310.4,388.93,1038
2026-05-15,C-SUR-005-002,2183.6,412.47,1081
2026-05-16,C-SUR-005-002,1501.0,435.63,898
2026-05-17,C-SUR-005-002,1569.9,392.69,1137
2026-05-18,C-SUR-005-002,2279.7,404.71,889
2026-05-19,C-SUR-005-002,2154.8,378.2,861
2026-05-20,C-SUR-005-002,2228.0,454.69,1083
2026-05-21,C-SUR-005-002,1815.8,414.67,794
2026-05-22,C-SUR-005-002,1917.8,451.96,853
2026-05-23,C-SUR-005-002,1297.6,530.28,802
2026-05-24,C-SUR-005-002,1476.5,388.79,1136
2026-05-25,C-SUR-005-002,1919.1,419.65,848
2026-05-26,C-SUR-005-002,2245.8,334.9,1081
2026-05-27,C-SUR-005-002,2040.7,418.67,1127
2026-05-28,C-SUR-005-002,2137.6,415.83,1019
2026-05-29,C-SUR-005-002,2350.0,353.14,1071
2026-05-30,C-SUR-005-002,1578.6,479.83,1098
2026-05-31,C-SUR-005-002,1656.5,516.09,1038
2026-05-04,C-SUR-005-003,1325.7,437.96,631
2026-05-05,C-SUR-005-003,1205.9,492.58,610
2026-05-06,C-SUR-005-003,1422.1,473.86,740
2026-05-07,C-SUR-005-003,1190.9,432.2,669
2026-05-08,C-SUR-005-003,1281.3,396.47,553
2026-05-09,C-SUR-005-003,1031.8,480.97,717
2026-05-10,C-SUR-005-003,1088.9,516.64,528
2026-05-11,C-SUR-005-003,1401.6,400.05,530
2026-05-12,C-SUR-005-003,1570.5,364.31,679
2026-05-13,C-SUR-005-003,1593.2,473.12,740
2026-05-14,C-SUR-005-003,1591.9,471.94,783
2026-05-15,C-SUR-005-003,1207.5,448.97,743
2026-05-16,C-SUR-005-003,1057.4,497.0,658
2026-05-17,C-SUR-005-003,859.6,525.56,650
2026-05-18,C-SUR-005-003,1254.1,489.68,759
2026-05-19,C-SUR-005-003,1270.1,368.55,781
2026-05-20,C-SUR-005-003,1318.9,442.89,681
2026-05-21,C-SUR-005-003,1496.6,468.42,668
2026-05-22,C-SUR-005-003,1264.3,454.09,607
2026-05-23,C-SUR-005-003,968.7,539.2,576
2026-05-24,C-SUR-005-003,845.7,514.19,785
2026-05-25,C-SUR-005-003,1562.0,487.84,622
2026-05-26,C-SUR-005-003,1405.7,386.96,702
2026-05-27,C-SUR-005-003,1324.7,384.35,602
2026-05-28,C-SUR-005-003,1488.6,484.78,557
2026-05-29,C-SUR-005-003,1512.0,358.28,597
2026-05-30,C-SUR-005-003,895.5,570.67,615
2026-05-31,C-SUR-005-003,1105.0,480.62,590
2026-05-04,C-LDN-010-001,1496.8,538.02,828
2026-05-05,C-LDN-010-001,1376.7,531.69,924
2026-05-06,C-LDN-010-001,1582.1,545.78,1075
2026-05-07,C-LDN-010-001,1580.2,466.88,974
2026-05-08,C-LDN-010-001,1683.1,481.03,1113
2026-05-09,C-LDN-010-001,1088.8,563.76,1109
2026-05-10,C-LDN-010-001,1237.6,657.48,1060
2026-05-11,C-LDN-010-001,1405.5,436.88,886
2026-05-12,C-LDN-010-001,1754.2,566.17,808
2026-05-13,C-LDN-010-001,1599.3,586.1,1114
2026-05-14,C-LDN-010-001,1657.9,532.51,1145
2026-05-15,C-LDN-010-001,1448.9,468.1,1129
2026-05-16,C-LDN-010-001,1069.3,687.22,1101
2026-05-17,C-LDN-010-001,1091.7,542.9,1057
2026-05-18,C-LDN-010-001,1377.1,463.55,868
2026-05-19,C-LDN-010-001,1834.5,437.79,865
2026-05-20,C-LDN-010-001,1657.0,478.86,799
2026-05-21,C-LDN-010-001,1589.4,436.02,1042
2026-05-22,C-LDN-010-001,1554.0,569.25,847
2026-05-23,C-LDN-010-001,1043.0,554.34,1138
2026-05-24,C-LDN-010-001,1057.7,518.78,801
2026-05-25,C-LDN-010-001,1639.0,501.09,929
2026-05-26,C-LDN-010-001,1631.0,517.64,1094
2026-05-27,C-LDN-010-001,1656.0,540.74,994
2026-05-28,C-LDN-010-001,1441.5,584.65,905
2026-05-29,C-LDN-010-001,1447.9,441.66,1065
2026-05-30,C-LDN-010-001,1129.3,680.95,915
2026-05-31,C-LDN-010-001,1245.7,663.52,1094
2026-05-04,C-LDN-010-002,1662.0,672.22,1200
2026-05-05,C-LDN-010-002,1872.9,865.43,1042
2026-05-06,C-LDN-010-002,1614.5,769.13,1171
2026-05-07,C-LDN-010-002,1675.6,740.36,1016
2026-05-08,C-LDN-010-002,1662.8,919.86,1186
2026-05-09,C-LDN-010-002,1298.5,900.99,1130
2026-05-10,C-LDN-010-002,1282.0,1001.37,1104
2026-05-11,C-LDN-010-002,1765.2,908.12,1087
2026-05-12,C-LDN-010-002,1565.6,704.09,983
2026-05-13,C-LDN-010-002,1711.0,743.92,919
2026-05-14,C-LDN-010-002,1696.3,780.07,1147
2026-05-15,C-LDN-010-002,1770.4,874.26,1200
2026-05-16,C-LDN-010-002,1233.3,911.88,1261
2026-05-17,C-LDN-010-002,1303.9,927.7,1041
2026-05-18,C-LDN-010-002,1763.3,815.3,1207
2026-05-19,C-LDN-010-002,2087.0,904.85,856
2026-05-20,C-LDN-010-002,1922.0,689.71,1095
2026-05-21,C-LDN-010-002,1589.9,837.02,1037
2026-05-22,C-LDN-010-002,1716.5,681.95,1114
2026-05-23,C-LDN-010-002,1272.9,858.63,880
2026-05-24,C-LDN-010-002,1122.4,763.01,1274
2026-05-25,C-LDN-010-002,1988.7,680.41,1278
2026-05-26,C-LDN-010-002,2065.0,668.85,1137
2026-05-27,C-LDN-010-002,2054.0,735.15,887
2026-05-28,C-LDN-010-002,1634.5,664.59,1276
2026-05-29,C-LDN-010-002,1648.2,746.96,1011
2026-05-30,C-LDN-010-002,1456.7,1070.24,1180
2026-05-31,C-LDN-010-002,1350.7,877.81,1112
2026-05-04,C-LDN-010-003,1085.1,1082.96,719
2026-05-05,C-LDN-010-003,974.9,969.84,736
2026-05-06,C-LDN-010-003,975.8,1137.56,757
2026-05-07,C-LDN-010-003,996.7,1048.88,735
2026-05-08,C-LDN-010-003,1107.9,946.72,733
2026-05-09,C-LDN-010-003,644.8,1272.64,664
2026-05-10,C-LDN-010-003,763.5,1143.86,769
2026-05-11,C-LDN-010-003,963.5,909.83,683
2026-05-12,C-LDN-010-003,1119.7,837.83,612
2026-05-13,C-LDN-010-003,881.0,1036.22,685
2026-05-14,C-LDN-010-003,871.8,1059.34,673
2026-05-15,C-LDN-010-003,898.2,1093.6,760
2026-05-16,C-LDN-010-003,684.6,1093.64,615
2026-05-17,C-LDN-010-003,651.8,1125.83,743
2026-05-18,C-LDN-010-003,1060.1,1089.56,759
2026-05-19,C-LDN-010-003,1069.5,896.68,610
2026-05-20,C-LDN-010-003,1034.1,821.53,577
2026-05-21,C-LDN-010-003,1036.5,1023.88,724
2026-05-22,C-LDN-010-003,947.5,1079.02,681
2026-05-23,C-LDN-010-003,617.8,996.94,661
2026-05-24,C-LDN-010-003,762.4,955.13,692
2026-05-25,C-LDN-010-003,849.0,952.33,576
2026-05-26,C-LDN-010-003,1076.4,868.35,710
2026-05-27,C-LDN-010-003,1063.8,1123.1,622
2026-05-28,C-LDN-010-003,916.1,837.8,618
2026-05-29,C-LDN-010-003,874.4,1104.65,770
2026-05-30,C-LDN-010-003,662.4,1281.1,541
2026-05-31,C-LDN-010-003,729.0,1014.17,595
2026-05-04,C-VIC-006-001,965.7,205.06,591
2026-05-05,C-VIC-006-001,1000.5,194.2,622
2026-05-06,C-VIC-006-001,851.9,180.0,659
2026-05-07,C-VIC-006-001,900.3,159.9,675
2026-05-08,C-VIC-006-001,1045.5,170.31,597
2026-05-09,C-VIC-006-001,727.0,180.54,603
2026-05-10,C-VIC-006-001,575.3,228.16,609
2026-05-11,C-VIC-006-001,1029.0,194.95,743
2026-05-12,C-VIC-006-001,827.7,171.21,615
2026-05-13,C-VIC-006-001,935.7,171.39,697
2026-05-14,C-VIC-006-001,857.4,189.33,648
2026-05-15,C-VIC-006-001,905.0,172.41,512
2026-05-16,C-VIC-006-001,616.2,215.54,541
2026-05-17,C-VIC-006-001,708.6,219.84,537
2026-05-18,C-VIC-006-001,973.4,174.66,668
2026-05-19,C-VIC-006-001,807.7,182.68,658
2026-05-20,C-VIC-006-001,972.5,195.67,674
2026-05-21,C-VIC-006-001,977.7,156.87,721
2026-05-22,C-VIC-006-001,1063.2,200.38,648
2026-05-23,C-VIC-006-001,662.8,185.7,644
2026-05-24,C-VIC-006-001,684.3,188.91,539
2026-05-25,C-VIC-006-001,926.3,205.09,576
2026-05-26,C-VIC-006-001,1073.7,150.77,687
2026-05-27,C-VIC-006-001,987.8,201.04,598
2026-05-28,C-VIC-006-001,817.4,172.15,702
2026-05-29,C-VIC-006-001,834.6,150.81,503
2026-05-30,C-VIC-006-001,662.0,218.62,521
2026-05-31,C-VIC-006-001,644.1,195.59,686
2026-05-04,C-VIC-006-002,1692.1,485.16,1498
2026-05-05,C-VIC-006-002,1717.5,471.07,1604
2026-05-06,C-VIC-006-002,1549.5,418.41,1153
2026-05-07,C-VIC-006-002,1996.2,396.92,1110
2026-05-08,C-VIC-006-002,1678.8,389.88,1378
2026-05-09,C-VIC-006-002,1149.1,447.58,1426
2026-05-10,C-VIC-006-002,1437.4,512.23,1117
2026-05-11,C-VIC-006-002,1852.0,362.72,1257
2026-05-12,C-VIC-006-002,1791.3,366.36,1088
2026-05-13,C-VIC-006-002,1847.4,374.91,1092
2026-05-14,C-VIC-006-002,2003.5,433.22,1142
2026-05-15,C-VIC-006-002,1765.1,463.46,1468
2026-05-16,C-VIC-006-002,1184.0,553.5,1381
2026-05-17,C-VIC-006-002,1133.5,545.22,1162
2026-05-18,C-VIC-006-002,1606.0,423.58,1461
2026-05-19,C-VIC-006-002,1545.7,424.13,1442
2026-05-20,C-VIC-006-002,2043.4,507.49,1440
2026-05-21,C-VIC-006-002,1838.6,428.96,1483
2026-05-22,C-VIC-006-002,1688.4,425.67,1583
2026-05-23,C-VIC-006-002,1246.5,518.86,1091
2026-05-24,C-VIC-006-002,1439.5,470.31,1374
2026-05-25,C-VIC-006-002,1774.2,406.14,1501
2026-05-26,C-VIC-006-002,1735.7,467.18,1460
2026-05-27,C-VIC-006-002,1945.9,461.05,1523
2026-05-28,C-VIC-006-002,1635.0,396.6,1436
2026-05-29,C-VIC-006-002,1638.8,442.49,1472
2026-05-30,C-VIC-006-002,1308.4,571.52,1507
2026-05-31,C-VIC-006-002,1114.6,440.37,1594
2026-05-04,C-VIC-006-003,813.5,132.28,895
2026-05-05,C-VIC-006-003,828.1,164.7,1015
2026-05-06,C-VIC-006-003,922.3,165.53,853
2026-05-07,C-VIC-006-003,778.7,159.76,1086
2026-05-08,C-VIC-006-003,938.5,134.79,1161
2026-05-09,C-VIC-006-003,605.1,178.63,882
2026-05-10,C-VIC-006-003,646.4,177.76,1092
2026-05-11,C-VIC-006-003,925.6,120.84,1091
2026-05-12,C-VIC-006-003,749.1,152.17,1004
2026-05-13,C-VIC-006-003,825.7,132.74,902
2026-05-14,C-VIC-006-003,808.4,153.67,1109
2026-05-15,C-VIC-006-003,746.6,150.6,1064
2026-05-16,C-VIC-006-003,558.6,144.09,980
2026-05-17,C-VIC-006-003,532.9,148.13,1180
2026-05-18,C-VIC-006-003,933.3,166.15,1246
2026-05-19,C-VIC-006-003,918.2,153.93,855
2026-05-20,C-VIC-006-003,735.1,157.56,1142
2026-05-21,C-VIC-006-003,877.2,141.48,1091
2026-05-22,C-VIC-006-003,879.1,157.8,1188
2026-05-23,C-VIC-006-003,513.6,146.24,984
2026-05-24,C-VIC-006-003,505.6,154.63,982
2026-05-25,C-VIC-006-003,787.6,153.98,1029
2026-05-26,C-VIC-006-003,830.8,149.11,1130
2026-05-27,C-VIC-006-003,770.3,147.64,1239
2026-05-28,C-VIC-006-003,920.0,130.29,1139
2026-05-29,C-VIC-006-003,905.3,144.08,1022
2026-05-30,C-VIC-006-003,577.9,187.48,1230
2026-05-31,C-VIC-006-003,523.6,182.62,1216
2026-05-04,C-WPG-001-001,1173.6,215.35,829
2026-05-05,C-WPG-001-001,1160.1,198.05,849
2026-05-06,C-WPG-001-001,1222.1,185.58,611
2026-05-07,C-WPG-001-001,1204.5,188.48,853
2026-05-08,C-WPG-001-001,1321.9,176.07,638
2026-05-09,C-WPG-001-001,844.1,232.63,804
2026-05-10,C-WPG-001-001,960.6,231.43,726
2026-05-11,C-WPG-001-001,1244.0,212.3,793
2026-05-12,C-WPG-001-001,1053.0,208.98,699
2026-05-13,C-WPG-001-001,1186.0,200.6,760
2026-05-14,C-WPG-001-001,1310.7,226.02,784
2026-05-15,C-WPG-001-001,1197.3,224.09,713
2026-05-16,C-WPG-001-001,877.4,191.97,656
2026-05-17,C-WPG-001-001,918.9,201.57,608
2026-05-18,C-WPG-001-001,1393.0,191.15,663
2026-05-19,C-WPG-001-001,1141.6,209.25,620
2026-05-20,C-WPG-001-001,1335.3,173.5,769
2026-05-21,C-WPG-001-001,1241.4,220.58,715
2026-05-22,C-WPG-001-001,1060.2,189.01,662
2026-05-23,C-WPG-001-001,785.6,197.7,705
2026-05-24,C-WPG-001-001,916.4,206.47,679
2026-05-25,C-WPG-001-001,1215.0,168.84,841
2026-05-26,C-WPG-001-001,1331.9,191.25,868
2026-05-27,C-WPG-001-001,1384.3,206.81,834
2026-05-28,C-WPG-001-001,1109.7,178.4,712
2026-05-29,C-WPG-001-001,1397.6,194.35,774
2026-05-30,C-WPG-001-001,828.3,216.63,654
2026-05-31,C-WPG-001-001,792.8,213.87,678
2026-05-04,C-WPG-001-002,1530.1,428.2,1006
2026-05-05,C-WPG-001-002,1548.3,481.26,1162
2026-05-06,C-WPG-001-002,1623.8,483.68,1337
2026-05-07,C-WPG-001-002,1532.1,387.47,1298
2026-05-08,C-WPG-001-002,1591.8,408.45,1191
2026-05-09,C-WPG-001-002,1282.8,487.98,1328
2026-05-10,C-WPG-001-002,1166.8,482.08,1472
2026-05-11,C-WPG-001-002,1727.9,477.57,1011
2026-05-12,C-WPG-001-002,1821.9,462.81,1294
2026-05-13,C-WPG-001-002,1756.4,391.62,1428
2026-05-14,C-WPG-001-002,1490.4,465.2,1296
2026-05-15,C-WPG-001-002,1812.9,502.4,1065
2026-05-16,C-WPG-001-002,1363.3,436.35,1188
2026-05-17,C-WPG-001-002,1199.6,542.0,1121
2026-05-18,C-WPG-001-002,1968.4,470.75,1414
2026-05-19,C-WPG-001-002,1700.2,396.4,1420
2026-05-20,C-WPG-001-002,1655.5,411.56,1305
2026-05-21,C-WPG-001-002,1778.9,505.34,1173
2026-05-22,C-WPG-001-002,1796.7,487.68,1189
2026-05-23,C-WPG-001-002,1067.3,452.02,1396
2026-05-24,C-WPG-001-002,1247.5,550.0,1112
2026-05-25,C-WPG-001-002,1469.1,498.88,1496
2026-05-26,C-WPG-001-002,1659.7,486.3,1059
2026-05-27,C-WPG-001-002,1535.7,461.06,1221
2026-05-28,C-WPG-001-002,1709.0,383.81,1340
2026-05-29,C-WPG-001-002,1791.3,458.8,1290
2026-05-30,C-WPG-001-002,1272.1,577.27,1155
2026-05-31,C-WPG-001-002,1146.3,535.4,1405
2026-05-04,C-WPG-001-003,999.2,251.19,688
2026-05-05,C-WPG-001-003,1026.0,189.23,717
2026-05-06,C-WPG-001-003,1013.5,228.31,632
2026-05-07,C-WPG-001-003,1035.0,241.72,717
2026-05-08,C-WPG-001-003,1035.9,210.51,726
2026-05-09,C-WPG-001-003,681.5,259.82,650
2026-05-10,C-WPG-001-003,620.0,267.4,529
2026-05-11,C-WPG-001-003,863.8,192.73,708
2026-05-12,C-WPG-001-003,852.0,217.28,679
2026-05-13,C-WPG-001-003,846.3,186.53,707
2026-05-14,C-WPG-001-003,1113.0,245.62,740
2026-05-15,C-WPG-001-003,1017.6,200.56,548
2026-05-16,C-WPG-001-003,738.1,231.33,749
2026-05-17,C-WPG-001-003,676.9,298.84,624
2026-05-18,C-WPG-001-003,1081.2,249.07,606
2026-05-19,C-WPG-001-003,844.9,208.8,676
2026-05-20,C-WPG-001-003,1042.1,244.06,722
2026-05-21,C-WPG-001-003,1108.3,197.64,518
2026-05-22,C-WPG-001-003,1074.9,191.79,718
2026-05-23,C-WPG-001-003,716.7,260.76,686
2026-05-24,C-WPG-001-003,645.1,236.73,608
2026-05-25,C-WPG-001-003,1080.9,233.2,758
2026-05-26,C-WPG-001-003,954.2,260.67,712
2026-05-27,C-WPG-001-003,1088.8,257.07,587
2026-05-28,C-WPG-001-003,959.5,250.43,753
2026-05-29,C-WPG-001-003,976.8,233.01,552
2026-05-30,C-WPG-001-003,684.1,214.2,649
2026-05-31,C-WPG-001-003,662.8,215.17,601
2026-05-04,C-EDM-002-001,1296.4,722.45,1570
2026-05-05,C-EDM-002-001,1407.5,923.5,1398
2026-05-06,C-EDM-002-001,1135.7,1002.78,1553
2026-05-07,C-EDM-002-001,1412.2,862.89,1239
2026-05-08,C-EDM-002-001,1452.1,950.86,1123
2026-05-09,C-EDM-002-001,898.6,1042.19,1547
2026-05-10,C-EDM-002-001,776.2,902.21,1439
2026-05-11,C-EDM-002-001,1249.9,726.18,1426
2026-05-12,C-EDM-002-001,1396.3,843.59,1183
2026-05-13,C-EDM-002-001,1119.7,871.51,1597
2026-05-14,C-EDM-002-001,1409.2,1011.69,1336
2026-05-15,C-EDM-002-001,1315.1,754.41,1455
2026-05-16,C-EDM-002-001,1043.9,867.19,1379
2026-05-17,C-EDM-002-001,1021.2,1158.73,1475
2026-05-18,C-EDM-002-001,1214.4,806.72,1283
2026-05-19,C-EDM-002-001,1124.1,823.11,1249
2026-05-20,C-EDM-002-001,1220.8,744.65,1427
2026-05-21,C-EDM-002-001,1398.0,995.96,1392
2026-05-22,C-EDM-002-001,1187.6,898.89,1600
2026-05-23,C-EDM-002-001,923.6,859.95,1217
2026-05-24,C-EDM-002-001,795.6,841.82,1340
2026-05-25,C-EDM-002-001,1110.3,810.82,1544
2026-05-26,C-EDM-002-001,1329.9,1006.54,1149
2026-05-27,C-EDM-002-001,1241.9,985.93,1193
2026-05-28,C-EDM-002-001,1347.5,1006.5,1566
2026-05-29,C-EDM-002-001,1168.7,963.35,1321
2026-05-30,C-EDM-002-001,950.4,1085.15,1322
2026-05-31,C-EDM-002-001,786.5,921.94,1285
2026-05-04,C-EDM-002-002,1917.8,776.79,670
2026-05-05,C-EDM-002-002,2024.1,598.71,675
2026-05-06,C-EDM-002-002,1995.9,778.45,772
2026-05-07,C-EDM-002-002,1715.2,634.94,647
2026-05-08,C-EDM-002-002,1718.1,611.0,825
2026-05-09,C-EDM-002-002,1366.9,758.63,749
2026-05-10,C-EDM-002-002,1445.4,711.74,791
2026-05-11,C-EDM-002-002,1703.3,646.59,656
2026-05-12,C-EDM-002-002,1807.7,637.19,839
2026-05-13,C-EDM-002-002,1752.3,652.34,812
2026-05-14,C-EDM-002-002,2273.9,804.61,749
2026-05-15,C-EDM-002-002,2110.8,587.55,688
2026-05-16,C-EDM-002-002,1252.2,764.37,706
2026-05-17,C-EDM-002-002,1487.2,802.89,606
2026-05-18,C-EDM-002-002,2237.2,680.08,694
2026-05-19,C-EDM-002-002,2123.1,584.95,613
2026-05-20,C-EDM-002-002,1985.2,658.17,894
2026-05-21,C-EDM-002-002,1744.8,749.79,784
2026-05-22,C-EDM-002-002,2067.6,763.23,856
2026-05-23,C-EDM-002-002,1246.7,844.95,728
2026-05-24,C-EDM-002-002,1223.4,895.21,670
2026-05-25,C-EDM-002-002,1738.0,705.43,649
2026-05-26,C-EDM-002-002,1759.0,647.07,630
2026-05-27,C-EDM-002-002,1779.8,751.04,799
2026-05-28,C-EDM-002-002,2107.0,699.04,816
2026-05-29,C-EDM-002-002,2100.9,693.64,814
2026-05-30,C-EDM-002-002,1193.2,788.29,712
2026-05-31,C-EDM-002-002,1229.5,864.3,626
2026-05-04,C-EDM-002-003,1802.6,376.01,464
2026-05-05,C-EDM-002-003,1955.8,435.17,600
2026-05-06,C-EDM-002-003,1566.6,460.85,510
2026-05-07,C-EDM-002-003,1887.7,402.9,673
2026-05-08,C-EDM-002-003,1750.1,457.83,461
2026-05-09,C-EDM-002-003,1113.5,531.11,656
2026-05-10,C-EDM-002-003,1090.3,487.22,662
2026-05-11,C-EDM-002-003,1772.5,390.09,487
2026-05-12,C-EDM-002-003,1878.7,349.52,588
2026-05-13,C-EDM-002-003,1493.2,460.68,626
2026-05-14,C-EDM-002-003,1966.9,372.76,534
2026-05-15,C-EDM-002-003,1510.2,448.37,654
2026-05-16,C-EDM-002-003,1221.6,485.87,670
2026-05-17,C-EDM-002-003,1358.7,469.68,594
2026-05-18,C-EDM-002-003,1504.9,418.02,635
2026-05-19,C-EDM-002-003,1724.8,416.41,465
2026-05-20,C-EDM-002-003,1818.7,397.27,542
2026-05-21,C-EDM-002-003,1646.2,397.97,606
2026-05-22,C-EDM-002-003,1682.6,367.09,558
2026-05-23,C-EDM-002-003,1362.6,473.75,534
2026-05-24,C-EDM-002-003,1170.2,481.87,661
2026-05-25,C-EDM-002-003,1708.6,384.26,574
2026-05-26,C-EDM-002-003,1508.9,425.91,625
2026-05-27,C-EDM-002-003,1888.3,436.09,630
2026-05-28,C-EDM-002-003,1494.9,356.07,542
2026-05-29,C-EDM-002-003,1916.6,366.81,552
2026-05-30,C-EDM-002-003,1034.1,517.84,630
2026-05-31,C-EDM-002-003,1232.5,431.83,522
2026-05-04,C-OTT-011-001,2342.6,365.63,1259
2026-05-05,C-OTT-011-001,2334.0,321.08,1598
2026-05-06,C-OTT-011-001,2015.1,387.89,1424
2026-05-07,C-OTT-011-001,2110.9,323.82,1518
2026-05-08,C-OTT-011-001,1878.4,376.63,1475
2026-05-09,C-OTT-011-001,1681.7,362.65,1167
2026-05-10,C-OTT-011-001,1417.6,418.21,1591
2026-05-11,C-OTT-011-001,2146.9,353.18,1576
2026-05-12,C-OTT-011-001,1959.2,307.42,1251
2026-05-13,C-OTT-011-001,2338.0,315.52,1188
2026-05-14,C-OTT-011-001,1848.4,372.6,1586
2026-05-15,C-OTT-011-001,2176.0,388.5,1332
2026-05-16,C-OTT-011-001,1655.0,453.35,1221
2026-05-17,C-OTT-011-001,1388.0,469.62,1633
2026-05-18,C-OTT-011-001,1901.4,354.27,1358
2026-05-19,C-OTT-011-001,1844.5,376.18,1443
2026-05-20,C-OTT-011-001,1829.5,296.62,1202
2026-05-21,C-OTT-011-001,2326.2,289.83,1163
2026-05-22,C-OTT-011-001,2175.3,309.13,1372
2026-05-23,C-OTT-011-001,1567.1,423.12,1274
2026-05-24,C-OTT-011-001,1549.3,400.96,1504
2026-05-25,C-OTT-011-001,2407.2,302.93,1396
2026-05-26,C-OTT-011-001,1853.5,307.86,1586
2026-05-27,C-OTT-011-001,1883.4,378.73,1605
2026-05-28,C-OTT-011-001,1903.5,400.29,1578
2026-05-29,C-OTT-011-001,1979.0,364.07,1240
2026-05-30,C-OTT-011-001,1324.4,362.25,1563
2026-05-31,C-OTT-011-001,1541.2,424.94,1651
2026-05-04,C-OTT-011-002,1764.5,642.27,723
2026-05-05,C-OTT-011-002,1762.0,672.72,946
2026-05-06,C-OTT-011-002,1791.1,604.84,781
2026-05-07,C-OTT-011-002,1564.5,576.91,858
2026-05-08,C-OTT-011-002,1461.5,740.43,832
2026-05-09,C-OTT-011-002,996.7,852.98,887
2026-05-10,C-OTT-011-002,1085.3,813.22,958
2026-05-11,C-OTT-011-002,1662.5,685.53,828
2026-05-12,C-OTT-011-002,1409.4,715.4,899
2026-05-13,C-OTT-011-002,1557.3,747.07,717
2026-05-14,C-OTT-011-002,1505.6,573.49,844
2026-05-15,C-OTT-011-002,1494.0,679.09,690
2026-05-16,C-OTT-011-002,1090.5,875.01,714
2026-05-17,C-OTT-011-002,1066.2,671.28,949
2026-05-18,C-OTT-011-002,1547.1,591.12,875
2026-05-19,C-OTT-011-002,1550.7,767.01,710
2026-05-20,C-OTT-011-002,1778.5,591.31,929
2026-05-21,C-OTT-011-002,1651.4,694.05,952
2026-05-22,C-OTT-011-002,1399.3,596.32,820
2026-05-23,C-OTT-011-002,1066.3,873.99,677
2026-05-24,C-OTT-011-002,963.7,896.5,962
2026-05-25,C-OTT-011-002,1532.5,665.87,745
2026-05-26,C-OTT-011-002,1407.8,693.19,810
2026-05-27,C-OTT-011-002,1457.0,690.73,803
2026-05-28,C-OTT-011-002,1743.5,606.09,736
2026-05-29,C-OTT-011-002,1585.7,774.26,991
2026-05-30,C-OTT-011-002,1159.0,708.54,899
2026-05-31,C-OTT-011-002,1024.9,781.65,729
2026-05-04,C-OTT-011-003,971.1,1201.84,810
2026-05-05,C-OTT-011-003,872.3,1052.34,786
2026-05-06,C-OTT-011-003,810.4,1147.86,750
2026-05-07,C-OTT-011-003,948.7,953.58,709
2026-05-08,C-OTT-011-003,981.1,1194.99,767
2026-05-09,C-OTT-011-003,565.8,1279.24,904
2026-05-10,C-OTT-011-003,669.7,1281.67,757
2026-05-11,C-OTT-011-003,973.9,1142.72,744
2026-05-12,C-OTT-011-003,920.5,1132.84,976
2026-05-13,C-OTT-011-003,964.4,1173.56,941
2026-05-14,C-OTT-011-003,863.4,1053.57,679
2026-05-15,C-OTT-011-003,789.0,881.94,854
2026-05-16,C-OTT-011-003,532.5,1176.42,841
2026-05-17,C-OTT-011-003,651.9,1162.26,701
2026-05-18,C-OTT-011-003,841.4,1107.49,810
2026-05-19,C-OTT-011-003,783.8,909.83,740
2026-05-20,C-OTT-011-003,880.0,959.9,832
2026-05-21,C-OTT-011-003,809.3,897.5,712
2026-05-22,C-OTT-011-003,975.8,1002.41,735
2026-05-23,C-OTT-011-003,665.8,1188.88,940
2026-05-24,C-OTT-011-003,600.7,1260.7,859
2026-05-25,C-OTT-011-003,844.0,1051.49,969
2026-05-26,C-OTT-011-003,945.4,854.46,676
2026-05-27,C-OTT-011-003,915.9,875.33,761
2026-05-28,C-OTT-011-003,808.4,1043.37,761
2026-05-29,C-OTT-011-003,980.4,1114.2,883
2026-05-30,C-OTT-011-003,658.1,1130.01,874
2026-05-31,C-OTT-011-003,667.0,1225.28,787
2026-05-04,C-WPG-002-001,755.3,426.18,541
2026-05-05,C-WPG-002-001,827.7,520.32,519
2026-05-06,C-WPG-002-001,712.5,477.99,464
2026-05-07,C-WPG-002-001,729.6,400.61,527
2026-05-08,C-WPG-002-001,715.3,451.6,418
2026-05-09,C-WPG-002-001,533.4,593.29,546
2026-05-10,C-WPG-002-001,505.9,583.46,580
2026-05-11,C-WPG-002-001,731.4,535.53,407
2026-05-12,C-WPG-002-001,828.0,486.72,447
2026-05-13,C-WPG-002-001,901.4,537.69,505
2026-05-14,C-WPG-002-001,752.7,481.99,418
2026-05-15,C-WPG-002-001,819.6,498.46,509
2026-05-16,C-WPG-002-001,645.0,562.72,491
2026-05-17,C-WPG-002-001,515.5,541.53,561
2026-05-18,C-WPG-002-001,839.8,503.95,459
2026-05-19,C-WPG-002-001,776.8,431.82,463
2026-05-20,C-WPG-002-001,861.9,435.92,430
2026-05-21,C-WPG-002-001,710.9,514.72,483
2026-05-22,C-WPG-002-001,869.3,503.42,465
2026-05-23,C-WPG-002-001,596.4,491.65,414
2026-05-24,C-WPG-002-001,508.8,520.7,411
2026-05-25,C-WPG-002-001,800.1,543.58,530
2026-05-26,C-WPG-002-001,786.9,509.21,556
2026-05-27,C-WPG-002-001,766.5,451.45,404
2026-05-28,C-WPG-002-001,718.6,397.55,554
2026-05-29,C-WPG-002-001,716.1,430.4,530
2026-05-30,C-WPG-002-001,494.1,611.76,434
2026-05-31,C-WPG-002-001,538.5,538.3,583
2026-05-04,C-WPG-002-002,1044.8,424.4,1263
2026-05-05,C-WPG-002-002,1261.4,467.2,1203
2026-05-06,C-WPG-002-002,1324.0,359.71,903
2026-05-07,C-WPG-002-002,1068.8,438.68,1164
2026-05-08,C-WPG-002-002,1116.0,355.89,1104
2026-05-09,C-WPG-002-002,930.9,493.98,967
2026-05-10,C-WPG-002-002,801.4,451.1,884
2026-05-11,C-WPG-002-002,1086.2,342.72,1287
2026-05-12,C-WPG-002-002,1108.8,409.71,900
2026-05-13,C-WPG-002-002,1244.3,455.77,1112
2026-05-14,C-WPG-002-002,1070.4,431.67,1146
2026-05-15,C-WPG-002-002,990.7,362.78,1079
2026-05-16,C-WPG-002-002,824.1,420.76,951
2026-05-17,C-WPG-002-002,777.9,464.94,1035
2026-05-18,C-WPG-002-002,1146.3,462.38,1131
2026-05-19,C-WPG-002-002,1136.1,433.72,1264
2026-05-20,C-WPG-002-002,992.2,460.35,1205
2026-05-21,C-WPG-002-002,1266.5,460.36,1252
2026-05-22,C-WPG-002-002,1173.6,367.35,973
2026-05-23,C-WPG-002-002,826.5,470.18,1112
2026-05-24,C-WPG-002-002,799.1,408.21,953
2026-05-25,C-WPG-002-002,1264.0,459.52,1221
2026-05-26,C-WPG-002-002,1311.9,357.77,1095
2026-05-27,C-WPG-002-002,1084.6,406.81,986
2026-05-28,C-WPG-002-002,1181.2,479.06,1028
2026-05-29,C-WPG-002-002,1120.0,361.87,1241
2026-05-30,C-WPG-002-002,898.4,470.72,1270
2026-05-31,C-WPG-002-002,740.1,490.88,996
2026-05-04,C-WPG-002-003,2193.9,505.61,1169
2026-05-05,C-WPG-002-003,2176.5,536.81,1419
2026-05-06,C-WPG-002-003,1880.9,435.99,1247
2026-05-07,C-WPG-002-003,2294.3,525.19,1302
2026-05-08,C-WPG-002-003,2005.0,478.03,1470
2026-05-09,C-WPG-002-003,1753.0,574.2,1499
2026-05-10,C-WPG-002-003,1758.2,506.59,1176
2026-05-11,C-WPG-002-003,1954.9,408.32,1241
2026-05-12,C-WPG-002-003,2070.0,416.44,1082
2026-05-13,C-WPG-002-003,2050.7,542.85,1311
2026-05-14,C-WPG-002-003,2324.7,569.17,1049
2026-05-15,C-WPG-002-003,2416.1,523.79,1031
2026-05-16,C-WPG-002-003,1441.2,623.05,1364
2026-05-17,C-WPG-002-003,1447.3,588.75,1475
2026-05-18,C-WPG-002-003,2199.6,430.29,1317
2026-05-19,C-WPG-002-003,2110.7,469.16,1388
2026-05-20,C-WPG-002-003,2506.8,544.78,1447
2026-05-21,C-WPG-002-003,2500.3,448.68,1208
2026-05-22,C-WPG-002-003,2365.0,482.27,1511
2026-05-23,C-WPG-002-003,1739.5,550.71,1333
2026-05-24,C-WPG-002-003,1691.3,626.35,1431
2026-05-25,C-WPG-002-003,2477.6,447.21,1206
2026-05-26,C-WPG-002-003,1943.2,560.15,1419
2026-05-27,C-WPG-002-003,2466.0,409.74,1489
2026-05-28,C-WPG-002-003,1939.9,453.95,1391
2026-05-29,C-WPG-002-003,1959.9,526.99,1229
2026-05-30,C-WPG-002-003,1508.5,549.34,1328
2026-05-31,C-WPG-002-003,1432.0,573.4,1487
2026-05-04,C-MNC-003-001,1677.3,233.09,512
2026-05-05,C-MNC-003-001,2042.6,175.73,578
2026-05-06,C-MNC-003-001,1662.3,227.13,644
2026-05-07,C-MNC-003-001,1665.6,237.88,559
2026-05-08,C-MNC-003-001,2067.0,235.05,670
2026-05-09,C-MNC-003-001,1449.6,248.51,574
2026-05-10,C-MNC-003-001,1197.6,212.14,666
2026-05-11,C-MNC-003-001,1943.5,231.67,707
2026-05-12,C-MNC-003-001,1844.1,221.52,579
2026-05-13,C-MNC-003-001,1643.1,209.53,656
2026-05-14,C-MNC-003-001,2131.8,219.01,674
2026-05-15,C-MNC-003-001,1878.8,215.1,501
2026-05-16,C-MNC-003-001,1350.4,276.25,570
2026-05-17,C-MNC-003-001,1455.4,247.58,680
2026-05-18,C-MNC-003-001,1790.5,238.46,589
2026-05-19,C-MNC-003-001,2137.9,178.67,629
2026-05-20,C-MNC-003-001,2158.7,232.14,699
2026-05-21,C-MNC-003-001,2109.3,234.45,588
2026-05-22,C-MNC-003-001,2091.1,185.2,500
2026-05-23,C-MNC-003-001,1175.9,267.97,680
2026-05-24,C-MNC-003-001,1441.2,198.57,667
2026-05-25,C-MNC-003-001,1917.7,197.87,619
2026-05-26,C-MNC-003-001,1906.3,228.61,597
2026-05-27,C-MNC-003-001,1915.9,187.0,638
2026-05-28,C-MNC-003-001,2102.7,194.65,606
2026-05-29,C-MNC-003-001,2124.2,241.01,634
2026-05-30,C-MNC-003-001,1290.0,255.96,741
2026-05-31,C-MNC-003-001,1232.4,237.44,715
2026-05-04,C-MNC-003-002,906.9,438.66,955
2026-05-05,C-MNC-003-002,1050.4,424.9,967
2026-05-06,C-MNC-003-002,1005.9,389.89,971
2026-05-07,C-MNC-003-002,1060.3,480.38,1400
2026-05-08,C-MNC-003-002,1097.1,533.24,1378
2026-05-09,C-MNC-003-002,725.1,446.87,1247
2026-05-10,C-MNC-003-002,730.2,606.57,988
2026-05-11,C-MNC-003-002,1027.9,438.91,994
2026-05-12,C-MNC-003-002,900.1,402.76,1181
2026-05-13,C-MNC-003-002,917.2,523.83,1323
2026-05-14,C-MNC-003-002,861.0,414.22,1375
2026-05-15,C-MNC-003-002,863.9,416.33,1130
2026-05-16,C-MNC-003-002,742.9,520.91,1202
2026-05-17,C-MNC-003-002,673.8,499.21,1349
2026-05-18,C-MNC-003-002,975.4,437.89,1221
2026-05-19,C-MNC-003-002,1007.9,431.57,1127
2026-05-20,C-MNC-003-002,1006.3,506.86,1335
2026-05-21,C-MNC-003-002,910.2,404.62,1330
2026-05-22,C-MNC-003-002,971.2,410.78,1106
2026-05-23,C-MNC-003-002,702.3,507.25,1171
2026-05-24,C-MNC-003-002,706.3,618.07,1337
2026-05-25,C-MNC-003-002,889.7,421.69,1369
2026-05-26,C-MNC-003-002,988.1,484.92,1228
2026-05-27,C-MNC-003-002,973.0,439.64,955
2026-05-28,C-MNC-003-002,830.7,524.97,1409
2026-05-29,C-MNC-003-002,1095.0,513.34,1109
2026-05-30,C-MNC-003-002,657.3,520.44,977
2026-05-31,C-MNC-003-002,651.9,528.26,1105
2026-05-04,C-MNC-003-003,1347.6,445.88,830
2026-05-05,C-MNC-003-003,1180.9,374.68,801
2026-05-06,C-MNC-003-003,1353.9,465.02,960
2026-05-07,C-MNC-003-003,1188.3,453.52,977
2026-05-08,C-MNC-003-003,1276.2,505.01,816
2026-05-09,C-MNC-003-003,814.4,513.55,928
2026-05-10,C-MNC-003-003,976.8,582.23,783
2026-05-11,C-MNC-003-003,1413.0,485.89,913
2026-05-12,C-MNC-003-003,1349.5,527.48,824
2026-05-13,C-MNC-003-003,1145.7,483.41,949
2026-05-14,C-MNC-003-003,1178.0,503.26,836
2026-05-15,C-MNC-003-003,1158.8,470.27,963
2026-05-16,C-MNC-003-003,908.7,492.5,880
2026-05-17,C-MNC-003-003,835.4,561.9,839
2026-05-18,C-MNC-003-003,1167.0,440.12,750
2026-05-19,C-MNC-003-003,1280.5,391.76,780
2026-05-20,C-MNC-003-003,1415.8,504.98,831
2026-05-21,C-MNC-003-003,1086.4,402.6,884
2026-05-22,C-MNC-003-003,1325.2,465.66,731
2026-05-23,C-MNC-003-003,880.6,555.84,890
2026-05-24,C-MNC-003-003,999.8,561.84,733
2026-05-25,C-MNC-003-003,1275.5,466.7,981
2026-05-26,C-MNC-003-003,1129.1,507.19,756
2026-05-27,C-MNC-003-003,1070.6,483.78,1009
2026-05-28,C-MNC-003-003,1313.1,432.34,1006
2026-05-29,C-MNC-003-003,1108.6,487.26,996
2026-05-30,C-MNC-003-003,804.3,447.8,997
2026-05-31,C-MNC-003-003,903.4,589.94,820
2026-05-04,C-HAM-012-001,1601.6,375.2,1166
2026-05-05,C-HAM-012-001,1590.5,339.07,1461
2026-05-06,C-HAM-012-001,1531.3,373.5,1345
2026-05-07,C-HAM-012-001,1633.2,305.52,1284
2026-05-08,C-HAM-012-001,1647.1,361.97,1021
2026-05-09,C-HAM-012-001,1359.6,334.61,1158
2026-05-10,C-HAM-012-001,1248.0,384.18,1043
2026-05-11,C-HAM-012-001,1473.5,363.26,1084
2026-05-12,C-HAM-012-001,1961.9,302.85,1462
2026-05-13,C-HAM-012-001,1647.3,369.21,1236
2026-05-14,C-HAM-012-001,1866.9,376.54,1191
2026-05-15,C-HAM-012-001,1814.9,305.34,1266
2026-05-16,C-HAM-012-001,1235.6,429.76,1062
2026-05-17,C-HAM-012-001,1385.4,448.81,1075
2026-05-18,C-HAM-012-001,1610.3,336.87,1030
2026-05-19,C-HAM-012-001,1505.8,396.37,1414
2026-05-20,C-HAM-012-001,1924.1,306.18,1387
2026-05-21,C-HAM-012-001,1755.9,316.85,1482
2026-05-22,C-HAM-012-001,1923.7,315.1,1350
2026-05-23,C-HAM-012-001,1197.7,418.05,1345
2026-05-24,C-HAM-012-001,1332.5,377.7,1318
2026-05-25,C-HAM-012-001,1529.2,379.37,1151
2026-05-26,C-HAM-012-001,1780.6,339.71,1302
2026-05-27,C-HAM-012-001,1726.1,320.97,1295
2026-05-28,C-HAM-012-001,1657.2,282.94,1255
2026-05-29,C-HAM-012-001,1914.9,386.62,1399
2026-05-30,C-HAM-012-001,1259.8,363.61,1179
2026-05-31,C-HAM-012-001,1040.2,449.85,1135
2026-05-04,C-HAM-012-002,1068.8,524.59,1059
2026-05-05,C-HAM-012-002,1096.3,420.02,747
2026-05-06,C-HAM-012-002,1015.0,502.28,1003
2026-05-07,C-HAM-012-002,1215.0,466.78,918
2026-05-08,C-HAM-012-002,1154.9,512.46,1029
2026-05-09,C-HAM-012-002,756.7,571.71,861
2026-05-10,C-HAM-012-002,704.6,635.86,786
2026-05-11,C-HAM-012-002,983.3,422.08,942
2026-05-12,C-HAM-012-002,1222.5,529.79,926
2026-05-13,C-HAM-012-002,1144.2,430.79,1026
2026-05-14,C-HAM-012-002,1122.1,441.33,785
2026-05-15,C-HAM-012-002,1197.7,538.76,805
2026-05-16,C-HAM-012-002,816.9,632.07,814
2026-05-17,C-HAM-012-002,662.1,545.33,927
2026-05-18,C-HAM-012-002,1090.0,425.42,744
2026-05-19,C-HAM-012-002,976.9,519.15,783
2026-05-20,C-HAM-012-002,1055.7,410.81,972
2026-05-21,C-HAM-012-002,1059.2,428.06,857
2026-05-22,C-HAM-012-002,1213.4,400.5,797
2026-05-23,C-HAM-012-002,870.4,632.83,898
2026-05-24,C-HAM-012-002,703.0,562.22,810
2026-05-25,C-HAM-012-002,1063.8,543.79,966
2026-05-26,C-HAM-012-002,1187.0,490.14,1001
2026-05-27,C-HAM-012-002,1044.9,447.56,719
2026-05-28,C-HAM-012-002,1150.1,551.23,762
2026-05-29,C-HAM-012-002,1039.8,488.12,1046
2026-05-30,C-HAM-012-002,840.2,510.93,1069
2026-05-31,C-HAM-012-002,889.0,533.62,912
2026-05-04,C-HAM-012-003,1035.1,248.95,1536
2026-05-05,C-HAM-012-003,1055.9,241.36,1237
2026-05-06,C-HAM-012-003,1071.1,300.29,1446
2026-05-07,C-HAM-012-003,1256.5,292.22,1271
2026-05-08,C-HAM-012-003,1256.0,232.67,1437
2026-05-09,C-HAM-012-003,823.5,281.58,1375
2026-05-10,C-HAM-012-003,782.5,266.67,1351
2026-05-11,C-HAM-012-003,1016.5,250.7,1199
2026-05-12,C-HAM-012-003,1184.0,270.05,1618
2026-05-13,C-HAM-012-003,1124.4,286.25,1195
2026-05-14,C-HAM-012-003,1239.7,299.14,1564
2026-05-15,C-HAM-012-003,1131.0,281.6,1151
2026-05-16,C-HAM-012-003,865.2,314.89,1219
2026-05-17,C-HAM-012-003,804.1,267.84,1318
2026-05-18,C-HAM-012-003,1303.6,266.1,1190
2026-05-19,C-HAM-012-003,1272.2,260.71,1309
2026-05-20,C-HAM-012-003,1147.1,218.71,1469
2026-05-21,C-HAM-012-003,1277.3,284.41,1179
2026-05-22,C-HAM-012-003,1249.1,283.92,1243
2026-05-23,C-HAM-012-003,781.6,275.28,1380
2026-05-24,C-HAM-012-003,816.1,313.05,1287
2026-05-25,C-HAM-012-003,1196.0,265.79,1342
2026-05-26,C-HAM-012-003,1014.0,297.95,1553
2026-05-27,C-HAM-012-003,1003.8,252.75,1656
2026-05-28,C-HAM-012-003,1271.4,291.48,1460
2026-05-29,C-HAM-012-003,1120.6,270.49,1114
2026-05-30,C-HAM-012-003,873.8,314.97,1269
2026-05-31,C-HAM-012-003,838.2,343.76,1424
2026-05-04,C-OTT-013-001,2338.6,371.63,968
2026-05-05,C-OTT-013-001,1874.6,325.11,1058
2026-05-06,C-OTT-013-001,2101.9,280.4,956
2026-05-07,C-OTT-013-001,1795.1,327.37,973
2026-05-08,C-OTT-013-001,2243.1,294.26,1077
2026-05-09,C-OTT-013-001,1317.0,414.06,1153
2026-05-10,C-OTT-013-001,1605.0,314.85,985
2026-05-11,C-OTT-013-001,2361.4,357.78,1221
2026-05-12,C-OTT-013-001,2240.9,292.05,1079
2026-05-13,C-OTT-013-001,1894.0,313.26,999
2026-05-14,C-OTT-013-001,2341.3,323.98,1007
2026-05-15,C-OTT-013-001,2045.6,294.15,1240
2026-05-16,C-OTT-013-001,1323.8,316.53,870
2026-05-17,C-OTT-013-001,1674.6,343.82,920
2026-05-18,C-OTT-013-001,2095.6,322.75,1234
2026-05-19,C-OTT-013-001,2134.7,341.02,990
2026-05-20,C-OTT-013-001,1908.8,312.16,1021
2026-05-21,C-OTT-013-001,2346.2,332.27,1190
2026-05-22,C-OTT-013-001,1989.6,275.24,1248
2026-05-23,C-OTT-013-001,1372.6,352.41,1180
2026-05-24,C-OTT-013-001,1582.5,319.92,1258
2026-05-25,C-OTT-013-001,2058.0,319.59,1238
2026-05-26,C-OTT-013-001,1820.4,356.73,936
2026-05-27,C-OTT-013-001,2308.2,269.63,981
2026-05-28,C-OTT-013-001,2371.7,304.9,1101
2026-05-29,C-OTT-013-001,1922.0,339.4,900
2026-05-30,C-OTT-013-001,1332.5,321.34,1209
2026-05-31,C-OTT-013-001,1565.2,377.79,1262
2026-05-04,C-OTT-013-002,1830.2,251.58,1153
2026-05-05,C-OTT-013-002,1815.8,215.6,1430
2026-05-06,C-OTT-013-002,1609.0,253.99,1432
2026-05-07,C-OTT-013-002,1602.5,229.79,1147
2026-05-08,C-OTT-013-002,1899.5,238.55,1515
2026-05-09,C-OTT-013-002,1182.1,278.02,1205
2026-05-10,C-OTT-013-002,1033.9,331.17,1538
2026-05-11,C-OTT-013-002,1620.9,221.97,1162
2026-05-12,C-OTT-013-002,1782.7,261.92,1538
2026-05-13,C-OTT-013-002,1893.7,227.11,1475
2026-05-14,C-OTT-013-002,1811.9,274.83,1411
2026-05-15,C-OTT-013-002,1534.5,265.85,1289
2026-05-16,C-OTT-013-002,1083.1,254.43,1239
2026-05-17,C-OTT-013-002,1129.7,345.35,1263
2026-05-18,C-OTT-013-002,1677.9,219.28,1338
2026-05-19,C-OTT-013-002,1490.6,290.48,1366
2026-05-20,C-OTT-013-002,1917.9,235.76,1239
2026-05-21,C-OTT-013-002,1702.9,239.72,1069
2026-05-22,C-OTT-013-002,1544.5,237.57,1121
2026-05-23,C-OTT-013-002,1314.4,268.76,1357
2026-05-24,C-OTT-013-002,1349.1,305.31,1430
2026-05-25,C-OTT-013-002,1828.7,220.48,1120
2026-05-26,C-OTT-013-002,1474.5,238.97,1180
2026-05-27,C-OTT-013-002,1894.9,272.76,1342
2026-05-28,C-OTT-013-002,1728.4,248.05,1109
2026-05-29,C-OTT-013-002,1894.9,296.89,1162
2026-05-30,C-OTT-013-002,1015.4,317.69,1171
2026-05-31,C-OTT-013-002,1030.1,289.57,1290
2026-05-04,C-OTT-013-003,1770.5,442.5,1565
2026-05-05,C-OTT-013-003,1495.0,445.54,1579
2026-05-06,C-OTT-013-003,1589.0,524.05,1198
2026-05-07,C-OTT-013-003,1761.1,496.07,1461
2026-05-08,C-OTT-013-003,1476.6,403.4,1575
2026-05-09,C-OTT-013-003,1012.8,503.07,1228
2026-05-10,C-OTT-013-003,1008.3,593.18,1355
2026-05-11,C-OTT-013-003,1497.1,523.11,1425
2026-05-12,C-OTT-013-003,1690.1,462.33,1067
2026-05-13,C-OTT-013-003,1408.1,403.17,1439
2026-05-14,C-OTT-013-003,1645.8,514.02,1406
2026-05-15,C-OTT-013-003,1520.0,536.02,1288
2026-05-16,C-OTT-013-003,1215.6,475.94,1097
2026-05-17,C-OTT-013-003,1069.6,530.39,1099
2026-05-18,C-OTT-013-003,1609.6,483.86,1264
2026-05-19,C-OTT-013-003,1351.2,399.32,1082
2026-05-20,C-OTT-013-003,1554.3,540.47,1093
2026-05-21,C-OTT-013-003,1601.9,521.58,1503
2026-05-22,C-OTT-013-003,1365.1,416.59,1105
2026-05-23,C-OTT-013-003,992.6,555.92,1326
2026-05-24,C-OTT-013-003,1151.2,599.27,1092
2026-05-25,C-OTT-013-003,1792.3,518.88,1374
2026-05-26,C-OTT-013-003,1584.4,489.79,1523
2026-05-27,C-OTT-013-003,1545.9,537.08,1413
2026-05-28,C-OTT-013-003,1412.5,441.48,1468
2026-05-29,C-OTT-013-003,1692.5,400.25,1119
2026-05-30,C-OTT-013-003,1231.3,536.45,1427
2026-05-31,C-OTT-013-003,1231.3,493.87,1576
2026-05-04,C-OTT-014-001,2204.5,506.16,1001
2026-05-05,C-OTT-014-001,1856.2,467.19,969
2026-05-06,C-OTT-014-001,1923.8,452.25,957
2026-05-07,C-OTT-014-001,1958.3,470.99,885
2026-05-08,C-OTT-014-001,1763.9,492.36,1114
2026-05-09,C-OTT-014-001,1430.2,538.1,808
2026-05-10,C-OTT-014-001,1505.2,447.29,783
2026-05-11,C-OTT-014-001,1808.3,517.08,899
2026-05-12,C-OTT-014-001,1762.3,390.66,1108
2026-05-13,C-OTT-014-001,2256.2,405.88,795
2026-05-14,C-OTT-014-001,1864.1,502.3,1042
2026-05-15,C-OTT-014-001,2187.8,424.49,790
2026-05-16,C-OTT-014-001,1293.6,551.44,832
2026-05-17,C-OTT-014-001,1563.8,493.07,854
2026-05-18,C-OTT-014-001,2148.1,382.15,771
2026-05-19,C-OTT-014-001,2240.5,482.98,972
2026-05-20,C-OTT-014-001,2269.2,420.6,922
2026-05-21,C-OTT-014-001,1872.8,407.79,883
2026-05-22,C-OTT-014-001,2241.3,393.73,800
2026-05-23,C-OTT-014-001,1429.0,480.92,1094
2026-05-24,C-OTT-014-001,1539.4,489.64,1103
2026-05-25,C-OTT-014-001,1744.4,403.06,1102
2026-05-26,C-OTT-014-001,1686.0,462.91,914
2026-05-27,C-OTT-014-001,1988.4,498.28,923
2026-05-28,C-OTT-014-001,1833.3,379.14,1108
2026-05-29,C-OTT-014-001,1899.0,484.7,852
2026-05-30,C-OTT-014-001,1265.5,543.02,1121
2026-05-31,C-OTT-014-001,1314.7,479.47,848
2026-05-04,C-OTT-014-002,1320.2,786.52,543
2026-05-05,C-OTT-014-002,1199.2,779.18,670
2026-05-06,C-OTT-014-002,1294.0,778.58,590
2026-05-07,C-OTT-014-002,1460.7,840.2,646
2026-05-08,C-OTT-014-002,1207.7,800.18,517
2026-05-09,C-OTT-014-002,974.4,919.81,705
2026-05-10,C-OTT-014-002,984.8,842.8,509
2026-05-11,C-OTT-014-002,1157.4,758.35,618
2026-05-12,C-OTT-014-002,1156.3,761.46,513
2026-05-13,C-OTT-014-002,1391.6,902.4,520
2026-05-14,C-OTT-014-002,1147.5,787.63,627
2026-05-15,C-OTT-014-002,1220.2,799.56,655
2026-05-16,C-OTT-014-002,950.5,869.21,669
2026-05-17,C-OTT-014-002,798.1,967.34,636
2026-05-18,C-OTT-014-002,1363.8,718.79,706
2026-05-19,C-OTT-014-002,1462.4,813.92,538
2026-05-20,C-OTT-014-002,1390.2,711.55,621
2026-05-21,C-OTT-014-002,1362.4,836.26,726
2026-05-22,C-OTT-014-002,1284.5,754.01,745
2026-05-23,C-OTT-014-002,904.2,860.87,701
2026-05-24,C-OTT-014-002,1015.6,934.87,660
2026-05-25,C-OTT-014-002,1340.5,741.53,731
2026-05-26,C-OTT-014-002,1364.9,685.27,517
2026-05-27,C-OTT-014-002,1272.0,742.28,676
2026-05-28,C-OTT-014-002,1202.2,704.22,670
2026-05-29,C-OTT-014-002,1441.7,904.92,561
2026-05-30,C-OTT-014-002,959.4,760.66,633
2026-05-31,C-OTT-014-002,786.1,754.33,608
2026-05-04,C-OTT-014-003,1315.1,745.46,1016
2026-05-05,C-OTT-014-003,1556.0,668.03,1037
2026-05-06,C-OTT-014-003,1379.2,711.64,1140
2026-05-07,C-OTT-014-003,1646.9,611.43,1220
2026-05-08,C-OTT-014-003,1536.3,741.92,1103
2026-05-09,C-OTT-014-003,916.6,833.08,1093
2026-05-10,C-OTT-014-003,916.0,623.73,995
2026-05-11,C-OTT-014-003,1481.6,576.65,1174
2026-05-12,C-OTT-014-003,1306.5,680.66,1013
2026-05-13,C-OTT-014-003,1498.5,726.75,1319
2026-05-14,C-OTT-014-003,1607.5,537.32,1152
2026-05-15,C-OTT-014-003,1271.0,707.62,1192
2026-05-16,C-OTT-014-003,942.1,677.33,1028
2026-05-17,C-OTT-014-003,955.3,667.37,1491
2026-05-18,C-OTT-014-003,1334.3,624.85,1044
2026-05-19,C-OTT-014-003,1418.9,637.92,1492
2026-05-20,C-OTT-014-003,1254.4,658.42,1305
2026-05-21,C-OTT-014-003,1321.9,738.43,1213
2026-05-22,C-OTT-014-003,1363.4,666.25,1227
2026-05-23,C-OTT-014-003,916.3,744.43,1488
2026-05-24,C-OTT-014-003,1168.0,839.1,1155
2026-05-25,C-OTT-014-003,1277.2,535.65,1362
2026-05-26,C-OTT-014-003,1372.5,590.97,1461
2026-05-27,C-OTT-014-003,1357.0,728.27,1355
2026-05-28,C-OTT-014-003,1289.6,643.52,1417
2026-05-29,C-OTT-014-003,1418.2,620.97,1458
2026-05-30,C-OTT-014-003,1117.7,837.44,1141
2026-05-31,C-OTT-014-003,1054.9,812.74,1038
2026-05-04,C-SAS-001-001,1137.0,210.74,1024
2026-05-05,C-SAS-001-001,1434.0,208.22,1066
2026-05-06,C-SAS-001-001,1325.4,235.73,1138
2026-05-07,C-SAS-001-001,1146.2,224.66,1162
2026-05-08,C-SAS-001-001,1331.8,176.74,1304
2026-05-09,C-SAS-001-001,839.4,258.88,1359
2026-05-10,C-SAS-001-001,746.8,259.19,1451
2026-05-11,C-SAS-001-001,1427.6,179.7,1030
2026-05-12,C-SAS-001-001,1250.6,178.94,1371
2026-05-13,C-SAS-001-001,1194.3,204.36,1326
2026-05-14,C-SAS-001-001,1087.9,231.15,1443
2026-05-15,C-SAS-001-001,1136.6,214.93,1056
2026-05-16,C-SAS-001-001,788.1,253.79,1112
2026-05-17,C-SAS-001-001,857.0,241.13,1467
2026-05-18,C-SAS-001-001,1128.2,192.86,1286
2026-05-19,C-SAS-001-001,1260.2,220.26,1453
2026-05-20,C-SAS-001-001,1363.4,182.32,1275
2026-05-21,C-SAS-001-001,1348.0,225.29,1238
2026-05-22,C-SAS-001-001,1313.4,211.43,1119
2026-05-23,C-SAS-001-001,819.4,228.87,1156
2026-05-24,C-SAS-001-001,891.4,262.56,1196
2026-05-25,C-SAS-001-001,1271.9,184.1,1023
2026-05-26,C-SAS-001-001,1327.6,219.49,1498
2026-05-27,C-SAS-001-001,1141.1,235.65,1119
2026-05-28,C-SAS-001-001,1198.9,201.56,1191
2026-05-29,C-SAS-001-001,1291.8,186.38,1147
2026-05-30,C-SAS-001-001,972.3,238.97,1465
2026-05-31,C-SAS-001-001,759.6,250.21,1251
2026-05-04,C-SAS-001-002,1609.9,979.19,834
2026-05-05,C-SAS-001-002,1482.9,1067.18,738
2026-05-06,C-SAS-001-002,1513.2,977.07,963
2026-05-07,C-SAS-001-002,1241.9,1102.14,872
2026-05-08,C-SAS-001-002,1590.5,976.33,906
2026-05-09,C-SAS-001-002,1043.0,1257.09,665
2026-05-10,C-SAS-001-002,965.9,1096.59,893
2026-05-11,C-SAS-001-002,1651.1,1225.63,845
2026-05-12,C-SAS-001-002,1619.7,1011.4,825
2026-05-13,C-SAS-001-002,1499.4,999.26,669
2026-05-14,C-SAS-001-002,1657.9,1067.72,882
2026-05-15,C-SAS-001-002,1535.7,1203.69,907
2026-05-16,C-SAS-001-002,957.9,1149.57,865
2026-05-17,C-SAS-001-002,971.1,1257.02,884
2026-05-18,C-SAS-001-002,1612.6,942.08,752
2026-05-19,C-SAS-001-002,1505.7,1088.11,801
2026-05-20,C-SAS-001-002,1357.1,1079.69,751
2026-05-21,C-SAS-001-002,1291.5,928.45,793
2026-05-22,C-SAS-001-002,1544.8,1111.22,861
2026-05-23,C-SAS-001-002,1044.3,1361.13,918
2026-05-24,C-SAS-001-002,1155.2,1226.77,923
2026-05-25,C-SAS-001-002,1325.4,968.25,909
2026-05-26,C-SAS-001-002,1411.9,960.93,906
2026-05-27,C-SAS-001-002,1602.6,939.29,719
2026-05-28,C-SAS-001-002,1667.3,1101.02,705
2026-05-29,C-SAS-001-002,1449.7,1010.63,943
2026-05-30,C-SAS-001-002,1058.4,1118.7,783
2026-05-31,C-SAS-001-002,1089.7,1393.14,765
2026-05-04,C-SAS-001-003,2038.2,310.64,989
2026-05-05,C-SAS-001-003,2051.1,346.97,941
2026-05-06,C-SAS-001-003,2119.2,370.44,1229
2026-05-07,C-SAS-001-003,2141.7,266.31,940
2026-05-08,C-SAS-001-003,2077.4,333.68,1192
2026-05-09,C-SAS-001-003,1568.5,396.0,873
2026-05-10,C-SAS-001-003,1566.3,355.38,972
2026-05-11,C-SAS-001-003,2113.1,368.17,1204
2026-05-12,C-SAS-001-003,2182.0,304.76,1010
2026-05-13,C-SAS-001-003,1859.7,349.05,965
2026-05-14,C-SAS-001-003,1810.4,284.91,1000
2026-05-15,C-SAS-001-003,1816.6,357.34,953
2026-05-16,C-SAS-001-003,1299.3,341.22,845
2026-05-17,C-SAS-001-003,1676.8,406.9,1189
2026-05-18,C-SAS-001-003,2153.8,279.69,907
2026-05-19,C-SAS-001-003,2063.4,299.15,1132
2026-05-20,C-SAS-001-003,2319.4,348.11,1121
2026-05-21,C-SAS-001-003,2108.0,280.16,1035
2026-05-22,C-SAS-001-003,2244.6,309.09,1071
2026-05-23,C-SAS-001-003,1331.3,421.85,1049
2026-05-24,C-SAS-001-003,1573.4,418.02,1229
2026-05-25,C-SAS-001-003,1819.9,294.89,1129
2026-05-26,C-SAS-001-003,2240.5,362.11,1066
2026-05-27,C-SAS-001-003,2279.5,344.73,894
2026-05-28,C-SAS-001-003,2298.7,342.1,968
2026-05-29,C-SAS-001-003,2332.8,327.24,862
2026-05-30,C-SAS-001-003,1677.2,384.44,1110
2026-05-31,C-SAS-001-003,1449.1,369.16,1187
2026-05-04,C-LAV-008-001,1293.3,151.2,1316
2026-05-05,C-LAV-008-001,1406.0,165.86,1135
2026-05-06,C-LAV-008-001,1532.4,163.52,1278
2026-05-07,C-LAV-008-001,1690.6,181.89,1234
2026-05-08,C-LAV-008-001,1465.4,162.13,1196
2026-05-09,C-LAV-008-001,1146.8,204.47,1243
2026-05-10,C-LAV-008-001,1079.8,218.27,1133
2026-05-11,C-LAV-008-001,1397.0,167.11,1180
2026-05-12,C-LAV-008-001,1285.5,145.6,993
2026-05-13,C-LAV-008-001,1615.1,161.6,1078
2026-05-14,C-LAV-008-001,1355.3,151.71,1209
2026-05-15,C-LAV-008-001,1492.9,186.03,986
2026-05-16,C-LAV-008-001,1167.3,220.72,1119
2026-05-17,C-LAV-008-001,883.3,189.62,1295
2026-05-18,C-LAV-008-001,1496.4,141.46,1278
2026-05-19,C-LAV-008-001,1337.0,142.53,968
2026-05-20,C-LAV-008-001,1274.4,177.03,1058
2026-05-21,C-LAV-008-001,1448.7,166.03,1323
2026-05-22,C-LAV-008-001,1537.6,190.6,1252
2026-05-23,C-LAV-008-001,1104.0,204.13,1377
2026-05-24,C-LAV-008-001,935.7,212.06,1365
2026-05-25,C-LAV-008-001,1503.5,194.34,1393
2026-05-26,C-LAV-008-001,1669.6,161.4,1152
2026-05-27,C-LAV-008-001,1299.4,163.81,1276
2026-05-28,C-LAV-008-001,1641.3,191.15,1203
2026-05-29,C-LAV-008-001,1651.7,164.07,959
2026-05-30,C-LAV-008-001,1119.8,175.64,1269
2026-05-31,C-LAV-008-001,1093.3,165.21,1294
2026-05-04,C-LAV-008-002,1337.7,911.01,977
2026-05-05,C-LAV-008-002,1361.5,948.21,809
2026-05-06,C-LAV-008-002,1446.4,982.61,761
2026-05-07,C-LAV-008-002,1316.0,895.64,1021
2026-05-08,C-LAV-008-002,1552.5,797.09,732
2026-05-09,C-LAV-008-002,1108.3,994.87,1055
2026-05-10,C-LAV-008-002,882.9,909.73,754
2026-05-11,C-LAV-008-002,1645.9,939.03,884
2026-05-12,C-LAV-008-002,1356.4,953.74,731
2026-05-13,C-LAV-008-002,1351.2,1066.03,985
2026-05-14,C-LAV-008-002,1444.1,813.33,737
2026-05-15,C-LAV-008-002,1355.8,910.68,855
2026-05-16,C-LAV-008-002,881.2,1012.13,1009
2026-05-17,C-LAV-008-002,1161.9,1166.95,924
2026-05-18,C-LAV-008-002,1306.6,967.73,758
2026-05-19,C-LAV-008-002,1450.9,845.41,753
2026-05-20,C-LAV-008-002,1484.6,1008.13,716
2026-05-21,C-LAV-008-002,1253.2,1039.12,783
2026-05-22,C-LAV-008-002,1453.5,922.59,833
2026-05-23,C-LAV-008-002,864.3,1070.53,824
2026-05-24,C-LAV-008-002,983.2,1033.3,1010
2026-05-25,C-LAV-008-002,1271.5,906.33,878
2026-05-26,C-LAV-008-002,1544.9,800.97,834
2026-05-27,C-LAV-008-002,1329.8,803.15,936
2026-05-28,C-LAV-008-002,1321.6,827.22,998
2026-05-29,C-LAV-008-002,1623.1,809.88,1007
2026-05-30,C-LAV-008-002,1094.8,987.68,910
2026-05-31,C-LAV-008-002,1013.7,926.08,924
2026-05-04,C-LAV-008-003,1608.9,255.8,615
2026-05-05,C-LAV-008-003,1834.2,269.8,782
2026-05-06,C-LAV-008-003,1814.2,236.8,779
2026-05-07,C-LAV-008-003,1908.9,260.14,825
2026-05-08,C-LAV-008-003,1456.2,229.48,828
2026-05-09,C-LAV-008-003,1253.8,241.73,686
2026-05-10,C-LAV-008-003,1181.8,267.19,573
2026-05-11,C-LAV-008-003,1608.2,281.42,848
2026-05-12,C-LAV-008-003,1855.2,229.27,651
2026-05-13,C-LAV-008-003,1446.8,238.03,769
2026-05-14,C-LAV-008-003,1492.1,225.76,698
2026-05-15,C-LAV-008-003,1813.6,250.31,786
2026-05-16,C-LAV-008-003,1270.5,263.7,785
2026-05-17,C-LAV-008-003,1150.1,272.02,613
2026-05-18,C-LAV-008-003,1633.4,237.54,669
2026-05-19,C-LAV-008-003,1430.9,252.93,772
2026-05-20,C-LAV-008-003,1422.0,250.95,720
2026-05-21,C-LAV-008-003,1719.1,258.16,782
2026-05-22,C-LAV-008-003,1878.3,216.07,641
2026-05-23,C-LAV-008-003,1315.0,315.92,800
2026-05-24,C-LAV-008-003,991.7,293.56,600
2026-05-25,C-LAV-008-003,1478.5,216.3,772
2026-05-26,C-LAV-008-003,1533.7,238.9,598
2026-05-27,C-LAV-008-003,1848.0,284.52,684
2026-05-28,C-LAV-008-003,1490.9,282.05,820
2026-05-29,C-LAV-008-003,1515.1,266.95,814
2026-05-30,C-LAV-008-003,1246.2,262.69,817
2026-05-31,C-LAV-008-003,1000.3,293.38,788
2026-05-04,C-QBC-009-001,2236.8,465.63,869
2026-05-05,C-QBC-009-001,2405.5,438.22,906
2026-05-06,C-QBC-009-001,2361.3,372.11,867
2026-05-07,C-QBC-009-001,2400.1,412.7,844
2026-05-08,C-QBC-009-001,2024.1,448.13,957
2026-05-09,C-QBC-009-001,1637.3,424.46,708
2026-05-10,C-QBC-009-001,1639.2,515.71,854
2026-05-11,C-QBC-009-001,2024.9,437.14,1010
2026-05-12,C-QBC-009-001,2033.5,364.84,696
2026-05-13,C-QBC-009-001,2276.5,452.17,1026
2026-05-14,C-QBC-009-001,2314.3,476.11,838
2026-05-15,C-QBC-009-001,2118.5,464.1,771
2026-05-16,C-QBC-009-001,1424.5,484.78,803
2026-05-17,C-QBC-009-001,1742.2,512.41,973
2026-05-18,C-QBC-009-001,2200.5,391.66,869
2026-05-19,C-QBC-009-001,1878.9,438.3,696
2026-05-20,C-QBC-009-001,2337.4,455.08,1003
2026-05-21,C-QBC-009-001,2375.8,424.28,748
2026-05-22,C-QBC-009-001,1925.9,496.95,1027
2026-05-23,C-QBC-009-001,1710.6,563.42,938
2026-05-24,C-QBC-009-001,1480.6,472.18,1023
2026-05-25,C-QBC-009-001,2393.6,464.34,723
2026-05-26,C-QBC-009-001,2458.2,493.41,920
2026-05-27,C-QBC-009-001,2094.4,373.13,740
2026-05-28,C-QBC-009-001,2513.6,368.58,997
2026-05-29,C-QBC-009-001,2175.0,478.6,962
2026-05-30,C-QBC-009-001,1720.3,523.39,838
2026-05-31,C-QBC-009-001,1630.1,487.55,721
2026-05-04,C-QBC-009-002,1739.3,380.9,437
2026-05-05,C-QBC-009-002,1921.7,442.61,435
2026-05-06,C-QBC-009-002,1635.8,394.16,586
2026-05-07,C-QBC-009-002,1690.9,389.49,447
2026-05-08,C-QBC-009-002,1882.7,410.83,570
2026-05-09,C-QBC-009-002,1301.7,492.47,580
2026-05-10,C-QBC-009-002,1268.0,430.18,478
2026-05-11,C-QBC-009-002,1950.7,388.83,516
2026-05-12,C-QBC-009-002,1950.2,389.44,568
2026-05-13,C-QBC-009-002,1601.3,408.38,622
2026-05-14,C-QBC-009-002,1527.0,421.75,442
2026-05-15,C-QBC-009-002,1851.1,407.13,569
2026-05-16,C-QBC-009-002,1139.7,491.2,557
2026-05-17,C-QBC-009-002,1103.0,387.36,568
2026-05-18,C-QBC-009-002,1653.4,393.3,490
2026-05-19,C-QBC-009-002,1880.6,387.66,500
2026-05-20,C-QBC-009-002,1565.1,369.67,434
2026-05-21,C-QBC-009-002,1605.7,430.24,511
2026-05-22,C-QBC-009-002,1447.2,393.62,521
2026-05-23,C-QBC-009-002,1310.9,486.94,606
2026-05-24,C-QBC-009-002,1097.4,443.66,492
2026-05-25,C-QBC-009-002,1834.8,400.8,553
2026-05-26,C-QBC-009-002,1842.0,349.66,453
2026-05-27,C-QBC-009-002,1700.3,394.64,496
2026-05-28,C-QBC-009-002,1600.0,337.13,475
2026-05-29,C-QBC-009-002,1656.9,460.9,556
2026-05-30,C-QBC-009-002,1082.6,461.16,526
2026-05-31,C-QBC-009-002,1227.7,379.7,611
2026-05-04,C-QBC-009-003,1489.0,286.61,879
2026-05-05,C-QBC-009-003,1542.9,287.61,815
2026-05-06,C-QBC-009-003,1668.8,305.64,927
2026-05-07,C-QBC-009-003,1414.3,254.67,678
2026-05-08,C-QBC-009-003,1513.4,244.05,954
2026-05-09,C-QBC-009-003,1052.9,285.27,742
2026-05-10,C-QBC-009-003,1084.1,366.67,948
2026-05-11,C-QBC-009-003,1648.1,257.83,810
2026-05-12,C-QBC-009-003,1461.6,249.53,865
2026-05-13,C-QBC-009-003,1704.9,275.87,687
2026-05-14,C-QBC-009-003,1761.7,295.25,987
2026-05-15,C-QBC-009-003,1775.5,328.9,733
2026-05-16,C-QBC-009-003,1132.7,370.95,728
2026-05-17,C-QBC-009-003,961.5,361.62,961
2026-05-18,C-QBC-009-003,1708.4,305.9,922
2026-05-19,C-QBC-009-003,1650.5,285.01,755
2026-05-20,C-QBC-009-003,1506.1,281.31,770
2026-05-21,C-QBC-009-003,1706.4,248.57,844
2026-05-22,C-QBC-009-003,1360.2,249.77,846
2026-05-23,C-QBC-009-003,941.8,382.41,943
2026-05-24,C-QBC-009-003,1146.7,350.23,779
2026-05-25,C-QBC-009-003,1659.9,316.42,1000
2026-05-26,C-QBC-009-003,1457.2,323.89,733
2026-05-27,C-QBC-009-003,1607.5,297.39,906
2026-05-28,C-QBC-009-003,1440.6,307.77,895
2026-05-29,C-QBC-009-003,1717.3,305.66,926
2026-05-30,C-QBC-009-003,968.2,347.15,875
2026-05-31,C-QBC-009-003,1011.8,372.48,974
2026-05-04,C-MNC-004-001,1298.8,337.98,807
2026-05-05,C-MNC-004-001,1469.1,305.08,779
2026-05-06,C-MNC-004-001,1175.9,267.87,636
2026-05-07,C-MNC-004-001,1194.9,318.53,907
2026-05-08,C-MNC-004-001,1179.3,285.96,673
2026-05-09,C-MNC-004-001,994.9,287.71,732
2026-05-10,C-MNC-004-001,1032.7,379.23,794
2026-05-11,C-MNC-004-001,1310.9,278.43,785
2026-05-12,C-MNC-004-001,1394.5,329.53,810
2026-05-13,C-MNC-004-001,1284.0,339.47,754
2026-05-14,C-MNC-004-001,1213.6,305.88,834
2026-05-15,C-MNC-004-001,1383.7,319.68,805
2026-05-16,C-MNC-004-001,945.1,382.95,860
2026-05-17,C-MNC-004-001,937.8,363.4,729
2026-05-18,C-MNC-004-001,1160.5,253.4,846
2026-05-19,C-MNC-004-001,1380.6,255.14,909
2026-05-20,C-MNC-004-001,1421.3,290.8,839
2026-05-21,C-MNC-004-001,1230.1,304.16,763
2026-05-22,C-MNC-004-001,1246.2,313.86,943
2026-05-23,C-MNC-004-001,961.1,290.76,760
2026-05-24,C-MNC-004-001,1049.5,319.99,928
2026-05-25,C-MNC-004-001,1257.1,259.2,661
2026-05-26,C-MNC-004-001,1120.1,283.65,684
2026-05-27,C-MNC-004-001,1167.3,334.58,661
2026-05-28,C-MNC-004-001,1359.3,289.78,853
2026-05-29,C-MNC-004-001,1333.2,318.79,674
2026-05-30,C-MNC-004-001,867.0,303.54,674
2026-05-31,C-MNC-004-001,1034.1,346.5,932
2026-05-04,C-MNC-004-002,1875.6,464.0,1361
2026-05-05,C-MNC-004-002,1794.5,408.38,1430
2026-05-06,C-MNC-004-002,2316.1,412.41,1226
2026-05-07,C-MNC-004-002,1794.6,450.89,1092
2026-05-08,C-MNC-004-002,2178.4,521.76,1401
2026-05-09,C-MNC-004-002,1665.7,534.78,1073
2026-05-10,C-MNC-004-002,1554.1,488.59,1338
2026-05-11,C-MNC-004-002,1961.2,519.52,1074
2026-05-12,C-MNC-004-002,2337.6,409.84,1110
2026-05-13,C-MNC-004-002,2161.0,554.46,1197
2026-05-14,C-MNC-004-002,2047.0,549.01,1378
2026-05-15,C-MNC-004-002,2049.7,404.32,1308
2026-05-16,C-MNC-004-002,1557.1,622.38,1062
2026-05-17,C-MNC-004-002,1642.9,589.36,1509
2026-05-18,C-MNC-004-002,2099.7,482.57,1452
2026-05-19,C-MNC-004-002,2089.9,417.88,1118
2026-05-20,C-MNC-004-002,1832.4,402.38,1437
2026-05-21,C-MNC-004-002,2120.0,435.6,1242
2026-05-22,C-MNC-004-002,2270.3,502.92,1070
2026-05-23,C-MNC-004-002,1507.7,476.41,1115
2026-05-24,C-MNC-004-002,1682.2,481.77,1067
2026-05-25,C-MNC-004-002,2108.3,414.31,1121
2026-05-26,C-MNC-004-002,2040.2,501.64,1480
2026-05-27,C-MNC-004-002,2383.2,505.04,1394
2026-05-28,C-MNC-004-002,2054.0,540.3,1210
2026-05-29,C-MNC-004-002,2344.9,409.15,1113
2026-05-30,C-MNC-004-002,1548.4,582.07,1174
2026-05-31,C-MNC-004-002,1616.2,534.96,1054
2026-05-04,C-MNC-004-003,992.4,522.5,1232
2026-05-05,C-MNC-004-003,1069.7,407.77,1208
2026-05-06,C-MNC-004-003,1064.8,500.02,1161
2026-05-07,C-MNC-004-003,1125.0,452.34,1204
2026-05-08,C-MNC-004-003,1174.1,393.01,1465
2026-05-09,C-MNC-004-003,702.2,516.27,1261
2026-05-10,C-MNC-004-003,732.3,540.85,1353
2026-05-11,C-MNC-004-003,1215.3,400.23,1407
2026-05-12,C-MNC-004-003,1052.1,542.91,1195
2026-05-13,C-MNC-004-003,1056.7,452.73,1469
2026-05-14,C-MNC-004-003,1062.2,454.75,1052
2026-05-15,C-MNC-004-003,1076.0,449.84,1237
2026-05-16,C-MNC-004-003,727.2,506.97,1322
2026-05-17,C-MNC-004-003,699.3,617.3,1215
2026-05-18,C-MNC-004-003,1132.4,429.0,1481
2026-05-19,C-MNC-004-003,1196.3,392.21,1175
2026-05-20,C-MNC-004-003,963.7,444.43,1358
2026-05-21,C-MNC-004-003,1010.2,429.97,1047
2026-05-22,C-MNC-004-003,1016.3,454.15,1228
2026-05-23,C-MNC-004-003,783.2,615.16,1350
2026-05-24,C-MNC-004-003,733.9,554.16,1273
2026-05-25,C-MNC-004-003,1057.0,478.0,1181
2026-05-26,C-MNC-004-003,1140.0,398.04,1174
2026-05-27,C-MNC-004-003,905.7,490.68,1463
2026-05-28,C-MNC-004-003,1218.8,508.09,1043
2026-05-29,C-MNC-004-003,981.4,481.57,1278
2026-05-30,C-MNC-004-003,833.4,593.47,1284
2026-05-31,C-MNC-004-003,767.1,455.2,1168
2026-05-04,C-LDN-015-001,1693.4,191.53,979
2026-05-05,C-LDN-015-001,1694.9,189.78,1094
2026-05-06,C-LDN-015-001,1926.8,239.74,1010
2026-05-07,C-LDN-015-001,1489.6,192.95,976
2026-05-08,C-LDN-015-001,1877.4,200.04,1109
2026-05-09,C-LDN-015-001,1288.9,234.12,939
2026-05-10,C-LDN-015-001,1176.4,227.37,1092
2026-05-11,C-LDN-015-001,1765.9,200.09,1062
2026-05-12,C-LDN-015-001,1470.8,230.55,811
2026-05-13,C-LDN-015-001,1510.3,178.31,1003
2026-05-14,C-LDN-015-001,1474.2,242.14,971
2026-05-15,C-LDN-015-001,1933.2,223.78,882
2026-05-16,C-LDN-015-001,1023.9,242.17,863
2026-05-17,C-LDN-015-001,1035.5,231.52,772
2026-05-18,C-LDN-015-001,1829.3,180.28,1044
2026-05-19,C-LDN-015-001,1875.4,249.18,797
2026-05-20,C-LDN-015-001,1959.2,233.94,948
2026-05-21,C-LDN-015-001,1493.1,217.13,1119
2026-05-22,C-LDN-015-001,1467.7,223.32,771
2026-05-23,C-LDN-015-001,1229.1,211.6,782
2026-05-24,C-LDN-015-001,1251.5,221.87,789
2026-05-25,C-LDN-015-001,1534.3,237.98,861
2026-05-26,C-LDN-015-001,1632.8,237.28,1007
2026-05-27,C-LDN-015-001,1913.7,196.39,1004
2026-05-28,C-LDN-015-001,1592.2,190.14,842
2026-05-29,C-LDN-015-001,1452.7,229.75,759
2026-05-30,C-LDN-015-001,1052.0,222.57,893
2026-05-31,C-LDN-015-001,1358.9,214.12,777
2026-05-04,C-LDN-015-002,953.7,435.75,1276
2026-05-05,C-LDN-015-002,835.3,551.71,1329
2026-05-06,C-LDN-015-002,817.6,571.72,1340
2026-05-07,C-LDN-015-002,1052.9,473.15,948
2026-05-08,C-LDN-015-002,990.2,582.19,1302
2026-05-09,C-LDN-015-002,578.5,650.61,1234
2026-05-10,C-LDN-015-002,579.1,540.08,990
2026-05-11,C-LDN-015-002,1033.0,432.7,1362
2026-05-12,C-LDN-015-002,972.4,490.86,1366
2026-05-13,C-LDN-015-002,807.9,579.16,1082
2026-05-14,C-LDN-015-002,1008.7,466.03,1273
2026-05-15,C-LDN-015-002,903.2,436.99,1031
2026-05-16,C-LDN-015-002,741.9,609.99,1042
2026-05-17,C-LDN-015-002,583.9,647.89,1021
2026-05-18,C-LDN-015-002,899.3,436.95,1169
2026-05-19,C-LDN-015-002,965.2,491.93,1183
2026-05-20,C-LDN-015-002,1043.0,548.84,1018
2026-05-21,C-LDN-015-002,810.8,454.02,987
2026-05-22,C-LDN-015-002,878.2,547.47,993
2026-05-23,C-LDN-015-002,628.1,625.81,1235
2026-05-24,C-LDN-015-002,647.9,587.01,1209
2026-05-25,C-LDN-015-002,941.9,443.61,977
2026-05-26,C-LDN-015-002,933.8,460.71,1159
2026-05-27,C-LDN-015-002,1031.3,537.76,1233
2026-05-28,C-LDN-015-002,926.0,477.02,998
2026-05-29,C-LDN-015-002,964.5,512.4,1221
2026-05-30,C-LDN-015-002,621.0,624.31,1013
2026-05-31,C-LDN-015-002,652.7,598.02,1037
2026-05-04,C-LDN-015-003,1276.4,180.83,699
2026-05-05,C-LDN-015-003,1048.1,172.37,754
2026-05-06,C-LDN-015-003,980.0,218.15,781
2026-05-07,C-LDN-015-003,974.9,168.22,618
2026-05-08,C-LDN-015-003,1066.7,207.09,704
2026-05-09,C-LDN-015-003,702.4,225.57,751
2026-05-10,C-LDN-015-003,803.1,254.02,648
2026-05-11,C-LDN-015-003,1169.0,175.31,605
2026-05-12,C-LDN-015-003,1072.8,182.34,732
2026-05-13,C-LDN-015-003,1017.0,195.41,650
2026-05-14,C-LDN-015-003,967.5,224.6,559
2026-05-15,C-LDN-015-003,1177.8,194.75,700
2026-05-16,C-LDN-015-003,853.3,206.5,706
2026-05-17,C-LDN-015-003,713.0,217.26,772
2026-05-18,C-LDN-015-003,1009.9,194.6,579
2026-05-19,C-LDN-015-003,1025.4,205.61,632
2026-05-20,C-LDN-015-003,1197.5,190.69,664
2026-05-21,C-LDN-015-003,1173.4,185.46,772
2026-05-22,C-LDN-015-003,1221.0,229.79,548
2026-05-23,C-LDN-015-003,776.6,254.53,737
2026-05-24,C-LDN-015-003,764.3,209.68,657
2026-05-25,C-LDN-015-003,1208.4,163.83,665
2026-05-26,C-LDN-015-003,1193.7,214.07,688
2026-05-27,C-LDN-015-003,1157.9,218.73,717
2026-05-28,C-LDN-015-003,1112.5,200.92,740
2026-05-29,C-LDN-015-003,1131.1,166.65,594
2026-05-30,C-LDN-015-003,879.5,189.92,701
2026-05-31,C-LDN-015-003,798.3,221.68,715
2026-05-04,C-QBC-010-001,1029.5,166.08,1510
2026-05-05,C-QBC-010-001,1179.9,162.32,1289
2026-05-06,C-QBC-010-001,1216.6,167.87,1189
2026-05-07,C-QBC-010-001,936.3,183.04,1563
2026-05-08,C-QBC-010-001,1183.3,153.61,1406
2026-05-09,C-QBC-010-001,805.8,192.05,1405
2026-05-10,C-QBC-010-001,651.1,160.58,1547
2026-05-11,C-QBC-010-001,1113.4,146.24,1090
2026-05-12,C-QBC-010-001,994.2,180.02,1512
2026-05-13,C-QBC-010-001,1161.0,161.95,1434
2026-05-14,C-QBC-010-001,1032.8,185.57,1294
2026-05-15,C-QBC-010-001,1168.5,162.25,1427
2026-05-16,C-QBC-010-001,698.7,193.71,1065
2026-05-17,C-QBC-010-001,798.0,209.69,1439
2026-05-18,C-QBC-010-001,962.3,169.08,1391
2026-05-19,C-QBC-010-001,1127.9,181.25,1078
2026-05-20,C-QBC-010-001,1165.1,146.97,1215
2026-05-21,C-QBC-010-001,1027.5,189.8,1267
2026-05-22,C-QBC-010-001,1079.4,187.5,1411
2026-05-23,C-QBC-010-001,847.5,186.95,1198
2026-05-24,C-QBC-010-001,830.9,209.21,1443
2026-05-25,C-QBC-010-001,1122.7,136.48,1130
2026-05-26,C-QBC-010-001,1138.8,164.7,1530
2026-05-27,C-QBC-010-001,1186.1,183.36,1056
2026-05-28,C-QBC-010-001,928.9,158.4,1520
2026-05-29,C-QBC-010-001,1077.4,167.42,1292
2026-05-30,C-QBC-010-001,871.0,156.01,1175
2026-05-31,C-QBC-010-001,710.4,164.26,1332
2026-05-04,C-QBC-010-002,1792.3,425.4,724
2026-05-05,C-QBC-010-002,2103.0,464.86,737
2026-05-06,C-QBC-010-002,1800.7,517.8,697
2026-05-07,C-QBC-010-002,2114.9,509.94,852
2026-05-08,C-QBC-010-002,2301.8,431.65,642
2026-05-09,C-QBC-010-002,1348.4,576.11,727
2026-05-10,C-QBC-010-002,1435.8,614.82,622
2026-05-11,C-QBC-010-002,2073.9,467.77,852
2026-05-12,C-QBC-010-002,1837.5,445.71,790
2026-05-13,C-QBC-010-002,2271.6,520.24,799
2026-05-14,C-QBC-010-002,2262.3,538.23,709
2026-05-15,C-QBC-010-002,2047.6,468.23,836
2026-05-16,C-QBC-010-002,1543.3,487.04,809
2026-05-17,C-QBC-010-002,1597.2,565.81,600
2026-05-18,C-QBC-010-002,1983.7,477.47,842
2026-05-19,C-QBC-010-002,1814.7,533.4,767
2026-05-20,C-QBC-010-002,1873.6,492.22,804
2026-05-21,C-QBC-010-002,2336.2,494.13,608
2026-05-22,C-QBC-010-002,2144.1,444.01,824
2026-05-23,C-QBC-010-002,1551.9,543.7,807
2026-05-24,C-QBC-010-002,1248.1,583.06,754
2026-05-25,C-QBC-010-002,1837.4,499.08,694
2026-05-26,C-QBC-010-002,1840.1,459.66,797
2026-05-27,C-QBC-010-002,2267.9,490.01,785
2026-05-28,C-QBC-010-002,2007.6,524.11,727
2026-05-29,C-QBC-010-002,1877.0,423.38,717
2026-05-30,C-QBC-010-002,1557.5,622.55,629
2026-05-31,C-QBC-010-002,1557.0,586.3,597
2026-05-04,C-QBC-010-003,961.2,401.68,1539
2026-05-05,C-QBC-010-003,1151.9,411.13,1562
2026-05-06,C-QBC-010-003,927.8,383.84,1413
2026-05-07,C-QBC-010-003,909.1,390.07,1490
2026-05-08,C-QBC-010-003,1069.0,369.81,1319
2026-05-09,C-QBC-010-003,816.6,363.08,1358
2026-05-10,C-QBC-010-003,639.6,435.12,1514
2026-05-11,C-QBC-010-003,912.2,385.67,1337
2026-05-12,C-QBC-010-003,881.8,337.42,1306
2026-05-13,C-QBC-010-003,1017.5,341.23,1324
2026-05-14,C-QBC-010-003,1106.1,325.39,1193
2026-05-15,C-QBC-010-003,893.8,378.14,1551
2026-05-16,C-QBC-010-003,709.6,372.65,1409
2026-05-17,C-QBC-010-003,753.9,397.42,1306
2026-05-18,C-QBC-010-003,1031.8,351.48,1204
2026-05-19,C-QBC-010-003,1177.5,412.11,1481
2026-05-20,C-QBC-010-003,982.2,356.6,1579
2026-05-21,C-QBC-010-003,904.5,348.26,1249
2026-05-22,C-QBC-010-003,948.3,359.33,1359
2026-05-23,C-QBC-010-003,704.5,457.53,1586
2026-05-24,C-QBC-010-003,748.1,477.35,1245
2026-05-25,C-QBC-010-003,1043.3,329.96,1512
2026-05-26,C-QBC-010-003,899.8,364.39,1444
2026-05-27,C-QBC-010-003,885.8,312.14,1241
2026-05-28,C-QBC-010-003,1052.8,406.26,1351
2026-05-29,C-QBC-010-003,1045.5,360.15,1217
2026-05-30,C-QBC-010-003,796.8,358.46,1365
2026-05-31,C-QBC-010-003,695.3,448.61,1183
2026-05-04,C-HAM-016-001,2113.7,172.64,1437
2026-05-05,C-HAM-016-001,2082.6,200.26,1423
2026-05-06,C-HAM-016-001,2043.3,156.04,1024
2026-05-07,C-HAM-016-001,1886.7,154.59,990
2026-05-08,C-HAM-016-001,2277.0,171.32,1329
2026-05-09,C-HAM-016-001,1390.0,203.49,1159
2026-05-10,C-HAM-016-001,1227.9,200.71,1228
2026-05-11,C-HAM-016-001,1698.2,190.68,1122
2026-05-12,C-HAM-016-001,2252.0,181.05,1332
2026-05-13,C-HAM-016-001,1893.4,167.17,1400
2026-05-14,C-HAM-016-001,1756.0,182.01,1428
2026-05-15,C-HAM-016-001,2162.9,163.72,1044
2026-05-16,C-HAM-016-001,1508.8,221.86,1105
2026-05-17,C-HAM-016-001,1296.7,229.79,1049
2026-05-18,C-HAM-016-001,2190.8,159.29,1471
2026-05-19,C-HAM-016-001,1911.5,191.39,1420
2026-05-20,C-HAM-016-001,2269.8,211.85,1334
2026-05-21,C-HAM-016-001,2263.8,215.71,1250
2026-05-22,C-HAM-016-001,2140.3,156.61,1467
2026-05-23,C-HAM-016-001,1571.0,229.09,1040
2026-05-24,C-HAM-016-001,1317.4,194.43,1231
2026-05-25,C-HAM-016-001,1755.8,159.88,1142
2026-05-26,C-HAM-016-001,2130.3,156.82,1323
2026-05-27,C-HAM-016-001,1802.7,186.32,1139
2026-05-28,C-HAM-016-001,1751.0,217.3,998
2026-05-29,C-HAM-016-001,2095.1,209.82,1285
2026-05-30,C-HAM-016-001,1239.2,204.92,1032
2026-05-31,C-HAM-016-001,1241.9,178.0,1456
2026-05-04,C-HAM-016-002,1211.4,322.37,638
2026-05-05,C-HAM-016-002,1197.3,284.99,735
2026-05-06,C-HAM-016-002,1174.5,350.76,732
2026-05-07,C-HAM-016-002,993.3,348.69,808
2026-05-08,C-HAM-016-002,1034.0,270.86,775
2026-05-09,C-HAM-016-002,897.3,302.05,549
2026-05-10,C-HAM-016-002,771.2,302.02,817
2026-05-11,C-HAM-016-002,1307.5,312.39,799
2026-05-12,C-HAM-016-002,1197.8,325.58,786
2026-05-13,C-HAM-016-002,1105.4,294.47,666
2026-05-14,C-HAM-016-002,1058.7,310.97,814
2026-05-15,C-HAM-016-002,1279.3,343.3,653
2026-05-16,C-HAM-016-002,907.2,410.76,615
2026-05-17,C-HAM-016-002,709.1,407.95,789
2026-05-18,C-HAM-016-002,1089.6,286.05,758
2026-05-19,C-HAM-016-002,1311.9,292.24,637
2026-05-20,C-HAM-016-002,1209.2,289.42,757
2026-05-21,C-HAM-016-002,1217.0,338.8,737
2026-05-22,C-HAM-016-002,1244.2,321.77,672
2026-05-23,C-HAM-016-002,913.7,365.65,615
2026-05-24,C-HAM-016-002,876.1,322.43,643
2026-05-25,C-HAM-016-002,997.3,338.69,635
2026-05-26,C-HAM-016-002,1107.3,277.48,808
2026-05-27,C-HAM-016-002,1266.9,273.72,787
2026-05-28,C-HAM-016-002,1200.8,271.37,635
2026-05-29,C-HAM-016-002,1095.8,332.15,668
2026-05-30,C-HAM-016-002,840.3,407.06,569
2026-05-31,C-HAM-016-002,729.4,399.52,624
2026-05-04,C-HAM-016-003,1641.4,451.38,639
2026-05-05,C-HAM-016-003,1488.0,477.96,789
2026-05-06,C-HAM-016-003,1854.3,453.71,833
2026-05-07,C-HAM-016-003,1493.1,448.98,628
2026-05-08,C-HAM-016-003,1441.9,447.34,790
2026-05-09,C-HAM-016-003,1254.1,497.75,630
2026-05-10,C-HAM-016-003,1050.9,490.65,813
2026-05-11,C-HAM-016-003,1693.9,386.98,690
2026-05-12,C-HAM-016-003,1389.9,396.15,742
2026-05-13,C-HAM-016-003,1425.2,387.93,856
2026-05-14,C-HAM-016-003,1592.5,455.58,767
2026-05-15,C-HAM-016-003,1816.9,459.77,913
2026-05-16,C-HAM-016-003,1064.0,559.99,893
2026-05-17,C-HAM-016-003,1031.4,555.15,639
2026-05-18,C-HAM-016-003,1700.1,513.09,841
2026-05-19,C-HAM-016-003,1855.4,503.58,774
2026-05-20,C-HAM-016-003,1532.9,384.3,653
2026-05-21,C-HAM-016-003,1478.0,391.79,632
2026-05-22,C-HAM-016-003,1841.7,466.83,703
2026-05-23,C-HAM-016-003,1301.1,608.76,628
2026-05-24,C-HAM-016-003,992.4,549.49,835
2026-05-25,C-HAM-016-003,1823.4,458.61,727
2026-05-26,C-HAM-016-003,1521.7,499.56,706
2026-05-27,C-HAM-016-003,1687.5,431.91,756
2026-05-28,C-HAM-016-003,1817.5,421.97,656
2026-05-29,C-HAM-016-003,1537.7,474.2,686
2026-05-30,C-HAM-016-003,1071.9,466.2,723
2026-05-31,C-HAM-016-003,1253.3,498.36,846
2026-05-04,C-WPG-003-001,2221.1,1329.3,1050
2026-05-05,C-WPG-003-001,1985.7,1104.69,901
2026-05-06,C-WPG-003-001,2276.0,956.54,840
2026-05-07,C-WPG-003-001,1848.6,1130.39,1028
2026-05-08,C-WPG-003-001,1996.8,1063.49,750
2026-05-09,C-WPG-003-001,1365.2,1267.17,1028
2026-05-10,C-WPG-003-001,1406.5,1422.12,774
2026-05-11,C-WPG-003-001,1995.0,1098.48,959
2026-05-12,C-WPG-003-001,2006.4,992.85,745
2026-05-13,C-WPG-003-001,2013.7,1112.88,862
2026-05-14,C-WPG-003-001,1811.9,1002.47,762
2026-05-15,C-WPG-003-001,2215.4,1262.81,891
2026-05-16,C-WPG-003-001,1472.8,1535.27,902
2026-05-17,C-WPG-003-001,1503.4,1394.09,988
2026-05-18,C-WPG-003-001,1761.7,1014.58,778
2026-05-19,C-WPG-003-001,2313.2,1009.42,783
2026-05-20,C-WPG-003-001,1856.1,1319.55,1034
2026-05-21,C-WPG-003-001,2068.3,963.31,795
2026-05-22,C-WPG-003-001,2192.0,1210.84,795
2026-05-23,C-WPG-003-001,1442.5,1407.53,779
2026-05-24,C-WPG-003-001,1379.9,1174.87,757
2026-05-25,C-WPG-003-001,1749.2,977.33,936
2026-05-26,C-WPG-003-001,2296.9,1054.35,770
2026-05-27,C-WPG-003-001,2170.5,1052.06,878
2026-05-28,C-WPG-003-001,1916.1,1200.89,997
2026-05-29,C-WPG-003-001,2173.3,1227.74,854
2026-05-30,C-WPG-003-001,1244.5,1164.56,1005
2026-05-31,C-WPG-003-001,1501.9,1339.31,796
2026-05-04,C-WPG-003-002,1120.9,278.22,754
2026-05-05,C-WPG-003-002,1160.8,223.46,745
2026-05-06,C-WPG-003-002,1004.0,272.68,815
2026-05-07,C-WPG-003-002,1187.1,271.58,656
2026-05-08,C-WPG-003-002,1078.8,206.27,747
2026-05-09,C-WPG-003-002,812.9,250.02,614
2026-05-10,C-WPG-003-002,872.8,238.12,828
2026-05-11,C-WPG-003-002,1163.0,278.27,852
2026-05-12,C-WPG-003-002,1015.8,249.64,837
2026-05-13,C-WPG-003-002,1109.2,206.85,766
2026-05-14,C-WPG-003-002,1073.3,268.46,614
2026-05-15,C-WPG-003-002,994.7,281.51,658
2026-05-16,C-WPG-003-002,776.3,286.12,630
2026-05-17,C-WPG-003-002,764.5,294.53,815
2026-05-18,C-WPG-003-002,1236.4,221.73,675
2026-05-19,C-WPG-003-002,980.0,244.36,760
2026-05-20,C-WPG-003-002,1164.7,238.36,804
2026-05-21,C-WPG-003-002,1243.9,231.83,695
2026-05-22,C-WPG-003-002,1208.8,264.64,619
2026-05-23,C-WPG-003-002,691.6,285.81,683
2026-05-24,C-WPG-003-002,673.5,259.58,714
2026-05-25,C-WPG-003-002,1212.7,285.9,741
2026-05-26,C-WPG-003-002,1182.9,220.57,740
2026-05-27,C-WPG-003-002,1105.9,266.52,702
2026-05-28,C-WPG-003-002,961.8,206.45,830
2026-05-29,C-WPG-003-002,1117.2,228.15,799
2026-05-30,C-WPG-003-002,653.6,297.19,578
2026-05-31,C-WPG-003-002,748.9,312.57,673
2026-05-04,C-WPG-003-003,1966.0,425.38,835
2026-05-05,C-WPG-003-003,2182.3,431.75,793
2026-05-06,C-WPG-003-003,2417.1,534.3,782
2026-05-07,C-WPG-003-003,2232.3,433.65,940
2026-05-08,C-WPG-003-003,2053.3,462.71,874
2026-05-09,C-WPG-003-003,1296.2,610.36,781
2026-05-10,C-WPG-003-003,1732.2,603.71,784
2026-05-11,C-WPG-003-003,2249.6,509.78,782
2026-05-12,C-WPG-003-003,2097.0,448.01,906
2026-05-13,C-WPG-003-003,1866.4,415.04,906
2026-05-14,C-WPG-003-003,2329.9,491.89,677
2026-05-15,C-WPG-003-003,2458.9,454.11,728
2026-05-16,C-WPG-003-003,1507.5,495.6,943
2026-05-17,C-WPG-003-003,1610.9,516.03,817
2026-05-18,C-WPG-003-003,2374.3,468.65,787
2026-05-19,C-WPG-003-003,1978.4,461.29,770
2026-05-20,C-WPG-003-003,2338.3,435.12,773
2026-05-21,C-WPG-003-003,2086.6,403.05,751
2026-05-22,C-WPG-003-003,2201.0,521.77,882
2026-05-23,C-WPG-003-003,1592.4,511.07,850
2026-05-24,C-WPG-003-003,1490.3,566.93,801
2026-05-25,C-WPG-003-003,2268.9,459.7,894
2026-05-26,C-WPG-003-003,2176.2,422.53,938
2026-05-27,C-WPG-003-003,2008.8,396.16,717
2026-05-28,C-WPG-003-003,1967.4,400.33,936
2026-05-29,C-WPG-003-003,2242.1,393.06,848
2026-05-30,C-WPG-003-003,1497.8,564.92,670
2026-05-31,C-WPG-003-003,1730.2,482.02,901
2026-05-04,C-QBC-011-001,1962.8,392.14,1509
2026-05-05,C-QBC-011-001,1955.8,490.61,1339
2026-05-06,C-QBC-011-001,1760.0,503.26,1531
2026-05-07,C-QBC-011-001,1863.1,450.71,1097
2026-05-08,C-QBC-011-001,1766.1,394.52,1160
2026-05-09,C-QBC-011-001,1258.4,506.48,1299
2026-05-10,C-QBC-011-001,1532.8,469.83,1099
2026-05-11,C-QBC-011-001,2018.8,400.11,1481
2026-05-12,C-QBC-011-001,2192.6,495.05,1544
2026-05-13,C-QBC-011-001,1793.0,397.12,1498
2026-05-14,C-QBC-011-001,1941.0,419.67,1103
2026-05-15,C-QBC-011-001,1675.4,397.16,1516
2026-05-16,C-QBC-011-001,1157.8,556.05,1206
2026-05-17,C-QBC-011-001,1230.8,536.6,1373
2026-05-18,C-QBC-011-001,2000.5,459.96,1283
2026-05-19,C-QBC-011-001,1918.5,501.58,1320
2026-05-20,C-QBC-011-001,1824.3,405.68,1527
2026-05-21,C-QBC-011-001,1636.2,448.03,1145
2026-05-22,C-QBC-011-001,1949.9,433.16,1585
2026-05-23,C-QBC-011-001,1537.1,535.03,1234
2026-05-24,C-QBC-011-001,1230.0,513.07,1284
2026-05-25,C-QBC-011-001,1710.6,369.52,1336
2026-05-26,C-QBC-011-001,1817.5,378.58,1516
2026-05-27,C-QBC-011-001,1682.1,406.51,1084
2026-05-28,C-QBC-011-001,2201.5,416.38,1142
2026-05-29,C-QBC-011-001,2092.0,445.45,1328
2026-05-30,C-QBC-011-001,1346.4,518.15,1446
2026-05-31,C-QBC-011-001,1169.7,568.69,1268
2026-05-04,C-QBC-011-002,1309.9,509.37,585
2026-05-05,C-QBC-011-002,1283.5,539.93,769
2026-05-06,C-QBC-011-002,1456.6,664.46,696
2026-05-07,C-QBC-011-002,1505.6,672.91,576
2026-05-08,C-QBC-011-002,1492.6,695.41,731
2026-05-09,C-QBC-011-002,983.5,687.94,622
2026-05-10,C-QBC-011-002,932.4,659.08,806
2026-05-11,C-QBC-011-002,1318.2,690.76,607
2026-05-12,C-QBC-011-002,1423.7,664.72,704
2026-05-13,C-QBC-011-002,1592.4,668.91,671
2026-05-14,C-QBC-011-002,1455.2,630.79,733
2026-05-15,C-QBC-011-002,1320.5,708.83,659
2026-05-16,C-QBC-011-002,1073.2,662.56,601
2026-05-17,C-QBC-011-002,872.6,776.6,772
2026-05-18,C-QBC-011-002,1315.2,516.34,639
2026-05-19,C-QBC-011-002,1633.6,509.21,781
2026-05-20,C-QBC-011-002,1314.7,617.75,605
2026-05-21,C-QBC-011-002,1661.4,672.5,824
2026-05-22,C-QBC-011-002,1234.8,643.01,799
2026-05-23,C-QBC-011-002,917.1,720.58,749
2026-05-24,C-QBC-011-002,1089.6,616.7,620
2026-05-25,C-QBC-011-002,1584.1,673.46,732
2026-05-26,C-QBC-011-002,1437.7,604.72,623
2026-05-27,C-QBC-011-002,1432.5,599.13,753
2026-05-28,C-QBC-011-002,1371.9,554.9,585
2026-05-29,C-QBC-011-002,1569.2,513.45,679
2026-05-30,C-QBC-011-002,887.7,595.41,667
2026-05-31,C-QBC-011-002,901.2,626.86,804
2026-05-04,C-QBC-011-003,1732.2,950.71,628
2026-05-05,C-QBC-011-003,1743.9,1029.19,738
2026-05-06,C-QBC-011-003,1791.7,1127.65,624
2026-05-07,C-QBC-011-003,1582.6,1105.55,600
2026-05-08,C-QBC-011-003,1375.4,1323.0,739
2026-05-09,C-QBC-011-003,1079.7,1527.96,558
2026-05-10,C-QBC-011-003,1264.6,1452.14,554
2026-05-11,C-QBC-011-003,1586.2,1158.49,634
2026-05-12,C-QBC-011-003,1522.3,1315.55,641
2026-05-13,C-QBC-011-003,1408.2,1237.53,733
2026-05-14,C-QBC-011-003,1618.2,1002.13,595
2026-05-15,C-QBC-011-003,1466.6,1155.43,577
2026-05-16,C-QBC-011-003,1185.0,1211.84,647
2026-05-17,C-QBC-011-003,1204.2,1422.64,525
2026-05-18,C-QBC-011-003,1792.0,1239.57,619
2026-05-19,C-QBC-011-003,1512.9,1223.65,672
2026-05-20,C-QBC-011-003,1748.2,1035.65,639
2026-05-21,C-QBC-011-003,1706.4,1277.78,672
2026-05-22,C-QBC-011-003,1744.2,1018.41,578
2026-05-23,C-QBC-011-003,1115.0,1260.85,564
2026-05-24,C-QBC-011-003,1062.2,1144.47,572
2026-05-25,C-QBC-011-003,1462.0,1008.9,702
2026-05-26,C-QBC-011-003,1415.8,1276.39,651
2026-05-27,C-QBC-011-003,1749.9,1235.75,629
2026-05-28,C-QBC-011-003,1580.3,1146.4,681
2026-05-29,C-QBC-011-003,1583.0,1165.2,627
2026-05-30,C-QBC-011-003,1002.9,1524.24,665
2026-05-31,C-QBC-011-003,1112.6,1220.09,627
2026-05-04,C-VAN-007-001,1310.1,374.8,817
2026-05-05,C-VAN-007-001,1427.7,302.05,815
2026-05-06,C-VAN-007-001,1468.0,365.53,837
2026-05-07,C-VAN-007-001,1602.4,325.45,799
2026-05-08,C-VAN-007-001,1547.2,278.28,693
2026-05-09,C-VAN-007-001,929.2,339.74,817
2026-05-10,C-VAN-007-001,879.5,407.7,657
2026-05-11,C-VAN-007-001,1280.1,298.6,786
2026-05-12,C-VAN-007-001,1391.3,271.39,825
2026-05-13,C-VAN-007-001,1455.2,382.17,775
2026-05-14,C-VAN-007-001,1555.7,285.81,770
2026-05-15,C-VAN-007-001,1407.6,367.91,944
2026-05-16,C-VAN-007-001,1028.5,335.32,699
2026-05-17,C-VAN-007-001,923.8,320.99,649
2026-05-18,C-VAN-007-001,1272.9,299.94,677
2026-05-19,C-VAN-007-001,1577.4,289.12,687
2026-05-20,C-VAN-007-001,1327.0,278.16,929
2026-05-21,C-VAN-007-001,1286.6,339.58,740
2026-05-22,C-VAN-007-001,1550.2,324.97,657
2026-05-23,C-VAN-007-001,1133.1,396.13,920
2026-05-24,C-VAN-007-001,1117.5,393.87,833
2026-05-25,C-VAN-007-001,1518.1,358.97,838
2026-05-26,C-VAN-007-001,1483.4,285.72,678
2026-05-27,C-VAN-007-001,1494.9,289.94,832
2026-05-28,C-VAN-007-001,1590.5,362.39,752
2026-05-29,C-VAN-007-001,1321.8,326.88,742
2026-05-30,C-VAN-007-001,1058.7,366.85,823
2026-05-31,C-VAN-007-001,1140.2,360.17,767
2026-05-04,C-VAN-007-002,1399.0,192.74,933
2026-05-05,C-VAN-007-002,1585.8,246.63,1202
2026-05-06,C-VAN-007-002,1408.3,234.89,843
2026-05-07,C-VAN-007-002,1662.8,255.84,1141
2026-05-08,C-VAN-007-002,1393.1,242.28,952
2026-05-09,C-VAN-007-002,1006.9,238.88,878
2026-05-10,C-VAN-007-002,1084.5,220.41,1034
2026-05-11,C-VAN-007-002,1435.3,235.81,862
2026-05-12,C-VAN-007-002,1384.0,221.1,885
2026-05-13,C-VAN-007-002,1622.6,209.59,1150
2026-05-14,C-VAN-007-002,1558.0,196.51,1207
2026-05-15,C-VAN-007-002,1580.9,220.8,953
2026-05-16,C-VAN-007-002,1005.2,239.66,946
2026-05-17,C-VAN-007-002,993.3,255.74,1099
2026-05-18,C-VAN-007-002,1433.5,219.44,945
2026-05-19,C-VAN-007-002,1622.7,239.49,1111
2026-05-20,C-VAN-007-002,1574.4,244.53,845
2026-05-21,C-VAN-007-002,1419.8,191.58,969
2026-05-22,C-VAN-007-002,1373.9,206.45,961
2026-05-23,C-VAN-007-002,1013.7,284.21,1127
2026-05-24,C-VAN-007-002,1037.0,235.87,1202
2026-05-25,C-VAN-007-002,1690.9,244.92,977
2026-05-26,C-VAN-007-002,1292.3,186.29,1187
2026-05-27,C-VAN-007-002,1619.3,186.28,1227
2026-05-28,C-VAN-007-002,1563.7,226.05,839
2026-05-29,C-VAN-007-002,1275.3,253.7,1082
2026-05-30,C-VAN-007-002,1117.8,268.52,827
2026-05-31,C-VAN-007-002,916.7,231.55,1130
2026-05-04,C-VAN-007-003,1271.4,1069.8,570
2026-05-05,C-VAN-007-003,1170.9,1235.42,628
2026-05-06,C-VAN-007-003,1120.9,1411.83,511
2026-05-07,C-VAN-007-003,991.9,1327.8,679
2026-05-08,C-VAN-007-003,1008.6,1297.13,596
2026-05-09,C-VAN-007-003,828.5,1542.23,585
2026-05-10,C-VAN-007-003,853.4,1588.13,458
2026-05-11,C-VAN-007-003,1016.9,1167.69,500
2026-05-12,C-VAN-007-003,1270.6,1321.12,478
2026-05-13,C-VAN-007-003,1192.8,1284.58,654
2026-05-14,C-VAN-007-003,1130.9,1049.83,475
2026-05-15,C-VAN-007-003,953.4,1175.68,536
2026-05-16,C-VAN-007-003,695.4,1350.05,505
2026-05-17,C-VAN-007-003,763.7,1230.14,657
2026-05-18,C-VAN-007-003,1139.1,1331.3,500
2026-05-19,C-VAN-007-003,1194.5,1224.35,546
2026-05-20,C-VAN-007-003,1011.0,1367.89,624
2026-05-21,C-VAN-007-003,996.1,1242.44,496
2026-05-22,C-VAN-007-003,1161.6,1082.35,525
2026-05-23,C-VAN-007-003,781.8,1556.14,460
2026-05-24,C-VAN-007-003,772.7,1489.85,530
2026-05-25,C-VAN-007-003,977.2,1215.71,464
2026-05-26,C-VAN-007-003,968.9,1260.93,662
2026-05-27,C-VAN-007-003,1060.2,1063.99,595
2026-05-28,C-VAN-007-003,1048.8,1057.01,459
2026-05-29,C-VAN-007-003,1065.9,1234.6,618
2026-05-30,C-VAN-007-003,849.1,1230.02,674
2026-05-31,C-VAN-007-003,883.6,1317.43,621
2026-05-04,C-QBC-012-001,1355.3,170.8,915
2026-05-05,C-QBC-012-001,1488.3,192.5,1333
2026-05-06,C-QBC-012-001,1300.0,219.91,1157
2026-05-07,C-QBC-012-001,1470.9,202.33,1151
2026-05-08,C-QBC-012-001,1313.5,219.6,1288
2026-05-09,C-QBC-012-001,861.3,265.76,1312
2026-05-10,C-QBC-012-001,882.8,231.21,929
2026-05-11,C-QBC-012-001,1496.3,181.06,1170
2026-05-12,C-QBC-012-001,1492.9,183.23,1124
2026-05-13,C-QBC-012-001,1243.8,213.57,1115
2026-05-14,C-QBC-012-001,1441.3,188.34,1115
2026-05-15,C-QBC-012-001,1260.2,216.13,1175
2026-05-16,C-QBC-012-001,963.4,270.82,1051
2026-05-17,C-QBC-012-001,929.8,196.93,1240
2026-05-18,C-QBC-012-001,1446.8,172.05,1298
2026-05-19,C-QBC-012-001,1332.9,208.21,904
2026-05-20,C-QBC-012-001,1430.2,182.79,1010
2026-05-21,C-QBC-012-001,1445.4,200.69,1179
2026-05-22,C-QBC-012-001,1172.3,225.79,1303
2026-05-23,C-QBC-012-001,1072.0,219.21,915
2026-05-24,C-QBC-012-001,884.2,216.59,953
2026-05-25,C-QBC-012-001,1474.3,187.01,1010
2026-05-26,C-QBC-012-001,1456.0,232.65,934
2026-05-27,C-QBC-012-001,1518.5,173.62,1244
2026-05-28,C-QBC-012-001,1388.8,217.99,1318
2026-05-29,C-QBC-012-001,1495.0,224.3,1162
2026-05-30,C-QBC-012-001,1015.6,265.09,1242
2026-05-31,C-QBC-012-001,1069.0,199.73,1098
2026-05-04,C-QBC-012-002,1036.5,1067.55,795
2026-05-05,C-QBC-012-002,1049.0,947.77,848
2026-05-06,C-QBC-012-002,1132.6,1097.23,757
2026-05-07,C-QBC-012-002,1204.0,1138.42,1013
2026-05-08,C-QBC-012-002,1086.4,1084.12,831
2026-05-09,C-QBC-012-002,780.5,1182.52,876
2026-05-10,C-QBC-012-002,711.2,1029.12,987
2026-05-11,C-QBC-012-002,984.3,1165.52,1047
2026-05-12,C-QBC-012-002,998.9,898.76,1003
2026-05-13,C-QBC-012-002,1054.4,887.57,845
2026-05-14,C-QBC-012-002,1296.5,872.01,934
2026-05-15,C-QBC-012-002,1227.3,1048.3,1007
2026-05-16,C-QBC-012-002,928.3,1018.26,780
2026-05-17,C-QBC-012-002,898.2,993.44,769
2026-05-18,C-QBC-012-002,1231.2,1021.55,1104
2026-05-19,C-QBC-012-002,1150.7,926.85,1115
2026-05-20,C-QBC-012-002,1116.2,883.28,1032
2026-05-21,C-QBC-012-002,1173.3,940.43,965
2026-05-22,C-QBC-012-002,994.2,960.81,768
2026-05-23,C-QBC-012-002,758.3,1198.96,953
2026-05-24,C-QBC-012-002,854.9,1316.67,953
2026-05-25,C-QBC-012-002,1061.1,1012.64,950
2026-05-26,C-QBC-012-002,1275.8,1049.75,848
2026-05-27,C-QBC-012-002,1062.4,908.19,922
2026-05-28,C-QBC-012-002,1106.3,1008.46,818
2026-05-29,C-QBC-012-002,1120.4,953.27,860
2026-05-30,C-QBC-012-002,732.8,1160.28,783
2026-05-31,C-QBC-012-002,740.6,1360.95,891
2026-05-04,C-QBC-012-003,1787.8,1111.04,766
2026-05-05,C-QBC-012-003,2121.0,1061.69,872
2026-05-06,C-QBC-012-003,2015.6,880.91,1102
2026-05-07,C-QBC-012-003,2005.9,900.73,841
2026-05-08,C-QBC-012-003,1852.6,1041.7,764
2026-05-09,C-QBC-012-003,1350.7,1168.46,1006
2026-05-10,C-QBC-012-003,1606.4,1322.89,1117
2026-05-11,C-QBC-012-003,1876.6,1087.77,767
2026-05-12,C-QBC-012-003,1899.8,919.73,880
2026-05-13,C-QBC-012-003,2149.4,946.82,761
2026-05-14,C-QBC-012-003,2151.4,907.77,815
2026-05-15,C-QBC-012-003,2355.0,1042.04,1128
2026-05-16,C-QBC-012-003,1595.6,944.36,1105
2026-05-17,C-QBC-012-003,1607.9,1105.93,1105
2026-05-18,C-QBC-012-003,2392.8,1070.98,1049
2026-05-19,C-QBC-012-003,2233.2,836.5,820
2026-05-20,C-QBC-012-003,2054.5,947.7,1124
2026-05-21,C-QBC-012-003,1851.7,920.55,800
2026-05-22,C-QBC-012-003,2282.5,908.33,1125
2026-05-23,C-QBC-012-003,1659.7,1260.62,885
2026-05-24,C-QBC-012-003,1538.5,1011.4,1073
2026-05-25,C-QBC-012-003,2076.3,1061.55,971
2026-05-26,C-QBC-012-003,2206.2,962.83,1097
2026-05-27,C-QBC-012-003,1905.6,819.25,797
2026-05-28,C-QBC-012-003,2039.9,977.51,772
2026-05-29,C-QBC-012-003,2077.6,1063.0,1014
2026-05-30,C-QBC-012-003,1627.3,1192.67,920
2026-05-31,C-QBC-012-003,1278.8,992.65,906
2026-05-04,C-TOR-017-001,1129.6,511.94,1118
2026-05-05,C-TOR-017-001,1086.4,429.65,1147
2026-05-06,C-TOR-017-001,1315.2,394.28,1045
2026-05-07,C-TOR-017-001,1118.3,514.01,856
2026-05-08,C-TOR-017-001,1193.7,391.49,954
2026-05-09,C-TOR-017-001,798.7,501.61,850
2026-05-10,C-TOR-017-001,723.8,588.0,819
2026-05-11,C-TOR-017-001,1086.2,503.13,886
2026-05-12,C-TOR-017-001,1087.2,464.82,803
2026-05-13,C-TOR-017-001,1131.0,488.4,954
2026-05-14,C-TOR-017-001,1245.9,448.94,1167
2026-05-15,C-TOR-017-001,1187.2,387.06,807
2026-05-16,C-TOR-017-001,788.2,547.43,930
2026-05-17,C-TOR-017-001,731.0,508.36,1055
2026-05-18,C-TOR-017-001,1231.0,485.88,1007
2026-05-19,C-TOR-017-001,1244.3,458.59,844
2026-05-20,C-TOR-017-001,993.5,380.54,888
2026-05-21,C-TOR-017-001,1088.9,489.6,1094
2026-05-22,C-TOR-017-001,1128.9,519.09,833
2026-05-23,C-TOR-017-001,833.1,465.19,1130
2026-05-24,C-TOR-017-001,1366.0,1744.21,1519
2026-05-25,C-TOR-017-001,1019.4,377.65,908
2026-05-26,C-TOR-017-001,1110.8,454.5,955
2026-05-27,C-TOR-017-001,1118.5,403.84,962
2026-05-28,C-TOR-017-001,1242.3,407.56,905
2026-05-29,C-TOR-017-001,1148.4,464.24,958
2026-05-30,C-TOR-017-001,872.7,438.55,805
2026-05-31,C-TOR-017-001,786.3,480.45,799
2026-05-04,C-TOR-017-002,1275.0,435.61,714
2026-05-05,C-TOR-017-002,1207.3,490.36,686
2026-05-06,C-TOR-017-002,1139.9,520.36,854
2026-05-07,C-TOR-017-002,1271.8,557.66,654
2026-05-08,C-TOR-017-002,1121.4,575.5,798
2026-05-09,C-TOR-017-002,751.3,485.69,814
2026-05-10,C-TOR-017-002,768.7,656.33,825
2026-05-11,C-TOR-017-002,1001.8,432.06,693
2026-05-12,C-TOR-017-002,1000.1,573.79,778
2026-05-13,C-TOR-017-002,1320.7,569.4,829
2026-05-14,C-TOR-017-002,1246.7,459.41,678
2026-05-15,C-TOR-017-002,1138.3,426.18,697
2026-05-16,C-TOR-017-002,786.8,530.68,699
2026-05-17,C-TOR-017-002,826.1,514.02,588
2026-05-18,C-TOR-017-002,1270.7,477.34,647
2026-05-19,C-TOR-017-002,1016.4,470.6,810
2026-05-20,C-TOR-017-002,987.1,529.63,812
2026-05-21,C-TOR-017-002,1061.2,446.34,669
2026-05-22,C-TOR-017-002,1046.7,484.54,617
2026-05-23,C-TOR-017-002,770.1,645.83,648
2026-05-24,C-TOR-017-002,1541.8,1526.98,829
2026-05-25,C-TOR-017-002,1104.9,441.46,678
2026-05-26,C-TOR-017-002,1072.8,543.85,784
2026-05-27,C-TOR-017-002,1306.5,466.31,736
2026-05-28,C-TOR-017-002,1046.6,519.22,634
2026-05-29,C-TOR-017-002,1127.7,519.86,648
2026-05-30,C-TOR-017-002,815.4,614.89,746
2026-05-31,C-TOR-017-002,874.3,619.08,628
2026-05-04,C-TOR-017-003,1694.9,451.65,1473
2026-05-05,C-TOR-017-003,1945.8,393.97,1112
2026-05-06,C-TOR-017-003,1593.4,461.76,1322
2026-05-07,C-TOR-017-003,1525.1,435.44,1125
2026-05-08,C-TOR-017-003,1868.6,470.98,1086
2026-05-09,C-TOR-017-003,1102.6,431.07,1069
2026-05-10,C-TOR-017-003,1250.8,571.19,1178
2026-05-11,C-TOR-017-003,1561.4,372.02,1228
2026-05-12,C-TOR-017-003,1671.3,437.87,1158
2026-05-13,C-TOR-017-003,1543.3,472.96,1022
2026-05-14,C-TOR-017-003,1485.1,380.92,1138
2026-05-15,C-TOR-017-003,1579.4,446.04,1363
2026-05-16,C-TOR-017-003,1389.1,556.77,1161
2026-05-17,C-TOR-017-003,1105.8,451.13,1466
2026-05-18,C-TOR-017-003,1665.0,377.95,1265
2026-05-19,C-TOR-017-003,1819.3,427.99,1096
2026-05-20,C-TOR-017-003,1795.7,498.67,1465
2026-05-21,C-TOR-017-003,1874.5,374.23,1109
2026-05-22,C-TOR-017-003,1793.5,471.13,1164
2026-05-23,C-TOR-017-003,1373.6,445.65,1449
2026-05-24,C-TOR-017-003,2433.0,1509.04,1846
2026-05-25,C-TOR-017-003,1772.7,420.17,1501
2026-05-26,C-TOR-017-003,1666.9,379.16,1202
2026-05-27,C-TOR-017-003,1716.5,368.56,1278
2026-05-28,C-TOR-017-003,1958.0,395.05,1370
2026-05-29,C-TOR-017-003,1650.0,416.97,1304
2026-05-30,C-TOR-017-003,1311.8,559.16,1018
2026-05-31,C-TOR-017-003,1184.1,493.09,1048
2026-05-04,C-QBC-013-001,1610.5,1359.66,623
2026-05-05,C-QBC-013-001,2046.5,1059.7,549
2026-05-06,C-QBC-013-001,1955.4,1182.18,695
2026-05-07,C-QBC-013-001,2079.8,1171.32,678
2026-05-08,C-QBC-013-001,1841.8,1150.01,568
2026-05-09,C-QBC-013-001,1296.7,1303.3,561
2026-05-10,C-QBC-013-001,1302.1,1578.25,590
2026-05-11,C-QBC-013-001,1932.0,1352.37,676
2026-05-12,C-QBC-013-001,1895.2,1081.35,542
2026-05-13,C-QBC-013-001,1664.4,1182.72,670
2026-05-14,C-QBC-013-001,1585.1,1051.69,496
2026-05-15,C-QBC-013-001,1817.2,1380.24,595
2026-05-16,C-QBC-013-001,1267.0,1551.84,536
2026-05-17,C-QBC-013-001,1186.1,1480.71,539
2026-05-18,C-QBC-013-001,2010.5,1387.05,540
2026-05-19,C-QBC-013-001,1938.2,1384.46,616
2026-05-20,C-QBC-013-001,2083.4,1428.77,560
2026-05-21,C-QBC-013-001,1937.8,1393.76,486
2026-05-22,C-QBC-013-001,1698.2,1413.37,674
2026-05-23,C-QBC-013-001,1290.3,1498.01,646
2026-05-24,C-QBC-013-001,1165.0,1414.14,599
2026-05-25,C-QBC-013-001,1803.4,1292.75,647
2026-05-26,C-QBC-013-001,1677.7,1256.19,626
2026-05-27,C-QBC-013-001,1924.7,1403.43,535
2026-05-28,C-QBC-013-001,1938.6,1037.42,651
2026-05-29,C-QBC-013-001,1864.8,1426.3,626
2026-05-30,C-QBC-013-001,1256.3,1477.59,499
2026-05-31,C-QBC-013-001,1385.7,1409.36,484
2026-05-04,C-QBC-013-002,1625.5,433.93,1378
2026-05-05,C-QBC-013-002,1561.7,479.57,1041
2026-05-06,C-QBC-013-002,1586.3,491.02,1384
2026-05-07,C-QBC-013-002,1518.5,432.44,1350
2026-05-08,C-QBC-013-002,1768.0,414.5,1259
2026-05-09,C-QBC-013-002,1120.4,477.78,1316
2026-05-10,C-QBC-013-002,1167.1,423.44,1205
2026-05-11,C-QBC-013-002,1567.5,411.74,1096
2026-05-12,C-QBC-013-002,1601.0,444.93,1003
2026-05-13,C-QBC-013-002,1714.4,423.29,1345
2026-05-14,C-QBC-013-002,1911.1,451.54,1459
2026-05-15,C-QBC-013-002,1786.9,375.8,1194
2026-05-16,C-QBC-013-002,1190.4,558.5,1451
2026-05-17,C-QBC-013-002,1159.6,428.02,1328
2026-05-18,C-QBC-013-002,1736.7,440.06,1007
2026-05-19,C-QBC-013-002,1577.1,424.41,1222
2026-05-20,C-QBC-013-002,1817.4,359.79,1086
2026-05-21,C-QBC-013-002,1739.7,492.04,1298
2026-05-22,C-QBC-013-002,1893.6,424.85,1257
2026-05-23,C-QBC-013-002,1073.4,462.98,1246
2026-05-24,C-QBC-013-002,1172.5,465.14,1032
2026-05-25,C-QBC-013-002,1789.0,430.24,1006
2026-05-26,C-QBC-013-002,1605.0,481.24,1467
2026-05-27,C-QBC-013-002,1575.8,446.84,1438
2026-05-28,C-QBC-013-002,1806.7,378.92,1439
2026-05-29,C-QBC-013-002,1747.6,403.2,1138
2026-05-30,C-QBC-013-002,1265.1,565.54,999
2026-05-31,C-QBC-013-002,1053.6,516.27,1416
2026-05-04,C-QBC-013-003,1528.7,218.71,1499
2026-05-05,C-QBC-013-003,1425.1,206.12,1379
2026-05-06,C-QBC-013-003,1183.1,197.97,1484
2026-05-07,C-QBC-013-003,1236.5,247.98,1285
2026-05-08,C-QBC-013-003,1384.8,230.31,1409
2026-05-09,C-QBC-013-003,987.6,243.98,1413
2026-05-10,C-QBC-013-003,955.8,221.42,1428
2026-05-11,C-QBC-013-003,1553.0,237.75,1342
2026-05-12,C-QBC-013-003,1325.7,230.69,1612
2026-05-13,C-QBC-013-003,1523.6,196.79,1160
2026-05-14,C-QBC-013-003,1264.8,246.87,1446
2026-05-15,C-QBC-013-003,1387.9,214.13,1592
2026-05-16,C-QBC-013-003,1008.5,271.5,1436
2026-05-17,C-QBC-013-003,881.5,275.8,1364
2026-05-18,C-QBC-013-003,1320.5,195.7,1544
2026-05-19,C-QBC-013-003,1417.5,223.93,1601
2026-05-20,C-QBC-013-003,1305.1,235.9,1525
2026-05-21,C-QBC-013-003,1228.9,210.71,1287
2026-05-22,C-QBC-013-003,1205.3,209.0,1263
2026-05-23,C-QBC-013-003,911.9,241.02,1353
2026-05-24,C-QBC-013-003,994.5,259.03,1624
2026-05-25,C-QBC-013-003,1570.1,221.88,1241
2026-05-26,C-QBC-013-003,1374.8,194.37,1134
2026-05-27,C-QBC-013-003,1487.3,189.22,1190
2026-05-28,C-QBC-013-003,1367.8,213.91,1601
2026-05-29,C-QBC-013-003,1178.0,209.76,1462
2026-05-30,C-QBC-013-003,1067.1,211.64,1454
2026-05-31,C-QBC-013-003,927.7,284.62,1352
2026-05-04,C-TOR-018-001,770.6,1227.89,921
2026-05-05,C-TOR-018-001,774.4,1276.26,847
2026-05-06,C-TOR-018-001,859.9,1236.65,939
2026-05-07,C-TOR-018-001,993.3,1031.77,792
2026-05-08,C-TOR-018-001,893.6,1034.01,637
2026-05-09,C-TOR-018-001,646.1,1402.67,672
2026-05-10,C-TOR-018-001,727.4,1119.64,900
2026-05-11,C-TOR-018-001,833.0,1245.05,681
2026-05-12,C-TOR-018-001,795.6,1276.49,654
2026-05-13,C-TOR-018-001,776.4,1033.35,905
2026-05-14,C-TOR-018-001,1038.0,1199.58,934
2026-05-15,C-TOR-018-001,1006.2,1094.71,914
2026-05-16,C-TOR-018-001,700.0,1139.55,843
2026-05-17,C-TOR-018-001,549.7,1256.11,924
2026-05-18,C-TOR-018-001,1013.6,1111.82,919
2026-05-19,C-TOR-018-001,917.0,1052.26,808
2026-05-20,C-TOR-018-001,906.7,1278.56,897
2026-05-21,C-TOR-018-001,825.2,1246.23,648
2026-05-22,C-TOR-018-001,989.8,1073.49,658
2026-05-23,C-TOR-018-001,570.4,1235.99,786
2026-05-24,C-TOR-018-001,977.9,3854.76,1206
2026-05-25,C-TOR-018-001,964.8,979.77,736
2026-05-26,C-TOR-018-001,817.9,1354.77,799
2026-05-27,C-TOR-018-001,856.5,1101.95,740
2026-05-28,C-TOR-018-001,1027.8,1138.42,743
2026-05-29,C-TOR-018-001,945.6,1351.76,682
2026-05-30,C-TOR-018-001,633.6,1544.31,717
2026-05-31,C-TOR-018-001,619.9,1277.8,932
2026-05-04,C-TOR-018-002,1967.1,821.19,647
2026-05-05,C-TOR-018-002,2221.6,1012.91,514
2026-05-06,C-TOR-018-002,1955.1,1052.31,570
2026-05-07,C-TOR-018-002,2363.9,936.76,570
2026-05-08,C-TOR-018-002,1811.4,921.06,605
2026-05-09,C-TOR-018-002,1423.6,1201.09,704
2026-05-10,C-TOR-018-002,1587.4,1158.25,560
2026-05-11,C-TOR-018-002,2012.2,757.68,664
2026-05-12,C-TOR-018-002,1879.7,842.05,636
2026-05-13,C-TOR-018-002,1838.6,895.12,683
2026-05-14,C-TOR-018-002,2390.5,1043.19,745
2026-05-15,C-TOR-018-002,2094.9,920.07,565
2026-05-16,C-TOR-018-002,1289.6,1083.89,677
2026-05-17,C-TOR-018-002,1430.6,1069.57,681
2026-05-18,C-TOR-018-002,2072.3,883.42,596
2026-05-19,C-TOR-018-002,2265.6,830.74,705
2026-05-20,C-TOR-018-002,2231.9,753.85,518
2026-05-21,C-TOR-018-002,2046.9,866.29,543
2026-05-22,C-TOR-018-002,2142.7,893.91,555
2026-05-23,C-TOR-018-002,1688.1,1011.4,557
2026-05-24,C-TOR-018-002,3002.7,3333.06,707
2026-05-25,C-TOR-018-002,2192.1,891.05,555
2026-05-26,C-TOR-018-002,1990.0,802.4,545
2026-05-27,C-TOR-018-002,2050.3,972.07,718
2026-05-28,C-TOR-018-002,2092.2,940.34,698
2026-05-29,C-TOR-018-002,2302.2,802.44,623
2026-05-30,C-TOR-018-002,1374.3,869.35,512
2026-05-31,C-TOR-018-002,1442.3,1182.08,655
2026-05-04,C-TOR-018-003,1770.3,210.51,1287
2026-05-05,C-TOR-018-003,2115.3,192.98,947
2026-05-06,C-TOR-018-003,1723.4,182.27,1062
2026-05-07,C-TOR-018-003,1722.6,209.27,879
2026-05-08,C-TOR-018-003,2237.5,199.35,1137
2026-05-09,C-TOR-018-003,1421.8,181.48,917
2026-05-10,C-TOR-018-003,1457.1,197.23,1157
2026-05-11,C-TOR-018-003,2010.2,184.52,970
2026-05-12,C-TOR-018-003,2298.2,181.07,1036
2026-05-13,C-TOR-018-003,2004.9,199.5,1179
2026-05-14,C-TOR-018-003,2254.0,175.76,1243
2026-05-15,C-TOR-018-003,2144.9,217.54,1074
2026-05-16,C-TOR-018-003,1259.2,218.24,1005
2026-05-17,C-TOR-018-003,1547.5,210.56,1085
2026-05-18,C-TOR-018-003,1972.4,158.39,1127
2026-05-19,C-TOR-018-003,1771.4,180.1,1279
2026-05-20,C-TOR-018-003,2165.1,197.97,971
2026-05-21,C-TOR-018-003,2101.4,199.01,1140
2026-05-22,C-TOR-018-003,1805.1,185.14,1009
2026-05-23,C-TOR-018-003,1445.4,214.63,1001
2026-05-24,C-TOR-018-003,2747.0,596.16,1289
2026-05-25,C-TOR-018-003,1849.8,210.99,928
2026-05-26,C-TOR-018-003,2076.5,169.45,1040
2026-05-27,C-TOR-018-003,1982.7,195.91,900
2026-05-28,C-TOR-018-003,1997.7,201.04,1111
2026-05-29,C-TOR-018-003,1721.9,191.71,971
2026-05-30,C-TOR-018-003,1388.5,204.13,1238
2026-05-31,C-TOR-018-003,1504.6,247.49,1069
2026-05-04,C-SUR-008-001,1093.6,949.99,1154
2026-05-05,C-SUR-008-001,1006.1,974.68,1556
2026-05-06,C-SUR-008-001,814.2,1025.48,1492
2026-05-07,C-SUR-008-001,921.9,1013.58,1548
2026-05-08,C-SUR-008-001,865.6,1111.77,1076
2026-05-09,C-SUR-008-001,678.1,1236.09,1509
2026-05-10,C-SUR-008-001,575.5,1347.41,1048
2026-05-11,C-SUR-008-001,838.3,1163.58,1360
2026-05-12,C-SUR-008-001,885.0,950.73,1390
2026-05-13,C-SUR-008-001,896.9,986.35,1276
2026-05-14,C-SUR-008-001,871.1,1007.12,1478
2026-05-15,C-SUR-008-001,828.2,1045.44,1470
2026-05-16,C-SUR-008-001,659.2,1201.62,1203
2026-05-17,C-SUR-008-001,719.9,1143.69,1396
2026-05-18,C-SUR-008-001,862.8,976.48,1557
2026-05-19,C-SUR-008-001,835.9,1130.87,1228
2026-05-20,C-SUR-008-001,1008.1,1139.16,1253
2026-05-21,C-SUR-008-001,1077.6,931.9,1228
2026-05-22,C-SUR-008-001,872.1,1068.72,1142
2026-05-23,C-SUR-008-001,711.2,1295.57,1262
2026-05-24,C-SUR-008-001,700.1,1109.97,1286
2026-05-25,C-SUR-008-001,943.0,979.62,1441
2026-05-26,C-SUR-008-001,1054.5,937.58,1088
2026-05-27,C-SUR-008-001,898.7,1090.51,1116
2026-05-28,C-SUR-008-001,934.5,1019.82,1407
2026-05-29,C-SUR-008-001,988.4,919.77,1444
2026-05-30,C-SUR-008-001,691.1,1271.92,1452
2026-05-31,C-SUR-008-001,730.1,1074.31,1530
2026-05-04,C-SUR-008-002,1092.6,307.07,1192
2026-05-05,C-SUR-008-002,1114.8,355.17,862
2026-05-06,C-SUR-008-002,1282.4,347.49,976
2026-05-07,C-SUR-008-002,1174.8,369.83,955
2026-05-08,C-SUR-008-002,1019.7,358.14,1169
2026-05-09,C-SUR-008-002,775.6,456.16,865
2026-05-10,C-SUR-008-002,816.4,348.87,926
2026-05-11,C-SUR-008-002,1228.7,399.46,988
2026-05-12,C-SUR-008-002,1256.1,292.73,1104
2026-05-13,C-SUR-008-002,1035.8,341.32,909
2026-05-14,C-SUR-008-002,973.7,295.43,1006
2026-05-15,C-SUR-008-002,1088.0,303.12,1140
2026-05-16,C-SUR-008-002,705.8,330.46,986
2026-05-17,C-SUR-008-002,865.2,358.97,1157
2026-05-18,C-SUR-008-002,1130.1,294.52,887
2026-05-19,C-SUR-008-002,1164.1,361.49,1111
2026-05-20,C-SUR-008-002,1126.3,308.73,1018
2026-05-21,C-SUR-008-002,1034.0,319.57,882
2026-05-22,C-SUR-008-002,1241.3,350.41,1045
2026-05-23,C-SUR-008-002,795.4,385.33,953
2026-05-24,C-SUR-008-002,860.4,408.95,838
2026-05-25,C-SUR-008-002,1256.0,320.59,971
2026-05-26,C-SUR-008-002,1119.4,328.35,1016
2026-05-27,C-SUR-008-002,1022.7,331.31,888
2026-05-28,C-SUR-008-002,1252.3,330.16,1099
2026-05-29,C-SUR-008-002,1193.3,345.08,1071
2026-05-30,C-SUR-008-002,901.7,364.97,1069
2026-05-31,C-SUR-008-002,872.6,412.05,946
2026-05-04,C-SUR-008-003,1294.3,257.39,1065
2026-05-05,C-SUR-008-003,1362.6,270.13,1138
2026-05-06,C-SUR-008-003,1236.0,347.34,1261
2026-05-07,C-SUR-008-003,1223.2,256.77,1183
2026-05-08,C-SUR-008-003,1337.5,263.25,1039
2026-05-09,C-SUR-008-003,799.3,394.42,1201
2026-05-10,C-SUR-008-003,819.2,296.78,1038
2026-05-11,C-SUR-008-003,1395.2,312.47,1096
2026-05-12,C-SUR-008-003,1225.1,305.88,845
2026-05-13,C-SUR-008-003,1297.1,320.23,890
2026-05-14,C-SUR-008-003,1190.6,274.5,997
2026-05-15,C-SUR-008-003,1393.4,259.36,1203
2026-05-16,C-SUR-008-003,758.8,395.79,850
2026-05-17,C-SUR-008-003,898.4,395.81,1185
2026-05-18,C-SUR-008-003,1098.0,285.2,1251
2026-05-19,C-SUR-008-003,1245.8,352.4,1253
2026-05-20,C-SUR-008-003,1100.5,308.84,1184
2026-05-21,C-SUR-008-003,1203.0,273.09,886
2026-05-22,C-SUR-008-003,1163.3,327.47,1215
2026-05-23,C-SUR-008-003,890.8,308.21,983
2026-05-24,C-SUR-008-003,919.0,302.72,927
2026-05-25,C-SUR-008-003,1196.9,266.69,918
2026-05-26,C-SUR-008-003,1332.4,352.78,1225
2026-05-27,C-SUR-008-003,1456.6,308.97,1075
2026-05-28,C-SUR-008-003,1148.7,351.73,1011
2026-05-29,C-SUR-008-003,1404.2,322.55,934
2026-05-30,C-SUR-008-003,957.3,358.55,1062
2026-05-31,C-SUR-008-003,976.7,293.76,1013
2026-05-04,C-TOR-019-001,1150.9,467.06,1257
2026-05-05,C-TOR-019-001,1281.4,386.02,1263
2026-05-06,C-TOR-019-001,1264.9,473.8,957
2026-05-07,C-TOR-019-001,1332.6,409.95,958
2026-05-08,C-TOR-019-001,1228.2,451.17,1052
2026-05-09,C-TOR-019-001,914.4,400.28,967
2026-05-10,C-TOR-019-001,805.3,455.1,1139
2026-05-11,C-TOR-019-001,1275.5,399.3,987
2026-05-12,C-TOR-019-001,1122.2,386.27,1067
2026-05-13,C-TOR-019-001,1342.1,402.89,1286
2026-05-14,C-TOR-019-001,1272.9,370.1,1223
2026-05-15,C-TOR-019-001,1299.7,427.51,1099
2026-05-16,C-TOR-019-001,761.7,537.18,1293
2026-05-17,C-TOR-019-001,806.3,420.87,1216
2026-05-18,C-TOR-019-001,1372.2,405.02,1013
2026-05-19,C-TOR-019-001,1399.2,356.64,1252
2026-05-20,C-TOR-019-001,1286.1,426.11,1066
2026-05-21,C-TOR-019-001,1158.2,414.35,1226
2026-05-22,C-TOR-019-001,1373.5,470.35,1218
2026-05-23,C-TOR-019-001,877.7,499.52,1379
2026-05-24,C-TOR-019-001,1458.2,1386.04,1596
2026-05-25,C-TOR-019-001,1273.0,474.95,1402
2026-05-26,C-TOR-019-001,1133.8,462.25,968
2026-05-27,C-TOR-019-001,1382.1,429.52,1071
2026-05-28,C-TOR-019-001,1190.5,400.8,1027
2026-05-29,C-TOR-019-001,1287.5,383.45,994
2026-05-30,C-TOR-019-001,804.4,439.61,1292
2026-05-31,C-TOR-019-001,953.1,408.03,1388
2026-05-04,C-TOR-019-002,1005.4,220.87,1114
2026-05-05,C-TOR-019-002,925.4,277.82,881
2026-05-06,C-TOR-019-002,897.4,264.26,945
2026-05-07,C-TOR-019-002,886.4,220.72,1167
2026-05-08,C-TOR-019-002,893.4,232.94,1259
2026-05-09,C-TOR-019-002,659.2,298.31,1162
2026-05-10,C-TOR-019-002,632.6,277.87,940
2026-05-11,C-TOR-019-002,1055.4,258.36,890
2026-05-12,C-TOR-019-002,820.3,232.74,1046
2026-05-13,C-TOR-019-002,860.6,260.09,1149
2026-05-14,C-TOR-019-002,993.9,251.73,997
2026-05-15,C-TOR-019-002,824.8,247.31,846
2026-05-16,C-TOR-019-002,586.1,313.93,1190
2026-05-17,C-TOR-019-002,715.7,267.89,1113
2026-05-18,C-TOR-019-002,965.8,260.78,1121
2026-05-19,C-TOR-019-002,1012.5,215.61,860
2026-05-20,C-TOR-019-002,996.2,258.71,1044
2026-05-21,C-TOR-019-002,916.5,211.62,1180
2026-05-22,C-TOR-019-002,1015.3,208.03,974
2026-05-23,C-TOR-019-002,708.9,281.59,933
2026-05-24,C-TOR-019-002,1219.6,803.32,1460
2026-05-25,C-TOR-019-002,846.1,255.98,892
2026-05-26,C-TOR-019-002,994.3,233.31,1095
2026-05-27,C-TOR-019-002,807.8,213.26,963
2026-05-28,C-TOR-019-002,888.3,272.33,1041
2026-05-29,C-TOR-019-002,915.5,263.96,854
2026-05-30,C-TOR-019-002,605.1,236.7,1107
2026-05-31,C-TOR-019-002,707.4,312.71,850
2026-05-04,C-TOR-019-003,1435.0,255.61,962
2026-05-05,C-TOR-019-003,1159.5,263.39,654
2026-05-06,C-TOR-019-003,1262.6,304.33,928
2026-05-07,C-TOR-019-003,1331.9,260.78,890
2026-05-08,C-TOR-019-003,1523.6,309.59,931
2026-05-09,C-TOR-019-003,950.1,358.24,960
2026-05-10,C-TOR-019-003,1091.3,336.89,973
2026-05-11,C-TOR-019-003,1483.3,312.92,941
2026-05-12,C-TOR-019-003,1368.7,290.4,753
2026-05-13,C-TOR-019-003,1510.2,247.16,923
2026-05-14,C-TOR-019-003,1541.2,258.6,843
2026-05-15,C-TOR-019-003,1177.6,318.53,944
2026-05-16,C-TOR-019-003,829.4,296.61,846
2026-05-17,C-TOR-019-003,934.9,360.79,812
2026-05-18,C-TOR-019-003,1326.2,287.7,701
2026-05-19,C-TOR-019-003,1401.5,282.37,741
2026-05-20,C-TOR-019-003,1305.8,297.75,861
2026-05-21,C-TOR-019-003,1408.1,286.72,967
2026-05-22,C-TOR-019-003,1211.6,255.07,769
2026-05-23,C-TOR-019-003,944.7,279.86,653
2026-05-24,C-TOR-019-003,1660.0,1059.76,1159
2026-05-25,C-TOR-019-003,1493.4,241.15,699
2026-05-26,C-TOR-019-003,1269.3,289.7,756
2026-05-27,C-TOR-019-003,1433.0,278.1,930
2026-05-28,C-TOR-019-003,1541.0,232.55,926
2026-05-29,C-TOR-019-003,1381.0,268.73,701
2026-05-30,C-TOR-019-003,917.9,328.05,850
2026-05-31,C-TOR-019-003,856.5,333.22,737
2026-05-04,C-LAV-014-001,2184.8,336.64,720
2026-05-05,C-LAV-014-001,1829.0,364.47,878
2026-05-06,C-LAV-014-001,1874.5,286.02,840
2026-05-07,C-LAV-014-001,2298.6,340.0,684
2026-05-08,C-LAV-014-001,2255.7,334.26,629
2026-05-09,C-LAV-014-001,1481.3,331.59,887
2026-05-10,C-LAV-014-001,1522.2,305.11,864
2026-05-11,C-LAV-014-001,2375.6,286.44,695
2026-05-12,C-LAV-014-001,1847.7,365.91,632
2026-05-13,C-LAV-014-001,2075.9,279.83,681
2026-05-14,C-LAV-014-001,1864.9,365.18,859
2026-05-15,C-LAV-014-001,1912.8,367.46,719
2026-05-16,C-LAV-014-001,1261.8,347.21,676
2026-05-17,C-LAV-014-001,1571.3,305.32,797
2026-05-18,C-LAV-014-001,1944.4,310.59,844
2026-05-19,C-LAV-014-001,1961.5,350.88,809
2026-05-20,C-LAV-014-001,1907.8,315.29,833
2026-05-21,C-LAV-014-001,2038.6,351.34,789
2026-05-22,C-LAV-014-001,2169.1,319.9,868
2026-05-23,C-LAV-014-001,1379.8,406.19,874
2026-05-24,C-LAV-014-001,1471.6,415.92,804
2026-05-25,C-LAV-014-001,2337.4,363.48,674
2026-05-26,C-LAV-014-001,2296.7,351.89,684
2026-05-27,C-LAV-014-001,2302.4,366.87,731
2026-05-28,C-LAV-014-001,1994.9,301.12,855
2026-05-29,C-LAV-014-001,2273.2,338.09,689
2026-05-30,C-LAV-014-001,1648.2,314.81,635
2026-05-31,C-LAV-014-001,1518.6,325.41,669
2026-05-04,C-LAV-014-002,1616.7,820.9,838
2026-05-05,C-LAV-014-002,1643.5,985.89,1055
2026-05-06,C-LAV-014-002,1347.6,840.31,971
2026-05-07,C-LAV-014-002,1278.5,1046.79,831
2026-05-08,C-LAV-014-002,1470.4,994.27,1147
2026-05-09,C-LAV-014-002,1142.9,1047.71,822
2026-05-10,C-LAV-014-002,1097.3,1101.32,797
2026-05-11,C-LAV-014-002,1694.9,787.86,1033
2026-05-12,C-LAV-014-002,1653.9,1055.51,821
2026-05-13,C-LAV-014-002,1669.7,899.27,1008
2026-05-14,C-LAV-014-002,1590.5,924.24,1103
2026-05-15,C-LAV-014-002,1288.3,866.83,880
2026-05-16,C-LAV-014-002,968.4,1187.0,1145
2026-05-17,C-LAV-014-002,1128.2,1024.36,820
2026-05-18,C-LAV-014-002,1476.5,857.28,935
2026-05-19,C-LAV-014-002,1599.7,820.11,1130
2026-05-20,C-LAV-014-002,1265.6,887.52,833
2026-05-21,C-LAV-014-002,1435.6,817.95,1128
2026-05-22,C-LAV-014-002,1494.6,795.19,942
2026-05-23,C-LAV-014-002,1027.7,1225.41,883
2026-05-24,C-LAV-014-002,1100.3,985.72,983
2026-05-25,C-LAV-014-002,1540.2,1022.2,795
2026-05-26,C-LAV-014-002,1694.5,1047.52,1116
2026-05-27,C-LAV-014-002,1609.5,1032.53,774
2026-05-28,C-LAV-014-002,1301.6,1079.94,1127
2026-05-29,C-LAV-014-002,1402.9,779.1,829
2026-05-30,C-LAV-014-002,904.2,1253.3,928
2026-05-31,C-LAV-014-002,940.4,1000.63,837
2026-05-04,C-LAV-014-003,1216.0,674.67,567
2026-05-05,C-LAV-014-003,1134.7,688.24,536
2026-05-06,C-LAV-014-003,1128.5,711.3,742
2026-05-07,C-LAV-014-003,1206.3,709.69,697
2026-05-08,C-LAV-014-003,1024.8,738.1,689
2026-05-09,C-LAV-014-003,743.6,653.67,745
2026-05-10,C-LAV-014-003,735.6,758.69,587
2026-05-11,C-LAV-014-003,1025.6,716.52,677
2026-05-12,C-LAV-014-003,1033.4,572.39,511
2026-05-13,C-LAV-014-003,1049.6,566.47,542
2026-05-14,C-LAV-014-003,963.1,589.76,557
2026-05-15,C-LAV-014-003,984.9,550.86,608
2026-05-16,C-LAV-014-003,860.5,726.92,513
2026-05-17,C-LAV-014-003,851.1,718.93,693
2026-05-18,C-LAV-014-003,1127.8,603.39,617
2026-05-19,C-LAV-014-003,1000.1,617.14,594
2026-05-20,C-LAV-014-003,1255.5,671.29,505
2026-05-21,C-LAV-014-003,1070.5,709.01,569
2026-05-22,C-LAV-014-003,1144.6,589.17,598
2026-05-23,C-LAV-014-003,761.4,751.16,529
2026-05-24,C-LAV-014-003,775.9,865.18,726
2026-05-25,C-LAV-014-003,1065.5,675.83,636
2026-05-26,C-LAV-014-003,1081.6,651.13,606
2026-05-27,C-LAV-014-003,1189.7,573.68,528
2026-05-28,C-LAV-014-003,1091.7,539.93,727
2026-05-29,C-LAV-014-003,1176.3,638.09,750
2026-05-30,C-LAV-014-003,695.4,676.53,651
2026-05-31,C-LAV-014-003,668.9,629.4,723
2026-05-04,C-SUR-009-001,1912.8,407.33,1049
2026-05-05,C-SUR-009-001,1904.7,354.87,984
2026-05-06,C-SUR-009-001,1890.7,346.52,955
2026-05-07,C-SUR-009-001,1919.0,361.48,1073
2026-05-08,C-SUR-009-001,2204.6,330.23,780
2026-05-09,C-SUR-009-001,1507.0,377.21,868
2026-05-10,C-SUR-009-001,1591.9,460.04,1058
2026-05-11,C-SUR-009-001,2040.4,419.0,961
2026-05-12,C-SUR-009-001,1949.7,378.75,1090
2026-05-13,C-SUR-009-001,1905.1,368.75,905
2026-05-14,C-SUR-009-001,2359.8,367.39,897
2026-05-15,C-SUR-009-001,1789.9,386.28,1021
2026-05-16,C-SUR-009-001,1376.6,357.95,934
2026-05-17,C-SUR-009-001,1674.9,407.56,834
2026-05-18,C-SUR-009-001,2274.5,309.12,1050
2026-05-19,C-SUR-009-001,2395.1,333.48,1046
2026-05-20,C-SUR-009-001,2073.1,387.65,1050
2026-05-21,C-SUR-009-001,2341.2,338.99,748
2026-05-22,C-SUR-009-001,2329.6,423.36,986
2026-05-23,C-SUR-009-001,1500.7,486.6,859
2026-05-24,C-SUR-009-001,1598.7,468.22,922
2026-05-25,C-SUR-009-001,1939.7,332.41,824
2026-05-26,C-SUR-009-001,2231.7,388.77,766
2026-05-27,C-SUR-009-001,2062.0,349.05,895
2026-05-28,C-SUR-009-001,1870.4,366.53,983
2026-05-29,C-SUR-009-001,1807.8,311.57,1095
2026-05-30,C-SUR-009-001,1253.1,475.42,1027
2026-05-31,C-SUR-009-001,1255.5,441.02,1063
2026-05-04,C-SUR-009-002,1154.4,421.62,1224
2026-05-05,C-SUR-009-002,1015.7,516.93,1359
2026-05-06,C-SUR-009-002,1024.2,482.27,1029
2026-05-07,C-SUR-009-002,1045.1,513.35,1373
2026-05-08,C-SUR-009-002,1247.7,518.44,1347
2026-05-09,C-SUR-009-002,706.1,492.6,1114
2026-05-10,C-SUR-009-002,844.9,446.0,1334
2026-05-11,C-SUR-009-002,937.9,453.09,1257
2026-05-12,C-SUR-009-002,939.8,469.19,1064
2026-05-13,C-SUR-009-002,973.4,438.4,1392
2026-05-14,C-SUR-009-002,1118.1,416.67,1226
2026-05-15,C-SUR-009-002,1091.6,417.96,1026
2026-05-16,C-SUR-009-002,756.7,607.03,1082
2026-05-17,C-SUR-009-002,808.7,560.2,1444
2026-05-18,C-SUR-009-002,1181.4,509.83,1419
2026-05-19,C-SUR-009-002,1074.8,478.45,1318
2026-05-20,C-SUR-009-002,1044.0,404.59,1239
2026-05-21,C-SUR-009-002,1002.3,469.26,1240
2026-05-22,C-SUR-009-002,942.5,393.27,1434
2026-05-23,C-SUR-009-002,852.2,561.9,1192
2026-05-24,C-SUR-009-002,742.4,531.28,1013
2026-05-25,C-SUR-009-002,1034.0,443.81,1365
2026-05-26,C-SUR-009-002,968.8,385.93,1119
2026-05-27,C-SUR-009-002,1024.7,492.61,1070
2026-05-28,C-SUR-009-002,1119.3,404.14,1466
2026-05-29,C-SUR-009-002,1217.1,483.6,1266
2026-05-30,C-SUR-009-002,709.6,577.82,1355
2026-05-31,C-SUR-009-002,718.1,581.66,1046
2026-05-04,C-SUR-009-003,1667.3,627.54,1090
2026-05-05,C-SUR-009-003,1640.3,609.87,870
2026-05-06,C-SUR-009-003,1637.8,750.07,1040
2026-05-07,C-SUR-009-003,1513.0,780.52,1035
2026-05-08,C-SUR-009-003,1590.0,726.09,1042
2026-05-09,C-SUR-009-003,1302.1,798.71,1128
2026-05-10,C-SUR-009-003,1257.0,900.94,787
2026-05-11,C-SUR-009-003,1738.4,699.44,801
2026-05-12,C-SUR-009-003,1407.2,774.36,1011
2026-05-13,C-SUR-009-003,1623.2,840.82,1086
2026-05-14,C-SUR-009-003,1860.2,837.01,1044
2026-05-15,C-SUR-009-003,1633.8,615.93,850
2026-05-16,C-SUR-009-003,992.7,761.17,1088
2026-05-17,C-SUR-009-003,1032.2,838.65,1001
2026-05-18,C-SUR-009-003,1670.7,689.34,887
2026-05-19,C-SUR-009-003,1477.5,651.65,782
2026-05-20,C-SUR-009-003,1402.3,706.12,948
2026-05-21,C-SUR-009-003,1559.0,652.18,894
2026-05-22,C-SUR-009-003,1693.1,818.2,1053
2026-05-23,C-SUR-009-003,1180.0,913.95,950
2026-05-24,C-SUR-009-003,1067.5,826.82,1109
2026-05-25,C-SUR-009-003,1496.2,789.13,806
2026-05-26,C-SUR-009-003,1809.1,731.13,928
2026-05-27,C-SUR-009-003,1414.6,733.2,924
2026-05-28,C-SUR-009-003,1825.6,697.51,1127
2026-05-29,C-SUR-009-003,1437.7,627.32,1041
2026-05-30,C-SUR-009-003,1314.6,929.81,796
2026-05-31,C-SUR-009-003,1096.5,861.65,820
2026-05-04,C-MTL-015-001,842.4,797.81,671
2026-05-05,C-MTL-015-001,843.7,718.14,516
2026-05-06,C-MTL-015-001,979.5,971.22,601
2026-05-07,C-MTL-015-001,823.1,952.84,597
2026-05-08,C-MTL-015-001,835.0,815.15,595
2026-05-09,C-MTL-015-001,656.4,935.19,637
2026-05-10,C-MTL-015-001,559.8,1068.27,714
2026-05-11,C-MTL-015-001,956.7,932.23,633
2026-05-12,C-MTL-015-001,861.6,878.14,705
2026-05-13,C-MTL-015-001,886.7,877.78,507
2026-05-14,C-MTL-015-001,769.6,919.8,546
2026-05-15,C-MTL-015-001,764.7,793.02,536
2026-05-16,C-MTL-015-001,640.9,867.8,613
2026-05-17,C-MTL-015-001,601.6,1020.64,649
2026-05-18,C-MTL-015-001,771.0,824.39,569
2026-05-19,C-MTL-015-001,934.1,972.59,536
2026-05-20,C-MTL-015-001,960.9,738.09,558
2026-05-21,C-MTL-015-001,1023.0,826.33,543
2026-05-22,C-MTL-015-001,934.1,788.73,664
2026-05-23,C-MTL-015-001,578.5,890.73,500
2026-05-24,C-MTL-015-001,618.5,1148.89,612
2026-05-25,C-MTL-015-001,884.5,822.49,644
2026-05-26,C-MTL-015-001,846.1,974.91,691
2026-05-27,C-MTL-015-001,945.2,734.85,546
2026-05-28,C-MTL-015-001,950.0,844.53,675
2026-05-29,C-MTL-015-001,985.6,769.28,541
2026-05-30,C-MTL-015-001,682.2,928.8,524
2026-05-31,C-MTL-015-001,639.6,1150.16,599
2026-05-04,C-MTL-015-002,894.8,870.33,1462
2026-05-05,C-MTL-015-002,1112.7,908.22,1490
2026-05-06,C-MTL-015-002,1061.5,976.42,1151
2026-05-07,C-MTL-015-002,1007.8,830.47,1500
2026-05-08,C-MTL-015-002,942.4,816.8,1384
2026-05-09,C-MTL-015-002,666.7,1198.01,1117
2026-05-10,C-MTL-015-002,766.9,916.54,1532
2026-05-11,C-MTL-015-002,1015.6,1027.21,1394
2026-05-12,C-MTL-015-002,891.6,1057.54,1037
2026-05-13,C-MTL-015-002,921.7,1028.02,1081
2026-05-14,C-MTL-015-002,946.5,805.41,1272
2026-05-15,C-MTL-015-002,931.4,932.42,1230
2026-05-16,C-MTL-015-002,658.8,1024.74,1430
2026-05-17,C-MTL-015-002,627.6,948.43,1074
2026-05-18,C-MTL-015-002,1040.4,853.93,1175
2026-05-19,C-MTL-015-002,966.3,991.54,1092
2026-05-20,C-MTL-015-002,1083.8,859.71,1408
2026-05-21,C-MTL-015-002,907.1,787.6,1297
2026-05-22,C-MTL-015-002,1113.4,800.99,1154
2026-05-23,C-MTL-015-002,695.5,1263.91,1406
2026-05-24,C-MTL-015-002,775.2,1191.22,1358
2026-05-25,C-MTL-015-002,960.4,997.21,1253
2026-05-26,C-MTL-015-002,883.9,985.0,1274
2026-05-27,C-MTL-015-002,1083.9,822.61,1193
2026-05-28,C-MTL-015-002,860.1,897.84,1058
2026-05-29,C-MTL-015-002,881.9,1092.77,1278
2026-05-30,C-MTL-015-002,785.1,1186.64,1029
2026-05-31,C-MTL-015-002,696.4,1115.59,1401
2026-05-04,C-MTL-015-003,981.3,535.2,1071
2026-05-05,C-MTL-015-003,1063.2,604.29,1003
2026-05-06,C-MTL-015-003,1127.9,592.09,1244
2026-05-07,C-MTL-015-003,1108.3,575.8,1067
2026-05-08,C-MTL-015-003,1089.0,545.52,912
2026-05-09,C-MTL-015-003,792.3,687.0,1266
2026-05-10,C-MTL-015-003,604.8,743.73,1059
2026-05-11,C-MTL-015-003,1153.7,632.7,1319
2026-05-12,C-MTL-015-003,1009.9,531.51,1000
2026-05-13,C-MTL-015-003,1124.5,583.59,1183
2026-05-14,C-MTL-015-003,894.7,620.55,1258
2026-05-15,C-MTL-015-003,1084.2,648.65,1279
2026-05-16,C-MTL-015-003,619.4,660.96,924
2026-05-17,C-MTL-015-003,609.4,736.4,1316
2026-05-18,C-MTL-015-003,1076.5,581.54,1271
2026-05-19,C-MTL-015-003,985.1,463.94,1114
2026-05-20,C-MTL-015-003,1038.7,599.48,939
2026-05-21,C-MTL-015-003,984.5,522.83,1320
2026-05-22,C-MTL-015-003,901.6,643.73,957
2026-05-23,C-MTL-015-003,814.6,600.7,1240
2026-05-24,C-MTL-015-003,697.2,722.77,1108
2026-05-25,C-MTL-015-003,1046.2,543.91,968
2026-05-26,C-MTL-015-003,872.0,532.2,1181
2026-05-27,C-MTL-015-003,1097.0,487.96,899
2026-05-28,C-MTL-015-003,1126.2,647.33,1196
2026-05-29,C-MTL-015-003,903.7,511.21,1244
2026-05-30,C-MTL-015-003,737.4,585.0,1311
2026-05-31,C-MTL-015-003,786.3,747.51,1266
2026-05-04,C-EDM-003-001,1531.0,142.52,629
2026-05-05,C-EDM-003-001,1225.2,173.68,658
2026-05-06,C-EDM-003-001,1455.7,148.18,672
2026-05-07,C-EDM-003-001,1337.8,149.16,733
2026-05-08,C-EDM-003-001,1469.6,147.79,564
2026-05-09,C-EDM-003-001,1033.0,199.73,637
2026-05-10,C-EDM-003-001,1042.4,201.81,718
2026-05-11,C-EDM-003-001,1502.2,173.89,716
2026-05-12,C-EDM-003-001,1410.2,167.88,809
2026-05-13,C-EDM-003-001,1592.8,163.5,665
2026-05-14,C-EDM-003-001,1338.9,132.24,745
2026-05-15,C-EDM-003-001,1563.8,148.75,778
2026-05-16,C-EDM-003-001,925.0,154.7,659
2026-05-17,C-EDM-003-001,866.6,206.27,746
2026-05-18,C-EDM-003-001,1221.3,166.26,811
2026-05-19,C-EDM-003-001,1392.3,149.97,727
2026-05-20,C-EDM-003-001,1401.2,171.5,765
2026-05-21,C-EDM-003-001,1320.6,182.55,645
2026-05-22,C-EDM-003-001,1481.9,148.47,689
2026-05-23,C-EDM-003-001,996.6,174.71,704
2026-05-24,C-EDM-003-001,971.1,187.11,757
2026-05-25,C-EDM-003-001,1513.3,148.69,765
2026-05-26,C-EDM-003-001,1480.0,160.22,825
2026-05-27,C-EDM-003-001,1555.4,158.4,725
2026-05-28,C-EDM-003-001,1472.6,173.13,794
2026-05-29,C-EDM-003-001,1279.4,155.67,699
2026-05-30,C-EDM-003-001,932.8,152.82,766
2026-05-31,C-EDM-003-001,990.2,150.93,775
2026-05-04,C-EDM-003-002,1833.0,351.48,1030
2026-05-05,C-EDM-003-002,2063.2,267.06,1034
2026-05-06,C-EDM-003-002,2148.4,316.46,938
2026-05-07,C-EDM-003-002,2075.3,340.11,1246
2026-05-08,C-EDM-003-002,1642.2,336.89,847
2026-05-09,C-EDM-003-002,1264.2,297.68,906
2026-05-10,C-EDM-003-002,1505.4,392.97,978
2026-05-11,C-EDM-003-002,1619.9,264.91,969
2026-05-12,C-EDM-003-002,1914.1,333.9,1128
2026-05-13,C-EDM-003-002,1750.0,338.89,1097
2026-05-14,C-EDM-003-002,2020.0,319.91,1176
2026-05-15,C-EDM-003-002,2143.5,311.34,1237
2026-05-16,C-EDM-003-002,1432.7,384.97,934
2026-05-17,C-EDM-003-002,1480.1,318.81,895
2026-05-18,C-EDM-003-002,1714.1,337.34,1134
2026-05-19,C-EDM-003-002,1956.1,325.87,843
2026-05-20,C-EDM-003-002,1689.6,257.04,1049
2026-05-21,C-EDM-003-002,1780.4,272.38,868
2026-05-22,C-EDM-003-002,1657.7,339.76,1136
2026-05-23,C-EDM-003-002,1300.9,330.18,887
2026-05-24,C-EDM-003-002,1468.2,386.77,935
2026-05-25,C-EDM-003-002,2041.6,319.72,967
2026-05-26,C-EDM-003-002,1620.4,334.03,944
2026-05-27,C-EDM-003-002,1977.2,355.27,1182
2026-05-28,C-EDM-003-002,1804.1,290.9,1007
2026-05-29,C-EDM-003-002,1618.8,353.95,1237
2026-05-30,C-EDM-003-002,1164.3,327.11,1144
2026-05-31,C-EDM-003-002,1344.3,316.63,1172
2026-05-04,C-EDM-003-003,1016.9,325.08,808
2026-05-05,C-EDM-003-003,1025.9,354.49,696
2026-05-06,C-EDM-003-003,764.8,330.29,714
2026-05-07,C-EDM-003-003,922.5,369.2,694
2026-05-08,C-EDM-003-003,868.1,289.14,776
2026-05-09,C-EDM-003-003,554.7,360.73,729
2026-05-10,C-EDM-003-003,588.3,415.01,981
2026-05-11,C-EDM-003-003,813.9,386.9,894
2026-05-12,C-EDM-003-003,789.4,334.59,772
2026-05-13,C-EDM-003-003,915.6,302.4,794
2026-05-14,C-EDM-003-003,790.5,307.36,850
2026-05-15,C-EDM-003-003,992.5,310.47,752
2026-05-16,C-EDM-003-003,585.9,450.36,955
2026-05-17,C-EDM-003-003,566.1,426.16,773
2026-05-18,C-EDM-003-003,791.3,292.91,860
2026-05-19,C-EDM-003-003,913.8,318.19,744
2026-05-20,C-EDM-003-003,952.4,365.89,993
2026-05-21,C-EDM-003-003,975.2,334.76,760
2026-05-22,C-EDM-003-003,920.7,316.35,871
2026-05-23,C-EDM-003-003,544.6,449.23,746
2026-05-24,C-EDM-003-003,612.6,337.19,961
2026-05-25,C-EDM-003-003,967.9,334.2,702
2026-05-26,C-EDM-003-003,982.0,389.49,760
2026-05-27,C-EDM-003-003,1020.9,355.47,719
2026-05-28,C-EDM-003-003,1000.7,373.24,807
2026-05-29,C-EDM-003-003,885.6,311.83,841
2026-05-30,C-EDM-003-003,672.6,349.98,865
2026-05-31,C-EDM-003-003,717.6,347.08,681
2026-05-04,C-QBC-016-001,1217.4,424.61,1391
2026-05-05,C-QBC-016-001,1272.1,384.34,1159
2026-05-06,C-QBC-016-001,1383.5,388.11,1303
2026-05-07,C-QBC-016-001,1397.0,520.26,1166
2026-05-08,C-QBC-016-001,1351.6,510.36,1441
2026-05-09,C-QBC-016-001,940.0,546.1,1576
2026-05-10,C-QBC-016-001,1068.3,474.53,1156
2026-05-11,C-QBC-016-001,1191.1,375.35,1368
2026-05-12,C-QBC-016-001,1379.5,525.07,1390
2026-05-13,C-QBC-016-001,1405.6,406.28,1166
2026-05-14,C-QBC-016-001,1155.0,448.57,1323
2026-05-15,C-QBC-016-001,1331.4,429.08,1576
2026-05-16,C-QBC-016-001,892.9,525.19,1401
2026-05-17,C-QBC-016-001,1033.1,541.46,1645
2026-05-18,C-QBC-016-001,1495.5,453.91,1192
2026-05-19,C-QBC-016-001,1354.2,492.17,1635
2026-05-20,C-QBC-016-001,1528.9,381.29,1594
2026-05-21,C-QBC-016-001,1338.4,410.79,1439
2026-05-22,C-QBC-016-001,1467.3,476.02,1170
2026-05-23,C-QBC-016-001,1000.7,607.2,1340
2026-05-24,C-QBC-016-001,995.3,592.88,1617
2026-05-25,C-QBC-016-001,1323.2,483.9,1529
2026-05-26,C-QBC-016-001,1252.0,407.56,1564
2026-05-27,C-QBC-016-001,1249.0,431.34,1200
2026-05-28,C-QBC-016-001,1344.9,423.26,1324
2026-05-29,C-QBC-016-001,1183.9,505.83,1203
2026-05-30,C-QBC-016-001,1059.4,570.48,1663
2026-05-31,C-QBC-016-001,956.1,558.34,1255
2026-05-04,C-QBC-016-002,1251.6,358.12,935
2026-05-05,C-QBC-016-002,1507.6,298.6,1067
2026-05-06,C-QBC-016-002,1574.0,316.79,1368
2026-05-07,C-QBC-016-002,1323.6,358.96,1322
2026-05-08,C-QBC-016-002,1429.6,368.83,934
2026-05-09,C-QBC-016-002,859.4,411.77,1220
2026-05-10,C-QBC-016-002,1054.6,329.48,1175
2026-05-11,C-QBC-016-002,1316.3,343.28,1259
2026-05-12,C-QBC-016-002,1208.5,328.0,1314
2026-05-13,C-QBC-016-002,1467.6,376.69,1273
2026-05-14,C-QBC-016-002,1600.5,312.12,1061
2026-05-15,C-QBC-016-002,1347.0,307.96,934
2026-05-16,C-QBC-016-002,960.9,403.13,1195
2026-05-17,C-QBC-016-002,927.8,330.24,949
2026-05-18,C-QBC-016-002,1339.7,291.28,1239
2026-05-19,C-QBC-016-002,1362.4,339.23,1203
2026-05-20,C-QBC-016-002,1565.9,362.71,1238
2026-05-21,C-QBC-016-002,1371.5,361.14,930
2026-05-22,C-QBC-016-002,1413.1,371.29,1184
2026-05-23,C-QBC-016-002,1047.2,402.91,1346
2026-05-24,C-QBC-016-002,1055.4,386.43,1177
2026-05-25,C-QBC-016-002,1245.0,351.75,1174
2026-05-26,C-QBC-016-002,1377.6,305.7,1300
2026-05-27,C-QBC-016-002,1599.2,293.57,1221
2026-05-28,C-QBC-016-002,1597.0,314.47,1106
2026-05-29,C-QBC-016-002,1437.2,275.11,1359
2026-05-30,C-QBC-016-002,1116.7,415.07,1049
2026-05-31,C-QBC-016-002,866.0,394.73,1339
2026-05-04,C-QBC-016-003,1299.1,265.36,1446
2026-05-05,C-QBC-016-003,1184.8,337.17,1144
2026-05-06,C-QBC-016-003,1053.6,270.18,1100
2026-05-07,C-QBC-016-003,1281.2,284.61,1459
2026-05-08,C-QBC-016-003,1026.0,328.34,1466
2026-05-09,C-QBC-016-003,730.0,312.7,1111
2026-05-10,C-QBC-016-003,763.7,401.6,1376
2026-05-11,C-QBC-016-003,1096.4,299.39,1048
2026-05-12,C-QBC-016-003,1295.2,317.06,1139
2026-05-13,C-QBC-016-003,1223.8,356.44,1485
2026-05-14,C-QBC-016-003,1038.0,335.85,1213
2026-05-15,C-QBC-016-003,1302.7,296.21,1254
2026-05-16,C-QBC-016-003,719.2,374.52,1223
2026-05-17,C-QBC-016-003,776.0,400.05,1385
2026-05-18,C-QBC-016-003,1145.1,283.92,1481
2026-05-19,C-QBC-016-003,1132.9,305.02,1377
2026-05-20,C-QBC-016-003,1163.6,336.09,1187
2026-05-21,C-QBC-016-003,1138.9,331.44,1455
2026-05-22,C-QBC-016-003,1213.4,345.1,1091
2026-05-23,C-QBC-016-003,737.0,352.07,1020
2026-05-24,C-QBC-016-003,730.4,395.04,1070
2026-05-25,C-QBC-016-003,1035.9,335.02,1213
2026-05-26,C-QBC-016-003,1305.5,306.01,1215
2026-05-27,C-QBC-016-003,1070.9,343.42,1214
2026-05-28,C-QBC-016-003,1035.4,342.56,1442
2026-05-29,C-QBC-016-003,1205.7,272.85,1209
2026-05-30,C-QBC-016-003,854.6,334.04,1347
2026-05-31,C-QBC-016-003,777.2,305.6,1270
2026-05-04,C-LAV-017-001,1720.5,531.22,1126
2026-05-05,C-LAV-017-001,1603.2,403.64,1291
2026-05-06,C-LAV-017-001,1441.3,393.04,1130
2026-05-07,C-LAV-017-001,1847.5,410.24,1526
2026-05-08,C-LAV-017-001,1800.9,533.83,1431
2026-05-09,C-LAV-017-001,1340.1,586.93,1086
2026-05-10,C-LAV-017-001,1005.1,474.7,1511
2026-05-11,C-LAV-017-001,1727.8,530.83,1073
2026-05-12,C-LAV-017-001,1663.4,430.97,1412
2026-05-13,C-LAV-017-001,1674.8,493.42,1171
2026-05-14,C-LAV-017-001,1721.7,501.4,1302
2026-05-15,C-LAV-017-001,1864.5,511.43,1281
2026-05-16,C-LAV-017-001,1260.0,566.22,1393
2026-05-17,C-LAV-017-001,1338.7,511.48,1435
2026-05-18,C-LAV-017-001,1472.5,481.27,1277
2026-05-19,C-LAV-017-001,1493.2,472.98,1450
2026-05-20,C-LAV-017-001,1423.5,513.06,1439
2026-05-21,C-LAV-017-001,1854.8,480.99,1510
2026-05-22,C-LAV-017-001,1849.0,432.81,1333
2026-05-23,C-LAV-017-001,1081.9,462.07,1353
2026-05-24,C-LAV-017-001,1239.3,510.01,1132
2026-05-25,C-LAV-017-001,1509.7,423.91,1208
2026-05-26,C-LAV-017-001,1570.6,458.56,1220
2026-05-27,C-LAV-017-001,1789.7,444.25,1067
2026-05-28,C-LAV-017-001,1438.5,529.28,1107
2026-05-29,C-LAV-017-001,1701.1,456.74,1296
2026-05-30,C-LAV-017-001,1331.5,578.42,1418
2026-05-31,C-LAV-017-001,1234.8,578.57,1449
2026-05-04,C-LAV-017-002,1674.2,274.57,657
2026-05-05,C-LAV-017-002,1760.0,289.72,510
2026-05-06,C-LAV-017-002,1489.5,274.08,651
2026-05-07,C-LAV-017-002,1733.5,369.79,477
2026-05-08,C-LAV-017-002,1650.6,355.46,609
2026-05-09,C-LAV-017-002,1142.9,367.9,525
2026-05-10,C-LAV-017-002,1085.0,402.32,570
2026-05-11,C-LAV-017-002,1464.1,343.08,480
2026-05-12,C-LAV-017-002,1446.4,276.1,582
2026-05-13,C-LAV-017-002,1444.5,323.59,582
2026-05-14,C-LAV-017-002,1456.9,359.49,660
2026-05-15,C-LAV-017-002,1500.9,354.84,638
2026-05-16,C-LAV-017-002,1014.6,434.56,527
2026-05-17,C-LAV-017-002,1087.7,399.52,566
2026-05-18,C-LAV-017-002,1594.9,308.07,478
2026-05-19,C-LAV-017-002,1806.2,357.22,595
2026-05-20,C-LAV-017-002,1845.7,324.69,521
2026-05-21,C-LAV-017-002,1539.1,372.9,460
2026-05-22,C-LAV-017-002,1742.0,292.5,609
2026-05-23,C-LAV-017-002,1185.2,346.39,523
2026-05-24,C-LAV-017-002,1101.5,352.18,618
2026-05-25,C-LAV-017-002,1773.1,294.62,658
2026-05-26,C-LAV-017-002,1823.8,342.81,483
2026-05-27,C-LAV-017-002,1695.1,351.25,646
2026-05-28,C-LAV-017-002,1449.1,354.89,563
2026-05-29,C-LAV-017-002,1552.5,283.26,549
2026-05-30,C-LAV-017-002,1156.0,360.36,625
2026-05-31,C-LAV-017-002,1307.4,377.7,518
2026-05-04,C-LAV-017-003,2512.6,324.91,861
2026-05-05,C-LAV-017-003,2376.0,353.58,1048
2026-05-06,C-LAV-017-003,2033.0,311.67,1192
2026-05-07,C-LAV-017-003,2249.5,364.61,1113
2026-05-08,C-LAV-017-003,1936.6,329.01,1015
2026-05-09,C-LAV-017-003,1689.1,365.84,1015
2026-05-10,C-LAV-017-003,1579.3,362.38,1031
2026-05-11,C-LAV-017-003,2317.9,363.94,894
2026-05-12,C-LAV-017-003,2427.5,417.93,1057
2026-05-13,C-LAV-017-003,2268.2,363.16,1194
2026-05-14,C-LAV-017-003,2414.1,319.28,804
2026-05-15,C-LAV-017-003,2357.6,363.43,797
2026-05-16,C-LAV-017-003,1376.4,410.89,1123
2026-05-17,C-LAV-017-003,1616.9,405.96,847
2026-05-18,C-LAV-017-003,2162.1,337.9,924
2026-05-19,C-LAV-017-003,1928.7,396.54,951
2026-05-20,C-LAV-017-003,1873.7,416.22,1096
2026-05-21,C-LAV-017-003,2257.4,404.96,923
2026-05-22,C-LAV-017-003,2267.2,334.53,907
2026-05-23,C-LAV-017-003,1680.0,415.67,813
2026-05-24,C-LAV-017-003,1636.3,358.93,877
2026-05-25,C-LAV-017-003,2462.1,307.21,922
2026-05-26,C-LAV-017-003,2202.5,381.26,844
2026-05-27,C-LAV-017-003,2010.0,385.59,1015
2026-05-28,C-LAV-017-003,2287.5,386.71,1078
2026-05-29,C-LAV-017-003,2397.8,357.35,1122
2026-05-30,C-LAV-017-003,1471.5,469.51,1175
2026-05-31,C-LAV-017-003,1696.1,412.52,901
2026-05-04,C-SUR-010-001,2281.9,708.45,927
2026-05-05,C-SUR-010-001,1874.0,673.83,826
2026-05-06,C-SUR-010-001,2295.8,797.54,830
2026-05-07,C-SUR-010-001,2381.1,682.56,794
2026-05-08,C-SUR-010-001,2486.1,721.97,936
2026-05-09,C-SUR-010-001,1656.5,872.04,767
2026-05-10,C-SUR-010-001,1668.2,904.31,1072
2026-05-11,C-SUR-010-001,2337.3,619.26,1000
2026-05-12,C-SUR-010-001,1869.0,682.42,1057
2026-05-13,C-SUR-010-001,2077.2,712.6,945
2026-05-14,C-SUR-010-001,2381.6,607.07,795
2026-05-15,C-SUR-010-001,2435.9,751.1,845
2026-05-16,C-SUR-010-001,1570.9,771.98,784
2026-05-17,C-SUR-010-001,1367.4,886.76,1073
2026-05-18,C-SUR-010-001,2123.1,818.36,858
2026-05-19,C-SUR-010-001,1922.9,735.9,1010
2026-05-20,C-SUR-010-001,1906.4,667.93,972
2026-05-21,C-SUR-010-001,2304.5,646.64,1116
2026-05-22,C-SUR-010-001,2214.1,768.16,979
2026-05-23,C-SUR-010-001,1673.7,873.68,1060
2026-05-24,C-SUR-010-001,1730.5,730.22,1019
2026-05-25,C-SUR-010-001,2302.2,683.15,847
2026-05-26,C-SUR-010-001,2277.4,625.57,1036
2026-05-27,C-SUR-010-001,2105.3,706.65,846
2026-05-28,C-SUR-010-001,2421.1,657.33,1109
2026-05-29,C-SUR-010-001,2257.1,752.6,960
2026-05-30,C-SUR-010-001,1487.9,885.41,1069
2026-05-31,C-SUR-010-001,1339.1,902.84,890
2026-05-04,C-SUR-010-002,1510.1,259.04,558
2026-05-05,C-SUR-010-002,1627.4,276.9,515
2026-05-06,C-SUR-010-002,1885.5,222.89,628
2026-05-07,C-SUR-010-002,1719.3,235.06,499
2026-05-08,C-SUR-010-002,1515.9,254.93,646
2026-05-09,C-SUR-010-002,1202.7,306.21,480
2026-05-10,C-SUR-010-002,1335.2,274.42,576
2026-05-11,C-SUR-010-002,1480.2,235.06,574
2026-05-12,C-SUR-010-002,1945.0,205.68,470
2026-05-13,C-SUR-010-002,1729.5,263.7,622
2026-05-14,C-SUR-010-002,1584.4,246.18,498
2026-05-15,C-SUR-010-002,1850.3,226.5,587
2026-05-16,C-SUR-010-002,1193.5,265.39,632
2026-05-17,C-SUR-010-002,1082.3,297.53,489
2026-05-18,C-SUR-010-002,1735.8,253.18,590
2026-05-19,C-SUR-010-002,1525.7,200.64,657
2026-05-20,C-SUR-010-002,1652.3,273.99,515
2026-05-21,C-SUR-010-002,1875.7,254.23,507
2026-05-22,C-SUR-010-002,1638.5,203.42,608
2026-05-23,C-SUR-010-002,1198.1,267.07,540
2026-05-24,C-SUR-010-002,1209.4,302.18,615
2026-05-25,C-SUR-010-002,1777.3,272.11,476
2026-05-26,C-SUR-010-002,1457.1,251.18,642
2026-05-27,C-SUR-010-002,1566.2,201.83,560
2026-05-28,C-SUR-010-002,1915.6,237.76,497
2026-05-29,C-SUR-010-002,1469.1,244.15,528
2026-05-30,C-SUR-010-002,1351.9,289.26,561
2026-05-31,C-SUR-010-002,1203.0,267.28,563
2026-05-04,C-SUR-010-003,1766.3,341.17,913
2026-05-05,C-SUR-010-003,2059.3,434.41,927
2026-05-06,C-SUR-010-003,1740.7,341.86,785
2026-05-07,C-SUR-010-003,2079.3,374.81,810
2026-05-08,C-SUR-010-003,2303.1,432.76,954
2026-05-09,C-SUR-010-003,1494.2,398.17,940
2026-05-10,C-SUR-010-003,1574.1,434.48,923
2026-05-11,C-SUR-010-003,1829.2,425.21,872
2026-05-12,C-SUR-010-003,1819.2,380.6,1079
2026-05-13,C-SUR-010-003,1898.4,451.48,785
2026-05-14,C-SUR-010-003,2055.0,413.9,1032
2026-05-15,C-SUR-010-003,2147.7,458.56,852
2026-05-16,C-SUR-010-003,1566.9,487.62,757
2026-05-17,C-SUR-010-003,1597.3,413.67,920
2026-05-18,C-SUR-010-003,2201.9,372.05,867
2026-05-19,C-SUR-010-003,2297.6,449.86,909
2026-05-20,C-SUR-010-003,2247.2,467.86,983
2026-05-21,C-SUR-010-003,1714.3,366.32,771
2026-05-22,C-SUR-010-003,1831.8,359.74,799
2026-05-23,C-SUR-010-003,1408.4,487.13,854
2026-05-24,C-SUR-010-003,1232.4,477.91,1016
2026-05-25,C-SUR-010-003,2230.8,419.88,800
2026-05-26,C-SUR-010-003,1798.1,366.51,859
2026-05-27,C-SUR-010-003,2158.7,351.66,781
2026-05-28,C-SUR-010-003,2279.4,449.17,810
2026-05-29,C-SUR-010-003,1849.8,369.63,1117
2026-05-30,C-SUR-010-003,1261.8,403.51,1013
2026-05-31,C-SUR-010-003,1275.4,410.46,812
2026-05-04,C-SUR-011-001,1401.3,485.23,606
2026-05-05,C-SUR-011-001,1157.8,386.06,546
2026-05-06,C-SUR-011-001,1153.2,473.85,457
2026-05-07,C-SUR-011-001,1117.8,529.63,599
2026-05-08,C-SUR-011-001,1135.0,412.83,545
2026-05-09,C-SUR-011-001,855.0,579.17,483
2026-05-10,C-SUR-011-001,927.7,480.1,587
2026-05-11,C-SUR-011-001,1110.3,410.18,610
2026-05-12,C-SUR-011-001,1173.5,522.0,578
2026-05-13,C-SUR-011-001,1162.2,506.88,618
2026-05-14,C-SUR-011-001,1349.0,453.24,536
2026-05-15,C-SUR-011-001,1401.9,375.34,502
2026-05-16,C-SUR-011-001,907.4,578.18,461
2026-05-17,C-SUR-011-001,905.3,513.98,500
2026-05-18,C-SUR-011-001,1212.8,394.73,629
2026-05-19,C-SUR-011-001,1301.9,525.53,491
2026-05-20,C-SUR-011-001,1162.6,401.91,490
2026-05-21,C-SUR-011-001,1324.0,418.12,575
2026-05-22,C-SUR-011-001,1059.1,441.42,611
2026-05-23,C-SUR-011-001,793.8,475.99,561
2026-05-24,C-SUR-011-001,884.3,594.6,547
2026-05-25,C-SUR-011-001,1357.3,519.4,492
2026-05-26,C-SUR-011-001,1077.9,443.04,577
2026-05-27,C-SUR-011-001,1323.3,404.59,546
2026-05-28,C-SUR-011-001,1069.0,394.59,650
2026-05-29,C-SUR-011-001,1347.2,447.89,512
2026-05-30,C-SUR-011-001,917.0,511.69,599
2026-05-31,C-SUR-011-001,945.8,498.12,489
2026-05-04,C-SUR-011-002,1865.2,301.58,671
2026-05-05,C-SUR-011-002,2155.7,315.31,745
2026-05-06,C-SUR-011-002,1880.2,328.33,730
2026-05-07,C-SUR-011-002,1909.2,274.64,713
2026-05-08,C-SUR-011-002,1755.3,317.06,704
2026-05-09,C-SUR-011-002,1251.1,307.73,523
2026-05-10,C-SUR-011-002,1233.2,352.76,550
2026-05-11,C-SUR-011-002,1681.3,252.71,551
2026-05-12,C-SUR-011-002,2038.7,293.46,749
2026-05-13,C-SUR-011-002,1917.7,297.99,647
2026-05-14,C-SUR-011-002,1944.6,250.16,718
2026-05-15,C-SUR-011-002,1758.6,264.11,708
2026-05-16,C-SUR-011-002,1458.0,309.4,526
2026-05-17,C-SUR-011-002,1377.9,385.48,658
2026-05-18,C-SUR-011-002,1868.8,257.56,659
2026-05-19,C-SUR-011-002,1960.2,321.42,618
2026-05-20,C-SUR-011-002,1668.0,320.04,665
2026-05-21,C-SUR-011-002,1829.5,257.98,652
2026-05-22,C-SUR-011-002,2008.8,309.39,679
2026-05-23,C-SUR-011-002,1271.2,323.61,609
2026-05-24,C-SUR-011-002,1287.4,319.2,719
2026-05-25,C-SUR-011-002,1683.4,242.56,596
2026-05-26,C-SUR-011-002,1704.0,287.81,670
2026-05-27,C-SUR-011-002,2052.9,331.24,578
2026-05-28,C-SUR-011-002,1712.7,331.29,689
2026-05-29,C-SUR-011-002,1718.9,270.24,542
2026-05-30,C-SUR-011-002,1199.5,336.25,718
2026-05-31,C-SUR-011-002,1381.2,359.14,595
2026-05-04,C-SUR-011-003,1943.5,1105.95,1022
2026-05-05,C-SUR-011-003,2301.3,1043.64,1453
2026-05-06,C-SUR-011-003,2152.2,1187.91,1126
2026-05-07,C-SUR-011-003,2133.5,1126.06,1247
2026-05-08,C-SUR-011-003,2276.7,1045.16,1250
2026-05-09,C-SUR-011-003,1405.4,1304.75,1232
2026-05-10,C-SUR-011-003,1472.8,1183.55,1104
2026-05-11,C-SUR-011-003,1919.4,1063.64,1318
2026-05-12,C-SUR-011-003,2030.9,1122.8,1210
2026-05-13,C-SUR-011-003,2194.8,924.84,1226
2026-05-14,C-SUR-011-003,2354.7,993.92,1224
2026-05-15,C-SUR-011-003,1996.8,1041.32,1247
2026-05-16,C-SUR-011-003,1589.0,1315.61,1106
2026-05-17,C-SUR-011-003,1623.2,1277.7,1326
2026-05-18,C-SUR-011-003,2171.6,960.08,1072
2026-05-19,C-SUR-011-003,2224.7,1192.4,1107
2026-05-20,C-SUR-011-003,2257.6,900.52,1096
2026-05-21,C-SUR-011-003,2116.8,1139.19,1426
2026-05-22,C-SUR-011-003,2368.1,1187.17,1017
2026-05-23,C-SUR-011-003,1579.0,1359.57,1405
2026-05-24,C-SUR-011-003,1614.2,1388.53,1270
2026-05-25,C-SUR-011-003,2101.8,1212.39,1143
2026-05-26,C-SUR-011-003,2050.4,1048.57,1317
2026-05-27,C-SUR-011-003,1905.8,940.08,1464
2026-05-28,C-SUR-011-003,2164.4,923.67,1165
2026-05-29,C-SUR-011-003,2204.1,1157.28,1188
2026-05-30,C-SUR-011-003,1411.2,1386.22,1373
2026-05-31,C-SUR-011-003,1427.5,1252.16,1056
2026-05-04,C-SUR-012-001,2215.6,287.41,837
2026-05-05,C-SUR-012-001,2219.7,228.79,848
2026-05-06,C-SUR-012-001,1935.7,289.64,1171
2026-05-07,C-SUR-012-001,2103.2,275.6,1127
2026-05-08,C-SUR-012-001,1859.7,230.85,847
2026-05-09,C-SUR-012-001,1469.3,307.74,897
2026-05-10,C-SUR-012-001,1578.8,340.8,1123
2026-05-11,C-SUR-012-001,2313.7,286.61,785
2026-05-12,C-SUR-012-001,2274.5,219.16,906
2026-05-13,C-SUR-012-001,2201.3,263.85,1103
2026-05-14,C-SUR-012-001,1965.0,300.09,857
2026-05-15,C-SUR-012-001,1870.3,251.81,1073
2026-05-16,C-SUR-012-001,1362.1,347.98,859
2026-05-17,C-SUR-012-001,1515.3,296.41,891
2026-05-18,C-SUR-012-001,2291.1,258.91,1062
2026-05-19,C-SUR-012-001,1787.0,292.5,855
2026-05-20,C-SUR-012-001,2145.5,300.97,794
2026-05-21,C-SUR-012-001,2124.6,233.78,1049
2026-05-22,C-SUR-012-001,1793.1,227.14,1051
2026-05-23,C-SUR-012-001,1467.2,258.87,960
2026-05-24,C-SUR-012-001,1524.4,287.48,900
2026-05-25,C-SUR-012-001,1797.2,234.83,1154
2026-05-26,C-SUR-012-001,1769.0,253.62,913
2026-05-27,C-SUR-012-001,1898.3,235.6,1107
2026-05-28,C-SUR-012-001,1756.6,293.04,1016
2026-05-29,C-SUR-012-001,2310.5,298.69,839
2026-05-30,C-SUR-012-001,1440.8,320.12,1098
2026-05-31,C-SUR-012-001,1619.8,308.99,1173
2026-05-04,C-SUR-012-002,1650.3,323.32,930
2026-05-05,C-SUR-012-002,1816.2,371.85,920
2026-05-06,C-SUR-012-002,1965.3,343.83,971
2026-05-07,C-SUR-012-002,2106.1,364.56,1220
2026-05-08,C-SUR-012-002,1601.2,394.2,1083
2026-05-09,C-SUR-012-002,1386.5,399.39,1157
2026-05-10,C-SUR-012-002,1310.5,494.84,1049
2026-05-11,C-SUR-012-002,1974.3,365.65,966
2026-05-12,C-SUR-012-002,2011.1,407.53,1005
2026-05-13,C-SUR-012-002,1649.4,313.67,905
2026-05-14,C-SUR-012-002,2142.6,392.09,921
2026-05-15,C-SUR-012-002,1668.3,345.19,1246
2026-05-16,C-SUR-012-002,1157.3,444.28,902
2026-05-17,C-SUR-012-002,1362.4,468.99,1042
2026-05-18,C-SUR-012-002,1705.1,400.62,916
2026-05-19,C-SUR-012-002,1917.8,329.89,1135
2026-05-20,C-SUR-012-002,1941.2,386.72,1097
2026-05-21,C-SUR-012-002,1849.6,323.3,1092
2026-05-22,C-SUR-012-002,1617.9,342.07,1004
2026-05-23,C-SUR-012-002,1274.5,351.79,1180
2026-05-24,C-SUR-012-002,1355.7,465.09,930
2026-05-25,C-SUR-012-002,1840.6,380.39,1068
2026-05-26,C-SUR-012-002,2061.2,398.52,1258
2026-05-27,C-SUR-012-002,2049.1,359.34,885
2026-05-28,C-SUR-012-002,1627.9,350.13,884
2026-05-29,C-SUR-012-002,2131.1,347.76,1242
2026-05-30,C-SUR-012-002,1327.5,436.87,1307
2026-05-31,C-SUR-012-002,1276.0,413.85,922
2026-05-04,C-SUR-012-003,1737.5,184.75,553
2026-05-05,C-SUR-012-003,1405.4,150.34,735
2026-05-06,C-SUR-012-003,1658.2,201.16,590
2026-05-07,C-SUR-012-003,1607.8,183.72,676
2026-05-08,C-SUR-012-003,1439.6,162.06,529
2026-05-09,C-SUR-012-003,929.7,217.83,678
2026-05-10,C-SUR-012-003,986.6,176.22,720
2026-05-11,C-SUR-012-003,1426.9,167.87,712
2026-05-12,C-SUR-012-003,1417.4,203.2,544
2026-05-13,C-SUR-012-003,1361.5,174.05,676
2026-05-14,C-SUR-012-003,1509.5,189.53,646
2026-05-15,C-SUR-012-003,1350.1,205.45,654
2026-05-16,C-SUR-012-003,976.9,222.62,706
2026-05-17,C-SUR-012-003,999.2,181.39,506
2026-05-18,C-SUR-012-003,1539.5,180.31,632
2026-05-19,C-SUR-012-003,1580.4,180.36,661
2026-05-20,C-SUR-012-003,1454.0,169.97,685
2026-05-21,C-SUR-012-003,1493.1,173.28,562
2026-05-22,C-SUR-012-003,1475.3,183.67,584
2026-05-23,C-SUR-012-003,1164.7,175.06,528
2026-05-24,C-SUR-012-003,1009.8,178.18,671
2026-05-25,C-SUR-012-003,1346.5,173.2,543
2026-05-26,C-SUR-012-003,1413.6,201.92,663
2026-05-27,C-SUR-012-003,1518.1,169.33,653
2026-05-28,C-SUR-012-003,1626.7,159.2,604
2026-05-29,C-SUR-012-003,1437.6,163.34,748
2026-05-30,C-SUR-012-003,1139.1,185.72,513
2026-05-31,C-SUR-012-003,915.8,179.93,618
2026-05-04,C-MTL-018-001,1084.4,949.64,923
2026-05-05,C-MTL-018-001,1313.5,916.42,910
2026-05-06,C-MTL-018-001,1072.7,1133.38,1053
2026-05-07,C-MTL-018-001,1148.1,1157.39,839
2026-05-08,C-MTL-018-001,1070.0,1132.26,1187
2026-05-09,C-MTL-018-001,791.5,1099.39,965
2026-05-10,C-MTL-018-001,796.5,1139.31,911
2026-05-11,C-MTL-018-001,1080.8,1205.74,1007
2026-05-12,C-MTL-018-001,1133.1,913.98,1137
2026-05-13,C-MTL-018-001,1119.3,1019.65,897
2026-05-14,C-MTL-018-001,1064.6,1114.3,1148
2026-05-15,C-MTL-018-001,1217.2,1241.42,893
2026-05-16,C-MTL-018-001,761.5,1353.87,1160
2026-05-17,C-MTL-018-001,842.7,1120.41,1016
2026-05-18,C-MTL-018-001,1217.0,1070.6,882
2026-05-19,C-MTL-018-001,1298.7,1144.46,1142
2026-05-20,C-MTL-018-001,1056.6,912.14,1116
2026-05-21,C-MTL-018-001,1316.4,1116.98,1096
2026-05-22,C-MTL-018-001,1077.1,1122.36,1080
2026-05-23,C-MTL-018-001,765.8,1073.41,1157
2026-05-24,C-MTL-018-001,755.5,1438.19,812
2026-05-25,C-MTL-018-001,1143.5,1054.03,1129
2026-05-26,C-MTL-018-001,1066.6,1224.43,951
2026-05-27,C-MTL-018-001,1101.1,961.17,967
2026-05-28,C-MTL-018-001,1179.1,1201.24,1054
2026-05-29,C-MTL-018-001,1111.1,1073.21,801
2026-05-30,C-MTL-018-001,724.7,1116.86,850
2026-05-31,C-MTL-018-001,883.4,1266.94,957
2026-05-04,C-MTL-018-002,1391.3,405.84,1320
2026-05-05,C-MTL-018-002,1626.0,397.9,1434
2026-05-06,C-MTL-018-002,1542.2,352.6,1001
2026-05-07,C-MTL-018-002,1527.9,368.33,1406
2026-05-08,C-MTL-018-002,1510.6,404.91,1002
2026-05-09,C-MTL-018-002,894.9,428.72,1236
2026-05-10,C-MTL-018-002,1096.5,496.7,1262
2026-05-11,C-MTL-018-002,1701.0,397.59,1457
2026-05-12,C-MTL-018-002,1441.6,364.77,1374
2026-05-13,C-MTL-018-002,1332.7,383.32,1028
2026-05-14,C-MTL-018-002,1474.0,403.11,1123
2026-05-15,C-MTL-018-002,1403.2,342.33,1275
2026-05-16,C-MTL-018-002,922.2,454.49,1282
2026-05-17,C-MTL-018-002,928.4,467.2,1111
2026-05-18,C-MTL-018-002,1481.0,353.07,1400
2026-05-19,C-MTL-018-002,1308.0,434.57,1049
2026-05-20,C-MTL-018-002,1490.1,411.7,1218
2026-05-21,C-MTL-018-002,1311.4,421.0,1481
2026-05-22,C-MTL-018-002,1548.3,441.99,997
2026-05-23,C-MTL-018-002,1039.0,424.25,1148
2026-05-24,C-MTL-018-002,924.8,451.16,1057
2026-05-25,C-MTL-018-002,1538.0,419.2,1224
2026-05-26,C-MTL-018-002,1559.3,351.52,1287
2026-05-27,C-MTL-018-002,1336.7,373.99,1179
2026-05-28,C-MTL-018-002,1606.6,406.97,1093
2026-05-29,C-MTL-018-002,1372.3,360.32,1469
2026-05-30,C-MTL-018-002,950.7,447.91,1440
2026-05-31,C-MTL-018-002,1064.7,514.26,1285
2026-05-04,C-MTL-018-003,1305.5,1198.08,1551
2026-05-05,C-MTL-018-003,1608.1,1118.68,1072
2026-05-06,C-MTL-018-003,1430.2,1124.01,1294
2026-05-07,C-MTL-018-003,1595.2,1146.98,1416
2026-05-08,C-MTL-018-003,1451.4,1118.73,1273
2026-05-09,C-MTL-018-003,995.8,1111.05,1104
2026-05-10,C-MTL-018-003,1134.3,1199.07,1509
2026-05-11,C-MTL-018-003,1533.1,1160.14,1323
2026-05-12,C-MTL-018-003,1518.6,900.04,1353
2026-05-13,C-MTL-018-003,1501.1,952.07,1067
2026-05-14,C-MTL-018-003,1509.2,895.12,1420
2026-05-15,C-MTL-018-003,1641.9,1232.56,1342
2026-05-16,C-MTL-018-003,977.2,1258.84,1256
2026-05-17,C-MTL-018-003,996.2,1215.31,1334
2026-05-18,C-MTL-018-003,1321.4,1160.78,1176
2026-05-19,C-MTL-018-003,1383.7,890.33,1126
2026-05-20,C-MTL-018-003,1493.2,945.76,1115
2026-05-21,C-MTL-018-003,1408.3,1114.28,1249
2026-05-22,C-MTL-018-003,1278.6,1129.17,1192
2026-05-23,C-MTL-018-003,1109.2,1346.81,1518
2026-05-24,C-MTL-018-003,1182.0,1406.9,1549
2026-05-25,C-MTL-018-003,1439.1,1020.09,1288
2026-05-26,C-MTL-018-003,1258.7,1223.3,1162
2026-05-27,C-MTL-018-003,1495.5,1085.47,1112
2026-05-28,C-MTL-018-003,1309.9,1221.58,1332
2026-05-29,C-MTL-018-003,1397.0,1200.85,1525
2026-05-30,C-MTL-018-003,1006.4,1190.14,1140
2026-05-31,C-MTL-018-003,1175.5,1084.75,1118
2026-05-04,C-VAN-013-001,871.5,768.04,665
2026-05-05,C-VAN-013-001,812.1,609.75,622
2026-05-06,C-VAN-013-001,810.0,621.87,683
2026-05-07,C-VAN-013-001,915.1,614.5,803
2026-05-08,C-VAN-013-001,748.1,741.42,589
2026-05-09,C-VAN-013-001,590.2,844.29,669
2026-05-10,C-VAN-013-001,615.2,728.97,769
2026-05-11,C-VAN-013-001,786.1,648.61,661
2026-05-12,C-VAN-013-001,882.7,644.14,612
2026-05-13,C-VAN-013-001,757.6,764.63,786
2026-05-14,C-VAN-013-001,905.2,633.41,646
2026-05-15,C-VAN-013-001,749.4,797.37,696
2026-05-16,C-VAN-013-001,507.6,846.3,857
2026-05-17,C-VAN-013-001,523.7,728.28,832
2026-05-18,C-VAN-013-001,815.6,612.24,852
2026-05-19,C-VAN-013-001,837.0,695.75,693
2026-05-20,C-VAN-013-001,783.2,681.54,684
2026-05-21,C-VAN-013-001,900.4,711.57,851
2026-05-22,C-VAN-013-001,938.5,651.35,876
2026-05-23,C-VAN-013-001,610.8,748.91,728
2026-05-24,C-VAN-013-001,558.6,880.02,795
2026-05-25,C-VAN-013-001,937.0,624.19,865
2026-05-26,C-VAN-013-001,830.0,742.19,817
2026-05-27,C-VAN-013-001,811.0,629.05,609
2026-05-28,C-VAN-013-001,760.2,659.05,852
2026-05-29,C-VAN-013-001,779.4,794.61,639
2026-05-30,C-VAN-013-001,611.2,898.87,877
2026-05-31,C-VAN-013-001,649.4,757.0,643
2026-05-04,C-VAN-013-002,2285.3,355.77,913
2026-05-05,C-VAN-013-002,1995.8,284.63,873
2026-05-06,C-VAN-013-002,2242.6,274.29,795
2026-05-07,C-VAN-013-002,2067.8,369.53,710
2026-05-08,C-VAN-013-002,1900.4,269.3,720
2026-05-09,C-VAN-013-002,1605.1,425.83,968
2026-05-10,C-VAN-013-002,1438.8,313.74,1041
2026-05-11,C-VAN-013-002,2370.9,285.95,953
2026-05-12,C-VAN-013-002,2119.3,356.24,1037
2026-05-13,C-VAN-013-002,1799.9,342.68,968
2026-05-14,C-VAN-013-002,1998.6,340.01,888
2026-05-15,C-VAN-013-002,2201.3,377.55,911
2026-05-16,C-VAN-013-002,1622.8,336.74,888
2026-05-17,C-VAN-013-002,1656.6,372.25,1024
2026-05-18,C-VAN-013-002,2328.9,375.12,813
2026-05-19,C-VAN-013-002,2232.5,276.89,853
2026-05-20,C-VAN-013-002,2365.3,365.43,757
2026-05-21,C-VAN-013-002,1918.7,302.96,954
2026-05-22,C-VAN-013-002,2343.8,280.24,975
2026-05-23,C-VAN-013-002,1352.4,342.37,983
2026-05-24,C-VAN-013-002,1373.9,411.05,880
2026-05-25,C-VAN-013-002,1932.0,284.38,858
2026-05-26,C-VAN-013-002,1844.9,377.66,874
2026-05-27,C-VAN-013-002,2355.8,280.53,863
2026-05-28,C-VAN-013-002,1861.7,343.27,979
2026-05-29,C-VAN-013-002,2233.7,286.56,732
2026-05-30,C-VAN-013-002,1627.8,393.4,931
2026-05-31,C-VAN-013-002,1483.7,404.87,1008
2026-05-04,C-VAN-013-003,1872.3,253.05,1325
2026-05-05,C-VAN-013-003,1908.6,222.43,1506
2026-05-06,C-VAN-013-003,1882.0,261.31,1544
2026-05-07,C-VAN-013-003,1469.0,210.37,1582
2026-05-08,C-VAN-013-003,1688.2,215.8,1332
2026-05-09,C-VAN-013-003,1315.2,267.29,1574
2026-05-10,C-VAN-013-003,1358.5,287.05,1163
2026-05-11,C-VAN-013-003,1771.6,243.6,1489
2026-05-12,C-VAN-013-003,1705.0,261.8,1256
2026-05-13,C-VAN-013-003,1509.4,270.29,1369
2026-05-14,C-VAN-013-003,1526.4,279.61,1525
2026-05-15,C-VAN-013-003,1602.4,249.36,1268
2026-05-16,C-VAN-013-003,1047.1,312.84,1401
2026-05-17,C-VAN-013-003,1303.7,262.26,1592
2026-05-18,C-VAN-013-003,1736.3,276.51,1523
2026-05-19,C-VAN-013-003,1561.6,273.66,1306
2026-05-20,C-VAN-013-003,1475.2,231.4,1108
2026-05-21,C-VAN-013-003,1485.1,238.79,1530
2026-05-22,C-VAN-013-003,1567.7,267.8,1595
2026-05-23,C-VAN-013-003,1132.8,319.64,1205
2026-05-24,C-VAN-013-003,1201.2,320.15,1467
2026-05-25,C-VAN-013-003,1547.6,216.95,1351
2026-05-26,C-VAN-013-003,1919.9,226.8,1621
2026-05-27,C-VAN-013-003,1899.8,253.95,1457
2026-05-28,C-VAN-013-003,1705.5,267.75,1148
2026-05-29,C-VAN-013-003,1588.9,211.05,1259
2026-05-30,C-VAN-013-003,1244.4,235.57,1234
2026-05-31,C-VAN-013-003,1018.6,312.07,1137
2026-05-04,C-MTL-019-001,1452.9,345.26,495
2026-05-05,C-MTL-019-001,1407.4,284.6,508
2026-05-06,C-MTL-019-001,1509.5,278.71,638
2026-05-07,C-MTL-019-001,1362.3,361.06,654
2026-05-08,C-MTL-019-001,1704.6,302.44,673
2026-05-09,C-MTL-019-001,1102.3,352.21,649
2026-05-10,C-MTL-019-001,1138.2,434.71,648
2026-05-11,C-MTL-019-001,1501.8,314.34,604
2026-05-12,C-MTL-019-001,1633.2,295.35,518
2026-05-13,C-MTL-019-001,1433.7,356.94,552
2026-05-14,C-MTL-019-001,1428.8,324.36,521
2026-05-15,C-MTL-019-001,1534.6,279.35,492
2026-05-16,C-MTL-019-001,1197.6,368.2,563
2026-05-17,C-MTL-019-001,1117.2,344.0,532
2026-05-18,C-MTL-019-001,1708.4,338.3,592
2026-05-19,C-MTL-019-001,1702.5,285.75,624
2026-05-20,C-MTL-019-001,1704.1,367.58,562
2026-05-21,C-MTL-019-001,1690.3,328.2,480
2026-05-22,C-MTL-019-001,1769.4,274.62,507
2026-05-23,C-MTL-019-001,1245.8,395.04,535
2026-05-24,C-MTL-019-001,1083.8,321.8,656
2026-05-25,C-MTL-019-001,1802.5,302.52,570
2026-05-26,C-MTL-019-001,1576.0,326.79,635
2026-05-27,C-MTL-019-001,1690.5,353.72,597
2026-05-28,C-MTL-019-001,1718.1,304.42,640
2026-05-29,C-MTL-019-001,1538.7,329.09,513
2026-05-30,C-MTL-019-001,1140.7,345.8,553
2026-05-31,C-MTL-019-001,1004.4,353.15,610
2026-05-04,C-MTL-019-002,2261.3,341.29,534
2026-05-05,C-MTL-019-002,2244.2,292.43,505
2026-05-06,C-MTL-019-002,2132.6,388.26,535
2026-05-07,C-MTL-019-002,2170.9,317.85,552
2026-05-08,C-MTL-019-002,1721.2,380.89,577
2026-05-09,C-MTL-019-002,1414.5,322.15,652
2026-05-10,C-MTL-019-002,1525.6,441.74,503
2026-05-11,C-MTL-019-002,1822.1,376.76,681
2026-05-12,C-MTL-019-002,2045.6,307.27,540
2026-05-13,C-MTL-019-002,2017.3,385.78,478
2026-05-14,C-MTL-019-002,1936.7,290.82,473
2026-05-15,C-MTL-019-002,1769.1,362.54,523
2026-05-16,C-MTL-019-002,1336.7,325.94,579
2026-05-17,C-MTL-019-002,1576.7,374.72,610
2026-05-18,C-MTL-019-002,1771.4,284.01,586
2026-05-19,C-MTL-019-002,2113.7,310.33,538
2026-05-20,C-MTL-019-002,1830.7,367.23,587
2026-05-21,C-MTL-019-002,2051.4,311.56,624
2026-05-22,C-MTL-019-002,2246.0,328.68,635
2026-05-23,C-MTL-019-002,1313.3,373.61,482
2026-05-24,C-MTL-019-002,1438.4,436.75,676
2026-05-25,C-MTL-019-002,2054.1,309.05,466
2026-05-26,C-MTL-019-002,1852.8,362.42,598
2026-05-27,C-MTL-019-002,1990.7,362.56,477
2026-05-28,C-MTL-019-002,1798.0,341.31,661
2026-05-29,C-MTL-019-002,1847.4,337.45,625
2026-05-30,C-MTL-019-002,1341.9,339.77,470
2026-05-31,C-MTL-019-002,1197.0,338.68,611
2026-05-04,C-MTL-019-003,2047.8,211.04,996
2026-05-05,C-MTL-019-003,1692.5,175.82,1314
2026-05-06,C-MTL-019-003,2061.1,165.93,1391
2026-05-07,C-MTL-019-003,1820.2,179.95,1204
2026-05-08,C-MTL-019-003,1851.5,160.97,1399
2026-05-09,C-MTL-019-003,1429.7,222.44,1134
2026-05-10,C-MTL-019-003,1281.8,222.0,1049
2026-05-11,C-MTL-019-003,2058.4,193.28,1265
2026-05-12,C-MTL-019-003,2176.2,179.67,1399
2026-05-13,C-MTL-019-003,2074.1,163.74,1144
2026-05-14,C-MTL-019-003,1827.5,158.97,958
2026-05-15,C-MTL-019-003,2194.8,181.04,1291
2026-05-16,C-MTL-019-003,1483.9,192.61,1182
2026-05-17,C-MTL-019-003,1481.0,250.3,985
2026-05-18,C-MTL-019-003,2050.3,199.69,991
2026-05-19,C-MTL-019-003,1709.0,204.69,1121
2026-05-20,C-MTL-019-003,2184.1,172.29,1316
2026-05-21,C-MTL-019-003,1811.0,167.57,1038
2026-05-22,C-MTL-019-003,2062.5,176.21,972
2026-05-23,C-MTL-019-003,1165.8,240.81,1310
2026-05-24,C-MTL-019-003,1194.7,213.02,1014
2026-05-25,C-MTL-019-003,2114.1,193.52,1047
2026-05-26,C-MTL-019-003,2089.9,188.65,996
2026-05-27,C-MTL-019-003,1769.8,155.97,1120
2026-05-28,C-MTL-019-003,1770.8,196.0,1005
2026-05-29,C-MTL-019-003,1634.3,197.77,1266
2026-05-30,C-MTL-019-003,1346.8,191.2,1363
2026-05-31,C-MTL-019-003,1171.9,227.74,1304
2026-05-04,C-HAM-020-001,1767.0,335.23,879
2026-05-05,C-HAM-020-001,1438.7,367.85,710
2026-05-06,C-HAM-020-001,1759.4,304.47,795
2026-05-07,C-HAM-020-001,1592.1,316.02,943
2026-05-08,C-HAM-020-001,1688.7,311.43,737
2026-05-09,C-HAM-020-001,1216.7,410.75,987
2026-05-10,C-HAM-020-001,1056.9,416.21,697
2026-05-11,C-HAM-020-001,1932.2,304.12,719
2026-05-12,C-HAM-020-001,1464.7,375.47,981
2026-05-13,C-HAM-020-001,1814.6,352.35,703
2026-05-14,C-HAM-020-001,1461.5,306.72,781
2026-05-15,C-HAM-020-001,1930.5,375.16,852
2026-05-16,C-HAM-020-001,1190.5,377.27,720
2026-05-17,C-HAM-020-001,1164.4,413.46,1034
2026-05-18,C-HAM-020-001,1505.0,363.61,751
2026-05-19,C-HAM-020-001,1589.4,402.53,914
2026-05-20,C-HAM-020-001,1665.1,329.89,854
2026-05-21,C-HAM-020-001,1829.5,325.49,813
2026-05-22,C-HAM-020-001,1486.4,372.3,816
2026-05-23,C-HAM-020-001,1115.5,408.91,831
2026-05-24,C-HAM-020-001,1288.1,431.55,997
2026-05-25,C-HAM-020-001,1527.2,380.33,896
2026-05-26,C-HAM-020-001,1876.2,323.75,1020
2026-05-27,C-HAM-020-001,1879.0,402.97,811
2026-05-28,C-HAM-020-001,1595.0,313.24,884
2026-05-29,C-HAM-020-001,1638.5,390.68,736
2026-05-30,C-HAM-020-001,1279.8,372.95,751
2026-05-31,C-HAM-020-001,1224.1,382.39,709
2026-05-04,C-HAM-020-002,2308.9,353.48,967
2026-05-05,C-HAM-020-002,2211.3,341.11,1238
2026-05-06,C-HAM-020-002,2259.6,349.41,957
2026-05-07,C-HAM-020-002,1832.9,422.02,1066
2026-05-08,C-HAM-020-002,1848.5,427.33,1027
2026-05-09,C-HAM-020-002,1669.6,413.02,849
2026-05-10,C-HAM-020-002,1366.4,489.14,1241
2026-05-11,C-HAM-020-002,2094.6,382.46,1132
2026-05-12,C-HAM-020-002,2400.9,377.64,1230
2026-05-13,C-HAM-020-002,2139.3,322.53,889
2026-05-14,C-HAM-020-002,2097.3,365.86,980
2026-05-15,C-HAM-020-002,2284.7,354.69,1224
2026-05-16,C-HAM-020-002,1255.4,399.6,892
2026-05-17,C-HAM-020-002,1595.6,389.28,1090
2026-05-18,C-HAM-020-002,1986.7,368.53,982
2026-05-19,C-HAM-020-002,2000.0,339.17,1024
2026-05-20,C-HAM-020-002,1878.5,317.43,1103
2026-05-21,C-HAM-020-002,2244.8,374.13,1174
2026-05-22,C-HAM-020-002,2378.7,425.98,1229
2026-05-23,C-HAM-020-002,1563.8,488.03,1083
2026-05-24,C-HAM-020-002,1262.5,481.54,926
2026-05-25,C-HAM-020-002,2395.0,421.92,872
2026-05-26,C-HAM-020-002,1877.0,315.29,937
2026-05-27,C-HAM-020-002,2290.2,348.49,921
2026-05-28,C-HAM-020-002,1822.4,328.63,840
2026-05-29,C-HAM-020-002,2144.9,434.54,982
2026-05-30,C-HAM-020-002,1266.3,460.26,1161
2026-05-31,C-HAM-020-002,1369.6,503.83,1159
2026-05-04,C-HAM-020-003,1580.2,994.93,681
2026-05-05,C-HAM-020-003,1815.6,1071.35,602
2026-05-06,C-HAM-020-003,1756.1,998.97,687
2026-05-07,C-HAM-020-003,1774.2,1239.33,683
2026-05-08,C-HAM-020-003,1747.9,1203.93,499
2026-05-09,C-HAM-020-003,1127.1,1482.31,649
2026-05-10,C-HAM-020-003,1259.9,1476.57,476
2026-05-11,C-HAM-020-003,1734.0,1077.91,613
2026-05-12,C-HAM-020-003,1578.0,1253.89,688
2026-05-13,C-HAM-020-003,1492.7,969.55,520
2026-05-14,C-HAM-020-003,1841.8,1047.87,607
2026-05-15,C-HAM-020-003,1537.7,1288.75,492
2026-05-16,C-HAM-020-003,1373.0,1072.25,640
2026-05-17,C-HAM-020-003,1349.2,1250.95,584
2026-05-18,C-HAM-020-003,1528.0,1028.53,664
2026-05-19,C-HAM-020-003,1852.2,1148.54,483
2026-05-20,C-HAM-020-003,1575.5,1172.22,662
2026-05-21,C-HAM-020-003,1778.3,988.31,611
2026-05-22,C-HAM-020-003,1943.7,991.86,495
2026-05-23,C-HAM-020-003,1075.8,1384.51,508
2026-05-24,C-HAM-020-003,1239.6,1486.64,628
2026-05-25,C-HAM-020-003,1912.7,1134.59,556
2026-05-26,C-HAM-020-003,1828.6,1059.8,660
2026-05-27,C-HAM-020-003,1782.0,1101.08,578
2026-05-28,C-HAM-020-003,1638.6,1123.81,519
2026-05-29,C-HAM-020-003,1924.2,1008.44,519
2026-05-30,C-HAM-020-003,1227.0,1113.04,639
2026-05-31,C-HAM-020-003,1142.5,1129.27,502
2026-05-04,C-VAN-014-001,858.6,973.73,766
2026-05-05,C-VAN-014-001,919.4,1068.41,1019
2026-05-06,C-VAN-014-001,963.7,1237.57,832
2026-05-07,C-VAN-014-001,911.0,1270.84,794
2026-05-08,C-VAN-014-001,882.4,1007.57,879
2026-05-09,C-VAN-014-001,671.9,1129.25,1015
2026-05-10,C-VAN-014-001,619.1,1415.46,1079
2026-05-11,C-VAN-014-001,905.3,994.98,796
2026-05-12,C-VAN-014-001,802.9,1254.46,1018
2026-05-13,C-VAN-014-001,952.5,1057.75,1041
2026-05-14,C-VAN-014-001,794.3,978.83,1050
2026-05-15,C-VAN-014-001,994.1,1037.94,1078
2026-05-16,C-VAN-014-001,669.1,1482.05,859
2026-05-17,C-VAN-014-001,600.6,1257.25,902
2026-05-18,C-VAN-014-001,891.4,1071.97,1044
2026-05-19,C-VAN-014-001,952.4,1213.48,736
2026-05-20,C-VAN-014-001,1004.1,1151.92,775
2026-05-21,C-VAN-014-001,783.3,1186.19,922
2026-05-22,C-VAN-014-001,766.9,1185.84,883
2026-05-23,C-VAN-014-001,556.1,1183.78,979
2026-05-24,C-VAN-014-001,669.0,1196.88,800
2026-05-25,C-VAN-014-001,758.9,1265.63,950
2026-05-26,C-VAN-014-001,845.2,978.13,783
2026-05-27,C-VAN-014-001,937.1,1266.3,899
2026-05-28,C-VAN-014-001,992.8,1297.55,839
2026-05-29,C-VAN-014-001,779.9,1161.96,775
2026-05-30,C-VAN-014-001,654.1,1168.0,953
2026-05-31,C-VAN-014-001,718.3,1336.41,851
2026-05-04,C-VAN-014-002,1853.9,1027.72,925
2026-05-05,C-VAN-014-002,1548.8,1064.48,1041
2026-05-06,C-VAN-014-002,1660.8,1149.55,769
2026-05-07,C-VAN-014-002,1704.1,1318.91,1073
2026-05-08,C-VAN-014-002,1907.0,1330.32,760
2026-05-09,C-VAN-014-002,1229.8,1396.74,762
2026-05-10,C-VAN-014-002,1286.4,1488.29,815
2026-05-11,C-VAN-014-002,1918.4,1210.76,933
2026-05-12,C-VAN-014-002,1793.5,1149.26,762
2026-05-13,C-VAN-014-002,1774.7,1155.49,834
2026-05-14,C-VAN-014-002,1783.9,1038.53,845
2026-05-15,C-VAN-014-002,1882.2,975.09,781
2026-05-16,C-VAN-014-002,1160.3,1535.59,871
2026-05-17,C-VAN-014-002,1108.5,1395.33,895
2026-05-18,C-VAN-014-002,1722.4,1304.81,849
2026-05-19,C-VAN-014-002,1622.1,1151.33,978
2026-05-20,C-VAN-014-002,1720.9,1267.68,759
2026-05-21,C-VAN-014-002,1609.3,1288.71,940
2026-05-22,C-VAN-014-002,1983.9,1287.25,991
2026-05-23,C-VAN-014-002,1367.8,1333.16,840
2026-05-24,C-VAN-014-002,1167.4,1450.01,889
2026-05-25,C-VAN-014-002,1885.0,1207.6,978
2026-05-26,C-VAN-014-002,1663.8,1179.41,1048
2026-05-27,C-VAN-014-002,1681.7,1249.51,970
2026-05-28,C-VAN-014-002,1500.4,1188.64,782
2026-05-29,C-VAN-014-002,1682.7,1332.95,938
2026-05-30,C-VAN-014-002,1339.0,1547.9,936
2026-05-31,C-VAN-014-002,1255.1,1477.15,737
2026-05-04,C-VAN-014-003,1535.6,347.5,1059
2026-05-05,C-VAN-014-003,1682.5,369.61,1116
2026-05-06,C-VAN-014-003,1396.5,307.19,1350
2026-05-07,C-VAN-014-003,1774.7,268.8,1346
2026-05-08,C-VAN-014-003,1538.1,295.32,945
2026-05-09,C-VAN-014-003,991.2,390.03,1155
2026-05-10,C-VAN-014-003,1074.5,357.05,1393
2026-05-11,C-VAN-014-003,1444.5,341.13,1042
2026-05-12,C-VAN-014-003,1654.9,277.6,1402
2026-05-13,C-VAN-014-003,1643.3,311.75,1030
2026-05-14,C-VAN-014-003,1650.2,293.19,1239
2026-05-15,C-VAN-014-003,1401.0,369.88,1241
2026-05-16,C-VAN-014-003,1050.1,371.61,983
2026-05-17,C-VAN-014-003,1108.6,416.15,1237
2026-05-18,C-VAN-014-003,1455.7,336.83,1330
2026-05-19,C-VAN-014-003,1393.3,341.08,1356
2026-05-20,C-VAN-014-003,1780.5,327.92,1345
2026-05-21,C-VAN-014-003,1730.1,281.88,1089
2026-05-22,C-VAN-014-003,1369.2,288.91,1157
2026-05-23,C-VAN-014-003,1159.5,416.24,1038
2026-05-24,C-VAN-014-003,1030.0,400.42,1064
2026-05-25,C-VAN-014-003,1412.1,281.94,1112
2026-05-26,C-VAN-014-003,1409.8,281.47,1039
2026-05-27,C-VAN-014-003,1718.4,314.35,1385
2026-05-28,C-VAN-014-003,1543.6,305.19,1340
2026-05-29,C-VAN-014-003,1728.9,298.49,1333
2026-05-30,C-VAN-014-003,957.5,396.58,1216
2026-05-31,C-VAN-014-003,1052.5,374.58,959
2026-05-04,C-TOR-021-001,937.2,333.75,574
2026-05-05,C-TOR-021-001,1108.1,293.37,662
2026-05-06,C-TOR-021-001,1102.6,321.21,593
2026-05-07,C-TOR-021-001,1030.1,280.97,612
2026-05-08,C-TOR-021-001,949.3,275.92,609
2026-05-09,C-TOR-021-001,842.1,305.33,540
2026-05-10,C-TOR-021-001,672.2,354.42,683
2026-05-11,C-TOR-021-001,1098.4,276.73,742
2026-05-12,C-TOR-021-001,1150.5,251.21,673
2026-05-13,C-TOR-021-001,1155.5,242.01,710
2026-05-14,C-TOR-021-001,1103.9,272.4,722
2026-05-15,C-TOR-021-001,1205.8,279.76,643
2026-05-16,C-TOR-021-001,721.6,307.34,650
2026-05-17,C-TOR-021-001,845.9,309.87,748
2026-05-18,C-TOR-021-001,1143.9,288.09,710
2026-05-19,C-TOR-021-001,1196.8,275.46,709
2026-05-20,C-TOR-021-001,1156.7,280.94,643
2026-05-21,C-TOR-021-001,1063.9,246.7,767
2026-05-22,C-TOR-021-001,1161.7,245.52,661
2026-05-23,C-TOR-021-001,662.9,348.75,568
2026-05-24,C-TOR-021-001,825.7,299.11,545
2026-05-25,C-TOR-021-001,1054.5,303.84,705
2026-05-26,C-TOR-021-001,1046.2,256.25,524
2026-05-27,C-TOR-021-001,1169.7,285.85,611
2026-05-28,C-TOR-021-001,1114.2,316.83,735
2026-05-29,C-TOR-021-001,1254.0,277.76,657
2026-05-30,C-TOR-021-001,679.8,326.61,742
2026-05-31,C-TOR-021-001,863.2,353.77,609
2026-05-04,C-TOR-021-002,885.6,275.17,1612
2026-05-05,C-TOR-021-002,833.9,261.58,1297
2026-05-06,C-TOR-021-002,826.6,265.94,1117
2026-05-07,C-TOR-021-002,759.6,330.61,1166
2026-05-08,C-TOR-021-002,891.3,276.9,1586
2026-05-09,C-TOR-021-002,507.5,355.54,1637
2026-05-10,C-TOR-021-002,570.0,337.54,1517
2026-05-11,C-TOR-021-002,812.6,261.78,1552
2026-05-12,C-TOR-021-002,920.5,290.26,1155
2026-05-13,C-TOR-021-002,753.2,266.88,1276
2026-05-14,C-TOR-021-002,794.6,290.3,1321
2026-05-15,C-TOR-021-002,713.9,263.05,1200
2026-05-16,C-TOR-021-002,634.0,279.2,1318
2026-05-17,C-TOR-021-002,532.1,352.69,1248
2026-05-18,C-TOR-021-002,897.4,267.13,1390
2026-05-19,C-TOR-021-002,925.8,295.57,1331
2026-05-20,C-TOR-021-002,781.7,271.39,1621
2026-05-21,C-TOR-021-002,812.7,268.74,1126
2026-05-22,C-TOR-021-002,717.5,272.63,1284
2026-05-23,C-TOR-021-002,586.5,364.93,1505
2026-05-24,C-TOR-021-002,651.9,293.25,1323
2026-05-25,C-TOR-021-002,865.4,288.51,1161
2026-05-26,C-TOR-021-002,936.6,330.79,1574
2026-05-27,C-TOR-021-002,727.9,287.75,1637
2026-05-28,C-TOR-021-002,882.1,298.92,1290
2026-05-29,C-TOR-021-002,848.2,295.7,1637
2026-05-30,C-TOR-021-002,500.3,339.15,1581
2026-05-31,C-TOR-021-002,588.0,364.95,1380
2026-05-04,C-TOR-021-003,2200.9,406.69,1150
2026-05-05,C-TOR-021-003,1859.5,417.49,1341
2026-05-06,C-TOR-021-003,2297.8,403.01,1473
2026-05-07,C-TOR-021-003,1981.7,428.59,1416
2026-05-08,C-TOR-021-003,2241.0,410.49,1319
2026-05-09,C-TOR-021-003,1268.3,391.35,1117
2026-05-10,C-TOR-021-003,1520.9,538.13,1451
2026-05-11,C-TOR-021-003,2176.0,337.02,1218
2026-05-12,C-TOR-021-003,2292.9,408.72,1099
2026-05-13,C-TOR-021-003,1975.6,460.3,1189
2026-05-14,C-TOR-021-003,2301.2,380.44,1303
2026-05-15,C-TOR-021-003,2269.2,462.04,1467
2026-05-16,C-TOR-021-003,1657.5,496.32,1264
2026-05-17,C-TOR-021-003,1277.0,533.39,1550
2026-05-18,C-TOR-021-003,2016.7,352.96,1547
2026-05-19,C-TOR-021-003,2328.2,382.44,1442
2026-05-20,C-TOR-021-003,2201.6,394.62,1549
2026-05-21,C-TOR-021-003,2124.8,393.36,1495
2026-05-22,C-TOR-021-003,2264.2,443.5,1137
2026-05-23,C-TOR-021-003,1345.2,391.48,1214
2026-05-24,C-TOR-021-003,1291.2,498.22,1287
2026-05-25,C-TOR-021-003,2167.4,388.6,1289
2026-05-26,C-TOR-021-003,2423.0,394.22,1512
2026-05-27,C-TOR-021-003,2182.8,435.63,1426
2026-05-28,C-TOR-021-003,2029.5,373.62,1284
2026-05-29,C-TOR-021-003,2097.0,420.05,1445
2026-05-30,C-TOR-021-003,1301.1,524.68,1466
2026-05-31,C-TOR-021-003,1417.3,476.18,1143
2026-05-04,C-LAV-020-001,1319.2,520.29,922
2026-05-05,C-LAV-020-001,1550.0,460.99,1193
2026-05-06,C-LAV-020-001,1483.9,535.07,1052
2026-05-07,C-LAV-020-001,1271.9,460.43,1160
2026-05-08,C-LAV-020-001,1282.5,594.31,1263
2026-05-09,C-LAV-020-001,928.5,596.11,1236
2026-05-10,C-LAV-020-001,981.8,548.02,987
2026-05-11,C-LAV-020-001,1622.5,588.66,1000
2026-05-12,C-LAV-020-001,1251.9,492.42,1174
2026-05-13,C-LAV-020-001,1210.0,537.38,1160
2026-05-14,C-LAV-020-001,1586.5,465.66,1321
2026-05-15,C-LAV-020-001,1595.5,562.94,1310
2026-05-16,C-LAV-020-001,1072.2,610.63,1183
2026-05-17,C-LAV-020-001,936.6,572.6,978
2026-05-18,C-LAV-020-001,1502.3,562.99,1239
2026-05-19,C-LAV-020-001,1247.7,592.54,1362
2026-05-20,C-LAV-020-001,1333.7,518.68,936
2026-05-21,C-LAV-020-001,1230.4,533.59,1360
2026-05-22,C-LAV-020-001,1513.0,499.79,958
2026-05-23,C-LAV-020-001,1008.6,549.76,1217
2026-05-24,C-LAV-020-001,891.3,593.26,1248
2026-05-25,C-LAV-020-001,1504.3,531.55,1011
2026-05-26,C-LAV-020-001,1538.4,567.14,1287
2026-05-27,C-LAV-020-001,1560.7,523.68,1110
2026-05-28,C-LAV-020-001,1208.5,487.86,1234
2026-05-29,C-LAV-020-001,1524.0,633.18,1051
2026-05-30,C-LAV-020-001,883.4,729.94,1226
2026-05-31,C-LAV-020-001,1076.5,690.6,1163
2026-05-04,C-LAV-020-002,1849.6,238.57,1190
2026-05-05,C-LAV-020-002,1920.5,228.69,1218
2026-05-06,C-LAV-020-002,2380.2,219.44,1632
2026-05-07,C-LAV-020-002,2193.2,224.94,1213
2026-05-08,C-LAV-020-002,2185.3,199.52,1659
2026-05-09,C-LAV-020-002,1595.1,287.27,1567
2026-05-10,C-LAV-020-002,1293.8,272.96,1636
2026-05-11,C-LAV-020-002,1785.8,255.91,1486
2026-05-12,C-LAV-020-002,1867.1,250.51,1633
2026-05-13,C-LAV-020-002,1780.3,198.99,1590
2026-05-14,C-LAV-020-002,2123.1,208.28,1532
2026-05-15,C-LAV-020-002,2273.2,198.36,1133
2026-05-16,C-LAV-020-002,1435.4,250.46,1331
2026-05-17,C-LAV-020-002,1529.8,270.67,1508
2026-05-18,C-LAV-020-002,2223.7,247.36,1310
2026-05-19,C-LAV-020-002,2289.5,248.5,1503
2026-05-20,C-LAV-020-002,2386.9,210.9,1374
2026-05-21,C-LAV-020-002,2157.6,208.92,1541
2026-05-22,C-LAV-020-002,2356.0,242.84,1608
2026-05-23,C-LAV-020-002,1366.3,238.28,1373
2026-05-24,C-LAV-020-002,1411.6,302.27,1342
2026-05-25,C-LAV-020-002,1829.6,208.5,1554
2026-05-26,C-LAV-020-002,2166.4,263.47,1432
2026-05-27,C-LAV-020-002,2162.1,248.77,1590
2026-05-28,C-LAV-020-002,2162.1,190.66,1378
2026-05-29,C-LAV-020-002,2045.5,253.18,1381
2026-05-30,C-LAV-020-002,1250.6,293.74,1268
2026-05-31,C-LAV-020-002,1427.8,275.67,1644
2026-05-04,C-LAV-020-003,1844.5,423.03,654
2026-05-05,C-LAV-020-003,1853.7,419.74,649
2026-05-06,C-LAV-020-003,1730.0,550.23,759
2026-05-07,C-LAV-020-003,1625.8,480.01,585
2026-05-08,C-LAV-020-003,1541.9,408.66,730
2026-05-09,C-LAV-020-003,1079.6,600.6,688
2026-05-10,C-LAV-020-003,1027.1,589.67,760
2026-05-11,C-LAV-020-003,1641.2,540.78,648
2026-05-12,C-LAV-020-003,1853.6,501.8,605
2026-05-13,C-LAV-020-003,1507.1,542.83,639
2026-05-14,C-LAV-020-003,1886.5,443.96,543
2026-05-15,C-LAV-020-003,1645.4,436.21,642
2026-05-16,C-LAV-020-003,1326.8,604.21,718
2026-05-17,C-LAV-020-003,1224.5,616.48,691
2026-05-18,C-LAV-020-003,1848.1,531.65,734
2026-05-19,C-LAV-020-003,1667.6,548.12,644
2026-05-20,C-LAV-020-003,1784.1,526.4,725
2026-05-21,C-LAV-020-003,1647.1,493.1,742
2026-05-22,C-LAV-020-003,1567.7,535.14,648
2026-05-23,C-LAV-020-003,1080.6,518.2,578
2026-05-24,C-LAV-020-003,1162.1,535.42,645
2026-05-25,C-LAV-020-003,1788.6,520.06,776
2026-05-26,C-LAV-020-003,1939.1,430.8,720
2026-05-27,C-LAV-020-003,1922.3,547.06,646
2026-05-28,C-LAV-020-003,1511.1,451.36,731
2026-05-29,C-LAV-020-003,1642.3,550.3,721
2026-05-30,C-LAV-020-003,1192.1,566.93,564
2026-05-31,C-LAV-020-003,1201.0,559.68,544
2026-05-04,C-OTT-022-001,2035.1,359.85,448
2026-05-05,C-OTT-022-001,1803.6,342.35,536
2026-05-06,C-OTT-022-001,2003.4,304.93,539
2026-05-07,C-OTT-022-001,1918.8,366.89,661
2026-05-08,C-OTT-022-001,1607.6,357.99,494
2026-05-09,C-OTT-022-001,1461.1,426.46,606
2026-05-10,C-OTT-022-001,1195.6,413.22,474
2026-05-11,C-OTT-022-001,1582.0,388.89,472
2026-05-12,C-OTT-022-001,1899.1,363.38,567
2026-05-13,C-OTT-022-001,1972.4,327.85,445
2026-05-14,C-OTT-022-001,1903.9,346.26,513
2026-05-15,C-OTT-022-001,1751.4,348.33,507
2026-05-16,C-OTT-022-001,1220.6,427.82,538
2026-05-17,C-OTT-022-001,1456.2,410.86,620
2026-05-18,C-OTT-022-001,1943.4,328.36,567
2026-05-19,C-OTT-022-001,1936.4,327.06,543
2026-05-20,C-OTT-022-001,1616.4,394.08,567
2026-05-21,C-OTT-022-001,1823.2,387.48,615
2026-05-22,C-OTT-022-001,1691.2,396.45,505
2026-05-23,C-OTT-022-001,1454.2,403.9,641
2026-05-24,C-OTT-022-001,1369.6,460.21,610
2026-05-25,C-OTT-022-001,1570.2,412.54,650
2026-05-26,C-OTT-022-001,1956.9,318.08,446
2026-05-27,C-OTT-022-001,1947.2,357.92,521
2026-05-28,C-OTT-022-001,1820.5,368.77,545
2026-05-29,C-OTT-022-001,1561.6,374.58,465
2026-05-30,C-OTT-022-001,1441.9,425.31,612
2026-05-31,C-OTT-022-001,1177.2,365.21,661
2026-05-04,C-OTT-022-002,1624.5,1044.25,1293
2026-05-05,C-OTT-022-002,1370.6,1411.18,1076
2026-05-06,C-OTT-022-002,1302.9,1414.0,1286
2026-05-07,C-OTT-022-002,1385.4,1398.25,1290
2026-05-08,C-OTT-022-002,1502.2,1226.08,1215
2026-05-09,C-OTT-022-002,1156.6,1585.77,1434
2026-05-10,C-OTT-022-002,977.1,1336.96,1216
2026-05-11,C-OTT-022-002,1301.4,1303.47,1149
2026-05-12,C-OTT-022-002,1279.7,1131.83,1167
2026-05-13,C-OTT-022-002,1413.2,1402.85,1376
2026-05-14,C-OTT-022-002,1319.7,1371.75,1221
2026-05-15,C-OTT-022-002,1593.2,1271.72,1217
2026-05-16,C-OTT-022-002,1075.7,1564.88,1376
2026-05-17,C-OTT-022-002,1155.0,1355.39,1089
2026-05-18,C-OTT-022-002,1452.7,1175.3,1205
2026-05-19,C-OTT-022-002,1527.8,1138.56,1188
2026-05-20,C-OTT-022-002,1600.2,1138.96,1073
2026-05-21,C-OTT-022-002,1546.0,1335.41,1175
2026-05-22,C-OTT-022-002,1472.5,1329.92,1580
2026-05-23,C-OTT-022-002,1162.8,1235.02,1189
2026-05-24,C-OTT-022-002,1032.8,1464.24,1238
2026-05-25,C-OTT-022-002,1655.9,1250.85,1583
2026-05-26,C-OTT-022-002,1342.8,1040.08,1398
2026-05-27,C-OTT-022-002,1548.8,1409.67,1374
2026-05-28,C-OTT-022-002,1372.8,1055.07,1321
2026-05-29,C-OTT-022-002,1282.2,1179.3,1275
2026-05-30,C-OTT-022-002,918.6,1406.19,1181
2026-05-31,C-OTT-022-002,968.1,1434.13,1478
2026-05-04,C-OTT-022-003,2208.5,670.26,455
2026-05-05,C-OTT-022-003,2001.6,741.12,575
2026-05-06,C-OTT-022-003,1979.9,770.65,603
2026-05-07,C-OTT-022-003,1892.5,845.25,466
2026-05-08,C-OTT-022-003,2286.3,741.16,483
2026-05-09,C-OTT-022-003,1646.6,900.11,668
2026-05-10,C-OTT-022-003,1700.4,1005.55,567
2026-05-11,C-OTT-022-003,2388.0,726.58,605
2026-05-12,C-OTT-022-003,1979.4,859.99,575
2026-05-13,C-OTT-022-003,1979.5,715.63,511
2026-05-14,C-OTT-022-003,1981.2,853.96,639
2026-05-15,C-OTT-022-003,2052.7,867.38,536
2026-05-16,C-OTT-022-003,1630.3,867.97,528
2026-05-17,C-OTT-022-003,1662.3,784.64,511
2026-05-18,C-OTT-022-003,2325.3,724.84,565
2026-05-19,C-OTT-022-003,1845.6,844.13,656
2026-05-20,C-OTT-022-003,1822.2,788.31,498
2026-05-21,C-OTT-022-003,1987.2,811.59,672
2026-05-22,C-OTT-022-003,2082.8,795.14,540
2026-05-23,C-OTT-022-003,1559.1,752.71,511
2026-05-24,C-OTT-022-003,1665.0,832.82,498
2026-05-25,C-OTT-022-003,2348.2,748.0,643
2026-05-26,C-OTT-022-003,2377.3,728.59,510
2026-05-27,C-OTT-022-003,2051.7,774.94,513
2026-05-28,C-OTT-022-003,2386.5,669.64,664
2026-05-29,C-OTT-022-003,1901.0,796.54,607
2026-05-30,C-OTT-022-003,1556.6,966.18,494
2026-05-31,C-OTT-022-003,1701.2,751.11,538
2026-05-04,C-TOR-023-001,2225.2,459.99,1019
2026-05-05,C-TOR-023-001,2248.0,470.9,813
2026-05-06,C-TOR-023-001,1903.7,513.61,1164
2026-05-07,C-TOR-023-001,1949.8,430.33,1135
2026-05-08,C-TOR-023-001,2285.1,540.86,1139
2026-05-09,C-TOR-023-001,1432.8,531.77,1192
2026-05-10,C-TOR-023-001,1612.6,568.08,1078
2026-05-11,C-TOR-023-001,2276.4,478.52,798
2026-05-12,C-TOR-023-001,1837.9,403.52,1018
2026-05-13,C-TOR-023-001,2294.2,485.86,829
2026-05-14,C-TOR-023-001,2377.9,503.81,1142
2026-05-15,C-TOR-023-001,2364.7,541.23,915
2026-05-16,C-TOR-023-001,1634.2,575.58,910
2026-05-17,C-TOR-023-001,1660.8,600.28,1043
2026-05-18,C-TOR-023-001,2076.9,409.42,804
2026-05-19,C-TOR-023-001,2238.9,494.03,944
2026-05-20,C-TOR-023-001,2414.5,461.21,849
2026-05-21,C-TOR-023-001,1877.7,446.54,1021
2026-05-22,C-TOR-023-001,2405.9,397.26,1157
2026-05-23,C-TOR-023-001,1315.3,609.23,923
2026-05-24,C-TOR-023-001,1308.2,515.78,938
2026-05-25,C-TOR-023-001,2102.3,390.46,1089
2026-05-26,C-TOR-023-001,2238.0,527.58,920
2026-05-27,C-TOR-023-001,2085.6,432.43,828
2026-05-28,C-TOR-023-001,2337.2,531.12,967
2026-05-29,C-TOR-023-001,2219.4,475.54,921
2026-05-30,C-TOR-023-001,1632.3,615.65,1177
2026-05-31,C-TOR-023-001,1522.1,591.8,1104
2026-05-04,C-TOR-023-002,1365.5,885.23,813
2026-05-05,C-TOR-023-002,1257.2,671.39,806
2026-05-06,C-TOR-023-002,1199.4,751.12,770
2026-05-07,C-TOR-023-002,1135.8,877.11,715
2026-05-08,C-TOR-023-002,1415.9,891.04,770
2026-05-09,C-TOR-023-002,961.4,824.29,928
2026-05-10,C-TOR-023-002,1016.3,985.67,827
2026-05-11,C-TOR-023-002,1141.1,887.1,842
2026-05-12,C-TOR-023-002,1289.9,860.24,670
2026-05-13,C-TOR-023-002,1463.7,869.48,780
2026-05-14,C-TOR-023-002,1196.6,672.96,814
2026-05-15,C-TOR-023-002,1266.1,733.64,848
2026-05-16,C-TOR-023-002,817.5,894.34,917
2026-05-17,C-TOR-023-002,924.7,979.01,880
2026-05-18,C-TOR-023-002,1287.4,709.56,849
2026-05-19,C-TOR-023-002,1422.2,857.37,784
2026-05-20,C-TOR-023-002,1249.8,897.69,910
2026-05-21,C-TOR-023-002,1101.1,797.19,832
2026-05-22,C-TOR-023-002,1227.4,857.55,672
2026-05-23,C-TOR-023-002,1005.4,773.19,945
2026-05-24,C-TOR-023-002,952.1,923.33,825
2026-05-25,C-TOR-023-002,1156.1,901.92,709
2026-05-26,C-TOR-023-002,1414.5,785.03,719
2026-05-27,C-TOR-023-002,1172.3,694.68,953
2026-05-28,C-TOR-023-002,1109.5,683.32,782
2026-05-29,C-TOR-023-002,1250.6,797.46,755
2026-05-30,C-TOR-023-002,968.8,903.54,667
2026-05-31,C-TOR-023-002,971.1,993.29,958
2026-05-04,C-TOR-023-003,1618.3,826.68,861
2026-05-05,C-TOR-023-003,1429.0,803.82,794
2026-05-06,C-TOR-023-003,1311.3,778.46,810
2026-05-07,C-TOR-023-003,1280.9,814.87,875
2026-05-08,C-TOR-023-003,1327.1,808.8,793
2026-05-09,C-TOR-023-003,1110.9,1140.67,837
2026-05-10,C-TOR-023-003,1052.2,1135.38,687
2026-05-11,C-TOR-023-003,1480.8,1068.09,910
2026-05-12,C-TOR-023-003,1513.3,1056.42,685
2026-05-13,C-TOR-023-003,1337.2,772.25,713
2026-05-14,C-TOR-023-003,1614.5,800.58,826
2026-05-15,C-TOR-023-003,1567.7,804.62,877
2026-05-16,C-TOR-023-003,1101.9,951.83,816
2026-05-17,C-TOR-023-003,1043.6,1229.39,675
2026-05-18,C-TOR-023-003,1519.6,1003.01,865
2026-05-19,C-TOR-023-003,1392.4,783.4,950
2026-05-20,C-TOR-023-003,1411.5,860.76,738
2026-05-21,C-TOR-023-003,1557.6,1057.62,855
2026-05-22,C-TOR-023-003,1259.1,1037.5,980
2026-05-23,C-TOR-023-003,931.9,1025.23,953
2026-05-24,C-TOR-023-003,902.9,1014.38,703
2026-05-25,C-TOR-023-003,1332.3,1002.26,707
2026-05-26,C-TOR-023-003,1562.5,886.66,949
2026-05-27,C-TOR-023-003,1305.6,800.94,840
2026-05-28,C-TOR-023-003,1262.8,808.67,961
2026-05-29,C-TOR-023-003,1366.3,910.71,741
2026-05-30,C-TOR-023-003,986.6,1207.33,744
2026-05-31,C-TOR-023-003,1161.6,1182.86,692
2026-05-04,C-REG-002-001,1261.0,508.81,1454
2026-05-05,C-REG-002-001,1341.9,481.44,1117
2026-05-06,C-REG-002-001,1380.8,382.17,1441
2026-05-07,C-REG-002-001,1323.4,400.36,1108
2026-05-08,C-REG-002-001,1400.0,522.09,1591
2026-05-09,C-REG-002-001,956.0,607.66,1190
2026-05-10,C-REG-002-001,915.0,485.8,1618
2026-05-11,C-REG-002-001,1321.6,460.94,1106
2026-05-12,C-REG-002-001,1324.3,455.92,1447
2026-05-13,C-REG-002-001,1417.5,428.35,1493
2026-05-14,C-REG-002-001,1121.9,489.17,1417
2026-05-15,C-REG-002-001,1246.5,416.63,1239
2026-05-16,C-REG-002-001,835.6,464.12,1278
2026-05-17,C-REG-002-001,781.4,600.0,1482
2026-05-18,C-REG-002-001,1242.8,447.45,1556
2026-05-19,C-REG-002-001,1423.4,501.85,1212
2026-05-20,C-REG-002-001,1383.3,483.77,1529
2026-05-21,C-REG-002-001,1215.3,444.86,1164
2026-05-22,C-REG-002-001,1284.3,394.87,1525
2026-05-23,C-REG-002-001,753.6,582.75,1599
2026-05-24,C-REG-002-001,895.3,561.3,1289
2026-05-25,C-REG-002-001,1075.5,407.22,1334
2026-05-26,C-REG-002-001,1314.5,423.85,1259
2026-05-27,C-REG-002-001,1298.4,501.37,1246
2026-05-28,C-REG-002-001,1070.4,477.05,1334
2026-05-29,C-REG-002-001,1391.0,461.73,1170
2026-05-30,C-REG-002-001,785.2,467.65,1435
2026-05-31,C-REG-002-001,1000.8,483.21,1341
2026-05-04,C-REG-002-002,1325.7,404.97,854
2026-05-05,C-REG-002-002,1381.1,465.98,864
2026-05-06,C-REG-002-002,1317.9,449.19,962
2026-05-07,C-REG-002-002,1068.2,472.87,806
2026-05-08,C-REG-002-002,1296.0,507.23,773
2026-05-09,C-REG-002-002,815.0,570.08,948
2026-05-10,C-REG-002-002,762.4,623.68,1135
2026-05-11,C-REG-002-002,1227.1,543.18,1018
2026-05-12,C-REG-002-002,1214.0,441.71,901
2026-05-13,C-REG-002-002,1143.1,451.99,935
2026-05-14,C-REG-002-002,1307.2,433.5,785
2026-05-15,C-REG-002-002,1204.4,556.65,1067
2026-05-16,C-REG-002-002,881.5,626.68,960
2026-05-17,C-REG-002-002,777.9,490.37,902
2026-05-18,C-REG-002-002,1133.2,505.13,778
2026-05-19,C-REG-002-002,1183.4,493.52,1073
2026-05-20,C-REG-002-002,1051.6,467.65,1111
2026-05-21,C-REG-002-002,1043.2,480.18,1118
2026-05-22,C-REG-002-002,1345.9,447.95,1021
2026-05-23,C-REG-002-002,830.0,552.91,951
2026-05-24,C-REG-002-002,741.1,501.78,1088
2026-05-25,C-REG-002-002,1164.0,527.36,1008
2026-05-26,C-REG-002-002,1200.0,532.66,862
2026-05-27,C-REG-002-002,1347.4,491.33,1041
2026-05-28,C-REG-002-002,1112.1,501.51,979
2026-05-29,C-REG-002-002,1168.9,412.0,1141
2026-05-30,C-REG-002-002,901.0,500.43,913
2026-05-31,C-REG-002-002,869.4,594.15,821
2026-05-04,C-REG-002-003,2199.9,513.8,737
2026-05-05,C-REG-002-003,1750.4,392.12,967
2026-05-06,C-REG-002-003,2200.4,518.94,912
2026-05-07,C-REG-002-003,2213.2,432.23,1062
2026-05-08,C-REG-002-003,2126.0,543.42,1022
2026-05-09,C-REG-002-003,1300.4,615.77,909
2026-05-10,C-REG-002-003,1194.9,483.19,950
2026-05-11,C-REG-002-003,2041.6,492.02,948
2026-05-12,C-REG-002-003,2001.8,434.92,875
2026-05-13,C-REG-002-003,1817.3,408.53,1042
2026-05-14,C-REG-002-003,2208.1,468.14,1063
2026-05-15,C-REG-002-003,2106.0,448.62,1034
2026-05-16,C-REG-002-003,1433.4,581.27,894
2026-05-17,C-REG-002-003,1455.8,534.65,978
2026-05-18,C-REG-002-003,1847.0,465.33,905
2026-05-19,C-REG-002-003,2140.6,508.62,801
2026-05-20,C-REG-002-003,1852.2,447.63,825
2026-05-21,C-REG-002-003,2114.6,540.05,961
2026-05-22,C-REG-002-003,2169.5,388.78,858
2026-05-23,C-REG-002-003,1230.7,524.58,1019
2026-05-24,C-REG-002-003,1251.7,548.93,856
2026-05-25,C-REG-002-003,2161.0,448.95,1039
2026-05-26,C-REG-002-003,2063.5,493.21,768
2026-05-27,C-REG-002-003,1821.4,535.14,843
2026-05-28,C-REG-002-003,1736.8,494.38,868
2026-05-29,C-REG-002-003,1936.7,454.0,804
2026-05-30,C-REG-002-003,1303.8,596.19,1076
2026-05-31,C-REG-002-003,1446.3,568.4,796
2026-05-04,C-MIS-024-001,1866.7,859.96,899
2026-05-05,C-MIS-024-001,1664.1,717.83,809
2026-05-06,C-MIS-024-001,1933.0,753.02,689
2026-05-07,C-MIS-024-001,2041.9,812.68,670
2026-05-08,C-MIS-024-001,1820.1,840.99,739
2026-05-09,C-MIS-024-001,1254.8,945.33,756
2026-05-10,C-MIS-024-001,1382.4,921.91,815
2026-05-11,C-MIS-024-001,2017.9,692.69,904
2026-05-12,C-MIS-024-001,1746.9,683.97,834
2026-05-13,C-MIS-024-001,1559.4,827.17,939
2026-05-14,C-MIS-024-001,1947.1,753.55,727
2026-05-15,C-MIS-024-001,1774.1,834.77,783
2026-05-16,C-MIS-024-001,1179.3,1028.24,879
2026-05-17,C-MIS-024-001,1452.2,881.54,783
2026-05-18,C-MIS-024-001,1690.4,833.24,832
2026-05-19,C-MIS-024-001,1655.9,726.06,894
2026-05-20,C-MIS-024-001,1840.3,720.04,746
2026-05-21,C-MIS-024-001,1795.4,663.11,873
2026-05-22,C-MIS-024-001,1940.8,833.45,921
2026-05-23,C-MIS-024-001,1459.8,740.73,759
2026-05-24,C-MIS-024-001,1242.4,869.59,674
2026-05-25,C-MIS-024-001,2005.7,798.16,894
2026-05-26,C-MIS-024-001,1961.6,811.62,804
2026-05-27,C-MIS-024-001,1716.3,834.5,886
2026-05-28,C-MIS-024-001,1668.9,820.15,730
2026-05-29,C-MIS-024-001,2054.1,647.45,709
2026-05-30,C-MIS-024-001,1281.5,973.63,816
2026-05-31,C-MIS-024-001,1353.5,1020.3,816
2026-05-04,C-MIS-024-002,812.1,344.59,891
2026-05-05,C-MIS-024-002,870.8,299.83,904
2026-05-06,C-MIS-024-002,882.8,354.98,712
2026-05-07,C-MIS-024-002,731.1,298.57,753
2026-05-08,C-MIS-024-002,833.8,338.16,964
2026-05-09,C-MIS-024-002,560.2,372.42,1037
2026-05-10,C-MIS-024-002,578.7,395.8,781
2026-05-11,C-MIS-024-002,800.5,276.5,959
2026-05-12,C-MIS-024-002,897.9,342.8,832
2026-05-13,C-MIS-024-002,874.9,365.79,973
2026-05-14,C-MIS-024-002,775.4,349.72,1033
2026-05-15,C-MIS-024-002,797.1,343.1,729
2026-05-16,C-MIS-024-002,587.1,434.2,801
2026-05-17,C-MIS-024-002,523.7,309.59,993
2026-05-18,C-MIS-024-002,844.6,331.57,845
2026-05-19,C-MIS-024-002,822.0,288.32,720
2026-05-20,C-MIS-024-002,939.4,369.38,1026
2026-05-21,C-MIS-024-002,877.4,278.76,739
2026-05-22,C-MIS-024-002,870.3,316.33,981
2026-05-23,C-MIS-024-002,650.7,361.51,765
2026-05-24,C-MIS-024-002,593.4,363.1,939
2026-05-25,C-MIS-024-002,911.0,286.3,1019
2026-05-26,C-MIS-024-002,881.1,275.12,1039
2026-05-27,C-MIS-024-002,953.6,312.88,1021
2026-05-28,C-MIS-024-002,742.5,366.43,1004
2026-05-29,C-MIS-024-002,931.4,273.01,772
2026-05-30,C-MIS-024-002,582.1,347.72,847
2026-05-31,C-MIS-024-002,621.3,327.21,1042
2026-05-04,C-MIS-024-003,1321.5,773.62,1085
2026-05-05,C-MIS-024-003,1386.3,712.19,1217
2026-05-06,C-MIS-024-003,1155.3,904.4,1119
2026-05-07,C-MIS-024-003,1358.1,797.57,1159
2026-05-08,C-MIS-024-003,1395.1,887.65,1453
2026-05-09,C-MIS-024-003,984.4,812.37,1135
2026-05-10,C-MIS-024-003,822.0,901.5,1329
2026-05-11,C-MIS-024-003,1438.9,663.44,1256
2026-05-12,C-MIS-024-003,1143.2,658.53,1070
2026-05-13,C-MIS-024-003,1184.3,688.16,1342
2026-05-14,C-MIS-024-003,1446.6,766.81,1244
2026-05-15,C-MIS-024-003,1410.2,691.44,1308
2026-05-16,C-MIS-024-003,846.3,910.52,1168
2026-05-17,C-MIS-024-003,894.6,878.22,1258
2026-05-18,C-MIS-024-003,1345.1,687.99,1061
2026-05-19,C-MIS-024-003,1361.3,695.52,1436
2026-05-20,C-MIS-024-003,1406.9,730.58,1349
2026-05-21,C-MIS-024-003,1516.1,911.03,1478
2026-05-22,C-MIS-024-003,1476.6,837.05,1088
2026-05-23,C-MIS-024-003,818.5,915.63,1424
2026-05-24,C-MIS-024-003,795.8,990.36,1172
2026-05-25,C-MIS-024-003,1259.1,859.46,1328
2026-05-26,C-MIS-024-003,1479.1,891.96,1248
2026-05-27,C-MIS-024-003,1145.9,891.94,1045
2026-05-28,C-MIS-024-003,1345.5,655.99,1260
2026-05-29,C-MIS-024-003,1153.9,708.78,1490
2026-05-30,C-MIS-024-003,895.6,919.63,1483
2026-05-31,C-MIS-024-003,1019.4,927.89,1373
2026-05-04,C-HAM-025-001,2086.6,166.44,577
2026-05-05,C-HAM-025-001,1727.9,139.98,586
2026-05-06,C-HAM-025-001,1666.0,159.42,635
2026-05-07,C-HAM-025-001,1901.7,135.1,490
2026-05-08,C-HAM-025-001,1841.4,165.05,537
2026-05-09,C-HAM-025-001,1301.2,179.45,604
2026-05-10,C-HAM-025-001,1152.3,141.54,501
2026-05-11,C-HAM-025-001,2082.8,149.73,587
2026-05-12,C-HAM-025-001,1663.1,159.22,555
2026-05-13,C-HAM-025-001,1672.3,133.31,668
2026-05-14,C-HAM-025-001,1732.0,123.11,692
2026-05-15,C-HAM-025-001,1931.3,133.58,686
2026-05-16,C-HAM-025-001,1314.2,154.21,604
2026-05-17,C-HAM-025-001,1402.9,182.6,601
2026-05-18,C-HAM-025-001,2153.5,133.55,485
2026-05-19,C-HAM-025-001,2133.4,164.99,583
2026-05-20,C-HAM-025-001,2151.3,127.13,674
2026-05-21,C-HAM-025-001,2027.0,167.33,464
2026-05-22,C-HAM-025-001,1852.3,161.42,606
2026-05-23,C-HAM-025-001,1379.0,177.34,559
2026-05-24,C-HAM-025-001,1157.5,169.1,606
2026-05-25,C-HAM-025-001,1932.2,156.7,626
2026-05-26,C-HAM-025-001,1864.0,129.44,611
2026-05-27,C-HAM-025-001,1796.2,167.97,529
2026-05-28,C-HAM-025-001,2127.7,121.01,506
2026-05-29,C-HAM-025-001,1924.9,146.93,615
2026-05-30,C-HAM-025-001,1234.9,148.26,496
2026-05-31,C-HAM-025-001,1134.0,173.1,629
2026-05-04,C-HAM-025-002,1387.5,291.26,1063
2026-05-05,C-HAM-025-002,1219.8,329.06,810
2026-05-06,C-HAM-025-002,1565.9,286.86,812
2026-05-07,C-HAM-025-002,1350.8,323.22,970
2026-05-08,C-HAM-025-002,1340.3,275.64,1087
2026-05-09,C-HAM-025-002,841.8,306.67,1082
2026-05-10,C-HAM-025-002,992.5,324.36,1099
2026-05-11,C-HAM-025-002,1539.2,259.17,787
2026-05-12,C-HAM-025-002,1377.1,302.86,1029
2026-05-13,C-HAM-025-002,1388.4,318.02,1080
2026-05-14,C-HAM-025-002,1491.4,282.25,961
2026-05-15,C-HAM-025-002,1277.9,348.77,777
2026-05-16,C-HAM-025-002,1054.0,331.88,1098
2026-05-17,C-HAM-025-002,836.6,295.01,764
2026-05-18,C-HAM-025-002,1406.0,330.52,1094
2026-05-19,C-HAM-025-002,1321.4,295.74,1034
2026-05-20,C-HAM-025-002,1327.8,312.96,878
2026-05-21,C-HAM-025-002,1361.0,339.99,982
2026-05-22,C-HAM-025-002,1429.5,300.64,1126
2026-05-23,C-HAM-025-002,1034.3,294.67,968
2026-05-24,C-HAM-025-002,1009.6,346.15,1100
2026-05-25,C-HAM-025-002,1330.8,357.96,973
2026-05-26,C-HAM-025-002,1177.9,275.26,998
2026-05-27,C-HAM-025-002,1219.9,319.46,1133
2026-05-28,C-HAM-025-002,1568.1,334.08,763
2026-05-29,C-HAM-025-002,1510.3,273.45,1016
2026-05-30,C-HAM-025-002,922.2,393.93,963
2026-05-31,C-HAM-025-002,1042.4,352.4,1045
2026-05-04,C-HAM-025-003,2125.2,143.31,774
2026-05-05,C-HAM-025-003,1811.7,137.05,658
2026-05-06,C-HAM-025-003,2050.2,154.42,647
2026-05-07,C-HAM-025-003,1714.4,142.39,733
2026-05-08,C-HAM-025-003,2091.8,147.84,526
2026-05-09,C-HAM-025-003,1239.8,172.74,711
2026-05-10,C-HAM-025-003,1558.2,189.39,778
2026-05-11,C-HAM-025-003,2101.6,159.39,612
2026-05-12,C-HAM-025-003,1822.4,153.73,749
2026-05-13,C-HAM-025-003,1885.9,123.34,668
2026-05-14,C-HAM-025-003,1986.0,119.5,523
2026-05-15,C-HAM-025-003,1868.0,150.67,607
2026-05-16,C-HAM-025-003,1485.5,186.12,772
2026-05-17,C-HAM-025-003,1266.8,144.01,780
2026-05-18,C-HAM-025-003,1888.5,132.2,594
2026-05-19,C-HAM-025-003,2182.9,125.55,523
2026-05-20,C-HAM-025-003,1921.1,126.43,716
2026-05-21,C-HAM-025-003,1899.5,119.35,770
2026-05-22,C-HAM-025-003,1746.2,160.45,644
2026-05-23,C-HAM-025-003,1453.2,158.06,628
2026-05-24,C-HAM-025-003,1416.5,164.11,660
2026-05-25,C-HAM-025-003,2086.8,140.07,567
2026-05-26,C-HAM-025-003,1945.3,152.5,602
2026-05-27,C-HAM-025-003,2220.0,142.19,768
2026-05-28,C-HAM-025-003,1936.7,143.25,575
2026-05-29,C-HAM-025-003,2002.3,149.76,534
2026-05-30,C-HAM-025-003,1491.7,162.19,759
2026-05-31,C-HAM-025-003,1462.7,169.97,780
2026-05-04,C-MTL-021-001,945.6,847.97,1064
2026-05-05,C-MTL-021-001,877.8,976.34,873
2026-05-06,C-MTL-021-001,1048.1,893.56,1093
2026-05-07,C-MTL-021-001,931.2,1113.87,798
2026-05-08,C-MTL-021-001,947.5,932.09,1017
2026-05-09,C-MTL-021-001,715.4,1320.95,951
2026-05-10,C-MTL-021-001,659.7,1322.23,1092
2026-05-11,C-MTL-021-001,834.9,1139.82,901
2026-05-12,C-MTL-021-001,847.8,1175.37,1026
2026-05-13,C-MTL-021-001,1012.2,1114.26,902
2026-05-14,C-MTL-021-001,973.6,1134.24,1010
2026-05-15,C-MTL-021-001,843.4,1035.15,1084
2026-05-16,C-MTL-021-001,699.8,1284.64,812
2026-05-17,C-MTL-021-001,672.1,1081.9,1114
2026-05-18,C-MTL-021-001,890.4,883.08,944
2026-05-19,C-MTL-021-001,876.8,846.23,987
2026-05-20,C-MTL-021-001,842.0,1083.83,943
2026-05-21,C-MTL-021-001,1051.4,1100.9,1033
2026-05-22,C-MTL-021-001,953.7,1152.35,1003
2026-05-23,C-MTL-021-001,552.0,1209.31,1091
2026-05-24,C-MTL-021-001,672.2,1221.89,994
2026-05-25,C-MTL-021-001,973.2,914.02,987
2026-05-26,C-MTL-021-001,925.3,1110.19,913
2026-05-27,C-MTL-021-001,807.4,984.67,1020
2026-05-28,C-MTL-021-001,838.6,1145.21,1061
2026-05-29,C-MTL-021-001,1066.1,960.84,934
2026-05-30,C-MTL-021-001,733.4,1234.28,1123
2026-05-31,C-MTL-021-001,643.0,1006.99,913
2026-05-04,C-MTL-021-002,2246.9,742.78,622
2026-05-05,C-MTL-021-002,2282.9,622.81,590
2026-05-06,C-MTL-021-002,2193.6,610.22,646
2026-05-07,C-MTL-021-002,2354.4,627.11,570
2026-05-08,C-MTL-021-002,2007.9,757.57,625
2026-05-09,C-MTL-021-002,1299.3,881.75,623
2026-05-10,C-MTL-021-002,1639.2,708.59,533
2026-05-11,C-MTL-021-002,1913.9,588.04,485
2026-05-12,C-MTL-021-002,2033.6,715.71,490
2026-05-13,C-MTL-021-002,1905.0,687.7,518
2026-05-14,C-MTL-021-002,2102.0,672.97,628
2026-05-15,C-MTL-021-002,2423.9,795.66,539
2026-05-16,C-MTL-021-002,1453.5,902.27,486
2026-05-17,C-MTL-021-002,1560.5,790.97,641
2026-05-18,C-MTL-021-002,1965.2,650.38,603
2026-05-19,C-MTL-021-002,2207.6,635.3,544
2026-05-20,C-MTL-021-002,2382.5,784.97,511
2026-05-21,C-MTL-021-002,2104.6,766.53,578
2026-05-22,C-MTL-021-002,1944.9,782.44,455
2026-05-23,C-MTL-021-002,1610.3,712.75,601
2026-05-24,C-MTL-021-002,1622.8,815.78,596
2026-05-25,C-MTL-021-002,2072.4,585.88,565
2026-05-26,C-MTL-021-002,2327.0,678.46,546
2026-05-27,C-MTL-021-002,1974.8,662.23,595
2026-05-28,C-MTL-021-002,1891.3,768.31,618
2026-05-29,C-MTL-021-002,2336.2,630.27,445
2026-05-30,C-MTL-021-002,1580.3,693.07,454
2026-05-31,C-MTL-021-002,1346.8,863.57,534
2026-05-04,C-MTL-021-003,2093.4,455.88,771
2026-05-05,C-MTL-021-003,1693.3,407.43,797
2026-05-06,C-MTL-021-003,1620.0,436.78,780
2026-05-07,C-MTL-021-003,1992.7,420.31,717
2026-05-08,C-MTL-021-003,1788.7,499.45,628
2026-05-09,C-MTL-021-003,1425.5,545.65,599
2026-05-10,C-MTL-021-003,1163.9,533.11,691
2026-05-11,C-MTL-021-003,1989.5,510.62,669
2026-05-12,C-MTL-021-003,1881.4,537.1,617
2026-05-13,C-MTL-021-003,1870.2,457.02,680
2026-05-14,C-MTL-021-003,1738.9,431.8,750
2026-05-15,C-MTL-021-003,1992.4,403.12,666
2026-05-16,C-MTL-021-003,1306.1,553.95,798
2026-05-17,C-MTL-021-003,1421.8,504.91,627
2026-05-18,C-MTL-021-003,1997.1,405.14,666
2026-05-19,C-MTL-021-003,2031.1,484.6,712
2026-05-20,C-MTL-021-003,1868.5,405.66,735
2026-05-21,C-MTL-021-003,1838.7,402.81,765
2026-05-22,C-MTL-021-003,2143.9,485.0,717
2026-05-23,C-MTL-021-003,1420.7,518.0,600
2026-05-24,C-MTL-021-003,1250.8,543.54,590
2026-05-25,C-MTL-021-003,1697.7,509.41,595
2026-05-26,C-MTL-021-003,2003.0,450.54,778
2026-05-27,C-MTL-021-003,1697.5,490.13,701
2026-05-28,C-MTL-021-003,1616.7,461.15,755
2026-05-29,C-MTL-021-003,1881.6,492.58,736
2026-05-30,C-MTL-021-003,1181.5,453.04,577
2026-05-31,C-MTL-021-003,1146.2,501.72,665
2026-05-04,C-MNC-005-001,750.9,1300.3,638
2026-05-05,C-MNC-005-001,882.7,1010.24,609
2026-05-06,C-MNC-005-001,977.2,1003.63,709
2026-05-07,C-MNC-005-001,917.9,1068.13,792
2026-05-08,C-MNC-005-001,828.6,1202.41,712
2026-05-09,C-MNC-005-001,635.4,1252.11,793
2026-05-10,C-MNC-005-001,661.7,1517.67,742
2026-05-11,C-MNC-005-001,916.4,1234.1,573
2026-05-12,C-MNC-005-001,759.3,1024.13,708
2026-05-13,C-MNC-005-001,853.0,1343.9,843
2026-05-14,C-MNC-005-001,930.5,1350.16,695
2026-05-15,C-MNC-005-001,916.5,1213.19,803
2026-05-16,C-MNC-005-001,546.7,1431.82,689
2026-05-17,C-MNC-005-001,692.1,1254.24,766
2026-05-18,C-MNC-005-001,768.1,1316.01,776
2026-05-19,C-MNC-005-001,828.8,1116.52,718
2026-05-20,C-MNC-005-001,896.6,1034.48,708
2026-05-21,C-MNC-005-001,765.4,1047.12,842
2026-05-22,C-MNC-005-001,911.8,1084.3,770
2026-05-23,C-MNC-005-001,710.1,1442.62,600
2026-05-24,C-MNC-005-001,570.9,1305.22,607
2026-05-25,C-MNC-005-001,925.0,1024.08,854
2026-05-26,C-MNC-005-001,1014.2,1228.28,762
2026-05-27,C-MNC-005-001,995.0,992.19,767
2026-05-28,C-MNC-005-001,768.9,1030.1,680
2026-05-29,C-MNC-005-001,992.5,1327.92,765
2026-05-30,C-MNC-005-001,533.6,1512.26,843
2026-05-31,C-MNC-005-001,696.4,1570.77,586
2026-05-04,C-MNC-005-002,1621.4,325.83,687
2026-05-05,C-MNC-005-002,1803.7,269.26,758
2026-05-06,C-MNC-005-002,1791.1,291.67,845
2026-05-07,C-MNC-005-002,1955.1,251.62,766
2026-05-08,C-MNC-005-002,2013.8,341.89,733
2026-05-09,C-MNC-005-002,1257.0,362.31,692
2026-05-10,C-MNC-005-002,1354.5,324.06,929
2026-05-11,C-MNC-005-002,1705.2,291.21,675
2026-05-12,C-MNC-005-002,1935.9,268.08,777
2026-05-13,C-MNC-005-002,1603.3,290.18,772
2026-05-14,C-MNC-005-002,1642.0,316.8,822
2026-05-15,C-MNC-005-002,1587.0,283.74,685
2026-05-16,C-MNC-005-002,1372.9,374.25,905
2026-05-17,C-MNC-005-002,1483.5,375.08,935
2026-05-18,C-MNC-005-002,1991.2,329.57,710
2026-05-19,C-MNC-005-002,1808.9,326.21,937
2026-05-20,C-MNC-005-002,1894.1,252.7,799
2026-05-21,C-MNC-005-002,1988.5,331.82,686
2026-05-22,C-MNC-005-002,1779.4,251.68,651
2026-05-23,C-MNC-005-002,1118.8,347.32,874
2026-05-24,C-MNC-005-002,1212.7,317.08,667
2026-05-25,C-MNC-005-002,1691.8,286.25,834
2026-05-26,C-MNC-005-002,1806.0,317.11,687
2026-05-27,C-MNC-005-002,1670.8,294.39,848
2026-05-28,C-MNC-005-002,1940.2,288.94,654
2026-05-29,C-MNC-005-002,1916.6,347.5,811
2026-05-30,C-MNC-005-002,1471.2,375.19,694
2026-05-31,C-MNC-005-002,1193.0,386.46,704
2026-05-04,C-MNC-005-003,882.1,131.33,981
2026-05-05,C-MNC-005-003,1109.7,118.01,1324
2026-05-06,C-MNC-005-003,987.8,112.75,1132
2026-05-07,C-MNC-005-003,895.2,136.04,962
2026-05-08,C-MNC-005-003,918.9,128.2,1358
2026-05-09,C-MNC-005-003,727.1,174.86,968
2026-05-10,C-MNC-005-003,750.0,128.17,1223
2026-05-11,C-MNC-005-003,940.1,113.79,1009
2026-05-12,C-MNC-005-003,1094.1,131.95,1240
2026-05-13,C-MNC-005-003,1068.5,115.2,1208
2026-05-14,C-MNC-005-003,825.4,144.08,1183
2026-05-15,C-MNC-005-003,840.4,151.72,1135
2026-05-16,C-MNC-005-003,632.7,135.5,1381
2026-05-17,C-MNC-005-003,655.8,154.01,1041
2026-05-18,C-MNC-005-003,1029.0,118.95,1121
2026-05-19,C-MNC-005-003,852.0,157.08,1420
2026-05-20,C-MNC-005-003,1002.0,116.17,1220
2026-05-21,C-MNC-005-003,1011.3,140.38,1254
2026-05-22,C-MNC-005-003,865.2,125.01,1317
2026-05-23,C-MNC-005-003,695.5,129.43,1055
2026-05-24,C-MNC-005-003,598.8,138.09,992
2026-05-25,C-MNC-005-003,1059.8,112.35,1409
2026-05-26,C-MNC-005-003,867.0,139.29,1299
2026-05-27,C-MNC-005-003,895.8,112.16,1233
2026-05-28,C-MNC-005-003,865.9,142.54,984
2026-05-29,C-MNC-005-003,907.4,123.22,1114
2026-05-30,C-MNC-005-003,648.2,156.58,1300
2026-05-31,C-MNC-005-003,732.6,132.18,1129
2026-05-04,C-QBC-022-001,1771.9,1061.23,975
2026-05-05,C-QBC-022-001,1771.4,835.77,670
2026-05-06,C-QBC-022-001,1782.7,1063.92,895
2026-05-07,C-QBC-022-001,1523.6,1085.46,836
2026-05-08,C-QBC-022-001,1622.0,773.98,711
2026-05-09,C-QBC-022-001,1067.6,1066.3,914
2026-05-10,C-QBC-022-001,1136.8,1119.08,682
2026-05-11,C-QBC-022-001,1414.6,949.42,865
2026-05-12,C-QBC-022-001,1800.9,783.47,672
2026-05-13,C-QBC-022-001,1587.2,889.05,803
2026-05-14,C-QBC-022-001,1456.0,999.94,789
2026-05-15,C-QBC-022-001,1699.0,869.56,687
2026-05-16,C-QBC-022-001,1058.1,934.04,854
2026-05-17,C-QBC-022-001,953.5,1050.76,684
2026-05-18,C-QBC-022-001,1359.3,843.39,917
2026-05-19,C-QBC-022-001,1458.0,917.06,870
2026-05-20,C-QBC-022-001,1786.9,1043.42,689
2026-05-21,C-QBC-022-001,1725.5,1028.47,889
2026-05-22,C-QBC-022-001,1413.9,825.99,729
2026-05-23,C-QBC-022-001,1184.0,1163.75,806
2026-05-24,C-QBC-022-001,1015.5,925.08,771
2026-05-25,C-QBC-022-001,1385.7,1072.65,806
2026-05-26,C-QBC-022-001,1345.6,994.33,976
2026-05-27,C-QBC-022-001,1710.5,1005.81,728
2026-05-28,C-QBC-022-001,1675.4,841.96,687
2026-05-29,C-QBC-022-001,1376.6,1007.36,837
2026-05-30,C-QBC-022-001,1189.2,1235.85,657
2026-05-31,C-QBC-022-001,1088.1,1189.53,875
2026-05-04,C-QBC-022-002,1596.3,957.01,1003
2026-05-05,C-QBC-022-002,1726.6,1209.73,1005
2026-05-06,C-QBC-022-002,1627.6,1157.87,909
2026-05-07,C-QBC-022-002,1437.9,1244.54,793
2026-05-08,C-QBC-022-002,1357.4,1025.83,923
2026-05-09,C-QBC-022-002,1247.9,1243.99,770
2026-05-10,C-QBC-022-002,1211.2,1297.44,1086
2026-05-11,C-QBC-022-002,1347.9,1039.13,1027
2026-05-12,C-QBC-022-002,1557.0,989.68,990
2026-05-13,C-QBC-022-002,1485.7,1056.1,962
2026-05-14,C-QBC-022-002,1454.4,1052.2,1049
2026-05-15,C-QBC-022-002,1644.9,976.63,832
2026-05-16,C-QBC-022-002,1213.8,1454.73,956
2026-05-17,C-QBC-022-002,999.5,1158.19,805
2026-05-18,C-QBC-022-002,1482.0,1244.11,799
2026-05-19,C-QBC-022-002,1597.2,1253.87,977
2026-05-20,C-QBC-022-002,1688.4,935.32,847
2026-05-21,C-QBC-022-002,1597.1,955.15,1009
2026-05-22,C-QBC-022-002,1357.5,1283.16,883
2026-05-23,C-QBC-022-002,1169.8,1060.81,1064
2026-05-24,C-QBC-022-002,1128.7,1235.57,961
2026-05-25,C-QBC-022-002,1490.9,1286.85,788
2026-05-26,C-QBC-022-002,1434.7,998.64,784
2026-05-27,C-QBC-022-002,1799.6,1280.65,849
2026-05-28,C-QBC-022-002,1664.5,1002.08,1052
2026-05-29,C-QBC-022-002,1420.9,978.8,756
2026-05-30,C-QBC-022-002,1059.1,1373.3,1102
2026-05-31,C-QBC-022-002,1234.0,1202.93,842
2026-05-04,C-QBC-022-003,1689.4,647.08,1445
2026-05-05,C-QBC-022-003,1694.0,487.74,1004
2026-05-06,C-QBC-022-003,1415.0,588.0,1155
2026-05-07,C-QBC-022-003,1472.3,525.44,1315
2026-05-08,C-QBC-022-003,1878.9,594.49,1165
2026-05-09,C-QBC-022-003,1012.7,682.02,1026
2026-05-10,C-QBC-022-003,1035.2,650.04,1148
2026-05-11,C-QBC-022-003,1692.2,501.49,1061
2026-05-12,C-QBC-022-003,1757.5,623.75,1141
2026-05-13,C-QBC-022-003,1480.1,494.09,1219
2026-05-14,C-QBC-022-003,1596.3,525.93,1402
2026-05-15,C-QBC-022-003,1716.4,501.05,976
2026-05-16,C-QBC-022-003,1229.0,576.84,1387
2026-05-17,C-QBC-022-003,1268.5,738.27,1190
2026-05-18,C-QBC-022-003,1819.3,582.8,1411
2026-05-19,C-QBC-022-003,1745.2,602.54,1416
2026-05-20,C-QBC-022-003,1863.8,510.4,1090
2026-05-21,C-QBC-022-003,1722.9,554.77,1039
2026-05-22,C-QBC-022-003,1598.4,652.56,1139
2026-05-23,C-QBC-022-003,1091.0,566.28,1423
2026-05-24,C-QBC-022-003,1079.6,574.78,1030
2026-05-25,C-QBC-022-003,1417.4,561.02,1178
2026-05-26,C-QBC-022-003,1564.1,555.28,1436
2026-05-27,C-QBC-022-003,1408.7,631.13,1416
2026-05-28,C-QBC-022-003,1864.8,575.28,1230
2026-05-29,C-QBC-022-003,1684.7,599.52,1379
2026-05-30,C-QBC-022-003,1258.0,778.91,983
2026-05-31,C-QBC-022-003,1241.7,699.69,1027
2026-05-04,C-CAL-004-001,1649.1,442.27,1027
2026-05-05,C-CAL-004-001,1717.8,377.33,1189
2026-05-06,C-CAL-004-001,1416.6,502.39,1256
2026-05-07,C-CAL-004-001,1424.4,402.88,1305
2026-05-08,C-CAL-004-001,1524.5,486.25,1087
2026-05-09,C-CAL-004-001,1012.4,413.14,1456
2026-05-10,C-CAL-004-001,1229.9,465.46,1373
2026-05-11,C-CAL-004-001,1707.5,431.16,1111
2026-05-12,C-CAL-004-001,1367.6,469.44,1304
2026-05-13,C-CAL-004-001,1521.0,402.41,1036
2026-05-14,C-CAL-004-001,1515.3,362.27,1327
2026-05-15,C-CAL-004-001,1743.7,475.02,1031
2026-05-16,C-CAL-004-001,1232.1,480.41,1209
2026-05-17,C-CAL-004-001,1107.5,418.34,1009
2026-05-18,C-CAL-004-001,1733.4,470.63,1238
2026-05-19,C-CAL-004-001,1453.0,375.1,1030
2026-05-20,C-CAL-004-001,1492.1,428.19,1424
2026-05-21,C-CAL-004-001,1727.3,390.81,1315
2026-05-22,C-CAL-004-001,1757.7,435.03,1010
2026-05-23,C-CAL-004-001,993.3,461.85,1114
2026-05-24,C-CAL-004-001,1022.4,452.39,1427
2026-05-25,C-CAL-004-001,1505.7,373.07,1439
2026-05-26,C-CAL-004-001,1468.4,405.22,1197
2026-05-27,C-CAL-004-001,1764.9,405.72,1407
2026-05-28,C-CAL-004-001,1668.0,498.93,1021
2026-05-29,C-CAL-004-001,1671.3,464.65,1290
2026-05-30,C-CAL-004-001,1204.6,567.22,1188
2026-05-31,C-CAL-004-001,1065.4,527.65,1219
2026-05-04,C-CAL-004-002,1646.7,368.4,1003
2026-05-05,C-CAL-004-002,1380.8,292.05,950
2026-05-06,C-CAL-004-002,1547.1,366.89,818
2026-05-07,C-CAL-004-002,1593.8,282.22,869
2026-05-08,C-CAL-004-002,1407.2,382.22,875
2026-05-09,C-CAL-004-002,961.3,406.1,925
2026-05-10,C-CAL-004-002,1184.7,414.01,799
2026-05-11,C-CAL-004-002,1290.9,326.81,705
2026-05-12,C-CAL-004-002,1597.0,379.0,1032
2026-05-13,C-CAL-004-002,1378.5,324.14,783
2026-05-14,C-CAL-004-002,1587.6,369.45,1007
2026-05-15,C-CAL-004-002,1647.2,280.41,978
2026-05-16,C-CAL-004-002,1049.6,382.57,902
2026-05-17,C-CAL-004-002,1060.4,434.06,935
2026-05-18,C-CAL-004-002,1652.0,353.67,1002
2026-05-19,C-CAL-004-002,1574.8,287.4,996
2026-05-20,C-CAL-004-002,1290.5,275.75,749
2026-05-21,C-CAL-004-002,1672.7,293.92,818
2026-05-22,C-CAL-004-002,1642.0,290.21,960
2026-05-23,C-CAL-004-002,935.7,345.04,947
2026-05-24,C-CAL-004-002,940.1,365.78,915
2026-05-25,C-CAL-004-002,1420.3,304.12,906
2026-05-26,C-CAL-004-002,1380.5,334.89,894
2026-05-27,C-CAL-004-002,1710.4,343.35,740
2026-05-28,C-CAL-004-002,1534.0,291.44,993
2026-05-29,C-CAL-004-002,1286.5,316.93,869
2026-05-30,C-CAL-004-002,1187.0,396.34,1019
2026-05-31,C-CAL-004-002,1082.0,366.72,807
2026-05-04,C-CAL-004-003,918.9,906.91,915
2026-05-05,C-CAL-004-003,1098.7,781.12,897
2026-05-06,C-CAL-004-003,1073.3,879.69,932
2026-05-07,C-CAL-004-003,1063.6,673.26,780
2026-05-08,C-CAL-004-003,1088.3,751.04,699
2026-05-09,C-CAL-004-003,735.2,936.8,904
2026-05-10,C-CAL-004-003,678.6,797.98,774
2026-05-11,C-CAL-004-003,1212.7,700.56,889
2026-05-12,C-CAL-004-003,1010.4,731.38,841
2026-05-13,C-CAL-004-003,930.2,741.44,796
2026-05-14,C-CAL-004-003,1125.4,675.53,1019
2026-05-15,C-CAL-004-003,1015.6,863.67,957
2026-05-16,C-CAL-004-003,745.6,1022.24,794
2026-05-17,C-CAL-004-003,680.1,816.23,976
2026-05-18,C-CAL-004-003,1210.1,729.84,715
2026-05-19,C-CAL-004-003,1203.6,701.27,878
2026-05-20,C-CAL-004-003,972.6,939.33,925
2026-05-21,C-CAL-004-003,928.9,820.07,739
2026-05-22,C-CAL-004-003,1106.4,717.92,976
2026-05-23,C-CAL-004-003,757.4,881.34,969
2026-05-24,C-CAL-004-003,803.5,1042.41,844
2026-05-25,C-CAL-004-003,1037.2,772.74,784
2026-05-26,C-CAL-004-003,1043.6,832.62,762
2026-05-27,C-CAL-004-003,1150.5,777.41,964
2026-05-28,C-CAL-004-003,1174.7,924.67,931
2026-05-29,C-CAL-004-003,1211.5,757.77,744
2026-05-30,C-CAL-004-003,773.3,1047.6,741
2026-05-31,C-CAL-004-003,831.8,773.43,877
2026-05-04,C-QBC-023-001,1803.7,379.11,839
2026-05-05,C-QBC-023-001,1903.0,403.94,735
2026-05-06,C-QBC-023-001,1897.2,499.46,644
2026-05-07,C-QBC-023-001,2016.8,471.04,773
2026-05-08,C-QBC-023-001,1635.6,449.63,894
2026-05-09,C-QBC-023-001,1294.1,545.42,806
2026-05-10,C-QBC-023-001,1292.1,479.48,790
2026-05-11,C-QBC-023-001,1973.9,501.98,890
2026-05-12,C-QBC-023-001,1995.9,470.91,789
2026-05-13,C-QBC-023-001,1836.5,459.87,866
2026-05-14,C-QBC-023-001,1829.0,454.97,877
2026-05-15,C-QBC-023-001,1813.0,402.86,825
2026-05-16,C-QBC-023-001,1382.8,470.33,735
2026-05-17,C-QBC-023-001,1090.1,458.03,857
2026-05-18,C-QBC-023-001,1768.3,389.21,835
2026-05-19,C-QBC-023-001,2037.5,479.61,846
2026-05-20,C-QBC-023-001,1845.0,441.3,841
2026-05-21,C-QBC-023-001,2011.6,448.69,599
2026-05-22,C-QBC-023-001,1575.1,447.07,853
2026-05-23,C-QBC-023-001,1422.4,561.46,701
2026-05-24,C-QBC-023-001,1073.3,429.22,632
2026-05-25,C-QBC-023-001,1847.0,423.91,704
2026-05-26,C-QBC-023-001,1862.3,462.88,625
2026-05-27,C-QBC-023-001,1957.6,399.09,755
2026-05-28,C-QBC-023-001,1756.0,415.34,652
2026-05-29,C-QBC-023-001,1779.3,389.53,808
2026-05-30,C-QBC-023-001,1345.9,582.6,735
2026-05-31,C-QBC-023-001,1322.3,578.93,882
2026-05-04,C-QBC-023-002,1681.0,144.6,504
2026-05-05,C-QBC-023-002,1558.3,131.04,698
2026-05-06,C-QBC-023-002,1681.1,133.25,499
2026-05-07,C-QBC-023-002,1493.9,152.26,606
2026-05-08,C-QBC-023-002,1577.2,131.25,551
2026-05-09,C-QBC-023-002,1262.0,160.33,692
2026-05-10,C-QBC-023-002,1015.7,167.23,487
2026-05-11,C-QBC-023-002,1510.5,163.68,618
2026-05-12,C-QBC-023-002,1892.2,134.17,623
2026-05-13,C-QBC-023-002,1638.8,133.46,534
2026-05-14,C-QBC-023-002,1487.5,173.02,718
2026-05-15,C-QBC-023-002,1925.1,166.33,581
2026-05-16,C-QBC-023-002,1200.4,187.5,669
2026-05-17,C-QBC-023-002,1297.3,198.62,541
2026-05-18,C-QBC-023-002,1582.8,140.3,501
2026-05-19,C-QBC-023-002,1607.2,162.5,486
2026-05-20,C-QBC-023-002,1620.3,174.04,673
2026-05-21,C-QBC-023-002,1621.0,163.52,489
2026-05-22,C-QBC-023-002,1541.8,155.24,573
2026-05-23,C-QBC-023-002,1173.6,145.64,716
2026-05-24,C-QBC-023-002,1343.0,202.05,624
2026-05-25,C-QBC-023-002,1688.2,135.58,707
2026-05-26,C-QBC-023-002,1517.2,157.46,599
2026-05-27,C-QBC-023-002,1865.1,160.47,542
2026-05-28,C-QBC-023-002,1611.8,143.46,579
2026-05-29,C-QBC-023-002,1601.1,157.97,651
2026-05-30,C-QBC-023-002,1033.6,201.0,502
2026-05-31,C-QBC-023-002,1292.9,194.88,707
2026-05-04,C-QBC-023-003,2226.3,123.3,769
2026-05-05,C-QBC-023-003,2391.2,125.15,741
2026-05-06,C-QBC-023-003,1884.1,147.23,748
2026-05-07,C-QBC-023-003,1865.0,145.78,655
2026-05-08,C-QBC-023-003,2221.4,119.82,733
2026-05-09,C-QBC-023-003,1358.5,161.47,830
2026-05-10,C-QBC-023-003,1259.8,122.87,626
2026-05-11,C-QBC-023-003,2388.6,124.73,785
2026-05-12,C-QBC-023-003,1886.1,145.23,784
2026-05-13,C-QBC-023-003,2172.6,123.44,789
2026-05-14,C-QBC-023-003,2204.4,118.25,793
2026-05-15,C-QBC-023-003,2007.2,137.21,893
2026-05-16,C-QBC-023-003,1388.6,167.31,685
2026-05-17,C-QBC-023-003,1596.6,136.96,845
2026-05-18,C-QBC-023-003,2067.2,144.54,623
2026-05-19,C-QBC-023-003,2361.2,116.04,712
2026-05-20,C-QBC-023-003,2313.2,139.6,878
2026-05-21,C-QBC-023-003,1851.2,108.69,671
2026-05-22,C-QBC-023-003,2330.0,146.03,918
2026-05-23,C-QBC-023-003,1491.5,137.63,648
2026-05-24,C-QBC-023-003,1541.2,153.67,849
2026-05-25,C-QBC-023-003,1907.9,138.79,782
2026-05-26,C-QBC-023-003,2304.7,131.46,673
2026-05-27,C-QBC-023-003,1880.8,149.57,871
2026-05-28,C-QBC-023-003,1862.6,123.68,875
2026-05-29,C-QBC-023-003,2219.0,109.42,714
2026-05-30,C-QBC-023-003,1381.3,126.22,807
2026-05-31,C-QBC-023-003,1277.3,135.97,922
