date_key,cell_id,segment_id,tickets_opened,repeat_caller_count,sentiment_score,affected_customers
2026-05-04,C-EDM-002-003,CS01,0,0,0.597,2
2026-05-04,C-EDM-002-003,CS02,0,0,0.629,2
2026-05-04,C-EDM-002-003,CS03,1,0,0.476,4
2026-05-04,C-EDM-002-003,CS04,1,0,0.51,6
2026-05-04,C-EDM-003-003,CS01,0,0,0.651,1
2026-05-04,C-EDM-003-003,CS02,0,0,0.69,2
2026-05-04,C-EDM-003-003,CS03,0,0,0.51,2
2026-05-04,C-EDM-003-003,CS04,1,0,0.451,5
2026-05-04,C-HAM-020-002,CS01,0,0,0.569,3
2026-05-04,C-HAM-020-002,CS02,0,0,0.654,4
2026-05-04,C-HAM-020-002,CS03,1,0,0.451,4
2026-05-04,C-HAM-020-002,CS04,2,0,0.429,7
2026-05-04,C-HAM-020-003,CS01,0,0,0.635,2
2026-05-04,C-HAM-020-003,CS02,0,0,0.635,4
2026-05-04,C-HAM-020-003,CS03,1,0,0.506,4
2026-05-04,C-HAM-020-003,CS04,1,0,0.457,5
2026-05-04,C-HAM-025-003,CS01,0,0,0.59,3
2026-05-04,C-HAM-025-003,CS02,0,0,0.667,3
2026-05-04,C-HAM-025-003,CS03,1,0,0.522,6
2026-05-04,C-HAM-025-003,CS04,2,0,0.442,6
2026-05-04,C-LAV-006-002,CS01,0,0,0.617,2
2026-05-04,C-LAV-006-002,CS02,0,0,0.702,5
2026-05-04,C-LAV-006-002,CS03,1,0,0.521,5
2026-05-04,C-LAV-006-002,CS04,2,0,0.446,6
2026-05-04,C-LAV-017-002,CS01,0,0,0.623,1
2026-05-04,C-LAV-017-002,CS02,0,0,0.687,2
2026-05-04,C-LAV-017-002,CS03,0,0,0.498,2
2026-05-04,C-LAV-017-002,CS04,1,0,0.44,3
2026-05-04,C-LAV-020-002,CS01,0,0,0.622,1
2026-05-04,C-LAV-020-002,CS02,0,0,0.652,1
2026-05-04,C-LAV-020-002,CS03,0,0,0.566,2
2026-05-04,C-LAV-020-002,CS04,1,0,0.489,3
2026-05-04,C-LDN-007-002,CS01,0,0,0.61,2
2026-05-04,C-LDN-007-002,CS02,0,0,0.657,3
2026-05-04,C-LDN-007-002,CS03,1,0,0.531,3
2026-05-04,C-LDN-007-002,CS04,1,0,0.507,5
2026-05-04,C-LDN-010-001,CS01,0,0,0.581,1
2026-05-04,C-LDN-010-001,CS02,0,0,0.671,3
2026-05-04,C-LDN-010-001,CS03,0,0,0.498,4
2026-05-04,C-LDN-010-001,CS04,1,0,0.453,4
2026-05-04,C-LDN-015-001,CS01,0,0,0.598,1
2026-05-04,C-LDN-015-001,CS02,0,0,0.647,2
2026-05-04,C-LDN-015-001,CS03,1,0,0.513,3
2026-05-04,C-LDN-015-001,CS04,2,0,0.453,4
2026-05-04,C-LDN-015-002,CS01,0,0,0.606,1
2026-05-04,C-LDN-015-002,CS02,0,0,0.686,3
2026-05-04,C-LDN-015-002,CS03,0,0,0.496,3
2026-05-04,C-LDN-015-002,CS04,1,0,0.454,4
2026-05-04,C-LDN-015-003,CS01,0,0,0.62,3
2026-05-04,C-LDN-015-003,CS02,0,0,0.68,4
2026-05-04,C-LDN-015-003,CS03,1,0,0.527,7
2026-05-04,C-LDN-015-003,CS04,2,0,0.481,6
2026-05-04,C-MIS-024-001,CS01,0,0,0.61,1
2026-05-04,C-MIS-024-001,CS02,0,0,0.683,2
2026-05-04,C-MIS-024-001,CS03,0,0,0.488,2
2026-05-04,C-MIS-024-001,CS04,1,0,0.456,3
2026-05-04,C-MNC-004-001,CS01,0,0,0.584,2
2026-05-04,C-MNC-004-001,CS02,0,0,0.631,2
2026-05-04,C-MNC-004-001,CS03,1,0,0.479,5
2026-05-04,C-MNC-004-001,CS04,2,0,0.394,5
2026-05-04,C-MNC-005-001,CS01,0,0,0.595,2
2026-05-04,C-MNC-005-001,CS02,0,0,0.665,3
2026-05-04,C-MNC-005-001,CS03,1,0,0.517,4
2026-05-04,C-MNC-005-001,CS04,2,0,0.496,4
2026-05-04,C-MNC-005-002,CS01,0,0,0.582,1
2026-05-04,C-MNC-005-002,CS02,0,0,0.698,3
2026-05-04,C-MNC-005-002,CS03,0,0,0.519,3
2026-05-04,C-MNC-005-002,CS04,1,0,0.481,2
2026-05-04,C-MTL-001-001,CS01,0,0,0.594,2
2026-05-04,C-MTL-001-001,CS02,0,0,0.701,3
2026-05-04,C-MTL-001-001,CS03,0,0,0.531,3
2026-05-04,C-MTL-001-001,CS04,1,0,0.45,4
2026-05-04,C-MTL-004-002,CS01,0,0,0.614,2
2026-05-04,C-MTL-004-002,CS02,0,0,0.655,1
2026-05-04,C-MTL-004-002,CS03,0,0,0.501,3
2026-05-04,C-MTL-004-002,CS04,1,0,0.474,4
2026-05-04,C-MTL-004-003,CS01,0,0,0.604,2
2026-05-04,C-MTL-004-003,CS02,0,0,0.673,3
2026-05-04,C-MTL-004-003,CS03,0,0,0.521,3
2026-05-04,C-MTL-004-003,CS04,1,0,0.509,3
2026-05-04,C-MTL-005-003,CS01,0,0,0.599,1
2026-05-04,C-MTL-005-003,CS02,0,0,0.68,2
2026-05-04,C-MTL-005-003,CS03,0,0,0.554,2
2026-05-04,C-MTL-005-003,CS04,1,0,0.48,2
2026-05-04,C-MTL-018-002,CS01,0,0,0.568,1
2026-05-04,C-MTL-018-002,CS02,0,0,0.67,3
2026-05-04,C-MTL-018-002,CS03,0,0,0.567,3
2026-05-04,C-MTL-018-002,CS04,1,0,0.498,4
2026-05-04,C-MTL-019-003,CS01,0,0,0.593,2
2026-05-04,C-MTL-019-003,CS02,0,0,0.622,3
2026-05-04,C-MTL-019-003,CS03,1,0,0.513,5
2026-05-04,C-MTL-019-003,CS04,1,0,0.444,6
2026-05-04,C-MTL-021-001,CS01,0,0,0.571,3
2026-05-04,C-MTL-021-001,CS02,0,0,0.64,4
2026-05-04,C-MTL-021-001,CS03,1,0,0.547,5
2026-05-04,C-MTL-021-001,CS04,2,0,0.482,4
2026-05-04,C-MTL-021-002,CS01,0,0,0.63,1
2026-05-04,C-MTL-021-002,CS02,0,0,0.648,2
2026-05-04,C-MTL-021-002,CS03,0,0,0.552,2
2026-05-04,C-MTL-021-002,CS04,1,0,0.485,2
2026-05-04,C-OTT-004-001,CS01,0,0,0.608,1
2026-05-04,C-OTT-004-001,CS02,0,0,0.639,2
2026-05-04,C-OTT-004-001,CS03,0,0,0.494,3
2026-05-04,C-OTT-004-001,CS04,1,0,0.476,3
2026-05-04,C-OTT-004-002,CS01,0,0,0.595,1
2026-05-04,C-OTT-004-002,CS02,0,0,0.611,2
2026-05-04,C-OTT-004-002,CS03,0,0,0.546,4
2026-05-04,C-OTT-004-002,CS04,1,0,0.458,5
2026-05-04,C-OTT-005-003,CS01,0,0,0.572,2
2026-05-04,C-OTT-005-003,CS02,0,0,0.691,4
2026-05-04,C-OTT-005-003,CS03,1,0,0.511,4
2026-05-04,C-OTT-005-003,CS04,2,0,0.483,5
2026-05-04,C-OTT-014-003,CS01,0,0,0.628,1
2026-05-04,C-OTT-014-003,CS02,0,0,0.655,2
2026-05-04,C-OTT-014-003,CS03,0,0,0.524,4
2026-05-04,C-OTT-014-003,CS04,1,0,0.497,4
2026-05-04,C-OTT-022-003,CS01,0,0,0.665,2
2026-05-04,C-OTT-022-003,CS02,0,0,0.722,3
2026-05-04,C-OTT-022-003,CS03,0,0,0.494,2
2026-05-04,C-OTT-022-003,CS04,1,0,0.473,2
2026-05-04,C-QBC-009-002,CS01,0,0,0.581,1
2026-05-04,C-QBC-009-002,CS02,0,0,0.633,2
2026-05-04,C-QBC-009-002,CS03,0,0,0.489,4
2026-05-04,C-QBC-009-002,CS04,1,0,0.494,5
2026-05-04,C-QBC-009-003,CS01,0,0,0.602,1
2026-05-04,C-QBC-009-003,CS02,0,0,0.605,2
2026-05-04,C-QBC-009-003,CS03,0,0,0.519,2
2026-05-04,C-QBC-009-003,CS04,1,0,0.478,3
2026-05-04,C-QBC-010-003,CS01,0,0,0.598,1
2026-05-04,C-QBC-010-003,CS02,0,0,0.65,3
2026-05-04,C-QBC-010-003,CS03,1,0,0.533,5
2026-05-04,C-QBC-010-003,CS04,2,0,0.518,6
2026-05-04,C-QBC-011-001,CS01,0,0,0.602,1
2026-05-04,C-QBC-011-001,CS02,0,0,0.627,2
2026-05-04,C-QBC-011-001,CS03,0,0,0.507,3
2026-05-04,C-QBC-011-001,CS04,1,0,0.436,3
2026-05-04,C-QBC-012-002,CS01,0,0,0.601,2
2026-05-04,C-QBC-012-002,CS02,0,0,0.629,2
2026-05-04,C-QBC-012-002,CS03,0,0,0.54,3
2026-05-04,C-QBC-012-002,CS04,1,0,0.501,5
2026-05-04,C-QBC-013-003,CS01,0,0,0.628,2
2026-05-04,C-QBC-013-003,CS02,0,0,0.619,3
2026-05-04,C-QBC-013-003,CS03,0,0,0.522,3
2026-05-04,C-QBC-013-003,CS04,1,0,0.409,4
2026-05-04,C-QBC-016-001,CS01,0,0,0.601,2
2026-05-04,C-QBC-016-001,CS02,0,0,0.672,3
2026-05-04,C-QBC-016-001,CS03,0,0,0.528,5
2026-05-04,C-QBC-016-001,CS04,1,0,0.486,4
2026-05-04,C-QBC-023-002,CS01,0,0,0.556,1
2026-05-04,C-QBC-023-002,CS02,0,0,0.636,1
2026-05-04,C-QBC-023-002,CS03,0,0,0.518,2
2026-05-04,C-QBC-023-002,CS04,1,0,0.475,3
2026-05-04,C-REG-002-002,CS01,0,0,0.628,1
2026-05-04,C-REG-002-002,CS02,0,0,0.692,2
2026-05-04,C-REG-002-002,CS03,0,0,0.526,3
2026-05-04,C-REG-002-002,CS04,1,0,0.466,5
2026-05-04,C-SUR-002-001,CS01,0,0,0.561,2
2026-05-04,C-SUR-002-001,CS02,0,0,0.583,4
2026-05-04,C-SUR-002-001,CS03,1,0,0.502,5
2026-05-04,C-SUR-002-001,CS04,2,0,0.505,4
2026-05-04,C-SUR-005-001,CS01,0,0,0.608,2
2026-05-04,C-SUR-005-001,CS02,0,0,0.702,4
2026-05-04,C-SUR-005-001,CS03,1,0,0.479,4
2026-05-04,C-SUR-005-001,CS04,2,0,0.469,7
2026-05-04,C-SUR-008-001,CS01,0,0,0.631,1
2026-05-04,C-SUR-008-001,CS02,0,0,0.625,2
2026-05-04,C-SUR-008-001,CS03,0,0,0.59,2
2026-05-04,C-SUR-008-001,CS04,1,0,0.469,2
2026-05-04,C-TOR-017-001,CS01,0,0,0.558,3
2026-05-04,C-TOR-017-001,CS02,0,0,0.675,3
2026-05-04,C-TOR-017-001,CS03,1,0,0.535,6
2026-05-04,C-TOR-017-001,CS04,2,0,0.479,6
2026-05-04,C-TOR-018-001,CS01,0,0,0.599,2
2026-05-04,C-TOR-018-001,CS02,0,0,0.666,3
2026-05-04,C-TOR-018-001,CS03,1,0,0.531,4
2026-05-04,C-TOR-018-001,CS04,2,0,0.51,6
2026-05-04,C-VAN-007-003,CS01,0,0,0.619,1
2026-05-04,C-VAN-007-003,CS02,0,0,0.662,3
2026-05-04,C-VAN-007-003,CS03,1,0,0.53,4
2026-05-04,C-VAN-007-003,CS04,1,0,0.457,4
2026-05-04,C-VIC-006-001,CS01,0,0,0.633,1
2026-05-04,C-VIC-006-001,CS02,0,0,0.585,3
2026-05-04,C-VIC-006-001,CS03,0,0,0.469,2
2026-05-04,C-VIC-006-001,CS04,1,0,0.449,4
2026-05-04,C-WPG-001-001,CS01,0,0,0.623,3
2026-05-04,C-WPG-001-001,CS02,0,0,0.633,6
2026-05-04,C-WPG-001-001,CS03,1,0,0.543,6
2026-05-04,C-WPG-001-001,CS04,2,0,0.468,8
2026-05-04,C-WPG-001-002,CS01,0,0,0.589,1
2026-05-04,C-WPG-001-002,CS02,0,0,0.647,3
2026-05-04,C-WPG-001-002,CS03,0,0,0.518,3
2026-05-04,C-WPG-001-002,CS04,1,0,0.475,4
2026-05-04,C-WPG-002-002,CS01,0,0,0.62,1
2026-05-04,C-WPG-002-002,CS02,0,0,0.651,3
2026-05-04,C-WPG-002-002,CS03,0,0,0.545,2
2026-05-04,C-WPG-002-002,CS04,1,0,0.443,5
2026-05-04,C-WPG-003-001,CS01,0,0,0.626,1
2026-05-04,C-WPG-003-001,CS02,0,0,0.696,2
2026-05-04,C-WPG-003-001,CS03,0,0,0.521,3
2026-05-04,C-WPG-003-001,CS04,1,0,0.484,3
2026-05-05,C-CAL-001-001,CS01,0,0,0.592,2
2026-05-05,C-CAL-001-001,CS02,0,0,0.697,2
2026-05-05,C-CAL-001-001,CS03,0,0,0.519,2
2026-05-05,C-CAL-001-001,CS04,1,0,0.512,3
2026-05-05,C-CAL-001-003,CS01,0,0,0.593,1
2026-05-05,C-CAL-001-003,CS02,0,0,0.631,2
2026-05-05,C-CAL-001-003,CS03,0,0,0.505,4
2026-05-05,C-CAL-001-003,CS04,1,0,0.434,4
2026-05-05,C-CAL-004-003,CS01,0,0,0.596,1
2026-05-05,C-CAL-004-003,CS02,0,0,0.641,2
2026-05-05,C-CAL-004-003,CS03,0,0,0.513,2
2026-05-05,C-CAL-004-003,CS04,1,0,0.473,2
2026-05-05,C-CHA-003-003,CS01,0,0,0.594,2
2026-05-05,C-CHA-003-003,CS02,0,0,0.601,3
2026-05-05,C-CHA-003-003,CS03,0,0,0.565,3
2026-05-05,C-CHA-003-003,CS04,1,0,0.457,4
2026-05-05,C-HAM-001-003,CS01,0,0,0.621,2
2026-05-05,C-HAM-001-003,CS02,0,0,0.677,4
2026-05-05,C-HAM-001-003,CS03,1,0,0.532,3
2026-05-05,C-HAM-001-003,CS04,2,0,0.494,6
2026-05-05,C-HAM-012-001,CS01,0,0,0.614,1
2026-05-05,C-HAM-012-001,CS02,0,0,0.648,3
2026-05-05,C-HAM-012-001,CS03,1,0,0.508,4
2026-05-05,C-HAM-012-001,CS04,1,0,0.473,4
2026-05-05,C-HAM-012-002,CS01,0,0,0.602,1
2026-05-05,C-HAM-012-002,CS02,0,0,0.657,3
2026-05-05,C-HAM-012-002,CS03,0,0,0.485,3
2026-05-05,C-HAM-012-002,CS04,1,0,0.474,4
2026-05-05,C-HAM-016-001,CS01,0,0,0.585,1
2026-05-05,C-HAM-016-001,CS02,0,0,0.64,2
2026-05-05,C-HAM-016-001,CS03,0,0,0.529,1
2026-05-05,C-HAM-016-001,CS04,1,0,0.519,2
2026-05-05,C-HAM-020-001,CS01,0,0,0.58,1
2026-05-05,C-HAM-020-001,CS02,0,0,0.725,1
2026-05-05,C-HAM-020-001,CS03,0,0,0.568,2
2026-05-05,C-HAM-020-001,CS04,1,0,0.496,4
2026-05-05,C-HAM-020-003,CS01,0,0,0.614,2
2026-05-05,C-HAM-020-003,CS02,0,0,0.694,3
2026-05-05,C-HAM-020-003,CS03,0,0,0.506,3
2026-05-05,C-HAM-020-003,CS04,1,0,0.477,4
2026-05-05,C-LAV-007-003,CS01,0,0,0.588,2
2026-05-05,C-LAV-007-003,CS02,0,0,0.646,4
2026-05-05,C-LAV-007-003,CS03,0,0,0.494,2
2026-05-05,C-LAV-007-003,CS04,1,0,0.461,5
2026-05-05,C-LAV-008-002,CS01,0,0,0.603,1
2026-05-05,C-LAV-008-002,CS02,0,0,0.607,2
2026-05-05,C-LAV-008-002,CS03,0,0,0.494,2
2026-05-05,C-LAV-008-002,CS04,1,0,0.489,3
2026-05-05,C-LAV-008-003,CS01,0,0,0.621,1
2026-05-05,C-LAV-008-003,CS02,0,0,0.703,3
2026-05-05,C-LAV-008-003,CS03,0,0,0.505,3
2026-05-05,C-LAV-008-003,CS04,1,0,0.459,4
2026-05-05,C-LAV-020-003,CS01,0,0,0.586,2
2026-05-05,C-LAV-020-003,CS02,0,0,0.673,2
2026-05-05,C-LAV-020-003,CS03,0,0,0.499,5
2026-05-05,C-LAV-020-003,CS04,1,0,0.508,5
2026-05-05,C-LDN-007-002,CS01,0,0,0.611,2
2026-05-05,C-LDN-007-002,CS02,0,0,0.677,2
2026-05-05,C-LDN-007-002,CS03,1,0,0.528,5
2026-05-05,C-LDN-007-002,CS04,1,0,0.491,6
2026-05-05,C-LDN-010-002,CS01,0,0,0.632,2
2026-05-05,C-LDN-010-002,CS02,0,0,0.659,3
2026-05-05,C-LDN-010-002,CS03,0,0,0.498,2
2026-05-05,C-LDN-010-002,CS04,1,0,0.468,3
2026-05-05,C-LDN-015-001,CS01,0,0,0.584,2
2026-05-05,C-LDN-015-001,CS02,0,0,0.64,4
2026-05-05,C-LDN-015-001,CS03,1,0,0.54,5
2026-05-05,C-LDN-015-001,CS04,1,0,0.442,5
2026-05-05,C-LDN-015-003,CS01,0,0,0.624,2
2026-05-05,C-LDN-015-003,CS02,0,0,0.612,3
2026-05-05,C-LDN-015-003,CS03,1,0,0.538,6
2026-05-05,C-LDN-015-003,CS04,2,0,0.445,5
2026-05-05,C-MIS-024-002,CS01,0,0,0.619,1
2026-05-05,C-MIS-024-002,CS02,0,0,0.67,2
2026-05-05,C-MIS-024-002,CS03,0,0,0.538,3
2026-05-05,C-MIS-024-002,CS04,1,0,0.44,4
2026-05-05,C-MNC-001-002,CS01,0,0,0.588,2
2026-05-05,C-MNC-001-002,CS02,0,0,0.684,3
2026-05-05,C-MNC-001-002,CS03,1,0,0.473,5
2026-05-05,C-MNC-001-002,CS04,1,0,0.452,6
2026-05-05,C-MNC-001-003,CS01,0,0,0.617,2
2026-05-05,C-MNC-001-003,CS02,0,0,0.669,2
2026-05-05,C-MNC-001-003,CS03,0,0,0.518,3
2026-05-05,C-MNC-001-003,CS04,1,0,0.459,3
2026-05-05,C-MNC-002-003,CS01,0,0,0.595,2
2026-05-05,C-MNC-002-003,CS02,0,0,0.627,3
2026-05-05,C-MNC-002-003,CS03,1,0,0.523,3
2026-05-05,C-MNC-002-003,CS04,2,0,0.471,4
2026-05-05,C-MNC-005-001,CS01,0,0,0.62,3
2026-05-05,C-MNC-005-001,CS02,0,0,0.655,4
2026-05-05,C-MNC-005-001,CS03,1,0,0.526,4
2026-05-05,C-MNC-005-001,CS04,2,0,0.495,5
2026-05-05,C-MTL-003-001,CS01,0,0,0.59,3
2026-05-05,C-MTL-003-001,CS02,0,0,0.639,4
2026-05-05,C-MTL-003-001,CS03,1,0,0.526,4
2026-05-05,C-MTL-003-001,CS04,2,0,0.48,7
2026-05-05,C-MTL-004-002,CS01,0,0,0.591,2
2026-05-05,C-MTL-004-002,CS02,0,0,0.676,2
2026-05-05,C-MTL-004-002,CS03,0,0,0.526,3
2026-05-05,C-MTL-004-002,CS04,1,0,0.513,4
2026-05-05,C-MTL-021-003,CS01,0,0,0.588,3
2026-05-05,C-MTL-021-003,CS02,0,0,0.608,2
2026-05-05,C-MTL-021-003,CS03,1,0,0.503,3
2026-05-05,C-MTL-021-003,CS04,1,0,0.513,4
2026-05-05,C-OTT-003-002,CS01,0,0,0.603,3
2026-05-05,C-OTT-003-002,CS02,0,0,0.673,4
2026-05-05,C-OTT-003-002,CS03,1,0,0.555,6
2026-05-05,C-OTT-003-002,CS04,2,0,0.463,7
2026-05-05,C-OTT-004-002,CS01,0,0,0.583,1
2026-05-05,C-OTT-004-002,CS02,0,0,0.654,2
2026-05-05,C-OTT-004-002,CS03,0,0,0.554,4
2026-05-05,C-OTT-004-002,CS04,1,0,0.506,3
2026-05-05,C-OTT-004-003,CS01,0,0,0.571,1
2026-05-05,C-OTT-004-003,CS02,0,0,0.708,1
2026-05-05,C-OTT-004-003,CS03,0,0,0.47,1
2026-05-05,C-OTT-004-003,CS04,1,0,0.452,2
2026-05-05,C-OTT-005-001,CS01,0,0,0.59,3
2026-05-05,C-OTT-005-001,CS02,0,0,0.645,4
2026-05-05,C-OTT-005-001,CS03,1,0,0.521,4
2026-05-05,C-OTT-005-001,CS04,2,0,0.451,6
2026-05-05,C-OTT-014-001,CS01,0,0,0.593,1
2026-05-05,C-OTT-014-001,CS02,0,0,0.704,1
2026-05-05,C-OTT-014-001,CS03,0,0,0.528,2
2026-05-05,C-OTT-014-001,CS04,1,0,0.468,3
2026-05-05,C-OTT-022-001,CS01,0,0,0.641,1
2026-05-05,C-OTT-022-001,CS02,0,0,0.674,2
2026-05-05,C-OTT-022-001,CS03,0,0,0.555,3
2026-05-05,C-OTT-022-001,CS04,1,0,0.488,4
2026-05-05,C-QBC-012-001,CS01,0,0,0.582,2
2026-05-05,C-QBC-012-001,CS02,0,0,0.639,3
2026-05-05,C-QBC-012-001,CS03,0,0,0.525,5
2026-05-05,C-QBC-012-001,CS04,1,0,0.538,6
2026-05-05,C-QBC-013-001,CS01,0,0,0.608,1
2026-05-05,C-QBC-013-001,CS02,0,0,0.663,2
2026-05-05,C-QBC-013-001,CS03,1,0,0.511,4
2026-05-05,C-QBC-013-001,CS04,1,0,0.427,5
2026-05-05,C-QBC-013-003,CS01,0,0,0.611,1
2026-05-05,C-QBC-013-003,CS02,0,0,0.664,3
2026-05-05,C-QBC-013-003,CS03,0,0,0.511,3
2026-05-05,C-QBC-013-003,CS04,1,0,0.436,3
2026-05-05,C-QBC-023-001,CS02,0,0,0.659,2
2026-05-05,C-QBC-023-001,CS03,0,0,0.52,2
2026-05-05,C-QBC-023-001,CS04,1,0,0.527,2
2026-05-05,C-SAS-001-003,CS01,0,0,0.594,1
2026-05-05,C-SAS-001-003,CS02,0,0,0.698,2
2026-05-05,C-SAS-001-003,CS03,0,0,0.495,2
2026-05-05,C-SAS-001-003,CS04,1,0,0.486,2
2026-05-05,C-STJ-001-002,CS01,0,0,0.569,2
2026-05-05,C-STJ-001-002,CS02,0,0,0.632,4
2026-05-05,C-STJ-001-002,CS03,1,0,0.534,4
2026-05-05,C-STJ-001-002,CS04,2,0,0.486,6
2026-05-05,C-SUR-002-003,CS01,0,0,0.608,2
2026-05-05,C-SUR-002-003,CS02,0,0,0.629,3
2026-05-05,C-SUR-002-003,CS03,1,0,0.502,4
2026-05-05,C-SUR-002-003,CS04,2,0,0.467,5
2026-05-05,C-SUR-005-003,CS01,0,0,0.64,2
2026-05-05,C-SUR-005-003,CS02,0,0,0.712,3
2026-05-05,C-SUR-005-003,CS03,1,0,0.515,4
2026-05-05,C-SUR-005-003,CS04,2,0,0.486,6
2026-05-05,C-SUR-008-001,CS01,0,0,0.607,1
2026-05-05,C-SUR-008-001,CS02,0,0,0.64,3
2026-05-05,C-SUR-008-001,CS03,0,0,0.535,2
2026-05-05,C-SUR-008-001,CS04,1,0,0.522,3
2026-05-05,C-TOR-009-002,CS01,0,0,0.646,1
2026-05-05,C-TOR-009-002,CS02,0,0,0.657,2
2026-05-05,C-TOR-009-002,CS03,0,0,0.5,3
2026-05-05,C-TOR-009-002,CS04,1,0,0.496,4
2026-05-05,C-TOR-021-001,CS01,0,0,0.609,1
2026-05-05,C-TOR-021-001,CS02,0,0,0.655,3
2026-05-05,C-TOR-021-001,CS03,0,0,0.554,2
2026-05-05,C-TOR-021-001,CS04,1,0,0.455,3
2026-05-05,C-TOR-021-003,CS01,0,0,0.605,1
2026-05-05,C-TOR-021-003,CS02,0,0,0.664,3
2026-05-05,C-TOR-021-003,CS03,0,0,0.505,3
2026-05-05,C-TOR-021-003,CS04,1,0,0.462,4
2026-05-05,C-VAN-003-001,CS01,0,0,0.607,3
2026-05-05,C-VAN-003-001,CS02,0,0,0.671,4
2026-05-05,C-VAN-003-001,CS03,1,0,0.55,3
2026-05-05,C-VAN-003-001,CS04,2,0,0.454,6
2026-05-05,C-VAN-003-002,CS01,0,0,0.589,1
2026-05-05,C-VAN-003-002,CS02,0,0,0.693,1
2026-05-05,C-VAN-003-002,CS03,0,0,0.537,2
2026-05-05,C-VAN-003-002,CS04,1,0,0.471,2
2026-05-05,C-VAN-004-002,CS01,0,0,0.551,1
2026-05-05,C-VAN-004-002,CS02,0,0,0.637,3
2026-05-05,C-VAN-004-002,CS03,0,0,0.489,3
2026-05-05,C-VAN-004-002,CS04,1,0,0.522,3
2026-05-05,C-VAN-004-003,CS01,0,0,0.66,1
2026-05-05,C-VAN-004-003,CS02,0,0,0.694,1
2026-05-05,C-VAN-004-003,CS03,0,0,0.5,3
2026-05-05,C-VAN-004-003,CS04,1,0,0.484,3
2026-05-05,C-VAN-007-003,CS01,0,0,0.597,2
2026-05-05,C-VAN-007-003,CS02,0,0,0.582,3
2026-05-05,C-VAN-007-003,CS03,0,0,0.549,4
2026-05-05,C-VAN-007-003,CS04,1,0,0.514,6
2026-05-05,C-VAN-014-002,CS01,0,0,0.586,2
2026-05-05,C-VAN-014-002,CS02,0,0,0.669,3
2026-05-05,C-VAN-014-002,CS03,0,0,0.53,4
2026-05-05,C-VAN-014-002,CS04,1,0,0.432,5
2026-05-05,C-VAN-014-003,CS01,0,0,0.613,1
2026-05-05,C-VAN-014-003,CS02,0,0,0.637,3
2026-05-05,C-VAN-014-003,CS03,0,0,0.539,4
2026-05-05,C-VAN-014-003,CS04,1,0,0.445,3
2026-05-05,C-VIC-006-002,CS01,0,0,0.582,2
2026-05-05,C-VIC-006-002,CS02,0,0,0.669,4
2026-05-05,C-VIC-006-002,CS03,0,0,0.501,4
2026-05-05,C-VIC-006-002,CS04,1,0,0.531,6
2026-05-05,C-WPG-002-001,CS01,0,0,0.597,2
2026-05-05,C-WPG-002-001,CS02,0,0,0.679,4
2026-05-05,C-WPG-002-001,CS03,1,0,0.482,3
2026-05-05,C-WPG-002-001,CS04,2,0,0.499,5
2026-05-05,C-WPG-002-002,CS01,0,0,0.641,1
2026-05-05,C-WPG-002-002,CS02,0,0,0.635,4
2026-05-05,C-WPG-002-002,CS03,0,0,0.548,2
2026-05-05,C-WPG-002-002,CS04,1,0,0.487,6
2026-05-06,C-CAL-001-003,CS01,0,0,0.575,2
2026-05-06,C-CAL-001-003,CS02,0,0,0.689,3
2026-05-06,C-CAL-001-003,CS03,0,0,0.527,4
2026-05-06,C-CAL-001-003,CS04,1,0,0.5,4
2026-05-06,C-CHA-001-001,CS01,0,0,0.615,2
2026-05-06,C-CHA-001-001,CS02,0,0,0.653,2
2026-05-06,C-CHA-001-001,CS03,1,0,0.537,5
2026-05-06,C-CHA-001-001,CS04,2,0,0.535,5
2026-05-06,C-CHA-002-001,CS01,0,0,0.599,1
2026-05-06,C-CHA-002-001,CS02,0,0,0.66,1
2026-05-06,C-CHA-002-001,CS03,0,0,0.532,2
2026-05-06,C-CHA-002-001,CS04,1,0,0.455,3
2026-05-06,C-CHA-003-002,CS01,0,0,0.656,1
2026-05-06,C-CHA-003-002,CS02,0,0,0.633,2
2026-05-06,C-CHA-003-002,CS03,0,0,0.497,3
2026-05-06,C-CHA-003-002,CS04,1,0,0.497,3
2026-05-06,C-EDM-003-002,CS01,0,0,0.625,2
2026-05-06,C-EDM-003-002,CS02,0,0,0.691,5
2026-05-06,C-EDM-003-002,CS03,1,0,0.541,4
2026-05-06,C-EDM-003-002,CS04,2,0,0.517,6
2026-05-06,C-HAM-012-002,CS01,0,0,0.601,2
2026-05-06,C-HAM-012-002,CS02,0,0,0.717,2
2026-05-06,C-HAM-012-002,CS03,0,0,0.527,2
2026-05-06,C-HAM-012-002,CS04,1,0,0.435,5
2026-05-06,C-HAM-012-003,CS01,0,0,0.542,1
2026-05-06,C-HAM-012-003,CS02,0,0,0.655,4
2026-05-06,C-HAM-012-003,CS03,1,0,0.504,3
2026-05-06,C-HAM-012-003,CS04,1,0,0.449,6
2026-05-06,C-HAM-016-002,CS01,0,0,0.586,3
2026-05-06,C-HAM-016-002,CS02,0,0,0.652,4
2026-05-06,C-HAM-016-002,CS03,1,0,0.515,4
2026-05-06,C-HAM-016-002,CS04,2,0,0.463,5
2026-05-06,C-LAV-007-001,CS01,0,0,0.589,2
2026-05-06,C-LAV-007-001,CS02,0,0,0.656,2
2026-05-06,C-LAV-007-001,CS03,0,0,0.497,4
2026-05-06,C-LAV-007-001,CS04,1,0,0.482,4
2026-05-06,C-LAV-008-001,CS01,0,0,0.681,2
2026-05-06,C-LAV-008-001,CS02,0,0,0.653,3
2026-05-06,C-LAV-008-001,CS03,0,0,0.546,4
2026-05-06,C-LAV-008-001,CS04,1,0,0.411,5
2026-05-06,C-LAV-008-003,CS01,0,0,0.641,2
2026-05-06,C-LAV-008-003,CS02,0,0,0.686,4
2026-05-06,C-LAV-008-003,CS03,0,0,0.504,4
2026-05-06,C-LAV-008-003,CS04,1,0,0.449,3
2026-05-06,C-LAV-014-001,CS01,0,0,0.604,3
2026-05-06,C-LAV-014-001,CS02,0,0,0.658,3
2026-05-06,C-LAV-014-001,CS03,1,0,0.527,5
2026-05-06,C-LAV-014-001,CS04,2,0,0.464,5
2026-05-06,C-LAV-017-003,CS01,0,0,0.65,2
2026-05-06,C-LAV-017-003,CS02,0,0,0.675,3
2026-05-06,C-LAV-017-003,CS03,1,0,0.547,3
2026-05-06,C-LAV-017-003,CS04,1,0,0.504,6
2026-05-06,C-LDN-006-002,CS01,0,0,0.6,2
2026-05-06,C-LDN-006-002,CS02,0,0,0.661,3
2026-05-06,C-LDN-006-002,CS03,1,0,0.553,4
2026-05-06,C-LDN-006-002,CS04,2,0,0.485,5
2026-05-06,C-LDN-007-003,CS01,0,0,0.631,1
2026-05-06,C-LDN-007-003,CS02,0,0,0.727,3
2026-05-06,C-LDN-007-003,CS03,0,0,0.527,3
2026-05-06,C-LDN-007-003,CS04,1,0,0.452,3
2026-05-06,C-MIS-024-001,CS01,0,0,0.576,1
2026-05-06,C-MIS-024-001,CS02,0,0,0.659,3
2026-05-06,C-MIS-024-001,CS03,0,0,0.526,3
2026-05-06,C-MIS-024-001,CS04,1,0,0.468,4
2026-05-06,C-MNC-001-001,CS01,0,0,0.579,2
2026-05-06,C-MNC-001-001,CS02,0,0,0.655,3
2026-05-06,C-MNC-001-001,CS03,0,0,0.532,3
2026-05-06,C-MNC-001-001,CS04,1,0,0.421,4
2026-05-06,C-MNC-002-003,CS01,0,0,0.629,1
2026-05-06,C-MNC-002-003,CS02,0,0,0.687,3
2026-05-06,C-MNC-002-003,CS03,1,0,0.521,4
2026-05-06,C-MNC-002-003,CS04,1,0,0.474,4
2026-05-06,C-MNC-003-002,CS01,0,0,0.577,1
2026-05-06,C-MNC-003-002,CS02,0,0,0.679,2
2026-05-06,C-MNC-003-002,CS03,0,0,0.498,4
2026-05-06,C-MNC-003-002,CS04,1,0,0.472,3
2026-05-06,C-MTL-003-003,CS01,0,0,0.619,2
2026-05-06,C-MTL-003-003,CS02,0,0,0.654,3
2026-05-06,C-MTL-003-003,CS03,0,0,0.562,2
2026-05-06,C-MTL-003-003,CS04,1,0,0.477,4
2026-05-06,C-MTL-015-003,CS01,0,0,0.641,2
2026-05-06,C-MTL-015-003,CS02,0,0,0.661,3
2026-05-06,C-MTL-015-003,CS03,1,0,0.549,4
2026-05-06,C-MTL-015-003,CS04,2,0,0.485,7
2026-05-06,C-MTL-019-003,CS01,0,0,0.576,1
2026-05-06,C-MTL-019-003,CS02,0,0,0.665,3
2026-05-06,C-MTL-019-003,CS03,0,0,0.552,4
2026-05-06,C-MTL-019-003,CS04,1,0,0.523,5
2026-05-06,C-OTT-013-002,CS01,0,0,0.625,1
2026-05-06,C-OTT-013-002,CS02,0,0,0.645,3
2026-05-06,C-OTT-013-002,CS03,0,0,0.556,3
2026-05-06,C-OTT-013-002,CS04,1,0,0.448,5
2026-05-06,C-OTT-013-003,CS01,0,0,0.611,2
2026-05-06,C-OTT-013-003,CS02,0,0,0.669,4
2026-05-06,C-OTT-013-003,CS03,1,0,0.554,3
2026-05-06,C-OTT-013-003,CS04,2,0,0.532,6
2026-05-06,C-OTT-014-002,CS01,0,0,0.656,1
2026-05-06,C-OTT-014-002,CS02,0,0,0.668,2
2026-05-06,C-OTT-014-002,CS03,0,0,0.58,3
2026-05-06,C-OTT-014-002,CS04,1,0,0.468,3
2026-05-06,C-OTT-022-003,CS01,0,0,0.591,1
2026-05-06,C-OTT-022-003,CS02,0,0,0.641,3
2026-05-06,C-OTT-022-003,CS03,0,0,0.5,4
2026-05-06,C-OTT-022-003,CS04,1,0,0.484,2
2026-05-06,C-QBC-009-002,CS01,0,0,0.582,2
2026-05-06,C-QBC-009-002,CS02,0,0,0.672,2
2026-05-06,C-QBC-009-002,CS03,0,0,0.569,3
2026-05-06,C-QBC-009-002,CS04,1,0,0.464,5
2026-05-06,C-QBC-010-001,CS01,0,0,0.646,1
2026-05-06,C-QBC-010-001,CS02,0,0,0.67,4
2026-05-06,C-QBC-010-001,CS03,1,0,0.475,5
2026-05-06,C-QBC-010-001,CS04,2,0,0.448,4
2026-05-06,C-QBC-012-002,CS01,0,0,0.674,2
2026-05-06,C-QBC-012-002,CS02,0,0,0.677,2
2026-05-06,C-QBC-012-002,CS03,0,0,0.513,4
2026-05-06,C-QBC-012-002,CS04,1,0,0.49,5
2026-05-06,C-QBC-022-003,CS01,0,0,0.62,1
2026-05-06,C-QBC-022-003,CS02,0,0,0.656,3
2026-05-06,C-QBC-022-003,CS03,0,0,0.511,2
2026-05-06,C-QBC-022-003,CS04,1,0,0.441,4
2026-05-06,C-SAS-001-001,CS01,0,0,0.59,2
2026-05-06,C-SAS-001-001,CS02,0,0,0.67,3
2026-05-06,C-SAS-001-001,CS03,0,0,0.491,4
2026-05-06,C-SAS-001-001,CS04,1,0,0.488,3
2026-05-06,C-SAS-001-003,CS01,0,0,0.583,2
2026-05-06,C-SAS-001-003,CS02,0,0,0.636,2
2026-05-06,C-SAS-001-003,CS03,0,0,0.569,3
2026-05-06,C-SAS-001-003,CS04,1,0,0.479,3
2026-05-06,C-SUR-005-001,CS01,0,0,0.606,2
2026-05-06,C-SUR-005-001,CS02,0,0,0.686,3
2026-05-06,C-SUR-005-001,CS03,1,0,0.528,4
2026-05-06,C-SUR-005-001,CS04,2,0,0.441,6
2026-05-06,C-SUR-009-003,CS01,0,0,0.661,2
2026-05-06,C-SUR-009-003,CS02,0,0,0.607,4
2026-05-06,C-SUR-009-003,CS03,1,0,0.558,4
2026-05-06,C-SUR-009-003,CS04,2,0,0.485,6
2026-05-06,C-SUR-010-002,CS01,0,0,0.601,1
2026-05-06,C-SUR-010-002,CS02,0,0,0.606,2
2026-05-06,C-SUR-010-002,CS03,0,0,0.508,3
2026-05-06,C-SUR-010-002,CS04,1,0,0.513,4
2026-05-06,C-TOR-009-001,CS01,0,0,0.62,1
2026-05-06,C-TOR-009-001,CS02,0,0,0.656,1
2026-05-06,C-TOR-009-001,CS03,0,0,0.512,2
2026-05-06,C-TOR-009-001,CS04,1,0,0.504,2
2026-05-06,C-TOR-009-003,CS01,0,0,0.635,1
2026-05-06,C-TOR-009-003,CS02,0,0,0.655,4
2026-05-06,C-TOR-009-003,CS03,0,0,0.518,4
2026-05-06,C-TOR-009-003,CS04,1,0,0.481,6
2026-05-06,C-TOR-017-003,CS01,0,0,0.609,2
2026-05-06,C-TOR-017-003,CS02,0,0,0.598,4
2026-05-06,C-TOR-017-003,CS03,0,0,0.542,3
2026-05-06,C-TOR-017-003,CS04,1,0,0.437,5
2026-05-06,C-TOR-018-001,CS01,0,0,0.576,2
2026-05-06,C-TOR-018-001,CS02,0,0,0.623,3
2026-05-06,C-TOR-018-001,CS03,1,0,0.537,4
2026-05-06,C-TOR-018-001,CS04,2,0,0.498,4
2026-05-06,C-TOR-018-003,CS01,0,0,0.661,1
2026-05-06,C-TOR-018-003,CS02,0,0,0.654,3
2026-05-06,C-TOR-018-003,CS03,0,0,0.526,4
2026-05-06,C-TOR-018-003,CS04,1,0,0.515,5
2026-05-06,C-TOR-019-001,CS01,0,0,0.594,1
2026-05-06,C-TOR-019-001,CS02,0,0,0.697,2
2026-05-06,C-TOR-019-001,CS03,0,0,0.476,2
2026-05-06,C-TOR-019-001,CS04,1,0,0.468,4
2026-05-06,C-TOR-021-001,CS01,0,0,0.6,1
2026-05-06,C-TOR-021-001,CS02,0,0,0.662,2
2026-05-06,C-TOR-021-001,CS03,0,0,0.507,2
2026-05-06,C-TOR-021-001,CS04,1,0,0.473,2
2026-05-06,C-TOR-023-001,CS01,0,0,0.608,1
2026-05-06,C-TOR-023-001,CS02,0,0,0.634,1
2026-05-06,C-TOR-023-001,CS03,0,0,0.573,3
2026-05-06,C-TOR-023-001,CS04,1,0,0.519,2
2026-05-06,C-VAN-003-002,CS01,0,0,0.613,1
2026-05-06,C-VAN-003-002,CS02,0,0,0.678,1
2026-05-06,C-VAN-003-002,CS03,0,0,0.462,1
2026-05-06,C-VAN-003-002,CS04,1,0,0.417,3
2026-05-06,C-VAN-003-003,CS01,0,0,0.591,1
2026-05-06,C-VAN-003-003,CS02,0,0,0.632,2
2026-05-06,C-VAN-003-003,CS03,0,0,0.529,2
2026-05-06,C-VAN-003-003,CS04,1,0,0.435,3
2026-05-06,C-VAN-004-001,CS01,0,0,0.58,1
2026-05-06,C-VAN-004-001,CS02,0,0,0.676,3
2026-05-06,C-VAN-004-001,CS03,0,0,0.481,3
2026-05-06,C-VAN-004-001,CS04,1,0,0.466,4
2026-05-06,C-VAN-004-003,CS01,0,0,0.632,1
2026-05-06,C-VAN-004-003,CS02,0,0,0.68,2
2026-05-06,C-VAN-004-003,CS03,0,0,0.494,3
2026-05-06,C-VAN-004-003,CS04,1,0,0.486,2
2026-05-06,C-VAN-013-002,CS01,0,0,0.574,1
2026-05-06,C-VAN-013-002,CS02,0,0,0.688,2
2026-05-06,C-VAN-013-002,CS03,0,0,0.559,2
2026-05-06,C-VAN-013-002,CS04,1,0,0.44,3
2026-05-06,C-VAN-014-003,CS01,0,0,0.659,1
2026-05-06,C-VAN-014-003,CS02,0,0,0.622,2
2026-05-06,C-VAN-014-003,CS03,0,0,0.483,3
2026-05-06,C-VAN-014-003,CS04,1,0,0.441,4
2026-05-06,C-VAN-N-002,CS01,0,0,0.611,1
2026-05-06,C-VAN-N-002,CS02,0,0,0.704,2
2026-05-06,C-VAN-N-002,CS03,0,0,0.482,3
2026-05-06,C-VAN-N-002,CS04,1,0,0.476,2
2026-05-06,C-WPG-001-001,CS01,0,0,0.561,2
2026-05-06,C-WPG-001-001,CS02,0,0,0.667,3
2026-05-06,C-WPG-001-001,CS03,1,0,0.501,6
2026-05-06,C-WPG-001-001,CS04,2,0,0.444,6
2026-05-07,C-CAL-004-003,CS01,0,0,0.579,1
2026-05-07,C-CAL-004-003,CS02,0,0,0.645,2
2026-05-07,C-CAL-004-003,CS03,0,0,0.575,3
2026-05-07,C-CAL-004-003,CS04,1,0,0.511,4
2026-05-07,C-CHA-001-001,CS01,0,0,0.623,2
2026-05-07,C-CHA-001-001,CS02,0,0,0.676,4
2026-05-07,C-CHA-001-001,CS03,1,0,0.555,4
2026-05-07,C-CHA-001-001,CS04,2,0,0.461,7
2026-05-07,C-CHA-003-003,CS01,0,0,0.598,1
2026-05-07,C-CHA-003-003,CS02,0,0,0.646,3
2026-05-07,C-CHA-003-003,CS03,0,0,0.515,3
2026-05-07,C-CHA-003-003,CS04,1,0,0.509,3
2026-05-07,C-EDM-002-001,CS01,0,0,0.574,3
2026-05-07,C-EDM-002-001,CS02,0,0,0.686,4
2026-05-07,C-EDM-002-001,CS03,1,0,0.492,3
2026-05-07,C-EDM-002-001,CS04,2,0,0.443,4
2026-05-07,C-EDM-003-002,CS01,0,0,0.603,3
2026-05-07,C-EDM-003-002,CS02,0,0,0.561,3
2026-05-07,C-EDM-003-002,CS03,1,0,0.497,3
2026-05-07,C-EDM-003-002,CS04,2,0,0.524,5
2026-05-07,C-HAM-001-003,CS01,0,0,0.631,2
2026-05-07,C-HAM-001-003,CS02,0,0,0.675,2
2026-05-07,C-HAM-001-003,CS03,1,0,0.561,3
2026-05-07,C-HAM-001-003,CS04,2,0,0.458,4
2026-05-07,C-HAM-002-003,CS01,0,0,0.616,1
2026-05-07,C-HAM-002-003,CS02,0,0,0.671,2
2026-05-07,C-HAM-002-003,CS03,0,0,0.547,2
2026-05-07,C-HAM-002-003,CS04,1,0,0.49,2
2026-05-07,C-HAM-020-001,CS01,0,0,0.638,1
2026-05-07,C-HAM-020-001,CS02,0,0,0.666,1
2026-05-07,C-HAM-020-001,CS03,0,0,0.459,3
2026-05-07,C-HAM-020-001,CS04,1,0,0.485,2
2026-05-07,C-HAM-020-002,CS01,0,0,0.638,2
2026-05-07,C-HAM-020-002,CS02,0,0,0.655,5
2026-05-07,C-HAM-020-002,CS03,1,0,0.513,6
2026-05-07,C-HAM-020-002,CS04,2,0,0.458,5
2026-05-07,C-HAM-020-003,CS01,0,0,0.605,2
2026-05-07,C-HAM-020-003,CS02,0,0,0.641,2
2026-05-07,C-HAM-020-003,CS03,0,0,0.55,4
2026-05-07,C-HAM-020-003,CS04,1,0,0.442,3
2026-05-07,C-HAM-025-002,CS01,0,0,0.543,1
2026-05-07,C-HAM-025-002,CS02,0,0,0.667,3
2026-05-07,C-HAM-025-002,CS03,0,0,0.521,3
2026-05-07,C-HAM-025-002,CS04,1,0,0.475,5
2026-05-07,C-LAV-006-003,CS01,0,0,0.618,1
2026-05-07,C-LAV-006-003,CS02,0,0,0.628,1
2026-05-07,C-LAV-006-003,CS03,0,0,0.508,2
2026-05-07,C-LAV-006-003,CS04,1,0,0.511,4
2026-05-07,C-LAV-014-002,CS01,0,0,0.643,3
2026-05-07,C-LAV-014-002,CS02,0,0,0.673,3
2026-05-07,C-LAV-014-002,CS03,1,0,0.565,5
2026-05-07,C-LAV-014-002,CS04,2,0,0.478,5
2026-05-07,C-MNC-002-002,CS01,0,0,0.58,1
2026-05-07,C-MNC-002-002,CS02,0,0,0.61,3
2026-05-07,C-MNC-002-002,CS03,0,0,0.522,2
2026-05-07,C-MNC-002-002,CS04,1,0,0.506,3
2026-05-07,C-MNC-002-003,CS01,0,0,0.602,1
2026-05-07,C-MNC-002-003,CS02,0,0,0.682,4
2026-05-07,C-MNC-002-003,CS03,1,0,0.507,3
2026-05-07,C-MNC-002-003,CS04,1,0,0.444,5
2026-05-07,C-MTL-001-001,CS01,0,0,0.594,1
2026-05-07,C-MTL-001-001,CS02,0,0,0.684,3
2026-05-07,C-MTL-001-001,CS03,0,0,0.463,4
2026-05-07,C-MTL-001-001,CS04,1,0,0.445,5
2026-05-07,C-MTL-001-002,CS01,0,0,0.571,1
2026-05-07,C-MTL-001-002,CS02,0,0,0.68,4
2026-05-07,C-MTL-001-002,CS03,1,0,0.484,3
2026-05-07,C-MTL-001-002,CS04,2,0,0.478,4
2026-05-07,C-MTL-003-001,CS01,0,0,0.639,2
2026-05-07,C-MTL-003-001,CS02,0,0,0.623,5
2026-05-07,C-MTL-003-001,CS03,1,0,0.521,4
2026-05-07,C-MTL-003-001,CS04,2,0,0.441,8
2026-05-07,C-MTL-003-003,CS01,0,0,0.624,2
2026-05-07,C-MTL-003-003,CS02,0,0,0.684,2
2026-05-07,C-MTL-003-003,CS03,0,0,0.548,2
2026-05-07,C-MTL-003-003,CS04,1,0,0.55,3
2026-05-07,C-MTL-015-002,CS01,0,0,0.592,2
2026-05-07,C-MTL-015-002,CS02,0,0,0.631,3
2026-05-07,C-MTL-015-002,CS03,0,0,0.542,4
2026-05-07,C-MTL-015-002,CS04,1,0,0.468,6
2026-05-07,C-MTL-015-003,CS01,0,0,0.601,2
2026-05-07,C-MTL-015-003,CS02,0,0,0.71,4
2026-05-07,C-MTL-015-003,CS03,1,0,0.51,4
2026-05-07,C-MTL-015-003,CS04,1,0,0.508,5
2026-05-07,C-OTT-004-003,CS01,0,0,0.538,1
2026-05-07,C-OTT-004-003,CS02,0,0,0.659,2
2026-05-07,C-OTT-004-003,CS03,0,0,0.553,2
2026-05-07,C-OTT-004-003,CS04,1,0,0.452,3
2026-05-07,C-OTT-005-001,CS01,0,0,0.666,3
2026-05-07,C-OTT-005-001,CS02,0,0,0.645,5
2026-05-07,C-OTT-005-001,CS03,1,0,0.516,5
2026-05-07,C-OTT-005-001,CS04,2,0,0.484,5
2026-05-07,C-OTT-011-002,CS01,0,0,0.598,2
2026-05-07,C-OTT-011-002,CS02,0,0,0.605,2
2026-05-07,C-OTT-011-002,CS03,0,0,0.514,4
2026-05-07,C-OTT-011-002,CS04,1,0,0.443,4
2026-05-07,C-OTT-011-003,CS01,0,0,0.636,2
2026-05-07,C-OTT-011-003,CS02,0,0,0.651,5
2026-05-07,C-OTT-011-003,CS03,1,0,0.454,5
2026-05-07,C-OTT-011-003,CS04,2,0,0.438,4
2026-05-07,C-OTT-022-002,CS01,0,0,0.607,3
2026-05-07,C-OTT-022-002,CS02,0,0,0.607,4
2026-05-07,C-OTT-022-002,CS03,1,0,0.54,4
2026-05-07,C-OTT-022-002,CS04,2,0,0.44,4
2026-05-07,C-QBC-002-002,CS01,0,0,0.675,1
2026-05-07,C-QBC-002-002,CS02,0,0,0.685,2
2026-05-07,C-QBC-002-002,CS03,0,0,0.528,2
2026-05-07,C-QBC-002-002,CS04,1,0,0.496,3
2026-05-07,C-QBC-002-003,CS01,0,0,0.636,2
2026-05-07,C-QBC-002-003,CS02,0,0,0.697,2
2026-05-07,C-QBC-002-003,CS03,0,0,0.516,3
2026-05-07,C-QBC-002-003,CS04,1,0,0.459,3
2026-05-07,C-QBC-016-001,CS01,0,0,0.662,2
2026-05-07,C-QBC-016-001,CS02,0,0,0.693,3
2026-05-07,C-QBC-016-001,CS03,0,0,0.495,2
2026-05-07,C-QBC-016-001,CS04,1,0,0.493,3
2026-05-07,C-SAS-001-001,CS01,0,0,0.571,1
2026-05-07,C-SAS-001-001,CS02,0,0,0.647,3
2026-05-07,C-SAS-001-001,CS03,0,0,0.462,3
2026-05-07,C-SAS-001-001,CS04,1,0,0.469,6
2026-05-07,C-SUR-008-001,CS01,0,0,0.625,1
2026-05-07,C-SUR-008-001,CS02,0,0,0.658,3
2026-05-07,C-SUR-008-001,CS03,0,0,0.493,3
2026-05-07,C-SUR-008-001,CS04,1,0,0.483,4
2026-05-07,C-SUR-008-002,CS01,0,0,0.587,1
2026-05-07,C-SUR-008-002,CS02,0,0,0.602,1
2026-05-07,C-SUR-008-002,CS03,0,0,0.505,2
2026-05-07,C-SUR-008-002,CS04,1,0,0.503,3
2026-05-07,C-SUR-009-001,CS01,0,0,0.627,1
2026-05-07,C-SUR-009-001,CS02,0,0,0.636,2
2026-05-07,C-SUR-009-001,CS03,0,0,0.506,2
2026-05-07,C-SUR-009-001,CS04,1,0,0.473,3
2026-05-07,C-SUR-009-002,CS01,0,0,0.617,1
2026-05-07,C-SUR-009-002,CS02,0,0,0.652,1
2026-05-07,C-SUR-009-002,CS03,0,0,0.555,2
2026-05-07,C-SUR-009-002,CS04,1,0,0.5,3
2026-05-07,C-SUR-009-003,CS01,0,0,0.612,2
2026-05-07,C-SUR-009-003,CS02,0,0,0.654,3
2026-05-07,C-SUR-009-003,CS03,1,0,0.52,4
2026-05-07,C-SUR-009-003,CS04,1,0,0.47,5
2026-05-07,C-SUR-010-002,CS01,0,0,0.632,1
2026-05-07,C-SUR-010-002,CS02,0,0,0.672,3
2026-05-07,C-SUR-010-002,CS03,0,0,0.495,3
2026-05-07,C-SUR-010-002,CS04,1,0,0.496,4
2026-05-07,C-SUR-011-001,CS01,0,0,0.635,3
2026-05-07,C-SUR-011-001,CS02,0,0,0.689,4
2026-05-07,C-SUR-011-001,CS03,1,0,0.452,5
2026-05-07,C-SUR-011-001,CS04,2,0,0.521,4
2026-05-07,C-TOR-017-001,CS01,0,0,0.581,3
2026-05-07,C-TOR-017-001,CS02,0,0,0.671,4
2026-05-07,C-TOR-017-001,CS03,1,0,0.473,4
2026-05-07,C-TOR-017-001,CS04,2,0,0.462,5
2026-05-07,C-VAN-001-002,CS01,0,0,0.534,1
2026-05-07,C-VAN-001-002,CS02,0,0,0.619,2
2026-05-07,C-VAN-001-002,CS03,0,0,0.501,3
2026-05-07,C-VAN-001-002,CS04,1,0,0.433,2
2026-05-07,C-VAN-004-002,CS01,0,0,0.643,1
2026-05-07,C-VAN-004-002,CS02,0,0,0.634,2
2026-05-07,C-VAN-004-002,CS03,0,0,0.485,3
2026-05-07,C-VAN-004-002,CS04,1,0,0.453,2
2026-05-07,C-VAN-014-002,CS01,0,0,0.542,2
2026-05-07,C-VAN-014-002,CS02,0,0,0.671,3
2026-05-07,C-VAN-014-002,CS03,0,0,0.517,3
2026-05-07,C-VAN-014-002,CS04,1,0,0.515,4
2026-05-07,C-WPG-001-001,CS01,0,0,0.593,2
2026-05-07,C-WPG-001-001,CS02,0,0,0.597,5
2026-05-07,C-WPG-001-001,CS03,1,0,0.508,4
2026-05-07,C-WPG-001-001,CS04,2,0,0.497,8
2026-05-07,C-WPG-002-001,CS01,0,0,0.588,1
2026-05-07,C-WPG-002-001,CS02,0,0,0.627,2
2026-05-07,C-WPG-002-001,CS03,1,0,0.502,4
2026-05-07,C-WPG-002-001,CS04,1,0,0.473,3
2026-05-07,C-WPG-002-002,CS01,0,0,0.572,2
2026-05-07,C-WPG-002-002,CS02,0,0,0.672,3
2026-05-07,C-WPG-002-002,CS03,0,0,0.479,3
2026-05-07,C-WPG-002-002,CS04,1,0,0.476,6
2026-05-07,C-WPG-002-003,CS01,0,0,0.599,1
2026-05-07,C-WPG-002-003,CS02,0,0,0.609,3
2026-05-07,C-WPG-002-003,CS03,0,0,0.482,2
2026-05-07,C-WPG-002-003,CS04,1,0,0.422,4
2026-05-07,C-WPG-003-002,CS01,0,0,0.666,2
2026-05-07,C-WPG-003-002,CS02,0,0,0.632,3
2026-05-07,C-WPG-003-002,CS03,1,0,0.507,4
2026-05-07,C-WPG-003-002,CS04,1,0,0.481,4
2026-05-08,C-CAL-004-001,CS01,0,0,0.567,2
2026-05-08,C-CAL-004-001,CS02,0,0,0.666,3
2026-05-08,C-CAL-004-001,CS03,1,0,0.548,3
2026-05-08,C-CAL-004-001,CS04,2,0,0.448,5
2026-05-08,C-CAL-004-002,CS01,0,0,0.614,3
2026-05-08,C-CAL-004-002,CS02,0,0,0.703,4
2026-05-08,C-CAL-004-002,CS03,1,0,0.548,3
2026-05-08,C-CAL-004-002,CS04,1,0,0.492,5
2026-05-08,C-CHA-001-003,CS01,0,0,0.594,1
2026-05-08,C-CHA-001-003,CS02,0,0,0.674,2
2026-05-08,C-CHA-001-003,CS03,0,0,0.492,2
2026-05-08,C-CHA-001-003,CS04,1,0,0.439,3
2026-05-08,C-CHA-002-002,CS01,0,0,0.597,3
2026-05-08,C-CHA-002-002,CS02,0,0,0.649,2
2026-05-08,C-CHA-002-002,CS03,1,0,0.578,5
2026-05-08,C-CHA-002-002,CS04,2,0,0.453,7
2026-05-08,C-EDM-002-002,CS01,0,0,0.582,2
2026-05-08,C-EDM-002-002,CS02,0,0,0.64,4
2026-05-08,C-EDM-002-002,CS03,1,0,0.6,4
2026-05-08,C-EDM-002-002,CS04,2,0,0.454,6
2026-05-08,C-EDM-003-001,CS01,0,0,0.613,2
2026-05-08,C-EDM-003-001,CS02,0,0,0.602,3
2026-05-08,C-EDM-003-001,CS03,1,0,0.508,5
2026-05-08,C-EDM-003-001,CS04,2,0,0.411,5
2026-05-08,C-EDM-003-003,CS01,0,0,0.593,1
2026-05-08,C-EDM-003-003,CS02,0,0,0.667,3
2026-05-08,C-EDM-003-003,CS03,0,0,0.489,4
2026-05-08,C-EDM-003-003,CS04,1,0,0.471,5
2026-05-08,C-HAM-001-003,CS01,0,0,0.598,3
2026-05-08,C-HAM-001-003,CS02,0,0,0.623,4
2026-05-08,C-HAM-001-003,CS03,1,0,0.501,4
2026-05-08,C-HAM-001-003,CS04,2,0,0.512,7
2026-05-08,C-HAM-012-001,CS01,0,0,0.594,2
2026-05-08,C-HAM-012-001,CS02,0,0,0.629,4
2026-05-08,C-HAM-012-001,CS03,1,0,0.559,4
2026-05-08,C-HAM-012-001,CS04,1,0,0.535,5
2026-05-08,C-HAM-012-003,CS01,0,0,0.613,3
2026-05-08,C-HAM-012-003,CS02,0,0,0.661,2
2026-05-08,C-HAM-012-003,CS03,1,0,0.551,5
2026-05-08,C-HAM-012-003,CS04,2,0,0.428,6
2026-05-08,C-HAM-020-001,CS02,0,0,0.645,2
2026-05-08,C-HAM-020-001,CS03,0,0,0.498,2
2026-05-08,C-HAM-020-001,CS04,1,0,0.49,2
2026-05-08,C-LAV-006-001,CS01,0,0,0.596,1
2026-05-08,C-LAV-006-001,CS02,0,0,0.656,1
2026-05-08,C-LAV-006-001,CS03,0,0,0.547,2
2026-05-08,C-LAV-006-001,CS04,1,0,0.488,2
2026-05-08,C-LAV-006-003,CS01,0,0,0.636,1
2026-05-08,C-LAV-006-003,CS02,0,0,0.658,1
2026-05-08,C-LAV-006-003,CS03,0,0,0.51,2
2026-05-08,C-LAV-006-003,CS04,1,0,0.523,2
2026-05-08,C-LAV-007-001,CS01,0,0,0.595,2
2026-05-08,C-LAV-007-001,CS02,0,0,0.616,2
2026-05-08,C-LAV-007-001,CS03,0,0,0.499,3
2026-05-08,C-LAV-007-001,CS04,1,0,0.455,5
2026-05-08,C-LAV-014-001,CS01,0,0,0.559,2
2026-05-08,C-LAV-014-001,CS02,0,0,0.639,3
2026-05-08,C-LAV-014-001,CS03,1,0,0.546,5
2026-05-08,C-LAV-014-001,CS04,2,0,0.472,5
2026-05-08,C-LAV-014-003,CS01,0,0,0.642,1
2026-05-08,C-LAV-014-003,CS02,0,0,0.662,1
2026-05-08,C-LAV-014-003,CS03,0,0,0.526,3
2026-05-08,C-LAV-014-003,CS04,1,0,0.425,3
2026-05-08,C-LAV-020-002,CS01,0,0,0.596,1
2026-05-08,C-LAV-020-002,CS02,0,0,0.679,1
2026-05-08,C-LAV-020-002,CS03,0,0,0.532,2
2026-05-08,C-LAV-020-002,CS04,1,0,0.45,3
2026-05-08,C-LDN-008-002,CS01,0,0,0.62,2
2026-05-08,C-LDN-008-002,CS02,0,0,0.657,3
2026-05-08,C-LDN-008-002,CS03,1,0,0.512,5
2026-05-08,C-LDN-008-002,CS04,2,0,0.42,7
2026-05-08,C-MNC-002-002,CS01,0,0,0.604,2
2026-05-08,C-MNC-002-002,CS02,0,0,0.662,2
2026-05-08,C-MNC-002-002,CS03,0,0,0.498,3
2026-05-08,C-MNC-002-002,CS04,1,0,0.51,3
2026-05-08,C-MNC-003-003,CS01,0,0,0.634,1
2026-05-08,C-MNC-003-003,CS02,0,0,0.688,3
2026-05-08,C-MNC-003-003,CS03,0,0,0.526,2
2026-05-08,C-MNC-003-003,CS04,1,0,0.492,3
2026-05-08,C-MNC-005-003,CS01,0,0,0.627,1
2026-05-08,C-MNC-005-003,CS02,0,0,0.657,1
2026-05-08,C-MNC-005-003,CS03,0,0,0.481,3
2026-05-08,C-MNC-005-003,CS04,1,0,0.504,2
2026-05-08,C-MTL-003-001,CS01,0,0,0.567,2
2026-05-08,C-MTL-003-001,CS02,0,0,0.658,6
2026-05-08,C-MTL-003-001,CS03,1,0,0.477,7
2026-05-08,C-MTL-003-001,CS04,2,0,0.496,6
2026-05-08,C-MTL-004-001,CS01,0,0,0.6,2
2026-05-08,C-MTL-004-001,CS02,0,0,0.624,4
2026-05-08,C-MTL-004-001,CS03,1,0,0.478,5
2026-05-08,C-MTL-004-001,CS04,2,0,0.502,7
2026-05-08,C-MTL-019-001,CS01,0,0,0.6,2
2026-05-08,C-MTL-019-001,CS02,0,0,0.636,4
2026-05-08,C-MTL-019-001,CS03,1,0,0.527,5
2026-05-08,C-MTL-019-001,CS04,2,0,0.46,5
2026-05-08,C-OTT-003-003,CS01,0,0,0.593,1
2026-05-08,C-OTT-003-003,CS02,0,0,0.646,3
2026-05-08,C-OTT-003-003,CS03,0,0,0.562,2
2026-05-08,C-OTT-003-003,CS04,1,0,0.521,5
2026-05-08,C-OTT-005-001,CS01,0,0,0.574,2
2026-05-08,C-OTT-005-001,CS02,0,0,0.62,4
2026-05-08,C-OTT-005-001,CS03,1,0,0.465,5
2026-05-08,C-OTT-005-001,CS04,2,0,0.513,6
2026-05-08,C-OTT-011-001,CS01,0,0,0.61,3
2026-05-08,C-OTT-011-001,CS02,0,0,0.645,4
2026-05-08,C-OTT-011-001,CS03,1,0,0.503,5
2026-05-08,C-OTT-011-001,CS04,2,0,0.503,4
2026-05-08,C-OTT-011-003,CS01,0,0,0.61,3
2026-05-08,C-OTT-011-003,CS02,0,0,0.682,4
2026-05-08,C-OTT-011-003,CS03,1,0,0.515,4
2026-05-08,C-OTT-011-003,CS04,2,0,0.473,7
2026-05-08,C-OTT-013-002,CS01,0,0,0.578,2
2026-05-08,C-OTT-013-002,CS02,0,0,0.672,2
2026-05-08,C-OTT-013-002,CS03,0,0,0.585,4
2026-05-08,C-OTT-013-002,CS04,1,0,0.433,5
2026-05-08,C-OTT-014-001,CS01,0,0,0.652,1
2026-05-08,C-OTT-014-001,CS02,0,0,0.616,1
2026-05-08,C-OTT-014-001,CS03,0,0,0.505,2
2026-05-08,C-OTT-014-001,CS04,1,0,0.467,3
2026-05-08,C-OTT-022-002,CS01,0,0,0.568,3
2026-05-08,C-OTT-022-002,CS02,0,0,0.675,3
2026-05-08,C-OTT-022-002,CS03,1,0,0.511,4
2026-05-08,C-OTT-022-002,CS04,2,0,0.497,8
2026-05-08,C-QBC-013-001,CS01,0,0,0.6,1
2026-05-08,C-QBC-013-001,CS02,0,0,0.69,3
2026-05-08,C-QBC-013-001,CS03,0,0,0.488,4
2026-05-08,C-QBC-013-001,CS04,1,0,0.503,4
2026-05-08,C-QBC-013-002,CS01,0,0,0.589,2
2026-05-08,C-QBC-013-002,CS02,0,0,0.644,4
2026-05-08,C-QBC-013-002,CS03,0,0,0.563,4
2026-05-08,C-QBC-013-002,CS04,1,0,0.489,4
2026-05-08,C-QBC-013-003,CS01,0,0,0.64,2
2026-05-08,C-QBC-013-003,CS02,0,0,0.602,2
2026-05-08,C-QBC-013-003,CS03,0,0,0.521,2
2026-05-08,C-QBC-013-003,CS04,1,0,0.512,3
2026-05-08,C-QBC-023-002,CS01,0,0,0.595,1
2026-05-08,C-QBC-023-002,CS02,0,0,0.655,3
2026-05-08,C-QBC-023-002,CS03,0,0,0.498,3
2026-05-08,C-QBC-023-002,CS04,1,0,0.473,3
2026-05-08,C-REG-002-003,CS01,0,0,0.574,2
2026-05-08,C-REG-002-003,CS02,0,0,0.667,6
2026-05-08,C-REG-002-003,CS03,1,0,0.533,4
2026-05-08,C-REG-002-003,CS04,2,0,0.471,6
2026-05-08,C-SAS-001-002,CS01,0,0,0.585,1
2026-05-08,C-SAS-001-002,CS02,0,0,0.644,1
2026-05-08,C-SAS-001-002,CS03,0,0,0.53,2
2026-05-08,C-SAS-001-002,CS04,1,0,0.46,3
2026-05-08,C-STJ-001-002,CS01,0,0,0.578,1
2026-05-08,C-STJ-001-002,CS02,0,0,0.682,4
2026-05-08,C-STJ-001-002,CS03,1,0,0.536,3
2026-05-08,C-STJ-001-002,CS04,1,0,0.461,4
2026-05-08,C-SUR-005-002,CS01,0,0,0.618,2
2026-05-08,C-SUR-005-002,CS02,0,0,0.639,3
2026-05-08,C-SUR-005-002,CS03,0,0,0.483,4
2026-05-08,C-SUR-005-002,CS04,1,0,0.45,4
2026-05-08,C-SUR-009-001,CS01,0,0,0.55,1
2026-05-08,C-SUR-009-001,CS02,0,0,0.658,2
2026-05-08,C-SUR-009-001,CS03,0,0,0.546,2
2026-05-08,C-SUR-009-001,CS04,1,0,0.481,2
2026-05-08,C-SUR-011-001,CS01,0,0,0.683,3
2026-05-08,C-SUR-011-001,CS02,0,0,0.645,4
2026-05-08,C-SUR-011-001,CS03,1,0,0.54,4
2026-05-08,C-SUR-011-001,CS04,2,0,0.495,7
2026-05-08,C-SUR-012-002,CS01,0,0,0.6,1
2026-05-08,C-SUR-012-002,CS02,0,0,0.662,2
2026-05-08,C-SUR-012-002,CS03,0,0,0.559,2
2026-05-08,C-SUR-012-002,CS04,1,0,0.466,2
2026-05-08,C-SUR-012-003,CS01,0,0,0.612,1
2026-05-08,C-SUR-012-003,CS02,0,0,0.645,4
2026-05-08,C-SUR-012-003,CS03,1,0,0.56,4
2026-05-08,C-SUR-012-003,CS04,1,0,0.5,5
2026-05-08,C-TOR-017-001,CS01,0,0,0.63,2
2026-05-08,C-TOR-017-001,CS02,0,0,0.681,4
2026-05-08,C-TOR-017-001,CS03,1,0,0.55,4
2026-05-08,C-TOR-017-001,CS04,2,0,0.513,7
2026-05-08,C-TOR-017-002,CS01,0,0,0.591,2
2026-05-08,C-TOR-017-002,CS02,0,0,0.651,3
2026-05-08,C-TOR-017-002,CS03,0,0,0.543,4
2026-05-08,C-TOR-017-002,CS04,1,0,0.461,4
2026-05-08,C-TOR-017-003,CS01,0,0,0.623,1
2026-05-08,C-TOR-017-003,CS02,0,0,0.715,3
2026-05-08,C-TOR-017-003,CS03,0,0,0.494,3
2026-05-08,C-TOR-017-003,CS04,1,0,0.523,3
2026-05-08,C-TOR-019-001,CS01,0,0,0.618,1
2026-05-08,C-TOR-019-001,CS02,0,0,0.693,3
2026-05-08,C-TOR-019-001,CS03,0,0,0.553,2
2026-05-08,C-TOR-019-001,CS04,1,0,0.475,2
2026-05-08,C-TOR-023-001,CS01,0,0,0.59,1
2026-05-08,C-TOR-023-001,CS02,0,0,0.632,1
2026-05-08,C-TOR-023-001,CS03,0,0,0.504,2
2026-05-08,C-TOR-023-001,CS04,1,0,0.44,3
2026-05-08,C-VAN-001-002,CS01,0,0,0.629,1
2026-05-08,C-VAN-001-002,CS02,0,0,0.651,2
2026-05-08,C-VAN-001-002,CS03,0,0,0.525,2
2026-05-08,C-VAN-001-002,CS04,1,0,0.491,3
2026-05-08,C-VAN-003-001,CS01,0,0,0.575,1
2026-05-08,C-VAN-003-001,CS02,0,0,0.696,3
2026-05-08,C-VAN-003-001,CS03,1,0,0.523,5
2026-05-08,C-VAN-003-001,CS04,2,0,0.434,6
2026-05-08,C-VAN-003-002,CS01,0,0,0.6,1
2026-05-08,C-VAN-003-002,CS02,0,0,0.664,2
2026-05-08,C-VAN-003-002,CS03,0,0,0.481,1
2026-05-08,C-VAN-003-002,CS04,1,0,0.483,3
2026-05-08,C-VAN-004-003,CS01,0,0,0.565,1
2026-05-08,C-VAN-004-003,CS02,0,0,0.63,2
2026-05-08,C-VAN-004-003,CS03,0,0,0.51,2
2026-05-08,C-VAN-004-003,CS04,1,0,0.494,4
2026-05-08,C-VAN-007-002,CS01,0,0,0.617,3
2026-05-08,C-VAN-007-002,CS02,0,0,0.653,3
2026-05-08,C-VAN-007-002,CS03,1,0,0.534,4
2026-05-08,C-VAN-007-002,CS04,1,0,0.526,4
2026-05-08,C-VAN-007-003,CS01,0,0,0.606,2
2026-05-08,C-VAN-007-003,CS02,0,0,0.649,4
2026-05-08,C-VAN-007-003,CS03,1,0,0.57,4
2026-05-08,C-VAN-007-003,CS04,1,0,0.464,4
2026-05-08,C-VAN-014-003,CS01,0,0,0.658,2
2026-05-08,C-VAN-014-003,CS02,0,0,0.629,2
2026-05-08,C-VAN-014-003,CS03,0,0,0.512,3
2026-05-08,C-VAN-014-003,CS04,1,0,0.472,4
2026-05-08,C-WPG-001-003,CS01,0,0,0.596,1
2026-05-08,C-WPG-001-003,CS02,0,0,0.623,1
2026-05-08,C-WPG-001-003,CS03,0,0,0.554,2
2026-05-08,C-WPG-001-003,CS04,1,0,0.483,4
2026-05-08,C-WPG-002-002,CS01,0,0,0.644,1
2026-05-08,C-WPG-002-002,CS02,0,0,0.643,3
2026-05-08,C-WPG-002-002,CS03,0,0,0.524,4
2026-05-08,C-WPG-002-002,CS04,1,0,0.493,4
2026-05-08,C-WPG-002-003,CS01,0,0,0.632,1
2026-05-08,C-WPG-002-003,CS02,0,0,0.643,3
2026-05-08,C-WPG-002-003,CS03,0,0,0.509,3
2026-05-08,C-WPG-002-003,CS04,1,0,0.45,4
2026-05-09,C-CAL-004-003,CS01,0,0,0.616,1
2026-05-09,C-CAL-004-003,CS02,0,0,0.653,2
2026-05-09,C-CAL-004-003,CS03,0,0,0.468,3
2026-05-09,C-CAL-004-003,CS04,1,0,0.443,4
2026-05-09,C-CHA-002-003,CS01,0,0,0.571,1
2026-05-09,C-CHA-002-003,CS02,0,0,0.671,2
2026-05-09,C-CHA-002-003,CS03,0,0,0.556,2
2026-05-09,C-CHA-002-003,CS04,1,0,0.511,3
2026-05-09,C-CHA-003-001,CS01,0,0,0.615,1
2026-05-09,C-CHA-003-001,CS02,0,0,0.703,2
2026-05-09,C-CHA-003-001,CS03,0,0,0.515,2
2026-05-09,C-CHA-003-001,CS04,1,0,0.512,3
2026-05-09,C-EDM-003-002,CS01,0,0,0.576,3
2026-05-09,C-EDM-003-002,CS02,0,0,0.572,4
2026-05-09,C-EDM-003-002,CS03,1,0,0.515,6
2026-05-09,C-EDM-003-002,CS04,2,0,0.511,5
2026-05-09,C-HAM-002-003,CS01,0,0,0.599,1
2026-05-09,C-HAM-002-003,CS02,0,0,0.664,2
2026-05-09,C-HAM-002-003,CS03,0,0,0.514,3
2026-05-09,C-HAM-002-003,CS04,1,0,0.501,3
2026-05-09,C-HAM-012-001,CS01,0,0,0.576,2
2026-05-09,C-HAM-012-001,CS02,0,0,0.645,3
2026-05-09,C-HAM-012-001,CS03,1,0,0.506,4
2026-05-09,C-HAM-012-001,CS04,1,0,0.449,4
2026-05-09,C-HAM-016-001,CS01,0,0,0.595,1
2026-05-09,C-HAM-016-001,CS02,0,0,0.672,2
2026-05-09,C-HAM-016-001,CS03,0,0,0.547,3
2026-05-09,C-HAM-016-001,CS04,1,0,0.458,3
2026-05-09,C-LAV-006-003,CS02,0,0,0.678,2
2026-05-09,C-LAV-006-003,CS03,0,0,0.509,2
2026-05-09,C-LAV-006-003,CS04,1,0,0.505,2
2026-05-09,C-LAV-008-001,CS01,0,0,0.585,2
2026-05-09,C-LAV-008-001,CS02,0,0,0.649,2
2026-05-09,C-LAV-008-001,CS03,0,0,0.525,3
2026-05-09,C-LAV-008-001,CS04,1,0,0.483,4
2026-05-09,C-LAV-014-001,CS01,0,0,0.61,3
2026-05-09,C-LAV-014-001,CS02,0,0,0.719,3
2026-05-09,C-LAV-014-001,CS03,1,0,0.527,7
2026-05-09,C-LAV-014-001,CS04,2,0,0.48,7
2026-05-09,C-LAV-014-003,CS01,0,0,0.598,1
2026-05-09,C-LAV-014-003,CS02,0,0,0.625,2
2026-05-09,C-LAV-014-003,CS03,0,0,0.518,3
2026-05-09,C-LAV-014-003,CS04,1,0,0.466,4
2026-05-09,C-LDN-015-003,CS01,0,0,0.639,2
2026-05-09,C-LDN-015-003,CS02,0,0,0.65,4
2026-05-09,C-LDN-015-003,CS03,1,0,0.501,5
2026-05-09,C-LDN-015-003,CS04,2,0,0.434,7
2026-05-09,C-MNC-002-001,CS01,0,0,0.611,2
2026-05-09,C-MNC-002-001,CS02,0,0,0.682,3
2026-05-09,C-MNC-002-001,CS03,1,0,0.547,4
2026-05-09,C-MNC-002-001,CS04,2,0,0.538,5
2026-05-09,C-MNC-002-003,CS01,0,0,0.569,2
2026-05-09,C-MNC-002-003,CS02,0,0,0.666,3
2026-05-09,C-MNC-002-003,CS03,0,0,0.531,4
2026-05-09,C-MNC-002-003,CS04,1,0,0.501,5
2026-05-09,C-MNC-003-001,CS01,0,0,0.634,2
2026-05-09,C-MNC-003-001,CS02,0,0,0.575,3
2026-05-09,C-MNC-003-001,CS03,0,0,0.554,4
2026-05-09,C-MNC-003-001,CS04,1,0,0.447,4
2026-05-09,C-MNC-004-001,CS01,0,0,0.605,1
2026-05-09,C-MNC-004-001,CS02,0,0,0.679,4
2026-05-09,C-MNC-004-001,CS03,1,0,0.555,4
2026-05-09,C-MNC-004-001,CS04,2,0,0.452,6
2026-05-09,C-MNC-004-003,CS01,0,0,0.619,3
2026-05-09,C-MNC-004-003,CS02,0,0,0.667,3
2026-05-09,C-MNC-004-003,CS03,1,0,0.504,5
2026-05-09,C-MNC-004-003,CS04,2,0,0.481,6
2026-05-09,C-MNC-005-001,CS01,0,0,0.603,2
2026-05-09,C-MNC-005-001,CS02,0,0,0.63,3
2026-05-09,C-MNC-005-001,CS03,1,0,0.464,5
2026-05-09,C-MNC-005-001,CS04,2,0,0.454,7
2026-05-09,C-MNC-005-002,CS01,0,0,0.537,1
2026-05-09,C-MNC-005-002,CS02,0,0,0.65,2
2026-05-09,C-MNC-005-002,CS03,0,0,0.557,2
2026-05-09,C-MNC-005-002,CS04,1,0,0.445,4
2026-05-09,C-MTL-018-001,CS01,0,0,0.664,2
2026-05-09,C-MTL-018-001,CS02,0,0,0.685,2
2026-05-09,C-MTL-018-001,CS03,0,0,0.47,3
2026-05-09,C-MTL-018-001,CS04,1,0,0.492,4
2026-05-09,C-MTL-019-001,CS01,0,0,0.582,3
2026-05-09,C-MTL-019-001,CS02,0,0,0.613,4
2026-05-09,C-MTL-019-001,CS03,1,0,0.58,6
2026-05-09,C-MTL-019-001,CS04,2,0,0.475,6
2026-05-09,C-OTT-004-002,CS01,0,0,0.582,2
2026-05-09,C-OTT-004-002,CS02,0,0,0.673,2
2026-05-09,C-OTT-004-002,CS03,0,0,0.53,4
2026-05-09,C-OTT-004-002,CS04,1,0,0.44,4
2026-05-09,C-OTT-005-002,CS01,0,0,0.591,2
2026-05-09,C-OTT-005-002,CS02,0,0,0.695,4
2026-05-09,C-OTT-005-002,CS03,1,0,0.499,3
2026-05-09,C-OTT-005-002,CS04,2,0,0.526,4
2026-05-09,C-OTT-014-003,CS01,0,0,0.594,2
2026-05-09,C-OTT-014-003,CS02,0,0,0.649,2
2026-05-09,C-OTT-014-003,CS03,0,0,0.529,5
2026-05-09,C-OTT-014-003,CS04,1,0,0.515,3
2026-05-09,C-OTT-022-001,CS01,0,0,0.634,2
2026-05-09,C-OTT-022-001,CS02,0,0,0.653,2
2026-05-09,C-OTT-022-001,CS03,0,0,0.518,3
2026-05-09,C-OTT-022-001,CS04,1,0,0.46,3
2026-05-09,C-OTT-022-003,CS01,0,0,0.624,2
2026-05-09,C-OTT-022-003,CS02,0,0,0.681,2
2026-05-09,C-OTT-022-003,CS03,0,0,0.539,2
2026-05-09,C-OTT-022-003,CS04,1,0,0.462,4
2026-05-09,C-QBC-012-002,CS01,0,0,0.607,2
2026-05-09,C-QBC-012-002,CS02,0,0,0.67,2
2026-05-09,C-QBC-012-002,CS03,0,0,0.506,3
2026-05-09,C-QBC-012-002,CS04,1,0,0.501,3
2026-05-09,C-QBC-013-001,CS01,0,0,0.623,2
2026-05-09,C-QBC-013-001,CS02,0,0,0.656,4
2026-05-09,C-QBC-013-001,CS03,1,0,0.548,3
2026-05-09,C-QBC-013-001,CS04,1,0,0.452,3
2026-05-09,C-QBC-022-001,CS01,0,0,0.601,1
2026-05-09,C-QBC-022-001,CS02,0,0,0.711,2
2026-05-09,C-QBC-022-001,CS03,0,0,0.546,2
2026-05-09,C-QBC-022-001,CS04,1,0,0.478,3
2026-05-09,C-QBC-023-003,CS01,0,0,0.612,2
2026-05-09,C-QBC-023-003,CS02,0,0,0.663,3
2026-05-09,C-QBC-023-003,CS03,0,0,0.509,4
2026-05-09,C-QBC-023-003,CS04,1,0,0.471,5
2026-05-09,C-SAS-001-002,CS01,0,0,0.595,1
2026-05-09,C-SAS-001-002,CS02,0,0,0.661,2
2026-05-09,C-SAS-001-002,CS03,0,0,0.569,2
2026-05-09,C-SAS-001-002,CS04,1,0,0.468,3
2026-05-09,C-SUR-005-003,CS01,0,0,0.574,2
2026-05-09,C-SUR-005-003,CS02,0,0,0.649,5
2026-05-09,C-SUR-005-003,CS03,1,0,0.546,4
2026-05-09,C-SUR-005-003,CS04,2,0,0.443,7
2026-05-09,C-SUR-009-002,CS01,0,0,0.607,1
2026-05-09,C-SUR-009-002,CS02,0,0,0.619,2
2026-05-09,C-SUR-009-002,CS03,0,0,0.547,2
2026-05-09,C-SUR-009-002,CS04,1,0,0.464,2
2026-05-09,C-SUR-009-003,CS01,0,0,0.602,1
2026-05-09,C-SUR-009-003,CS02,0,0,0.653,2
2026-05-09,C-SUR-009-003,CS03,1,0,0.568,5
2026-05-09,C-SUR-009-003,CS04,1,0,0.461,5
2026-05-09,C-SUR-010-001,CS01,0,0,0.643,2
2026-05-09,C-SUR-010-001,CS02,0,0,0.667,4
2026-05-09,C-SUR-010-001,CS03,0,0,0.577,3
2026-05-09,C-SUR-010-001,CS04,1,0,0.515,4
2026-05-09,C-SUR-011-001,CS01,0,0,0.58,2
2026-05-09,C-SUR-011-001,CS02,0,0,0.626,3
2026-05-09,C-SUR-011-001,CS03,1,0,0.521,3
2026-05-09,C-SUR-011-001,CS04,1,0,0.502,4
2026-05-09,C-SUR-011-002,CS01,0,0,0.603,2
2026-05-09,C-SUR-011-002,CS02,0,0,0.682,3
2026-05-09,C-SUR-011-002,CS03,1,0,0.477,4
2026-05-09,C-SUR-011-002,CS04,1,0,0.529,5
2026-05-09,C-TOR-009-001,CS01,0,0,0.556,1
2026-05-09,C-TOR-009-001,CS02,0,0,0.679,2
2026-05-09,C-TOR-009-001,CS03,0,0,0.578,2
2026-05-09,C-TOR-009-001,CS04,1,0,0.508,2
2026-05-09,C-TOR-019-003,CS01,0,0,0.613,1
2026-05-09,C-TOR-019-003,CS02,0,0,0.599,2
2026-05-09,C-TOR-019-003,CS03,0,0,0.578,3
2026-05-09,C-TOR-019-003,CS04,1,0,0.476,4
2026-05-09,C-VAN-001-003,CS01,0,0,0.57,1
2026-05-09,C-VAN-001-003,CS02,0,0,0.67,2
2026-05-09,C-VAN-001-003,CS03,0,0,0.561,2
2026-05-09,C-VAN-001-003,CS04,1,0,0.441,3
2026-05-09,C-VAN-007-001,CS01,0,0,0.622,1
2026-05-09,C-VAN-007-001,CS02,0,0,0.617,2
2026-05-09,C-VAN-007-001,CS03,0,0,0.514,3
2026-05-09,C-VAN-007-001,CS04,1,0,0.496,4
2026-05-09,C-VAN-007-003,CS01,0,0,0.587,1
2026-05-09,C-VAN-007-003,CS02,0,0,0.621,3
2026-05-09,C-VAN-007-003,CS03,1,0,0.562,3
2026-05-09,C-VAN-007-003,CS04,1,0,0.519,3
2026-05-09,C-VAN-014-001,CS01,0,0,0.634,1
2026-05-09,C-VAN-014-001,CS02,0,0,0.672,2
2026-05-09,C-VAN-014-001,CS03,0,0,0.532,4
2026-05-09,C-VAN-014-001,CS04,1,0,0.482,3
2026-05-09,C-VAN-014-002,CS01,0,0,0.649,1
2026-05-09,C-VAN-014-002,CS02,0,0,0.665,2
2026-05-09,C-VAN-014-002,CS03,1,0,0.548,3
2026-05-09,C-VAN-014-002,CS04,1,0,0.47,6
2026-05-09,C-VAN-N-002,CS01,0,0,0.616,1
2026-05-09,C-VAN-N-002,CS02,0,0,0.663,2
2026-05-09,C-VAN-N-002,CS03,0,0,0.51,2
2026-05-09,C-VAN-N-002,CS04,1,0,0.516,2
2026-05-09,C-WPG-001-001,CS01,0,0,0.582,2
2026-05-09,C-WPG-001-001,CS02,0,0,0.647,4
2026-05-09,C-WPG-001-001,CS03,1,0,0.589,4
2026-05-09,C-WPG-001-001,CS04,2,0,0.478,6
2026-05-09,C-WPG-002-001,CS01,0,0,0.62,2
2026-05-09,C-WPG-002-001,CS02,0,0,0.649,5
2026-05-09,C-WPG-002-001,CS03,1,0,0.515,4
2026-05-09,C-WPG-002-001,CS04,2,0,0.468,5
2026-05-09,C-WPG-002-002,CS01,0,0,0.593,2
2026-05-09,C-WPG-002-002,CS02,0,0,0.626,3
2026-05-09,C-WPG-002-002,CS03,0,0,0.535,3
2026-05-09,C-WPG-002-002,CS04,1,0,0.461,5
2026-05-09,C-WPG-002-003,CS01,0,0,0.627,1
2026-05-09,C-WPG-002-003,CS02,0,0,0.638,1
2026-05-09,C-WPG-002-003,CS03,0,0,0.541,2
2026-05-09,C-WPG-002-003,CS04,1,0,0.467,3
2026-05-09,C-WPG-003-001,CS01,0,0,0.661,2
2026-05-09,C-WPG-003-001,CS02,0,0,0.642,3
2026-05-09,C-WPG-003-001,CS03,0,0,0.553,3
2026-05-09,C-WPG-003-001,CS04,1,0,0.435,5
2026-05-10,C-CHA-001-001,CS01,0,0,0.597,2
2026-05-10,C-CHA-001-001,CS02,0,0,0.698,3
2026-05-10,C-CHA-001-001,CS03,1,0,0.56,5
2026-05-10,C-CHA-001-001,CS04,2,0,0.438,5
2026-05-10,C-CHA-002-002,CS01,0,0,0.597,3
2026-05-10,C-CHA-002-002,CS02,0,0,0.633,3
2026-05-10,C-CHA-002-002,CS03,1,0,0.495,5
2026-05-10,C-CHA-002-002,CS04,2,0,0.445,4
2026-05-10,C-CHA-003-001,CS01,0,0,0.629,1
2026-05-10,C-CHA-003-001,CS02,0,0,0.621,2
2026-05-10,C-CHA-003-001,CS03,0,0,0.521,2
2026-05-10,C-CHA-003-001,CS04,1,0,0.455,3
2026-05-10,C-EDM-002-003,CS01,0,0,0.635,2
2026-05-10,C-EDM-002-003,CS02,0,0,0.594,3
2026-05-10,C-EDM-002-003,CS03,1,0,0.529,3
2026-05-10,C-EDM-002-003,CS04,1,0,0.481,5
2026-05-10,C-HAM-001-002,CS01,0,0,0.647,2
2026-05-10,C-HAM-001-002,CS02,0,0,0.645,4
2026-05-10,C-HAM-001-002,CS03,1,0,0.527,4
2026-05-10,C-HAM-001-002,CS04,2,0,0.481,6
2026-05-10,C-HAM-012-001,CS01,0,0,0.628,2
2026-05-10,C-HAM-012-001,CS02,0,0,0.632,4
2026-05-10,C-HAM-012-001,CS03,1,0,0.513,3
2026-05-10,C-HAM-012-001,CS04,1,0,0.526,4
2026-05-10,C-LAV-007-001,CS01,0,0,0.613,1
2026-05-10,C-LAV-007-001,CS02,0,0,0.666,2
2026-05-10,C-LAV-007-001,CS03,0,0,0.536,4
2026-05-10,C-LAV-007-001,CS04,1,0,0.477,5
2026-05-10,C-LAV-007-003,CS01,0,0,0.598,2
2026-05-10,C-LAV-007-003,CS02,0,0,0.641,3
2026-05-10,C-LAV-007-003,CS03,0,0,0.552,3
2026-05-10,C-LAV-007-003,CS04,1,0,0.47,4
2026-05-10,C-LAV-008-002,CS01,0,0,0.626,1
2026-05-10,C-LAV-008-002,CS02,0,0,0.673,2
2026-05-10,C-LAV-008-002,CS03,0,0,0.481,2
2026-05-10,C-LAV-008-002,CS04,1,0,0.458,3
2026-05-10,C-LAV-017-002,CS01,0,0,0.629,1
2026-05-10,C-LAV-017-002,CS02,0,0,0.656,2
2026-05-10,C-LAV-017-002,CS03,0,0,0.545,1
2026-05-10,C-LAV-017-002,CS04,1,0,0.493,2
2026-05-10,C-LDN-008-001,CS01,0,0,0.568,2
2026-05-10,C-LDN-008-001,CS02,0,0,0.601,4
2026-05-10,C-LDN-008-001,CS03,1,0,0.5,4
2026-05-10,C-LDN-008-001,CS04,2,0,0.49,5
2026-05-10,C-LDN-008-002,CS01,0,0,0.548,2
2026-05-10,C-LDN-008-002,CS02,0,0,0.626,4
2026-05-10,C-LDN-008-002,CS03,1,0,0.502,5
2026-05-10,C-LDN-008-002,CS04,2,0,0.477,7
2026-05-10,C-LDN-008-003,CS01,0,0,0.599,1
2026-05-10,C-LDN-008-003,CS02,0,0,0.667,2
2026-05-10,C-LDN-008-003,CS03,0,0,0.545,2
2026-05-10,C-LDN-008-003,CS04,1,0,0.467,2
2026-05-10,C-LDN-010-001,CS01,0,0,0.573,2
2026-05-10,C-LDN-010-001,CS02,0,0,0.66,3
2026-05-10,C-LDN-010-001,CS03,0,0,0.505,4
2026-05-10,C-LDN-010-001,CS04,1,0,0.402,6
2026-05-10,C-LDN-015-001,CS01,0,0,0.585,2
2026-05-10,C-LDN-015-001,CS02,0,0,0.622,3
2026-05-10,C-LDN-015-001,CS03,1,0,0.484,3
2026-05-10,C-LDN-015-001,CS04,1,0,0.509,4
2026-05-10,C-LDN-015-003,CS01,0,0,0.623,2
2026-05-10,C-LDN-015-003,CS02,0,0,0.656,4
2026-05-10,C-LDN-015-003,CS03,1,0,0.469,5
2026-05-10,C-LDN-015-003,CS04,2,0,0.518,5
2026-05-10,C-MIS-024-001,CS01,0,0,0.63,1
2026-05-10,C-MIS-024-001,CS02,0,0,0.607,2
2026-05-10,C-MIS-024-001,CS03,0,0,0.503,2
2026-05-10,C-MIS-024-001,CS04,1,0,0.449,3
2026-05-10,C-MNC-001-002,CS01,0,0,0.621,2
2026-05-10,C-MNC-001-002,CS02,0,0,0.601,3
2026-05-10,C-MNC-001-002,CS03,1,0,0.549,3
2026-05-10,C-MNC-001-002,CS04,1,0,0.522,5
2026-05-10,C-MNC-001-003,CS01,0,0,0.604,1
2026-05-10,C-MNC-001-003,CS02,0,0,0.646,2
2026-05-10,C-MNC-001-003,CS03,0,0,0.533,3
2026-05-10,C-MNC-001-003,CS04,1,0,0.479,5
2026-05-10,C-MNC-004-001,CS01,0,0,0.637,2
2026-05-10,C-MNC-004-001,CS02,0,0,0.674,3
2026-05-10,C-MNC-004-001,CS03,1,0,0.546,5
2026-05-10,C-MNC-004-001,CS04,2,0,0.483,5
2026-05-10,C-MNC-005-002,CS01,0,0,0.551,1
2026-05-10,C-MNC-005-002,CS02,0,0,0.691,2
2026-05-10,C-MNC-005-002,CS03,0,0,0.495,2
2026-05-10,C-MNC-005-002,CS04,1,0,0.446,3
2026-05-10,C-MTL-005-001,CS01,0,0,0.667,1
2026-05-10,C-MTL-005-001,CS02,0,0,0.675,2
2026-05-10,C-MTL-005-001,CS03,0,0,0.5,2
2026-05-10,C-MTL-005-001,CS04,1,0,0.478,2
2026-05-10,C-MTL-018-001,CS01,0,0,0.611,2
2026-05-10,C-MTL-018-001,CS02,0,0,0.634,2
2026-05-10,C-MTL-018-001,CS03,0,0,0.503,3
2026-05-10,C-MTL-018-001,CS04,1,0,0.451,5
2026-05-10,C-MTL-018-003,CS01,0,0,0.577,2
2026-05-10,C-MTL-018-003,CS02,0,0,0.663,4
2026-05-10,C-MTL-018-003,CS03,1,0,0.518,3
2026-05-10,C-MTL-018-003,CS04,2,0,0.473,4
2026-05-10,C-MTL-019-002,CS01,0,0,0.585,1
2026-05-10,C-MTL-019-002,CS02,0,0,0.666,4
2026-05-10,C-MTL-019-002,CS03,0,0,0.501,5
2026-05-10,C-MTL-019-002,CS04,1,0,0.463,5
2026-05-10,C-OTT-003-001,CS01,0,0,0.57,2
2026-05-10,C-OTT-003-001,CS02,0,0,0.669,2
2026-05-10,C-OTT-003-001,CS03,0,0,0.539,4
2026-05-10,C-OTT-003-001,CS04,1,0,0.457,5
2026-05-10,C-OTT-003-002,CS01,0,0,0.54,2
2026-05-10,C-OTT-003-002,CS02,0,0,0.64,2
2026-05-10,C-OTT-003-002,CS03,1,0,0.467,3
2026-05-10,C-OTT-003-002,CS04,2,0,0.47,6
2026-05-10,C-OTT-011-001,CS01,0,0,0.608,2
2026-05-10,C-OTT-011-001,CS02,0,0,0.685,3
2026-05-10,C-OTT-011-001,CS03,1,0,0.51,6
2026-05-10,C-OTT-011-001,CS04,2,0,0.459,6
2026-05-10,C-OTT-013-002,CS01,0,0,0.617,1
2026-05-10,C-OTT-013-002,CS02,0,0,0.633,2
2026-05-10,C-OTT-013-002,CS03,0,0,0.553,3
2026-05-10,C-OTT-013-002,CS04,1,0,0.424,4
2026-05-10,C-OTT-013-003,CS01,0,0,0.561,3
2026-05-10,C-OTT-013-003,CS02,0,0,0.643,3
2026-05-10,C-OTT-013-003,CS03,1,0,0.517,5
2026-05-10,C-OTT-013-003,CS04,2,0,0.503,6
2026-05-10,C-OTT-014-001,CS01,0,0,0.612,1
2026-05-10,C-OTT-014-001,CS02,0,0,0.683,2
2026-05-10,C-OTT-014-001,CS03,0,0,0.484,2
2026-05-10,C-OTT-014-001,CS04,1,0,0.437,2
2026-05-10,C-QBC-009-003,CS01,0,0,0.572,1
2026-05-10,C-QBC-009-003,CS02,0,0,0.604,3
2026-05-10,C-QBC-009-003,CS03,0,0,0.525,2
2026-05-10,C-QBC-009-003,CS04,1,0,0.478,3
2026-05-10,C-QBC-010-002,CS01,0,0,0.596,3
2026-05-10,C-QBC-010-002,CS02,0,0,0.682,4
2026-05-10,C-QBC-010-002,CS03,1,0,0.559,4
2026-05-10,C-QBC-010-002,CS04,2,0,0.467,6
2026-05-10,C-QBC-010-003,CS01,0,0,0.619,1
2026-05-10,C-QBC-010-003,CS02,0,0,0.683,3
2026-05-10,C-QBC-010-003,CS03,1,0,0.465,5
2026-05-10,C-QBC-010-003,CS04,2,0,0.485,4
2026-05-10,C-QBC-013-002,CS01,0,0,0.616,2
2026-05-10,C-QBC-013-002,CS02,0,0,0.669,2
2026-05-10,C-QBC-013-002,CS03,0,0,0.551,4
2026-05-10,C-QBC-013-002,CS04,1,0,0.465,5
2026-05-10,C-QBC-023-003,CS01,0,0,0.557,1
2026-05-10,C-QBC-023-003,CS02,0,0,0.673,2
2026-05-10,C-QBC-023-003,CS03,0,0,0.494,3
2026-05-10,C-QBC-023-003,CS04,1,0,0.53,4
2026-05-10,C-STJ-001-001,CS01,0,0,0.597,1
2026-05-10,C-STJ-001-001,CS02,0,0,0.635,3
2026-05-10,C-STJ-001-001,CS03,0,0,0.515,4
2026-05-10,C-STJ-001-001,CS04,1,0,0.504,4
2026-05-10,C-SUR-008-001,CS01,0,0,0.603,1
2026-05-10,C-SUR-008-001,CS02,0,0,0.619,3
2026-05-10,C-SUR-008-001,CS03,0,0,0.517,2
2026-05-10,C-SUR-008-001,CS04,1,0,0.449,4
2026-05-10,C-SUR-011-001,CS01,0,0,0.626,3
2026-05-10,C-SUR-011-001,CS02,0,0,0.639,3
2026-05-10,C-SUR-011-001,CS03,1,0,0.496,3
2026-05-10,C-SUR-011-001,CS04,2,0,0.5,6
2026-05-10,C-SUR-012-001,CS01,0,0,0.574,2
2026-05-10,C-SUR-012-001,CS02,0,0,0.656,2
2026-05-10,C-SUR-012-001,CS03,0,0,0.541,4
2026-05-10,C-SUR-012-001,CS04,1,0,0.475,4
2026-05-10,C-SUR-012-002,CS01,0,0,0.615,1
2026-05-10,C-SUR-012-002,CS02,0,0,0.697,2
2026-05-10,C-SUR-012-002,CS03,0,0,0.5,2
2026-05-10,C-SUR-012-002,CS04,1,0,0.424,2
2026-05-10,C-TOR-017-002,CS01,0,0,0.592,2
2026-05-10,C-TOR-017-002,CS02,0,0,0.654,2
2026-05-10,C-TOR-017-002,CS03,0,0,0.513,3
2026-05-10,C-TOR-017-002,CS04,1,0,0.457,5
2026-05-10,C-TOR-018-001,CS01,0,0,0.574,2
2026-05-10,C-TOR-018-001,CS02,0,0,0.667,4
2026-05-10,C-TOR-018-001,CS03,1,0,0.549,3
2026-05-10,C-TOR-018-001,CS04,2,0,0.482,4
2026-05-10,C-VAN-003-002,CS01,0,0,0.587,1
2026-05-10,C-VAN-003-002,CS02,0,0,0.696,1
2026-05-10,C-VAN-003-002,CS03,0,0,0.525,2
2026-05-10,C-VAN-003-002,CS04,1,0,0.47,3
2026-05-10,C-VAN-013-002,CS01,0,0,0.623,1
2026-05-10,C-VAN-013-002,CS02,0,0,0.692,1
2026-05-10,C-VAN-013-002,CS03,0,0,0.529,2
2026-05-10,C-VAN-013-002,CS04,1,0,0.442,3
2026-05-10,C-VAN-N-002,CS01,0,0,0.586,1
2026-05-10,C-VAN-N-002,CS02,0,0,0.572,2
2026-05-10,C-VAN-N-002,CS03,0,0,0.54,2
2026-05-10,C-VAN-N-002,CS04,1,0,0.513,3
2026-05-10,C-VIC-006-001,CS01,0,0,0.631,2
2026-05-10,C-VIC-006-001,CS02,0,0,0.683,3
2026-05-10,C-VIC-006-001,CS03,0,0,0.552,3
2026-05-10,C-VIC-006-001,CS04,1,0,0.461,5
2026-05-10,C-WPG-001-002,CS01,0,0,0.61,1
2026-05-10,C-WPG-001-002,CS02,0,0,0.671,3
2026-05-10,C-WPG-001-002,CS03,0,0,0.515,3
2026-05-10,C-WPG-001-002,CS04,1,0,0.482,3
2026-05-11,C-CHA-003-001,CS01,0,0,0.659,1
2026-05-11,C-CHA-003-001,CS02,0,0,0.711,2
2026-05-11,C-CHA-003-001,CS03,0,0,0.532,2
2026-05-11,C-CHA-003-001,CS04,1,0,0.463,3
2026-05-11,C-EDM-002-001,CS01,0,0,0.565,2
2026-05-11,C-EDM-002-001,CS02,0,0,0.67,5
2026-05-11,C-EDM-002-001,CS03,1,0,0.529,5
2026-05-11,C-EDM-002-001,CS04,2,0,0.478,7
2026-05-11,C-HAM-002-002,CS01,0,0,0.614,1
2026-05-11,C-HAM-002-002,CS02,0,0,0.644,2
2026-05-11,C-HAM-002-002,CS03,0,0,0.513,2
2026-05-11,C-HAM-002-002,CS04,1,0,0.469,4
2026-05-11,C-HAM-012-003,CS01,0,0,0.59,2
2026-05-11,C-HAM-012-003,CS02,0,0,0.639,4
2026-05-11,C-HAM-012-003,CS03,1,0,0.51,3
2026-05-11,C-HAM-012-003,CS04,2,0,0.476,6
2026-05-11,C-HAM-016-002,CS01,0,0,0.606,3
2026-05-11,C-HAM-016-002,CS02,0,0,0.63,4
2026-05-11,C-HAM-016-002,CS03,1,0,0.51,5
2026-05-11,C-HAM-016-002,CS04,2,0,0.524,6
2026-05-11,C-LAV-006-001,CS01,0,0,0.615,1
2026-05-11,C-LAV-006-001,CS02,0,0,0.65,2
2026-05-11,C-LAV-006-001,CS03,0,0,0.517,2
2026-05-11,C-LAV-006-001,CS04,1,0,0.483,4
2026-05-11,C-LAV-007-002,CS01,0,0,0.636,3
2026-05-11,C-LAV-007-002,CS02,0,0,0.692,3
2026-05-11,C-LAV-007-002,CS03,1,0,0.518,3
2026-05-11,C-LAV-007-002,CS04,2,0,0.495,4
2026-05-11,C-LAV-008-001,CS01,0,0,0.608,2
2026-05-11,C-LAV-008-001,CS02,0,0,0.666,3
2026-05-11,C-LAV-008-001,CS03,0,0,0.519,4
2026-05-11,C-LAV-008-001,CS04,1,0,0.466,4
2026-05-11,C-LDN-007-001,CS01,0,0,0.602,2
2026-05-11,C-LDN-007-001,CS02,0,0,0.721,3
2026-05-11,C-LDN-007-001,CS03,1,0,0.554,3
2026-05-11,C-LDN-007-001,CS04,1,0,0.499,4
2026-05-11,C-LDN-010-001,CS01,0,0,0.566,2
2026-05-11,C-LDN-010-001,CS02,0,0,0.66,3
2026-05-11,C-LDN-010-001,CS03,0,0,0.504,4
2026-05-11,C-LDN-010-001,CS04,1,0,0.542,4
2026-05-11,C-LDN-010-002,CS01,0,0,0.588,2
2026-05-11,C-LDN-010-002,CS02,0,0,0.683,3
2026-05-11,C-LDN-010-002,CS03,0,0,0.483,4
2026-05-11,C-LDN-010-002,CS04,1,0,0.452,4
2026-05-11,C-MNC-001-002,CS01,0,0,0.584,2
2026-05-11,C-MNC-001-002,CS02,0,0,0.677,2
2026-05-11,C-MNC-001-002,CS03,1,0,0.511,3
2026-05-11,C-MNC-001-002,CS04,1,0,0.479,5
2026-05-11,C-MNC-002-001,CS01,0,0,0.64,2
2026-05-11,C-MNC-002-001,CS02,0,0,0.654,4
2026-05-11,C-MNC-002-001,CS03,1,0,0.522,7
2026-05-11,C-MNC-002-001,CS04,2,0,0.512,8
2026-05-11,C-MNC-003-003,CS01,0,0,0.605,2
2026-05-11,C-MNC-003-003,CS02,0,0,0.665,2
2026-05-11,C-MNC-003-003,CS03,0,0,0.514,2
2026-05-11,C-MNC-003-003,CS04,1,0,0.471,5
2026-05-11,C-MNC-004-003,CS01,0,0,0.597,1
2026-05-11,C-MNC-004-003,CS02,0,0,0.645,2
2026-05-11,C-MNC-004-003,CS03,1,0,0.542,4
2026-05-11,C-MNC-004-003,CS04,1,0,0.476,4
2026-05-11,C-MNC-005-002,CS01,0,0,0.611,1
2026-05-11,C-MNC-005-002,CS02,0,0,0.663,2
2026-05-11,C-MNC-005-002,CS03,0,0,0.526,2
2026-05-11,C-MNC-005-002,CS04,1,0,0.467,4
2026-05-11,C-MNC-005-003,CS01,0,0,0.594,1
2026-05-11,C-MNC-005-003,CS02,0,0,0.681,2
2026-05-11,C-MNC-005-003,CS03,0,0,0.515,3
2026-05-11,C-MNC-005-003,CS04,1,0,0.479,3
2026-05-11,C-QBC-012-002,CS01,0,0,0.661,2
2026-05-11,C-QBC-012-002,CS02,0,0,0.686,3
2026-05-11,C-QBC-012-002,CS03,0,0,0.492,2
2026-05-11,C-QBC-012-002,CS04,1,0,0.436,5
2026-05-11,C-QBC-016-003,CS01,0,0,0.601,3
2026-05-11,C-QBC-016-003,CS02,0,0,0.625,3
2026-05-11,C-QBC-016-003,CS03,1,0,0.561,4
2026-05-11,C-QBC-016-003,CS04,2,0,0.432,7
2026-05-11,C-QBC-022-003,CS01,0,0,0.604,1
2026-05-11,C-QBC-022-003,CS02,0,0,0.636,2
2026-05-11,C-QBC-022-003,CS03,0,0,0.515,2
2026-05-11,C-QBC-022-003,CS04,1,0,0.502,3
2026-05-11,C-STJ-001-002,CS01,0,0,0.61,3
2026-05-11,C-STJ-001-002,CS02,0,0,0.699,3
2026-05-11,C-STJ-001-002,CS03,1,0,0.543,6
2026-05-11,C-STJ-001-002,CS04,2,0,0.443,6
2026-05-11,C-SUR-002-001,CS01,0,0,0.613,2
2026-05-11,C-SUR-002-001,CS02,0,0,0.649,4
2026-05-11,C-SUR-002-001,CS03,1,0,0.513,4
2026-05-11,C-SUR-002-001,CS04,2,0,0.473,7
2026-05-11,C-SUR-005-002,CS01,0,0,0.594,2
2026-05-11,C-SUR-005-002,CS02,0,0,0.685,3
2026-05-11,C-SUR-005-002,CS03,0,0,0.532,4
2026-05-11,C-SUR-005-002,CS04,1,0,0.511,4
2026-05-11,C-SUR-005-003,CS01,0,0,0.612,2
2026-05-11,C-SUR-005-003,CS02,0,0,0.618,6
2026-05-11,C-SUR-005-003,CS03,1,0,0.523,6
2026-05-11,C-SUR-005-003,CS04,2,0,0.462,5
2026-05-11,C-SUR-009-002,CS01,0,0,0.568,1
2026-05-11,C-SUR-009-002,CS02,0,0,0.641,2
2026-05-11,C-SUR-009-002,CS03,0,0,0.489,2
2026-05-11,C-SUR-009-002,CS04,1,0,0.509,3
2026-05-11,C-SUR-012-001,CS01,0,0,0.639,1
2026-05-11,C-SUR-012-001,CS02,0,0,0.682,3
2026-05-11,C-SUR-012-001,CS03,0,0,0.506,3
2026-05-11,C-SUR-012-001,CS04,1,0,0.454,5
2026-05-11,C-TOR-017-001,CS01,0,0,0.579,3
2026-05-11,C-TOR-017-001,CS02,0,0,0.65,3
2026-05-11,C-TOR-017-001,CS03,1,0,0.53,5
2026-05-11,C-TOR-017-001,CS04,2,0,0.463,9
2026-05-11,C-TOR-017-003,CS01,0,0,0.599,2
2026-05-11,C-TOR-017-003,CS02,0,0,0.658,2
2026-05-11,C-TOR-017-003,CS03,0,0,0.515,2
2026-05-11,C-TOR-017-003,CS04,1,0,0.521,3
2026-05-11,C-TOR-019-003,CS01,0,0,0.595,2
2026-05-11,C-TOR-019-003,CS02,0,0,0.638,3
2026-05-11,C-TOR-019-003,CS03,0,0,0.495,2
2026-05-11,C-TOR-019-003,CS04,1,0,0.486,3
2026-05-11,C-VAN-001-003,CS01,0,0,0.626,1
2026-05-11,C-VAN-001-003,CS02,0,0,0.666,3
2026-05-11,C-VAN-001-003,CS03,0,0,0.488,3
2026-05-11,C-VAN-001-003,CS04,1,0,0.408,3
2026-05-11,C-VIC-006-001,CS01,0,0,0.599,2
2026-05-11,C-VIC-006-001,CS02,0,0,0.663,3
2026-05-11,C-VIC-006-001,CS03,0,0,0.523,4
2026-05-11,C-VIC-006-001,CS04,1,0,0.473,4
2026-05-11,C-WPG-002-001,CS01,0,0,0.661,1
2026-05-11,C-WPG-002-001,CS02,0,0,0.704,3
2026-05-11,C-WPG-002-001,CS03,1,0,0.503,3
2026-05-11,C-WPG-002-001,CS04,2,0,0.477,4
2026-05-11,C-WPG-003-003,CS01,0,0,0.613,1
2026-05-11,C-WPG-003-003,CS02,0,0,0.62,3
2026-05-11,C-WPG-003-003,CS03,0,0,0.505,4
2026-05-11,C-WPG-003-003,CS04,1,0,0.483,3
2026-05-12,C-CHA-003-003,CS01,0,0,0.639,1
2026-05-12,C-CHA-003-003,CS02,0,0,0.632,3
2026-05-12,C-CHA-003-003,CS03,0,0,0.599,3
2026-05-12,C-CHA-003-003,CS04,1,0,0.494,4
2026-05-12,C-EDM-003-003,CS01,0,0,0.61,2
2026-05-12,C-EDM-003-003,CS02,0,0,0.642,2
2026-05-12,C-EDM-003-003,CS03,0,0,0.568,3
2026-05-12,C-EDM-003-003,CS04,1,0,0.491,5
2026-05-12,C-HAM-016-001,CS01,0,0,0.628,1
2026-05-12,C-HAM-016-001,CS02,0,0,0.632,2
2026-05-12,C-HAM-016-001,CS03,0,0,0.503,2
2026-05-12,C-HAM-016-001,CS04,1,0,0.47,3
2026-05-12,C-HAM-020-002,CS01,0,0,0.61,2
2026-05-12,C-HAM-020-002,CS02,0,0,0.618,4
2026-05-12,C-HAM-020-002,CS03,1,0,0.566,5
2026-05-12,C-HAM-020-002,CS04,2,0,0.448,5
2026-05-12,C-HAM-025-001,CS01,0,0,0.586,1
2026-05-12,C-HAM-025-001,CS02,0,0,0.653,2
2026-05-12,C-HAM-025-001,CS03,0,0,0.576,3
2026-05-12,C-HAM-025-001,CS04,1,0,0.459,4
2026-05-12,C-LAV-006-002,CS01,0,0,0.607,3
2026-05-12,C-LAV-006-002,CS02,0,0,0.654,4
2026-05-12,C-LAV-006-002,CS03,1,0,0.55,4
2026-05-12,C-LAV-006-002,CS04,2,0,0.455,6
2026-05-12,C-LAV-007-001,CS01,0,0,0.641,1
2026-05-12,C-LAV-007-001,CS02,0,0,0.63,3
2026-05-12,C-LAV-007-001,CS03,0,0,0.462,2
2026-05-12,C-LAV-007-001,CS04,1,0,0.506,5
2026-05-12,C-LAV-007-003,CS01,0,0,0.618,1
2026-05-12,C-LAV-007-003,CS02,0,0,0.64,4
2026-05-12,C-LAV-007-003,CS03,0,0,0.509,2
2026-05-12,C-LAV-007-003,CS04,1,0,0.498,4
2026-05-12,C-LAV-014-002,CS01,0,0,0.651,2
2026-05-12,C-LAV-014-002,CS02,0,0,0.681,4
2026-05-12,C-LAV-014-002,CS03,1,0,0.516,5
2026-05-12,C-LAV-014-002,CS04,2,0,0.465,5
2026-05-12,C-LAV-017-003,CS01,0,0,0.616,1
2026-05-12,C-LAV-017-003,CS02,0,0,0.723,2
2026-05-12,C-LAV-017-003,CS03,0,0,0.512,2
2026-05-12,C-LAV-017-003,CS04,1,0,0.485,3
2026-05-12,C-LDN-007-001,CS01,0,0,0.638,2
2026-05-12,C-LDN-007-001,CS02,0,0,0.626,3
2026-05-12,C-LDN-007-001,CS03,1,0,0.538,5
2026-05-12,C-LDN-007-001,CS04,1,0,0.459,5
2026-05-12,C-LDN-007-003,CS01,0,0,0.607,1
2026-05-12,C-LDN-007-003,CS02,0,0,0.665,3
2026-05-12,C-LDN-007-003,CS03,0,0,0.469,3
2026-05-12,C-LDN-007-003,CS04,1,0,0.461,4
2026-05-12,C-LDN-008-001,CS01,0,0,0.64,2
2026-05-12,C-LDN-008-001,CS02,0,0,0.652,2
2026-05-12,C-LDN-008-001,CS03,1,0,0.481,4
2026-05-12,C-LDN-008-001,CS04,2,0,0.498,6
2026-05-12,C-LDN-008-002,CS01,0,0,0.617,3
2026-05-12,C-LDN-008-002,CS02,0,0,0.631,3
2026-05-12,C-LDN-008-002,CS03,1,0,0.495,5
2026-05-12,C-LDN-008-002,CS04,2,0,0.504,6
2026-05-12,C-MNC-001-003,CS01,0,0,0.618,1
2026-05-12,C-MNC-001-003,CS02,0,0,0.659,2
2026-05-12,C-MNC-001-003,CS03,0,0,0.54,3
2026-05-12,C-MNC-001-003,CS04,1,0,0.485,5
2026-05-12,C-MTL-001-001,CS01,0,0,0.616,1
2026-05-12,C-MTL-001-001,CS02,0,0,0.677,3
2026-05-12,C-MTL-001-001,CS03,0,0,0.555,3
2026-05-12,C-MTL-001-001,CS04,1,0,0.457,3
2026-05-12,C-MTL-003-002,CS01,0,0,0.628,1
2026-05-12,C-MTL-003-002,CS02,0,0,0.652,2
2026-05-12,C-MTL-003-002,CS03,0,0,0.504,3
2026-05-12,C-MTL-003-002,CS04,1,0,0.522,4
2026-05-12,C-MTL-015-003,CS01,0,0,0.63,3
2026-05-12,C-MTL-015-003,CS02,0,0,0.596,4
2026-05-12,C-MTL-015-003,CS03,1,0,0.53,6
2026-05-12,C-MTL-015-003,CS04,2,0,0.437,7
2026-05-12,C-MTL-019-001,CS01,0,0,0.626,2
2026-05-12,C-MTL-019-001,CS02,0,0,0.7,4
2026-05-12,C-MTL-019-001,CS03,1,0,0.515,4
2026-05-12,C-MTL-019-001,CS04,2,0,0.463,7
2026-05-12,C-MTL-021-002,CS01,0,0,0.662,1
2026-05-12,C-MTL-021-002,CS02,0,0,0.65,1
2026-05-12,C-MTL-021-002,CS03,0,0,0.52,2
2026-05-12,C-MTL-021-002,CS04,1,0,0.533,2
2026-05-12,C-OTT-011-002,CS01,0,0,0.645,1
2026-05-12,C-OTT-011-002,CS02,0,0,0.64,3
2026-05-12,C-OTT-011-002,CS03,0,0,0.527,2
2026-05-12,C-OTT-011-002,CS04,1,0,0.423,3
2026-05-12,C-OTT-014-003,CS01,0,0,0.592,1
2026-05-12,C-OTT-014-003,CS02,0,0,0.625,3
2026-05-12,C-OTT-014-003,CS03,0,0,0.542,2
2026-05-12,C-OTT-014-003,CS04,1,0,0.494,4
2026-05-12,C-QBC-002-003,CS01,0,0,0.592,2
2026-05-12,C-QBC-002-003,CS02,0,0,0.674,3
2026-05-12,C-QBC-002-003,CS03,0,0,0.519,3
2026-05-12,C-QBC-002-003,CS04,1,0,0.492,3
2026-05-12,C-QBC-009-001,CS01,0,0,0.583,2
2026-05-12,C-QBC-009-001,CS02,0,0,0.645,4
2026-05-12,C-QBC-009-001,CS03,1,0,0.489,4
2026-05-12,C-QBC-009-001,CS04,2,0,0.434,8
2026-05-12,C-QBC-009-003,CS01,0,0,0.627,1
2026-05-12,C-QBC-009-003,CS02,0,0,0.642,3
2026-05-12,C-QBC-009-003,CS03,0,0,0.475,2
2026-05-12,C-QBC-009-003,CS04,1,0,0.487,5
2026-05-12,C-QBC-013-002,CS01,0,0,0.601,2
2026-05-12,C-QBC-013-002,CS02,0,0,0.63,2
2026-05-12,C-QBC-013-002,CS03,0,0,0.473,3
2026-05-12,C-QBC-013-002,CS04,1,0,0.49,3
2026-05-12,C-QBC-016-002,CS01,0,0,0.651,1
2026-05-12,C-QBC-016-002,CS02,0,0,0.636,2
2026-05-12,C-QBC-016-002,CS03,0,0,0.584,4
2026-05-12,C-QBC-016-002,CS04,1,0,0.527,5
2026-05-12,C-QBC-022-001,CS01,0,0,0.608,1
2026-05-12,C-QBC-022-001,CS02,0,0,0.693,2
2026-05-12,C-QBC-022-001,CS03,0,0,0.517,2
2026-05-12,C-QBC-022-001,CS04,1,0,0.478,4
2026-05-12,C-REG-002-003,CS01,0,0,0.619,3
2026-05-12,C-REG-002-003,CS02,0,0,0.653,6
2026-05-12,C-REG-002-003,CS03,1,0,0.503,5
2026-05-12,C-REG-002-003,CS04,2,0,0.494,7
2026-05-12,C-SUR-010-003,CS01,0,0,0.612,2
2026-05-12,C-SUR-010-003,CS02,0,0,0.666,4
2026-05-12,C-SUR-010-003,CS03,1,0,0.537,5
2026-05-12,C-SUR-010-003,CS04,1,0,0.519,6
2026-05-12,C-SUR-012-002,CS01,0,0,0.618,1
2026-05-12,C-SUR-012-002,CS02,0,0,0.648,2
2026-05-12,C-SUR-012-002,CS03,0,0,0.516,3
2026-05-12,C-SUR-012-002,CS04,1,0,0.465,2
2026-05-12,C-TOR-018-002,CS01,0,0,0.544,2
2026-05-12,C-TOR-018-002,CS02,0,0,0.717,1
2026-05-12,C-TOR-018-002,CS03,0,0,0.569,2
2026-05-12,C-TOR-018-002,CS04,1,0,0.515,4
2026-05-12,C-TOR-019-003,CS01,0,0,0.594,1
2026-05-12,C-TOR-019-003,CS02,0,0,0.742,1
2026-05-12,C-TOR-019-003,CS03,0,0,0.478,3
2026-05-12,C-TOR-019-003,CS04,1,0,0.477,4
2026-05-12,C-TOR-021-001,CS01,0,0,0.626,1
2026-05-12,C-TOR-021-001,CS02,0,0,0.64,2
2026-05-12,C-TOR-021-001,CS03,0,0,0.541,2
2026-05-12,C-TOR-021-001,CS04,1,0,0.53,2
2026-05-12,C-TOR-023-002,CS01,0,0,0.594,2
2026-05-12,C-TOR-023-002,CS02,0,0,0.639,4
2026-05-12,C-TOR-023-002,CS03,1,0,0.593,5
2026-05-12,C-TOR-023-002,CS04,2,0,0.532,7
2026-05-12,C-VAN-003-001,CS01,0,0,0.606,2
2026-05-12,C-VAN-003-001,CS02,0,0,0.627,3
2026-05-12,C-VAN-003-001,CS03,1,0,0.501,6
2026-05-12,C-VAN-003-001,CS04,2,0,0.475,7
2026-05-12,C-VAN-007-003,CS01,0,0,0.601,2
2026-05-12,C-VAN-007-003,CS02,0,0,0.625,3
2026-05-12,C-VAN-007-003,CS03,1,0,0.557,3
2026-05-12,C-VAN-007-003,CS04,1,0,0.452,6
2026-05-12,C-VAN-013-001,CS01,0,0,0.608,1
2026-05-12,C-VAN-013-001,CS02,0,0,0.675,3
2026-05-12,C-VAN-013-001,CS03,1,0,0.503,5
2026-05-12,C-VAN-013-001,CS04,2,0,0.492,6
2026-05-12,C-VAN-013-002,CS01,0,0,0.593,1
2026-05-12,C-VAN-013-002,CS02,0,0,0.629,2
2026-05-12,C-VAN-013-002,CS03,0,0,0.503,3
2026-05-12,C-VAN-013-002,CS04,1,0,0.551,3
2026-05-12,C-WPG-001-001,CS01,0,0,0.608,3
2026-05-12,C-WPG-001-001,CS02,0,0,0.687,4
2026-05-12,C-WPG-001-001,CS03,1,0,0.556,5
2026-05-12,C-WPG-001-001,CS04,2,0,0.473,6
2026-05-12,C-WPG-002-001,CS01,0,0,0.586,1
2026-05-12,C-WPG-002-001,CS02,0,0,0.625,4
2026-05-12,C-WPG-002-001,CS03,1,0,0.488,3
2026-05-12,C-WPG-002-001,CS04,1,0,0.52,5
2026-05-12,C-WPG-002-002,CS01,0,0,0.62,2
2026-05-12,C-WPG-002-002,CS02,0,0,0.644,3
2026-05-12,C-WPG-002-002,CS03,0,0,0.539,3
2026-05-12,C-WPG-002-002,CS04,1,0,0.455,6
2026-05-12,C-WPG-002-003,CS01,0,0,0.556,1
2026-05-12,C-WPG-002-003,CS02,0,0,0.67,2
2026-05-12,C-WPG-002-003,CS03,0,0,0.485,2
2026-05-12,C-WPG-002-003,CS04,1,0,0.461,4
2026-05-12,C-WPG-003-001,CS01,0,0,0.626,1
2026-05-12,C-WPG-003-001,CS02,0,0,0.62,3
2026-05-12,C-WPG-003-001,CS03,0,0,0.518,3
2026-05-12,C-WPG-003-001,CS04,1,0,0.478,5
2026-05-13,C-CAL-001-001,CS01,0,0,0.615,1
2026-05-13,C-CAL-001-001,CS02,0,0,0.698,3
2026-05-13,C-CAL-001-001,CS03,0,0,0.562,3
2026-05-13,C-CAL-001-001,CS04,1,0,0.518,4
2026-05-13,C-CAL-001-002,CS01,0,0,0.662,1
2026-05-13,C-CAL-001-002,CS02,0,0,0.631,3
2026-05-13,C-CAL-001-002,CS03,0,0,0.55,3
2026-05-13,C-CAL-001-002,CS04,1,0,0.508,4
2026-05-13,C-CAL-004-003,CS01,0,0,0.561,2
2026-05-13,C-CAL-004-003,CS02,0,0,0.681,3
2026-05-13,C-CAL-004-003,CS03,0,0,0.544,4
2026-05-13,C-CAL-004-003,CS04,1,0,0.448,3
2026-05-13,C-CHA-001-002,CS01,0,0,0.615,2
2026-05-13,C-CHA-001-002,CS02,0,0,0.674,4
2026-05-13,C-CHA-001-002,CS03,1,0,0.465,3
2026-05-13,C-CHA-001-002,CS04,2,0,0.465,7
2026-05-13,C-HAM-001-002,CS01,0,0,0.575,1
2026-05-13,C-HAM-001-002,CS02,0,0,0.65,4
2026-05-13,C-HAM-001-002,CS03,1,0,0.594,5
2026-05-13,C-HAM-001-002,CS04,2,0,0.549,5
2026-05-13,C-HAM-016-001,CS01,0,0,0.603,1
2026-05-13,C-HAM-016-001,CS02,0,0,0.632,2
2026-05-13,C-HAM-016-001,CS03,0,0,0.576,1
2026-05-13,C-HAM-016-001,CS04,1,0,0.47,3
2026-05-13,C-HAM-016-003,CS01,0,0,0.639,2
2026-05-13,C-HAM-016-003,CS02,0,0,0.611,3
2026-05-13,C-HAM-016-003,CS03,0,0,0.488,4
2026-05-13,C-HAM-016-003,CS04,1,0,0.486,5
2026-05-13,C-HAM-025-003,CS01,0,0,0.589,2
2026-05-13,C-HAM-025-003,CS02,0,0,0.656,4
2026-05-13,C-HAM-025-003,CS03,1,0,0.521,5
2026-05-13,C-HAM-025-003,CS04,2,0,0.415,6
2026-05-13,C-LAV-006-002,CS01,0,0,0.614,2
2026-05-13,C-LAV-006-002,CS02,0,0,0.651,3
2026-05-13,C-LAV-006-002,CS03,1,0,0.503,6
2026-05-13,C-LAV-006-002,CS04,2,0,0.467,5
2026-05-13,C-LAV-007-002,CS01,0,0,0.602,3
2026-05-13,C-LAV-007-002,CS02,0,0,0.665,4
2026-05-13,C-LAV-007-002,CS03,1,0,0.513,4
2026-05-13,C-LAV-007-002,CS04,2,0,0.513,5
2026-05-13,C-LAV-017-002,CS01,0,0,0.578,1
2026-05-13,C-LAV-017-002,CS02,0,0,0.659,2
2026-05-13,C-LAV-017-002,CS03,0,0,0.564,3
2026-05-13,C-LAV-017-002,CS04,1,0,0.461,3
2026-05-13,C-LAV-020-003,CS01,0,0,0.559,2
2026-05-13,C-LAV-020-003,CS02,0,0,0.589,2
2026-05-13,C-LAV-020-003,CS03,0,0,0.538,3
2026-05-13,C-LAV-020-003,CS04,1,0,0.542,4
2026-05-13,C-LDN-006-002,CS01,0,0,0.611,2
2026-05-13,C-LDN-006-002,CS02,0,0,0.693,4
2026-05-13,C-LDN-006-002,CS03,1,0,0.538,5
2026-05-13,C-LDN-006-002,CS04,2,0,0.44,5
2026-05-13,C-LDN-007-001,CS01,0,0,0.657,2
2026-05-13,C-LDN-007-001,CS02,0,0,0.704,3
2026-05-13,C-LDN-007-001,CS03,1,0,0.541,6
2026-05-13,C-LDN-007-001,CS04,2,0,0.498,4
2026-05-13,C-LDN-008-001,CS01,0,0,0.591,3
2026-05-13,C-LDN-008-001,CS02,0,0,0.652,3
2026-05-13,C-LDN-008-001,CS03,1,0,0.546,3
2026-05-13,C-LDN-008-001,CS04,2,0,0.447,4
2026-05-13,C-MIS-024-001,CS01,0,0,0.557,1
2026-05-13,C-MIS-024-001,CS02,0,0,0.625,3
2026-05-13,C-MIS-024-001,CS03,0,0,0.493,2
2026-05-13,C-MIS-024-001,CS04,1,0,0.535,4
2026-05-13,C-MIS-024-002,CS01,0,0,0.553,1
2026-05-13,C-MIS-024-002,CS02,0,0,0.605,2
2026-05-13,C-MIS-024-002,CS03,0,0,0.545,2
2026-05-13,C-MIS-024-002,CS04,1,0,0.418,4
2026-05-13,C-MNC-004-003,CS01,0,0,0.686,2
2026-05-13,C-MNC-004-003,CS02,0,0,0.671,2
2026-05-13,C-MNC-004-003,CS03,1,0,0.562,5
2026-05-13,C-MNC-004-003,CS04,1,0,0.482,6
2026-05-13,C-MTL-003-001,CS01,0,0,0.611,4
2026-05-13,C-MTL-003-001,CS02,0,0,0.623,6
2026-05-13,C-MTL-003-001,CS03,1,0,0.471,7
2026-05-13,C-MTL-003-001,CS04,2,0,0.481,5
2026-05-13,C-MTL-003-002,CS01,0,0,0.595,1
2026-05-13,C-MTL-003-002,CS02,0,0,0.625,2
2026-05-13,C-MTL-003-002,CS03,0,0,0.565,3
2026-05-13,C-MTL-003-002,CS04,1,0,0.473,4
2026-05-13,C-MTL-005-001,CS01,0,0,0.609,1
2026-05-13,C-MTL-005-001,CS02,0,0,0.668,2
2026-05-13,C-MTL-005-001,CS03,0,0,0.524,2
2026-05-13,C-MTL-005-001,CS04,1,0,0.453,3
2026-05-13,C-MTL-019-002,CS01,0,0,0.63,2
2026-05-13,C-MTL-019-002,CS02,0,0,0.576,3
2026-05-13,C-MTL-019-002,CS03,0,0,0.513,3
2026-05-13,C-MTL-019-002,CS04,1,0,0.513,4
2026-05-13,C-OTT-003-003,CS01,0,0,0.597,1
2026-05-13,C-OTT-003-003,CS02,0,0,0.672,2
2026-05-13,C-OTT-003-003,CS03,0,0,0.501,3
2026-05-13,C-OTT-003-003,CS04,1,0,0.477,4
2026-05-13,C-OTT-004-001,CS01,0,0,0.604,1
2026-05-13,C-OTT-004-001,CS02,0,0,0.604,2
2026-05-13,C-OTT-004-001,CS03,0,0,0.584,2
2026-05-13,C-OTT-004-001,CS04,1,0,0.449,3
2026-05-13,C-OTT-005-003,CS01,0,0,0.627,2
2026-05-13,C-OTT-005-003,CS02,0,0,0.68,4
2026-05-13,C-OTT-005-003,CS03,1,0,0.54,4
2026-05-13,C-OTT-005-003,CS04,2,0,0.392,7
2026-05-13,C-OTT-011-001,CS01,0,0,0.595,2
2026-05-13,C-OTT-011-001,CS02,0,0,0.657,5
2026-05-13,C-OTT-011-001,CS03,1,0,0.548,5
2026-05-13,C-OTT-011-001,CS04,2,0,0.503,5
2026-05-13,C-OTT-013-003,CS01,0,0,0.593,3
2026-05-13,C-OTT-013-003,CS02,0,0,0.547,3
2026-05-13,C-OTT-013-003,CS03,1,0,0.543,4
2026-05-13,C-OTT-013-003,CS04,2,0,0.494,7
2026-05-13,C-OTT-014-001,CS02,0,0,0.656,2
2026-05-13,C-OTT-014-001,CS03,0,0,0.498,2
2026-05-13,C-OTT-014-001,CS04,1,0,0.494,3
2026-05-13,C-OTT-014-002,CS01,0,0,0.63,2
2026-05-13,C-OTT-014-002,CS02,0,0,0.649,2
2026-05-13,C-OTT-014-002,CS03,0,0,0.519,3
2026-05-13,C-OTT-014-002,CS04,1,0,0.5,3
2026-05-13,C-OTT-022-002,CS01,0,0,0.599,2
2026-05-13,C-OTT-022-002,CS02,0,0,0.634,3
2026-05-13,C-OTT-022-002,CS03,1,0,0.514,5
2026-05-13,C-OTT-022-002,CS04,2,0,0.549,7
2026-05-13,C-OTT-022-003,CS01,0,0,0.587,2
2026-05-13,C-OTT-022-003,CS02,0,0,0.678,2
2026-05-13,C-OTT-022-003,CS03,0,0,0.477,2
2026-05-13,C-OTT-022-003,CS04,1,0,0.487,4
2026-05-13,C-QBC-009-001,CS01,0,0,0.614,2
2026-05-13,C-QBC-009-001,CS02,0,0,0.633,4
2026-05-13,C-QBC-009-001,CS03,1,0,0.581,4
2026-05-13,C-QBC-009-001,CS04,2,0,0.445,4
2026-05-13,C-QBC-009-003,CS01,0,0,0.622,1
2026-05-13,C-QBC-009-003,CS02,0,0,0.638,3
2026-05-13,C-QBC-009-003,CS03,0,0,0.499,2
2026-05-13,C-QBC-009-003,CS04,1,0,0.454,3
2026-05-13,C-QBC-011-003,CS01,0,0,0.596,2
2026-05-13,C-QBC-011-003,CS02,0,0,0.668,5
2026-05-13,C-QBC-011-003,CS03,1,0,0.511,5
2026-05-13,C-QBC-011-003,CS04,2,0,0.484,5
2026-05-13,C-QBC-016-002,CS01,0,0,0.609,1
2026-05-13,C-QBC-016-002,CS02,0,0,0.68,1
2026-05-13,C-QBC-016-002,CS03,0,0,0.492,2
2026-05-13,C-QBC-016-002,CS04,1,0,0.493,3
2026-05-13,C-QBC-016-003,CS01,0,0,0.666,2
2026-05-13,C-QBC-016-003,CS02,0,0,0.638,5
2026-05-13,C-QBC-016-003,CS03,1,0,0.535,5
2026-05-13,C-QBC-016-003,CS04,2,0,0.492,4
2026-05-13,C-SAS-001-003,CS01,0,0,0.591,1
2026-05-13,C-SAS-001-003,CS02,0,0,0.622,2
2026-05-13,C-SAS-001-003,CS03,0,0,0.569,3
2026-05-13,C-SAS-001-003,CS04,1,0,0.433,2
2026-05-13,C-SUR-002-003,CS01,0,0,0.603,2
2026-05-13,C-SUR-002-003,CS02,0,0,0.653,5
2026-05-13,C-SUR-002-003,CS03,1,0,0.523,6
2026-05-13,C-SUR-002-003,CS04,2,0,0.471,7
2026-05-13,C-SUR-008-001,CS01,0,0,0.577,1
2026-05-13,C-SUR-008-001,CS02,0,0,0.712,1
2026-05-13,C-SUR-008-001,CS03,0,0,0.551,2
2026-05-13,C-SUR-008-001,CS04,1,0,0.477,3
2026-05-13,C-SUR-010-002,CS01,0,0,0.584,2
2026-05-13,C-SUR-010-002,CS02,0,0,0.68,3
2026-05-13,C-SUR-010-002,CS03,0,0,0.533,4
2026-05-13,C-SUR-010-002,CS04,1,0,0.45,4
2026-05-13,C-SUR-011-002,CS01,0,0,0.562,1
2026-05-13,C-SUR-011-002,CS02,0,0,0.658,3
2026-05-13,C-SUR-011-002,CS03,1,0,0.528,4
2026-05-13,C-SUR-011-002,CS04,1,0,0.496,3
2026-05-13,C-TOR-009-001,CS01,0,0,0.614,1
2026-05-13,C-TOR-009-001,CS02,0,0,0.655,2
2026-05-13,C-TOR-009-001,CS03,0,0,0.552,2
2026-05-13,C-TOR-009-001,CS04,1,0,0.492,2
2026-05-13,C-TOR-009-003,CS01,0,0,0.614,2
2026-05-13,C-TOR-009-003,CS02,0,0,0.7,3
2026-05-13,C-TOR-009-003,CS03,0,0,0.516,4
2026-05-13,C-TOR-009-003,CS04,1,0,0.474,5
2026-05-13,C-VAN-001-002,CS01,0,0,0.624,1
2026-05-13,C-VAN-001-002,CS02,0,0,0.721,2
2026-05-13,C-VAN-001-002,CS03,0,0,0.529,1
2026-05-13,C-VAN-001-002,CS04,1,0,0.475,3
2026-05-13,C-VAN-004-001,CS01,0,0,0.642,2
2026-05-13,C-VAN-004-001,CS02,0,0,0.677,3
2026-05-13,C-VAN-004-001,CS03,0,0,0.499,3
2026-05-13,C-VAN-004-001,CS04,1,0,0.476,3
2026-05-13,C-VAN-013-002,CS01,0,0,0.64,1
2026-05-13,C-VAN-013-002,CS02,0,0,0.633,1
2026-05-13,C-VAN-013-002,CS03,0,0,0.55,1
2026-05-13,C-VAN-013-002,CS04,1,0,0.504,3
2026-05-13,C-VAN-013-003,CS01,0,0,0.628,1
2026-05-13,C-VAN-013-003,CS02,0,0,0.653,2
2026-05-13,C-VAN-013-003,CS03,0,0,0.463,3
2026-05-13,C-VAN-013-003,CS04,1,0,0.475,2
2026-05-13,C-VIC-006-001,CS01,0,0,0.641,2
2026-05-13,C-VIC-006-001,CS02,0,0,0.631,2
2026-05-13,C-VIC-006-001,CS03,0,0,0.439,2
2026-05-13,C-VIC-006-001,CS04,1,0,0.432,5
2026-05-14,C-CHA-003-001,CS01,0,0,0.602,1
2026-05-14,C-CHA-003-001,CS02,0,0,0.736,1
2026-05-14,C-CHA-003-001,CS03,0,0,0.568,3
2026-05-14,C-CHA-003-001,CS04,1,0,0.453,2
2026-05-14,C-CHA-003-003,CS01,0,0,0.628,1
2026-05-14,C-CHA-003-003,CS02,0,0,0.628,2
2026-05-14,C-CHA-003-003,CS03,0,0,0.509,3
2026-05-14,C-CHA-003-003,CS04,1,0,0.484,3
2026-05-14,C-EDM-002-003,CS01,0,0,0.642,2
2026-05-14,C-EDM-002-003,CS02,0,0,0.635,3
2026-05-14,C-EDM-002-003,CS03,1,0,0.554,3
2026-05-14,C-EDM-002-003,CS04,1,0,0.469,3
2026-05-14,C-HAM-001-003,CS01,0,0,0.609,3
2026-05-14,C-HAM-001-003,CS02,0,0,0.661,4
2026-05-14,C-HAM-001-003,CS03,1,0,0.532,6
2026-05-14,C-HAM-001-003,CS04,2,0,0.527,4
2026-05-14,C-HAM-002-001,CS01,0,0,0.597,2
2026-05-14,C-HAM-002-001,CS02,0,0,0.671,2
2026-05-14,C-HAM-002-001,CS03,0,0,0.525,4
2026-05-14,C-HAM-002-001,CS04,1,0,0.465,5
2026-05-14,C-HAM-002-002,CS01,0,0,0.588,2
2026-05-14,C-HAM-002-002,CS02,0,0,0.671,2
2026-05-14,C-HAM-002-002,CS03,0,0,0.522,3
2026-05-14,C-HAM-002-002,CS04,1,0,0.435,3
2026-05-14,C-HAM-020-001,CS01,0,0,0.541,1
2026-05-14,C-HAM-020-001,CS02,0,0,0.64,2
2026-05-14,C-HAM-020-001,CS03,0,0,0.585,2
2026-05-14,C-HAM-020-001,CS04,1,0,0.469,3
2026-05-14,C-LAV-006-003,CS01,0,0,0.588,1
2026-05-14,C-LAV-006-003,CS02,0,0,0.643,2
2026-05-14,C-LAV-006-003,CS03,0,0,0.532,3
2026-05-14,C-LAV-006-003,CS04,1,0,0.494,3
2026-05-14,C-LAV-007-001,CS01,0,0,0.61,1
2026-05-14,C-LAV-007-001,CS02,0,0,0.618,4
2026-05-14,C-LAV-007-001,CS03,0,0,0.508,2
2026-05-14,C-LAV-007-001,CS04,1,0,0.465,5
2026-05-14,C-LAV-007-003,CS01,0,0,0.624,2
2026-05-14,C-LAV-007-003,CS02,0,0,0.624,4
2026-05-14,C-LAV-007-003,CS03,0,0,0.479,4
2026-05-14,C-LAV-007-003,CS04,1,0,0.46,5
2026-05-14,C-LAV-008-002,CS01,0,0,0.639,1
2026-05-14,C-LAV-008-002,CS02,0,0,0.719,2
2026-05-14,C-LAV-008-002,CS03,0,0,0.47,2
2026-05-14,C-LAV-008-002,CS04,1,0,0.475,2
2026-05-14,C-LAV-014-003,CS01,0,0,0.629,1
2026-05-14,C-LAV-014-003,CS02,0,0,0.719,2
2026-05-14,C-LAV-014-003,CS03,0,0,0.523,3
2026-05-14,C-LAV-014-003,CS04,1,0,0.49,3
2026-05-14,C-LAV-017-001,CS01,0,0,0.63,1
2026-05-14,C-LAV-017-001,CS02,0,0,0.655,2
2026-05-14,C-LAV-017-001,CS03,0,0,0.521,2
2026-05-14,C-LAV-017-001,CS04,1,0,0.51,3
2026-05-14,C-LDN-007-002,CS01,0,0,0.567,1
2026-05-14,C-LDN-007-002,CS02,0,0,0.633,3
2026-05-14,C-LDN-007-002,CS03,1,0,0.532,5
2026-05-14,C-LDN-007-002,CS04,2,0,0.466,6
2026-05-14,C-MNC-004-001,CS01,0,0,0.61,3
2026-05-14,C-MNC-004-001,CS02,0,0,0.674,3
2026-05-14,C-MNC-004-001,CS03,1,0,0.529,3
2026-05-14,C-MNC-004-001,CS04,2,0,0.468,4
2026-05-14,C-MTL-003-002,CS01,0,0,0.63,1
2026-05-14,C-MTL-003-002,CS02,0,0,0.672,2
2026-05-14,C-MTL-003-002,CS03,0,0,0.514,2
2026-05-14,C-MTL-003-002,CS04,1,0,0.46,3
2026-05-14,C-MTL-004-002,CS01,0,0,0.589,1
2026-05-14,C-MTL-004-002,CS02,0,0,0.71,2
2026-05-14,C-MTL-004-002,CS03,0,0,0.549,2
2026-05-14,C-MTL-004-002,CS04,1,0,0.521,4
2026-05-14,C-MTL-005-001,CS01,0,0,0.598,1
2026-05-14,C-MTL-005-001,CS02,0,0,0.651,2
2026-05-14,C-MTL-005-001,CS03,0,0,0.547,3
2026-05-14,C-MTL-005-001,CS04,1,0,0.449,4
2026-05-14,C-MTL-018-003,CS01,0,0,0.635,1
2026-05-14,C-MTL-018-003,CS02,0,0,0.648,2
2026-05-14,C-MTL-018-003,CS03,1,0,0.541,4
2026-05-14,C-MTL-018-003,CS04,1,0,0.458,5
2026-05-14,C-MTL-019-002,CS01,0,0,0.593,2
2026-05-14,C-MTL-019-002,CS02,0,0,0.65,4
2026-05-14,C-MTL-019-002,CS03,0,0,0.52,4
2026-05-14,C-MTL-019-002,CS04,1,0,0.488,4
2026-05-14,C-OTT-003-001,CS01,0,0,0.662,1
2026-05-14,C-OTT-003-001,CS02,0,0,0.63,2
2026-05-14,C-OTT-003-001,CS03,0,0,0.489,2
2026-05-14,C-OTT-003-001,CS04,1,0,0.457,4
2026-05-14,C-OTT-003-002,CS01,0,0,0.617,2
2026-05-14,C-OTT-003-002,CS02,0,0,0.671,5
2026-05-14,C-OTT-003-002,CS03,1,0,0.508,6
2026-05-14,C-OTT-003-002,CS04,2,0,0.522,7
2026-05-14,C-OTT-003-003,CS01,0,0,0.57,2
2026-05-14,C-OTT-003-003,CS02,0,0,0.672,2
2026-05-14,C-OTT-003-003,CS03,0,0,0.528,3
2026-05-14,C-OTT-003-003,CS04,1,0,0.473,3
2026-05-14,C-OTT-005-002,CS01,0,0,0.637,2
2026-05-14,C-OTT-005-002,CS02,0,0,0.674,4
2026-05-14,C-OTT-005-002,CS03,1,0,0.503,4
2026-05-14,C-OTT-005-002,CS04,2,0,0.482,8
2026-05-14,C-OTT-013-001,CS01,0,0,0.637,1
2026-05-14,C-OTT-013-001,CS02,0,0,0.649,3
2026-05-14,C-OTT-013-001,CS03,1,0,0.507,3
2026-05-14,C-OTT-013-001,CS04,2,0,0.501,6
2026-05-14,C-OTT-014-002,CS01,0,0,0.627,1
2026-05-14,C-OTT-014-002,CS02,0,0,0.665,2
2026-05-14,C-OTT-014-002,CS03,0,0,0.514,2
2026-05-14,C-OTT-014-002,CS04,1,0,0.537,4
2026-05-14,C-QBC-012-001,CS01,0,0,0.583,2
2026-05-14,C-QBC-012-001,CS02,0,0,0.707,3
2026-05-14,C-QBC-012-001,CS03,0,0,0.526,3
2026-05-14,C-QBC-012-001,CS04,1,0,0.516,5
2026-05-14,C-QBC-016-002,CS01,0,0,0.55,2
2026-05-14,C-QBC-016-002,CS02,0,0,0.617,2
2026-05-14,C-QBC-016-002,CS03,0,0,0.539,3
2026-05-14,C-QBC-016-002,CS04,1,0,0.488,5
2026-05-14,C-QBC-022-002,CS01,0,0,0.587,1
2026-05-14,C-QBC-022-002,CS02,0,0,0.66,3
2026-05-14,C-QBC-022-002,CS03,0,0,0.519,4
2026-05-14,C-QBC-022-002,CS04,1,0,0.486,3
2026-05-14,C-QBC-022-003,CS01,0,0,0.607,1
2026-05-14,C-QBC-022-003,CS02,0,0,0.673,3
2026-05-14,C-QBC-022-003,CS03,0,0,0.522,3
2026-05-14,C-QBC-022-003,CS04,1,0,0.419,2
2026-05-14,C-QBC-023-001,CS01,0,0,0.588,1
2026-05-14,C-QBC-023-001,CS02,0,0,0.683,2
2026-05-14,C-QBC-023-001,CS03,0,0,0.541,3
2026-05-14,C-QBC-023-001,CS04,1,0,0.497,4
2026-05-14,C-QBC-023-003,CS01,0,0,0.553,1
2026-05-14,C-QBC-023-003,CS02,0,0,0.626,3
2026-05-14,C-QBC-023-003,CS03,0,0,0.565,4
2026-05-14,C-QBC-023-003,CS04,1,0,0.459,4
2026-05-14,C-SAS-001-002,CS01,0,0,0.63,1
2026-05-14,C-SAS-001-002,CS02,0,0,0.655,2
2026-05-14,C-SAS-001-002,CS03,0,0,0.485,3
2026-05-14,C-SAS-001-002,CS04,1,0,0.418,2
2026-05-14,C-TOR-019-003,CS01,0,0,0.595,1
2026-05-14,C-TOR-019-003,CS02,0,0,0.708,2
2026-05-14,C-TOR-019-003,CS03,0,0,0.487,3
2026-05-14,C-TOR-019-003,CS04,1,0,0.431,4
2026-05-14,C-TOR-023-001,CS01,0,0,0.539,1
2026-05-14,C-TOR-023-001,CS02,0,0,0.684,1
2026-05-14,C-TOR-023-001,CS03,0,0,0.513,2
2026-05-14,C-TOR-023-001,CS04,1,0,0.483,3
2026-05-14,C-VAN-003-003,CS01,0,0,0.63,1
2026-05-14,C-VAN-003-003,CS02,0,0,0.628,3
2026-05-14,C-VAN-003-003,CS03,0,0,0.515,3
2026-05-14,C-VAN-003-003,CS04,1,0,0.473,3
2026-05-14,C-VAN-004-002,CS01,0,0,0.574,2
2026-05-14,C-VAN-004-002,CS02,0,0,0.639,3
2026-05-14,C-VAN-004-002,CS03,0,0,0.522,3
2026-05-14,C-VAN-004-002,CS04,1,0,0.516,3
2026-05-14,C-VAN-007-001,CS01,0,0,0.601,1
2026-05-14,C-VAN-007-001,CS02,0,0,0.675,2
2026-05-14,C-VAN-007-001,CS03,0,0,0.505,2
2026-05-14,C-VAN-007-001,CS04,1,0,0.473,2
2026-05-14,C-VAN-007-002,CS01,0,0,0.558,2
2026-05-14,C-VAN-007-002,CS02,0,0,0.679,4
2026-05-14,C-VAN-007-002,CS03,1,0,0.5,3
2026-05-14,C-VAN-007-002,CS04,1,0,0.502,7
2026-05-14,C-VAN-013-002,CS01,0,0,0.588,1
2026-05-14,C-VAN-013-002,CS02,0,0,0.651,2
2026-05-14,C-VAN-013-002,CS03,0,0,0.487,2
2026-05-14,C-VAN-013-002,CS04,1,0,0.458,3
2026-05-14,C-VAN-013-003,CS01,0,0,0.609,1
2026-05-14,C-VAN-013-003,CS02,0,0,0.666,2
2026-05-14,C-VAN-013-003,CS03,0,0,0.51,3
2026-05-14,C-VAN-013-003,CS04,1,0,0.501,3
2026-05-14,C-VAN-014-002,CS01,0,0,0.63,2
2026-05-14,C-VAN-014-002,CS02,0,0,0.644,3
2026-05-14,C-VAN-014-002,CS03,1,0,0.553,5
2026-05-14,C-VAN-014-002,CS04,1,0,0.497,4
2026-05-14,C-WPG-001-002,CS01,0,0,0.591,1
2026-05-14,C-WPG-001-002,CS02,0,0,0.664,2
2026-05-14,C-WPG-001-002,CS03,0,0,0.549,1
2026-05-14,C-WPG-001-002,CS04,1,0,0.502,2
2026-05-14,C-WPG-003-003,CS01,0,0,0.559,2
2026-05-14,C-WPG-003-003,CS02,0,0,0.659,3
2026-05-14,C-WPG-003-003,CS03,1,0,0.512,5
2026-05-14,C-WPG-003-003,CS04,1,0,0.471,6
2026-05-15,C-CAL-001-002,CS01,0,0,0.609,1
2026-05-15,C-CAL-001-002,CS02,0,0,0.703,2
2026-05-15,C-CAL-001-002,CS03,0,0,0.459,4
2026-05-15,C-CAL-001-002,CS04,1,0,0.484,5
2026-05-15,C-CHA-002-002,CS01,0,0,0.534,2
2026-05-15,C-CHA-002-002,CS02,0,0,0.64,4
2026-05-15,C-CHA-002-002,CS03,1,0,0.508,5
2026-05-15,C-CHA-002-002,CS04,2,0,0.505,5
2026-05-15,C-EDM-002-001,CS01,0,0,0.551,2
2026-05-15,C-EDM-002-001,CS02,0,0,0.645,3
2026-05-15,C-EDM-002-001,CS03,1,0,0.442,5
2026-05-15,C-EDM-002-001,CS04,1,0,0.491,6
2026-05-15,C-EDM-002-002,CS01,0,0,0.592,2
2026-05-15,C-EDM-002-002,CS02,0,0,0.65,4
2026-05-15,C-EDM-002-002,CS03,1,0,0.511,6
2026-05-15,C-EDM-002-002,CS04,2,0,0.471,6
2026-05-15,C-HAM-012-002,CS01,0,0,0.642,1
2026-05-15,C-HAM-012-002,CS02,0,0,0.647,3
2026-05-15,C-HAM-012-002,CS03,0,0,0.506,3
2026-05-15,C-HAM-012-002,CS04,1,0,0.522,4
2026-05-15,C-HAM-012-003,CS01,0,0,0.609,2
2026-05-15,C-HAM-012-003,CS02,0,0,0.661,4
2026-05-15,C-HAM-012-003,CS03,1,0,0.558,6
2026-05-15,C-HAM-012-003,CS04,2,0,0.497,4
2026-05-15,C-HAM-016-003,CS01,0,0,0.624,1
2026-05-15,C-HAM-016-003,CS02,0,0,0.619,2
2026-05-15,C-HAM-016-003,CS03,0,0,0.5,2
2026-05-15,C-HAM-016-003,CS04,1,0,0.51,3
2026-05-15,C-HAM-025-002,CS01,0,0,0.629,2
2026-05-15,C-HAM-025-002,CS02,0,0,0.663,2
2026-05-15,C-HAM-025-002,CS03,0,0,0.56,3
2026-05-15,C-HAM-025-002,CS04,1,0,0.451,5
2026-05-15,C-LAV-006-001,CS01,0,0,0.562,1
2026-05-15,C-LAV-006-001,CS02,0,0,0.635,2
2026-05-15,C-LAV-006-001,CS03,0,0,0.466,2
2026-05-15,C-LAV-006-001,CS04,1,0,0.431,4
2026-05-15,C-LAV-014-003,CS01,0,0,0.594,1
2026-05-15,C-LAV-014-003,CS02,0,0,0.67,2
2026-05-15,C-LAV-014-003,CS03,0,0,0.492,3
2026-05-15,C-LAV-014-003,CS04,1,0,0.418,3
2026-05-15,C-LDN-007-003,CS01,0,0,0.62,1
2026-05-15,C-LDN-007-003,CS02,0,0,0.626,2
2026-05-15,C-LDN-007-003,CS03,0,0,0.484,3
2026-05-15,C-LDN-007-003,CS04,1,0,0.503,5
2026-05-15,C-LDN-008-001,CS01,0,0,0.589,2
2026-05-15,C-LDN-008-001,CS02,0,0,0.628,3
2026-05-15,C-LDN-008-001,CS03,1,0,0.554,3
2026-05-15,C-LDN-008-001,CS04,2,0,0.514,6
2026-05-15,C-LDN-015-003,CS01,0,0,0.607,2
2026-05-15,C-LDN-015-003,CS02,0,0,0.675,3
2026-05-15,C-LDN-015-003,CS03,1,0,0.561,6
2026-05-15,C-LDN-015-003,CS04,2,0,0.467,8
2026-05-15,C-MIS-024-001,CS01,0,0,0.597,2
2026-05-15,C-MIS-024-001,CS02,0,0,0.661,3
2026-05-15,C-MIS-024-001,CS03,0,0,0.473,2
2026-05-15,C-MIS-024-001,CS04,1,0,0.453,4
2026-05-15,C-MNC-002-001,CS01,0,0,0.629,3
2026-05-15,C-MNC-002-001,CS02,0,0,0.643,4
2026-05-15,C-MNC-002-001,CS03,1,0,0.549,5
2026-05-15,C-MNC-002-001,CS04,2,0,0.48,5
2026-05-15,C-MNC-004-001,CS01,0,0,0.615,2
2026-05-15,C-MNC-004-001,CS02,0,0,0.632,5
2026-05-15,C-MNC-004-001,CS03,1,0,0.501,5
2026-05-15,C-MNC-004-001,CS04,2,0,0.472,6
2026-05-15,C-MTL-001-003,CS01,0,0,0.596,1
2026-05-15,C-MTL-001-003,CS02,0,0,0.667,2
2026-05-15,C-MTL-001-003,CS03,0,0,0.492,3
2026-05-15,C-MTL-001-003,CS04,1,0,0.52,4
2026-05-15,C-MTL-005-003,CS01,0,0,0.568,1
2026-05-15,C-MTL-005-003,CS02,0,0,0.628,3
2026-05-15,C-MTL-005-003,CS03,0,0,0.48,3
2026-05-15,C-MTL-005-003,CS04,1,0,0.465,4
2026-05-15,C-MTL-018-003,CS01,0,0,0.618,3
2026-05-15,C-MTL-018-003,CS02,0,0,0.703,3
2026-05-15,C-MTL-018-003,CS03,1,0,0.513,4
2026-05-15,C-MTL-018-003,CS04,2,0,0.466,6
2026-05-15,C-OTT-011-003,CS01,0,0,0.595,1
2026-05-15,C-OTT-011-003,CS02,0,0,0.677,3
2026-05-15,C-OTT-011-003,CS03,1,0,0.524,4
2026-05-15,C-OTT-011-003,CS04,2,0,0.465,3
2026-05-15,C-OTT-013-001,CS01,0,0,0.614,2
2026-05-15,C-OTT-013-001,CS02,0,0,0.624,3
2026-05-15,C-OTT-013-001,CS03,1,0,0.53,6
2026-05-15,C-OTT-013-001,CS04,2,0,0.468,5
2026-05-15,C-OTT-014-002,CS01,0,0,0.576,1
2026-05-15,C-OTT-014-002,CS02,0,0,0.598,3
2026-05-15,C-OTT-014-002,CS03,0,0,0.491,2
2026-05-15,C-OTT-014-002,CS04,1,0,0.53,5
2026-05-15,C-OTT-022-003,CS01,0,0,0.617,1
2026-05-15,C-OTT-022-003,CS02,0,0,0.614,3
2026-05-15,C-OTT-022-003,CS03,0,0,0.515,3
2026-05-15,C-OTT-022-003,CS04,1,0,0.513,3
2026-05-15,C-QBC-002-003,CS01,0,0,0.605,1
2026-05-15,C-QBC-002-003,CS02,0,0,0.612,3
2026-05-15,C-QBC-002-003,CS03,0,0,0.499,3
2026-05-15,C-QBC-002-003,CS04,1,0,0.48,4
2026-05-15,C-QBC-009-002,CS01,0,0,0.648,1
2026-05-15,C-QBC-009-002,CS02,0,0,0.654,3
2026-05-15,C-QBC-009-002,CS03,0,0,0.511,4
2026-05-15,C-QBC-009-002,CS04,1,0,0.503,4
2026-05-15,C-QBC-010-001,CS01,0,0,0.561,2
2026-05-15,C-QBC-010-001,CS02,0,0,0.643,3
2026-05-15,C-QBC-010-001,CS03,1,0,0.527,5
2026-05-15,C-QBC-010-001,CS04,2,0,0.502,6
2026-05-15,C-QBC-010-002,CS01,0,0,0.607,2
2026-05-15,C-QBC-010-002,CS02,0,0,0.683,3
2026-05-15,C-QBC-010-002,CS03,1,0,0.577,5
2026-05-15,C-QBC-010-002,CS04,2,0,0.501,6
2026-05-15,C-QBC-013-001,CS01,0,0,0.647,1
2026-05-15,C-QBC-013-001,CS02,0,0,0.653,2
2026-05-15,C-QBC-013-001,CS03,1,0,0.458,3
2026-05-15,C-QBC-013-001,CS04,1,0,0.478,5
2026-05-15,C-QBC-013-003,CS01,0,0,0.587,2
2026-05-15,C-QBC-013-003,CS02,0,0,0.644,3
2026-05-15,C-QBC-013-003,CS03,0,0,0.545,3
2026-05-15,C-QBC-013-003,CS04,1,0,0.428,4
2026-05-15,C-QBC-023-001,CS01,0,0,0.616,1
2026-05-15,C-QBC-023-001,CS02,0,0,0.628,1
2026-05-15,C-QBC-023-001,CS03,0,0,0.494,2
2026-05-15,C-QBC-023-001,CS04,1,0,0.548,3
2026-05-15,C-QBC-023-002,CS01,0,0,0.617,1
2026-05-15,C-QBC-023-002,CS02,0,0,0.671,3
2026-05-15,C-QBC-023-002,CS03,0,0,0.562,3
2026-05-15,C-QBC-023-002,CS04,1,0,0.567,4
2026-05-15,C-REG-002-001,CS01,0,0,0.627,2
2026-05-15,C-REG-002-001,CS02,0,0,0.645,1
2026-05-15,C-REG-002-001,CS03,0,0,0.541,3
2026-05-15,C-REG-002-001,CS04,1,0,0.463,3
2026-05-15,C-SAS-001-002,CS01,0,0,0.643,1
2026-05-15,C-SAS-001-002,CS02,0,0,0.639,2
2026-05-15,C-SAS-001-002,CS03,0,0,0.473,2
2026-05-15,C-SAS-001-002,CS04,1,0,0.47,4
2026-05-15,C-STJ-001-002,CS01,0,0,0.61,2
2026-05-15,C-STJ-001-002,CS02,0,0,0.704,3
2026-05-15,C-STJ-001-002,CS03,1,0,0.515,2
2026-05-15,C-STJ-001-002,CS04,1,0,0.495,4
2026-05-15,C-SUR-008-003,CS01,0,0,0.655,1
2026-05-15,C-SUR-008-003,CS02,0,0,0.646,2
2026-05-15,C-SUR-008-003,CS03,0,0,0.557,3
2026-05-15,C-SUR-008-003,CS04,1,0,0.471,4
2026-05-15,C-SUR-010-003,CS01,0,0,0.614,2
2026-05-15,C-SUR-010-003,CS02,0,0,0.715,4
2026-05-15,C-SUR-010-003,CS03,1,0,0.504,5
2026-05-15,C-SUR-010-003,CS04,1,0,0.51,4
2026-05-15,C-SUR-011-002,CS01,0,0,0.647,3
2026-05-15,C-SUR-011-002,CS02,0,0,0.61,4
2026-05-15,C-SUR-011-002,CS03,1,0,0.481,3
2026-05-15,C-SUR-011-002,CS04,2,0,0.434,7
2026-05-15,C-SUR-012-003,CS01,0,0,0.592,2
2026-05-15,C-SUR-012-003,CS02,0,0,0.664,3
2026-05-15,C-SUR-012-003,CS03,0,0,0.491,5
2026-05-15,C-SUR-012-003,CS04,1,0,0.477,5
2026-05-15,C-TOR-018-001,CS01,0,0,0.588,2
2026-05-15,C-TOR-018-001,CS02,0,0,0.594,3
2026-05-15,C-TOR-018-001,CS03,1,0,0.469,5
2026-05-15,C-TOR-018-001,CS04,2,0,0.455,6
2026-05-15,C-TOR-018-002,CS01,0,0,0.625,1
2026-05-15,C-TOR-018-002,CS02,0,0,0.61,2
2026-05-15,C-TOR-018-002,CS03,0,0,0.531,3
2026-05-15,C-TOR-018-002,CS04,1,0,0.479,4
2026-05-15,C-TOR-019-001,CS01,0,0,0.605,1
2026-05-15,C-TOR-019-001,CS02,0,0,0.71,2
2026-05-15,C-TOR-019-001,CS03,0,0,0.542,3
2026-05-15,C-TOR-019-001,CS04,1,0,0.498,4
2026-05-15,C-VAN-004-003,CS01,0,0,0.597,1
2026-05-15,C-VAN-004-003,CS02,0,0,0.656,2
2026-05-15,C-VAN-004-003,CS03,0,0,0.513,2
2026-05-15,C-VAN-004-003,CS04,1,0,0.487,4
2026-05-15,C-VAN-007-003,CS01,0,0,0.624,1
2026-05-15,C-VAN-007-003,CS02,0,0,0.646,3
2026-05-15,C-VAN-007-003,CS03,1,0,0.6,4
2026-05-15,C-VAN-007-003,CS04,1,0,0.446,4
2026-05-15,C-VAN-014-002,CS01,0,0,0.643,2
2026-05-15,C-VAN-014-002,CS02,0,0,0.67,4
2026-05-15,C-VAN-014-002,CS03,1,0,0.494,4
2026-05-15,C-VAN-014-002,CS04,1,0,0.463,5
2026-05-15,C-WPG-001-001,CS01,0,0,0.568,2
2026-05-15,C-WPG-001-001,CS02,0,0,0.657,3
2026-05-15,C-WPG-001-001,CS03,1,0,0.487,5
2026-05-15,C-WPG-001-001,CS04,2,0,0.472,4
2026-05-15,C-WPG-003-003,CS01,0,0,0.608,2
2026-05-15,C-WPG-003-003,CS02,0,0,0.632,3
2026-05-15,C-WPG-003-003,CS03,1,0,0.492,4
2026-05-15,C-WPG-003-003,CS04,1,0,0.481,4
2026-05-16,C-CAL-001-001,CS01,0,0,0.625,1
2026-05-16,C-CAL-001-001,CS02,0,0,0.622,3
2026-05-16,C-CAL-001-001,CS03,0,0,0.501,2
2026-05-16,C-CAL-001-001,CS04,1,0,0.541,4
2026-05-16,C-CAL-001-003,CS01,0,0,0.583,2
2026-05-16,C-CAL-001-003,CS02,0,0,0.639,3
2026-05-16,C-CAL-001-003,CS03,0,0,0.518,3
2026-05-16,C-CAL-001-003,CS04,1,0,0.466,3
2026-05-16,C-CHA-001-001,CS01,0,0,0.623,3
2026-05-16,C-CHA-001-001,CS02,0,0,0.678,3
2026-05-16,C-CHA-001-001,CS03,1,0,0.555,3
2026-05-16,C-CHA-001-001,CS04,2,0,0.486,7
2026-05-16,C-CHA-001-002,CS01,0,0,0.638,2
2026-05-16,C-CHA-001-002,CS02,0,0,0.659,4
2026-05-16,C-CHA-001-002,CS03,1,0,0.531,5
2026-05-16,C-CHA-001-002,CS04,2,0,0.504,5
2026-05-16,C-CHA-001-003,CS01,0,0,0.622,1
2026-05-16,C-CHA-001-003,CS02,0,0,0.613,2
2026-05-16,C-CHA-001-003,CS03,0,0,0.56,2
2026-05-16,C-CHA-001-003,CS04,1,0,0.461,2
2026-05-16,C-CHA-002-001,CS01,0,0,0.625,1
2026-05-16,C-CHA-002-001,CS02,0,0,0.67,2
2026-05-16,C-CHA-002-001,CS03,0,0,0.509,2
2026-05-16,C-CHA-002-001,CS04,1,0,0.447,3
2026-05-16,C-CHA-002-002,CS01,0,0,0.598,2
2026-05-16,C-CHA-002-002,CS02,0,0,0.655,4
2026-05-16,C-CHA-002-002,CS03,1,0,0.493,3
2026-05-16,C-CHA-002-002,CS04,2,0,0.44,4
2026-05-16,C-EDM-002-001,CS01,0,0,0.567,2
2026-05-16,C-EDM-002-001,CS02,0,0,0.64,3
2026-05-16,C-EDM-002-001,CS03,1,0,0.523,3
2026-05-16,C-EDM-002-001,CS04,2,0,0.464,6
2026-05-16,C-EDM-002-002,CS01,0,0,0.576,3
2026-05-16,C-EDM-002-002,CS02,0,0,0.694,4
2026-05-16,C-EDM-002-002,CS03,1,0,0.52,6
2026-05-16,C-EDM-002-002,CS04,2,0,0.489,6
2026-05-16,C-HAM-002-002,CS01,0,0,0.609,1
2026-05-16,C-HAM-002-002,CS02,0,0,0.668,2
2026-05-16,C-HAM-002-002,CS03,0,0,0.53,2
2026-05-16,C-HAM-002-002,CS04,1,0,0.456,3
2026-05-16,C-HAM-012-001,CS01,0,0,0.597,2
2026-05-16,C-HAM-012-001,CS02,0,0,0.673,2
2026-05-16,C-HAM-012-001,CS03,1,0,0.516,4
2026-05-16,C-HAM-012-001,CS04,1,0,0.503,4
2026-05-16,C-HAM-012-003,CS01,0,0,0.556,2
2026-05-16,C-HAM-012-003,CS02,0,0,0.676,4
2026-05-16,C-HAM-012-003,CS03,1,0,0.504,6
2026-05-16,C-HAM-012-003,CS04,2,0,0.475,6
2026-05-16,C-LAV-006-002,CS01,0,0,0.592,3
2026-05-16,C-LAV-006-002,CS02,0,0,0.651,5
2026-05-16,C-LAV-006-002,CS03,1,0,0.507,5
2026-05-16,C-LAV-006-002,CS04,2,0,0.473,8
2026-05-16,C-LAV-007-001,CS01,0,0,0.594,2
2026-05-16,C-LAV-007-001,CS02,0,0,0.715,3
2026-05-16,C-LAV-007-001,CS03,0,0,0.524,4
2026-05-16,C-LAV-007-001,CS04,1,0,0.47,5
2026-05-16,C-LAV-007-002,CS01,0,0,0.63,2
2026-05-16,C-LAV-007-002,CS02,0,0,0.666,5
2026-05-16,C-LAV-007-002,CS03,1,0,0.535,5
2026-05-16,C-LAV-007-002,CS04,2,0,0.523,5
2026-05-16,C-LAV-014-003,CS01,0,0,0.566,1
2026-05-16,C-LAV-014-003,CS02,0,0,0.676,3
2026-05-16,C-LAV-014-003,CS03,0,0,0.533,3
2026-05-16,C-LAV-014-003,CS04,1,0,0.453,3
2026-05-16,C-LAV-017-002,CS01,0,0,0.579,1
2026-05-16,C-LAV-017-002,CS02,0,0,0.657,2
2026-05-16,C-LAV-017-002,CS03,0,0,0.521,2
2026-05-16,C-LAV-017-002,CS04,1,0,0.484,3
2026-05-16,C-LAV-020-002,CS01,0,0,0.597,1
2026-05-16,C-LAV-020-002,CS02,0,0,0.642,1
2026-05-16,C-LAV-020-002,CS03,0,0,0.569,2
2026-05-16,C-LAV-020-002,CS04,1,0,0.484,2
2026-05-16,C-LDN-008-002,CS01,0,0,0.656,2
2026-05-16,C-LDN-008-002,CS02,0,0,0.634,4
2026-05-16,C-LDN-008-002,CS03,1,0,0.533,4
2026-05-16,C-LDN-008-002,CS04,2,0,0.556,6
2026-05-16,C-LDN-010-001,CS01,0,0,0.626,2
2026-05-16,C-LDN-010-001,CS02,0,0,0.667,3
2026-05-16,C-LDN-010-001,CS03,0,0,0.537,3
2026-05-16,C-LDN-010-001,CS04,1,0,0.508,3
2026-05-16,C-LDN-010-003,CS01,0,0,0.573,2
2026-05-16,C-LDN-010-003,CS02,0,0,0.664,2
2026-05-16,C-LDN-010-003,CS03,0,0,0.488,4
2026-05-16,C-LDN-010-003,CS04,1,0,0.494,3
2026-05-16,C-MIS-024-001,CS01,0,0,0.61,1
2026-05-16,C-MIS-024-001,CS02,0,0,0.656,3
2026-05-16,C-MIS-024-001,CS03,0,0,0.566,3
2026-05-16,C-MIS-024-001,CS04,1,0,0.495,4
2026-05-16,C-MNC-001-003,CS01,0,0,0.613,2
2026-05-16,C-MNC-001-003,CS02,0,0,0.68,3
2026-05-16,C-MNC-001-003,CS03,0,0,0.507,4
2026-05-16,C-MNC-001-003,CS04,1,0,0.463,3
2026-05-16,C-MNC-002-001,CS01,0,0,0.617,3
2026-05-16,C-MNC-002-001,CS02,0,0,0.625,4
2026-05-16,C-MNC-002-001,CS03,1,0,0.496,4
2026-05-16,C-MNC-002-001,CS04,2,0,0.437,5
2026-05-16,C-MNC-004-001,CS01,0,0,0.61,2
2026-05-16,C-MNC-004-001,CS02,0,0,0.639,3
2026-05-16,C-MNC-004-001,CS03,1,0,0.571,3
2026-05-16,C-MNC-004-001,CS04,2,0,0.452,5
2026-05-16,C-MNC-005-001,CS01,0,0,0.588,2
2026-05-16,C-MNC-005-001,CS02,0,0,0.636,3
2026-05-16,C-MNC-005-001,CS03,1,0,0.521,4
2026-05-16,C-MNC-005-001,CS04,2,0,0.469,4
2026-05-16,C-MTL-003-001,CS01,0,0,0.621,3
2026-05-16,C-MTL-003-001,CS02,0,0,0.664,4
2026-05-16,C-MTL-003-001,CS03,1,0,0.482,4
2026-05-16,C-MTL-003-001,CS04,2,0,0.494,4
2026-05-16,C-MTL-003-003,CS01,0,0,0.612,1
2026-05-16,C-MTL-003-003,CS02,0,0,0.68,3
2026-05-16,C-MTL-003-003,CS03,0,0,0.535,4
2026-05-16,C-MTL-003-003,CS04,1,0,0.452,5
2026-05-16,C-MTL-004-002,CS01,0,0,0.576,1
2026-05-16,C-MTL-004-002,CS02,0,0,0.648,2
2026-05-16,C-MTL-004-002,CS03,0,0,0.541,3
2026-05-16,C-MTL-004-002,CS04,1,0,0.465,2
2026-05-16,C-MTL-005-002,CS01,0,0,0.621,2
2026-05-16,C-MTL-005-002,CS02,0,0,0.666,2
2026-05-16,C-MTL-005-002,CS03,0,0,0.49,2
2026-05-16,C-MTL-005-002,CS04,1,0,0.447,3
2026-05-16,C-MTL-015-001,CS01,0,0,0.587,2
2026-05-16,C-MTL-015-001,CS02,0,0,0.698,3
2026-05-16,C-MTL-015-001,CS03,1,0,0.486,4
2026-05-16,C-MTL-015-001,CS04,2,0,0.426,4
2026-05-16,C-OTT-013-003,CS01,0,0,0.627,2
2026-05-16,C-OTT-013-003,CS02,0,0,0.671,5
2026-05-16,C-OTT-013-003,CS03,1,0,0.578,5
2026-05-16,C-OTT-013-003,CS04,2,0,0.513,4
2026-05-16,C-OTT-014-002,CS01,0,0,0.597,1
2026-05-16,C-OTT-014-002,CS02,0,0,0.644,2
2026-05-16,C-OTT-014-002,CS03,0,0,0.465,2
2026-05-16,C-OTT-014-002,CS04,1,0,0.482,4
2026-05-16,C-OTT-014-003,CS01,0,0,0.594,2
2026-05-16,C-OTT-014-003,CS02,0,0,0.697,3
2026-05-16,C-OTT-014-003,CS03,0,0,0.535,3
2026-05-16,C-OTT-014-003,CS04,1,0,0.488,4
2026-05-16,C-QBC-012-003,CS01,0,0,0.582,3
2026-05-16,C-QBC-012-003,CS02,0,0,0.646,3
2026-05-16,C-QBC-012-003,CS03,1,0,0.533,5
2026-05-16,C-QBC-012-003,CS04,2,0,0.523,5
2026-05-16,C-QBC-016-001,CS01,0,0,0.593,2
2026-05-16,C-QBC-016-001,CS02,0,0,0.697,3
2026-05-16,C-QBC-016-001,CS03,0,0,0.492,3
2026-05-16,C-QBC-016-001,CS04,1,0,0.441,5
2026-05-16,C-SAS-001-001,CS01,0,0,0.63,1
2026-05-16,C-SAS-001-001,CS02,0,0,0.7,3
2026-05-16,C-SAS-001-001,CS03,0,0,0.51,2
2026-05-16,C-SAS-001-001,CS04,1,0,0.44,5
2026-05-16,C-STJ-001-001,CS01,0,0,0.626,1
2026-05-16,C-STJ-001-001,CS02,0,0,0.623,1
2026-05-16,C-STJ-001-001,CS03,0,0,0.503,3
2026-05-16,C-STJ-001-001,CS04,1,0,0.476,4
2026-05-16,C-STJ-001-003,CS01,0,0,0.63,1
2026-05-16,C-STJ-001-003,CS02,0,0,0.613,2
2026-05-16,C-STJ-001-003,CS03,1,0,0.53,3
2026-05-16,C-STJ-001-003,CS04,1,0,0.469,6
2026-05-16,C-SUR-010-002,CS01,0,0,0.589,2
2026-05-16,C-SUR-010-002,CS02,0,0,0.677,2
2026-05-16,C-SUR-010-002,CS03,0,0,0.531,4
2026-05-16,C-SUR-010-002,CS04,1,0,0.41,4
2026-05-16,C-TOR-009-001,CS01,0,0,0.577,1
2026-05-16,C-TOR-009-001,CS02,0,0,0.639,2
2026-05-16,C-TOR-009-001,CS03,0,0,0.449,2
2026-05-16,C-TOR-009-001,CS04,1,0,0.434,2
2026-05-16,C-TOR-017-001,CS01,0,0,0.609,2
2026-05-16,C-TOR-017-001,CS02,0,0,0.65,5
2026-05-16,C-TOR-017-001,CS03,1,0,0.548,6
2026-05-16,C-TOR-017-001,CS04,2,0,0.422,7
2026-05-16,C-TOR-019-001,CS01,0,0,0.584,2
2026-05-16,C-TOR-019-001,CS02,0,0,0.696,2
2026-05-16,C-TOR-019-001,CS03,0,0,0.54,2
2026-05-16,C-TOR-019-001,CS04,1,0,0.491,3
2026-05-16,C-TOR-021-003,CS01,0,0,0.642,2
2026-05-16,C-TOR-021-003,CS02,0,0,0.643,2
2026-05-16,C-TOR-021-003,CS03,0,0,0.481,4
2026-05-16,C-TOR-021-003,CS04,1,0,0.407,5
2026-05-16,C-VAN-001-002,CS02,0,0,0.654,1
2026-05-16,C-VAN-001-002,CS03,0,0,0.485,2
2026-05-16,C-VAN-001-002,CS04,0,0,0.499,2
2026-05-16,C-VAN-001-003,CS01,0,0,0.592,1
2026-05-16,C-VAN-001-003,CS02,0,0,0.676,2
2026-05-16,C-VAN-001-003,CS03,0,0,0.544,4
2026-05-16,C-VAN-001-003,CS04,1,0,0.448,4
2026-05-16,C-VAN-003-003,CS01,0,0,0.618,2
2026-05-16,C-VAN-003-003,CS02,0,0,0.663,3
2026-05-16,C-VAN-003-003,CS03,0,0,0.479,4
2026-05-16,C-VAN-003-003,CS04,1,0,0.456,3
2026-05-16,C-VAN-013-003,CS01,0,0,0.591,1
2026-05-16,C-VAN-013-003,CS02,0,0,0.68,2
2026-05-16,C-VAN-013-003,CS03,0,0,0.507,3
2026-05-16,C-VAN-013-003,CS04,1,0,0.525,4
2026-05-16,C-WPG-001-002,CS01,0,0,0.651,1
2026-05-16,C-WPG-001-002,CS02,0,0,0.631,1
2026-05-16,C-WPG-001-002,CS03,0,0,0.457,2
2026-05-16,C-WPG-001-002,CS04,1,0,0.507,2
2026-05-16,C-WPG-002-001,CS01,0,0,0.646,2
2026-05-16,C-WPG-002-001,CS02,0,0,0.683,2
2026-05-16,C-WPG-002-001,CS03,1,0,0.471,3
2026-05-16,C-WPG-002-001,CS04,1,0,0.455,6
2026-05-16,C-WPG-002-002,CS01,0,0,0.622,2
2026-05-16,C-WPG-002-002,CS02,0,0,0.69,2
2026-05-16,C-WPG-002-002,CS03,0,0,0.495,4
2026-05-16,C-WPG-002-002,CS04,1,0,0.469,6
2026-05-17,C-CAL-001-002,CS01,0,0,0.616,2
2026-05-17,C-CAL-001-002,CS02,0,0,0.624,2
2026-05-17,C-CAL-001-002,CS03,0,0,0.497,3
2026-05-17,C-CAL-001-002,CS04,1,0,0.49,5
2026-05-17,C-CHA-002-001,CS01,0,0,0.623,1
2026-05-17,C-CHA-002-001,CS02,0,0,0.591,1
2026-05-17,C-CHA-002-001,CS03,0,0,0.59,3
2026-05-17,C-CHA-002-001,CS04,1,0,0.448,4
2026-05-17,C-CHA-003-002,CS01,0,0,0.637,1
2026-05-17,C-CHA-003-002,CS02,0,0,0.668,2
2026-05-17,C-CHA-003-002,CS03,0,0,0.526,2
2026-05-17,C-CHA-003-002,CS04,1,0,0.529,2
2026-05-17,C-HAM-001-001,CS01,0,0,0.62,1
2026-05-17,C-HAM-001-001,CS02,0,0,0.635,2
2026-05-17,C-HAM-001-001,CS03,0,0,0.508,3
2026-05-17,C-HAM-001-001,CS04,1,0,0.465,3
2026-05-17,C-HAM-002-001,CS01,0,0,0.606,2
2026-05-17,C-HAM-002-001,CS02,0,0,0.633,2
2026-05-17,C-HAM-002-001,CS03,0,0,0.512,4
2026-05-17,C-HAM-002-001,CS04,1,0,0.477,5
2026-05-17,C-HAM-012-003,CS01,0,0,0.619,1
2026-05-17,C-HAM-012-003,CS02,0,0,0.6,2
2026-05-17,C-HAM-012-003,CS03,1,0,0.507,4
2026-05-17,C-HAM-012-003,CS04,2,0,0.474,4
2026-05-17,C-HAM-016-003,CS01,0,0,0.64,1
2026-05-17,C-HAM-016-003,CS02,0,0,0.61,3
2026-05-17,C-HAM-016-003,CS03,0,0,0.525,3
2026-05-17,C-HAM-016-003,CS04,1,0,0.499,3
2026-05-17,C-LAV-007-002,CS01,0,0,0.562,2
2026-05-17,C-LAV-007-002,CS02,0,0,0.62,4
2026-05-17,C-LAV-007-002,CS03,1,0,0.537,4
2026-05-17,C-LAV-007-002,CS04,2,0,0.414,7
2026-05-17,C-LAV-008-003,CS01,0,0,0.548,2
2026-05-17,C-LAV-008-003,CS02,0,0,0.631,3
2026-05-17,C-LAV-008-003,CS03,0,0,0.465,2
2026-05-17,C-LAV-008-003,CS04,1,0,0.423,3
2026-05-17,C-LAV-014-003,CS01,0,0,0.594,1
2026-05-17,C-LAV-014-003,CS02,0,0,0.661,2
2026-05-17,C-LAV-014-003,CS03,0,0,0.561,2
2026-05-17,C-LAV-014-003,CS04,1,0,0.495,3
2026-05-17,C-LAV-020-002,CS01,0,0,0.626,1
2026-05-17,C-LAV-020-002,CS02,0,0,0.624,2
2026-05-17,C-LAV-020-002,CS03,0,0,0.543,2
2026-05-17,C-LAV-020-002,CS04,1,0,0.472,2
2026-05-17,C-LDN-007-001,CS01,0,0,0.616,2
2026-05-17,C-LDN-007-001,CS02,0,0,0.687,4
2026-05-17,C-LDN-007-001,CS03,1,0,0.537,5
2026-05-17,C-LDN-007-001,CS04,2,0,0.51,4
2026-05-17,C-LDN-007-002,CS01,0,0,0.615,2
2026-05-17,C-LDN-007-002,CS02,0,0,0.638,3
2026-05-17,C-LDN-007-002,CS03,1,0,0.54,4
2026-05-17,C-LDN-007-002,CS04,2,0,0.519,6
2026-05-17,C-LDN-010-002,CS01,0,0,0.627,2
2026-05-17,C-LDN-010-002,CS02,0,0,0.654,2
2026-05-17,C-LDN-010-002,CS03,0,0,0.548,3
2026-05-17,C-LDN-010-002,CS04,1,0,0.478,5
2026-05-17,C-LDN-015-001,CS01,0,0,0.617,1
2026-05-17,C-LDN-015-001,CS02,0,0,0.611,2
2026-05-17,C-LDN-015-001,CS03,1,0,0.58,3
2026-05-17,C-LDN-015-001,CS04,1,0,0.454,4
2026-05-17,C-LDN-015-003,CS01,0,0,0.542,2
2026-05-17,C-LDN-015-003,CS02,0,0,0.66,4
2026-05-17,C-LDN-015-003,CS03,1,0,0.511,3
2026-05-17,C-LDN-015-003,CS04,2,0,0.517,5
2026-05-17,C-MIS-024-002,CS01,0,0,0.538,1
2026-05-17,C-MIS-024-002,CS02,0,0,0.705,3
2026-05-17,C-MIS-024-002,CS03,0,0,0.599,2
2026-05-17,C-MIS-024-002,CS04,1,0,0.472,3
2026-05-17,C-MNC-001-003,CS01,0,0,0.638,1
2026-05-17,C-MNC-001-003,CS02,0,0,0.655,3
2026-05-17,C-MNC-001-003,CS03,0,0,0.548,4
2026-05-17,C-MNC-001-003,CS04,1,0,0.5,4
2026-05-17,C-MNC-002-003,CS01,0,0,0.594,2
2026-05-17,C-MNC-002-003,CS02,0,0,0.633,3
2026-05-17,C-MNC-002-003,CS03,1,0,0.552,5
2026-05-17,C-MNC-002-003,CS04,1,0,0.424,5
2026-05-17,C-MNC-003-003,CS01,0,0,0.636,2
2026-05-17,C-MNC-003-003,CS02,0,0,0.667,3
2026-05-17,C-MNC-003-003,CS03,0,0,0.517,3
2026-05-17,C-MNC-003-003,CS04,1,0,0.459,4
2026-05-17,C-MNC-004-001,CS01,0,0,0.636,3
2026-05-17,C-MNC-004-001,CS02,0,0,0.61,4
2026-05-17,C-MNC-004-001,CS03,1,0,0.506,5
2026-05-17,C-MNC-004-001,CS04,2,0,0.544,7
2026-05-17,C-MTL-001-001,CS01,0,0,0.64,2
2026-05-17,C-MTL-001-001,CS02,0,0,0.66,2
2026-05-17,C-MTL-001-001,CS03,0,0,0.527,5
2026-05-17,C-MTL-001-001,CS04,1,0,0.478,6
2026-05-17,C-MTL-004-002,CS01,0,0,0.577,2
2026-05-17,C-MTL-004-002,CS02,0,0,0.67,2
2026-05-17,C-MTL-004-002,CS03,0,0,0.479,3
2026-05-17,C-MTL-004-002,CS04,1,0,0.516,5
2026-05-17,C-MTL-005-002,CS01,0,0,0.621,1
2026-05-17,C-MTL-005-002,CS02,0,0,0.65,3
2026-05-17,C-MTL-005-002,CS03,0,0,0.516,4
2026-05-17,C-MTL-005-002,CS04,1,0,0.475,3
2026-05-17,C-MTL-015-002,CS01,0,0,0.634,1
2026-05-17,C-MTL-015-002,CS02,0,0,0.685,3
2026-05-17,C-MTL-015-002,CS03,0,0,0.506,3
2026-05-17,C-MTL-015-002,CS04,1,0,0.493,6
2026-05-17,C-MTL-021-002,CS01,0,0,0.618,1
2026-05-17,C-MTL-021-002,CS02,0,0,0.646,2
2026-05-17,C-MTL-021-002,CS03,0,0,0.517,2
2026-05-17,C-MTL-021-002,CS04,1,0,0.501,3
2026-05-17,C-OTT-004-003,CS02,0,0,0.636,1
2026-05-17,C-OTT-004-003,CS03,0,0,0.541,1
2026-05-17,C-OTT-004-003,CS04,1,0,0.48,2
2026-05-17,C-OTT-011-002,CS01,0,0,0.586,1
2026-05-17,C-OTT-011-002,CS02,0,0,0.631,2
2026-05-17,C-OTT-011-002,CS03,0,0,0.585,3
2026-05-17,C-OTT-011-002,CS04,1,0,0.51,4
2026-05-17,C-OTT-022-002,CS01,0,0,0.583,3
2026-05-17,C-OTT-022-002,CS02,0,0,0.639,5
2026-05-17,C-OTT-022-002,CS03,1,0,0.489,4
2026-05-17,C-OTT-022-002,CS04,2,0,0.493,7
2026-05-17,C-QBC-002-003,CS01,0,0,0.603,1
2026-05-17,C-QBC-002-003,CS02,0,0,0.648,2
2026-05-17,C-QBC-002-003,CS03,0,0,0.475,2
2026-05-17,C-QBC-002-003,CS04,1,0,0.512,4
2026-05-17,C-QBC-012-002,CS01,0,0,0.627,2
2026-05-17,C-QBC-012-002,CS02,0,0,0.611,3
2026-05-17,C-QBC-012-002,CS03,0,0,0.513,4
2026-05-17,C-QBC-012-002,CS04,1,0,0.482,4
2026-05-17,C-QBC-012-003,CS01,0,0,0.544,3
2026-05-17,C-QBC-012-003,CS02,0,0,0.661,5
2026-05-17,C-QBC-012-003,CS03,1,0,0.523,5
2026-05-17,C-QBC-012-003,CS04,2,0,0.468,5
2026-05-17,C-QBC-016-002,CS01,0,0,0.643,1
2026-05-17,C-QBC-016-002,CS02,0,0,0.667,2
2026-05-17,C-QBC-016-002,CS03,0,0,0.524,3
2026-05-17,C-QBC-016-002,CS04,1,0,0.449,2
2026-05-17,C-REG-002-003,CS01,0,0,0.633,1
2026-05-17,C-REG-002-003,CS02,0,0,0.692,4
2026-05-17,C-REG-002-003,CS03,1,0,0.494,5
2026-05-17,C-REG-002-003,CS04,2,0,0.464,4
2026-05-17,C-SUR-005-002,CS01,0,0,0.576,2
2026-05-17,C-SUR-005-002,CS02,0,0,0.664,3
2026-05-17,C-SUR-005-002,CS03,0,0,0.556,4
2026-05-17,C-SUR-005-002,CS04,1,0,0.515,3
2026-05-17,C-SUR-009-002,CS01,0,0,0.556,1
2026-05-17,C-SUR-009-002,CS02,0,0,0.685,1
2026-05-17,C-SUR-009-002,CS03,0,0,0.47,2
2026-05-17,C-SUR-009-002,CS04,1,0,0.486,3
2026-05-17,C-SUR-012-001,CS01,0,0,0.633,2
2026-05-17,C-SUR-012-001,CS02,0,0,0.653,3
2026-05-17,C-SUR-012-001,CS03,0,0,0.567,4
2026-05-17,C-SUR-012-001,CS04,1,0,0.485,4
2026-05-17,C-TOR-009-003,CS01,0,0,0.602,2
2026-05-17,C-TOR-009-003,CS02,0,0,0.627,2
2026-05-17,C-TOR-009-003,CS03,0,0,0.506,4
2026-05-17,C-TOR-009-003,CS04,1,0,0.48,5
2026-05-17,C-VAN-001-003,CS01,0,0,0.635,1
2026-05-17,C-VAN-001-003,CS02,0,0,0.67,2
2026-05-17,C-VAN-001-003,CS03,0,0,0.479,4
2026-05-17,C-VAN-001-003,CS04,1,0,0.509,3
2026-05-17,C-VAN-003-002,CS01,0,0,0.605,1
2026-05-17,C-VAN-003-002,CS02,0,0,0.662,2
2026-05-17,C-VAN-003-002,CS03,0,0,0.512,2
2026-05-17,C-VAN-003-002,CS04,1,0,0.479,2
2026-05-17,C-VAN-007-003,CS01,0,0,0.621,2
2026-05-17,C-VAN-007-003,CS02,0,0,0.7,3
2026-05-17,C-VAN-007-003,CS03,1,0,0.528,4
2026-05-17,C-VAN-007-003,CS04,1,0,0.463,4
2026-05-17,C-VAN-013-003,CS01,0,0,0.611,1
2026-05-17,C-VAN-013-003,CS02,0,0,0.614,3
2026-05-17,C-VAN-013-003,CS03,0,0,0.554,3
2026-05-17,C-VAN-013-003,CS04,1,0,0.459,4
2026-05-17,C-VAN-014-002,CS01,0,0,0.645,2
2026-05-17,C-VAN-014-002,CS02,0,0,0.665,3
2026-05-17,C-VAN-014-002,CS03,0,0,0.508,3
2026-05-17,C-VAN-014-002,CS04,1,0,0.496,4
2026-05-17,C-VAN-N-002,CS01,0,0,0.643,1
2026-05-17,C-VAN-N-002,CS02,0,0,0.665,1
2026-05-17,C-VAN-N-002,CS03,0,0,0.502,2
2026-05-17,C-VAN-N-002,CS04,1,0,0.487,4
2026-05-17,C-VIC-006-003,CS01,0,0,0.601,1
2026-05-17,C-VIC-006-003,CS02,0,0,0.634,2
2026-05-17,C-VIC-006-003,CS03,0,0,0.565,2
2026-05-17,C-VIC-006-003,CS04,1,0,0.512,2
2026-05-17,C-WPG-001-003,CS01,0,0,0.655,1
2026-05-17,C-WPG-001-003,CS02,0,0,0.697,1
2026-05-17,C-WPG-001-003,CS03,0,0,0.552,2
2026-05-17,C-WPG-001-003,CS04,1,0,0.467,3
2026-05-17,C-WPG-003-002,CS01,0,0,0.554,2
2026-05-17,C-WPG-003-002,CS02,0,0,0.632,4
2026-05-17,C-WPG-003-002,CS03,1,0,0.543,4
2026-05-17,C-WPG-003-002,CS04,2,0,0.456,4
2026-05-17,C-WPG-003-003,CS01,0,0,0.604,1
2026-05-17,C-WPG-003-003,CS02,0,0,0.653,2
2026-05-17,C-WPG-003-003,CS03,0,0,0.492,2
2026-05-17,C-WPG-003-003,CS04,1,0,0.531,3
2026-05-18,C-CAL-004-001,CS01,0,0,0.599,3
2026-05-18,C-CAL-004-001,CS02,0,0,0.607,3
2026-05-18,C-CAL-004-001,CS03,1,0,0.538,6
2026-05-18,C-CAL-004-001,CS04,2,0,0.474,5
2026-05-18,C-CHA-003-003,CS01,0,0,0.568,1
2026-05-18,C-CHA-003-003,CS02,0,0,0.665,2
2026-05-18,C-CHA-003-003,CS03,0,0,0.534,3
2026-05-18,C-CHA-003-003,CS04,1,0,0.455,4
2026-05-18,C-HAM-001-002,CS01,0,0,0.563,2
2026-05-18,C-HAM-001-002,CS02,0,0,0.665,3
2026-05-18,C-HAM-001-002,CS03,1,0,0.515,6
2026-05-18,C-HAM-001-002,CS04,2,0,0.484,4
2026-05-18,C-HAM-001-003,CS01,0,0,0.619,2
2026-05-18,C-HAM-001-003,CS02,0,0,0.657,3
2026-05-18,C-HAM-001-003,CS03,1,0,0.496,3
2026-05-18,C-HAM-001-003,CS04,2,0,0.424,5
2026-05-18,C-HAM-002-003,CS01,0,0,0.603,1
2026-05-18,C-HAM-002-003,CS02,0,0,0.688,2
2026-05-18,C-HAM-002-003,CS03,0,0,0.538,3
2026-05-18,C-HAM-002-003,CS04,1,0,0.485,3
2026-05-18,C-HAM-012-003,CS01,0,0,0.609,2
2026-05-18,C-HAM-012-003,CS02,0,0,0.619,4
2026-05-18,C-HAM-012-003,CS03,1,0,0.577,5
2026-05-18,C-HAM-012-003,CS04,2,0,0.494,5
2026-05-18,C-HAM-016-002,CS01,0,0,0.583,2
2026-05-18,C-HAM-016-002,CS02,0,0,0.665,3
2026-05-18,C-HAM-016-002,CS03,1,0,0.547,4
2026-05-18,C-HAM-016-002,CS04,2,0,0.516,6
2026-05-18,C-HAM-020-001,CS01,0,0,0.626,1
2026-05-18,C-HAM-020-001,CS02,0,0,0.634,1
2026-05-18,C-HAM-020-001,CS03,0,0,0.566,2
2026-05-18,C-HAM-020-001,CS04,1,0,0.465,3
2026-05-18,C-LAV-006-001,CS01,0,0,0.578,1
2026-05-18,C-LAV-006-001,CS02,0,0,0.667,2
2026-05-18,C-LAV-006-001,CS03,0,0,0.575,2
2026-05-18,C-LAV-006-001,CS04,1,0,0.444,4
2026-05-18,C-LAV-007-002,CS01,0,0,0.567,2
2026-05-18,C-LAV-007-002,CS02,0,0,0.737,3
2026-05-18,C-LAV-007-002,CS03,1,0,0.556,3
2026-05-18,C-LAV-007-002,CS04,2,0,0.512,6
2026-05-18,C-LAV-008-002,CS02,0,0,0.673,2
2026-05-18,C-LAV-008-002,CS03,0,0,0.512,1
2026-05-18,C-LAV-008-002,CS04,1,0,0.481,2
2026-05-18,C-LAV-014-001,CS01,0,0,0.631,2
2026-05-18,C-LAV-014-001,CS02,0,0,0.661,5
2026-05-18,C-LAV-014-001,CS03,1,0,0.562,4
2026-05-18,C-LAV-014-001,CS04,2,0,0.481,7
2026-05-18,C-LAV-014-003,CS01,0,0,0.598,1
2026-05-18,C-LAV-014-003,CS02,0,0,0.639,2
2026-05-18,C-LAV-014-003,CS03,0,0,0.549,3
2026-05-18,C-LAV-014-003,CS04,1,0,0.424,3
2026-05-18,C-LAV-017-001,CS01,0,0,0.597,2
2026-05-18,C-LAV-017-001,CS02,0,0,0.635,3
2026-05-18,C-LAV-017-001,CS03,0,0,0.49,3
2026-05-18,C-LAV-017-001,CS04,1,0,0.464,3
2026-05-18,C-LAV-017-003,CS01,0,0,0.634,1
2026-05-18,C-LAV-017-003,CS02,0,0,0.633,2
2026-05-18,C-LAV-017-003,CS03,0,0,0.514,3
2026-05-18,C-LAV-017-003,CS04,1,0,0.47,5
2026-05-18,C-LDN-006-002,CS01,0,0,0.61,3
2026-05-18,C-LDN-006-002,CS02,0,0,0.557,3
2026-05-18,C-LDN-006-002,CS03,1,0,0.516,5
2026-05-18,C-LDN-006-002,CS04,2,0,0.499,6
2026-05-18,C-LDN-008-003,CS01,0,0,0.598,1
2026-05-18,C-LDN-008-003,CS02,0,0,0.669,1
2026-05-18,C-LDN-008-003,CS03,0,0,0.511,3
2026-05-18,C-LDN-008-003,CS04,1,0,0.521,3
2026-05-18,C-MIS-024-003,CS01,0,0,0.593,1
2026-05-18,C-MIS-024-003,CS02,0,0,0.659,2
2026-05-18,C-MIS-024-003,CS03,0,0,0.514,3
2026-05-18,C-MIS-024-003,CS04,1,0,0.506,4
2026-05-18,C-MNC-002-003,CS01,0,0,0.659,2
2026-05-18,C-MNC-002-003,CS02,0,0,0.677,3
2026-05-18,C-MNC-002-003,CS03,1,0,0.506,4
2026-05-18,C-MNC-002-003,CS04,1,0,0.449,5
2026-05-18,C-MNC-004-001,CS01,0,0,0.662,3
2026-05-18,C-MNC-004-001,CS02,0,0,0.672,3
2026-05-18,C-MNC-004-001,CS03,1,0,0.497,4
2026-05-18,C-MNC-004-001,CS04,2,0,0.42,6
2026-05-18,C-MNC-005-001,CS01,0,0,0.648,2
2026-05-18,C-MNC-005-001,CS02,0,0,0.691,3
2026-05-18,C-MNC-005-001,CS03,1,0,0.532,6
2026-05-18,C-MNC-005-001,CS04,2,0,0.509,6
2026-05-18,C-MTL-003-003,CS01,0,0,0.6,2
2026-05-18,C-MTL-003-003,CS02,0,0,0.631,3
2026-05-18,C-MTL-003-003,CS03,0,0,0.505,4
2026-05-18,C-MTL-003-003,CS04,1,0,0.508,3
2026-05-18,C-OTT-003-003,CS01,0,0,0.565,2
2026-05-18,C-OTT-003-003,CS02,0,0,0.674,3
2026-05-18,C-OTT-003-003,CS03,0,0,0.531,4
2026-05-18,C-OTT-003-003,CS04,1,0,0.468,3
2026-05-18,C-OTT-005-003,CS01,0,0,0.647,2
2026-05-18,C-OTT-005-003,CS02,0,0,0.646,5
2026-05-18,C-OTT-005-003,CS03,1,0,0.503,6
2026-05-18,C-OTT-005-003,CS04,2,0,0.492,6
2026-05-18,C-OTT-011-001,CS01,0,0,0.631,1
2026-05-18,C-OTT-011-001,CS02,0,0,0.671,2
2026-05-18,C-OTT-011-001,CS03,1,0,0.515,4
2026-05-18,C-OTT-011-001,CS04,2,0,0.421,4
2026-05-18,C-OTT-011-002,CS01,0,0,0.694,1
2026-05-18,C-OTT-011-002,CS02,0,0,0.637,3
2026-05-18,C-OTT-011-002,CS03,0,0,0.524,4
2026-05-18,C-OTT-011-002,CS04,1,0,0.468,5
2026-05-18,C-OTT-013-002,CS01,0,0,0.582,2
2026-05-18,C-OTT-013-002,CS02,0,0,0.652,2
2026-05-18,C-OTT-013-002,CS03,0,0,0.53,2
2026-05-18,C-OTT-013-002,CS04,1,0,0.448,3
2026-05-18,C-OTT-022-003,CS01,0,0,0.607,2
2026-05-18,C-OTT-022-003,CS02,0,0,0.678,3
2026-05-18,C-OTT-022-003,CS03,0,0,0.544,3
2026-05-18,C-OTT-022-003,CS04,1,0,0.453,4
2026-05-18,C-QBC-002-001,CS01,0,0,0.576,1
2026-05-18,C-QBC-002-001,CS02,0,0,0.677,1
2026-05-18,C-QBC-002-001,CS03,0,0,0.54,2
2026-05-18,C-QBC-002-001,CS04,1,0,0.509,4
2026-05-18,C-QBC-002-002,CS01,0,0,0.596,2
2026-05-18,C-QBC-002-002,CS02,0,0,0.628,2
2026-05-18,C-QBC-002-002,CS03,0,0,0.505,2
2026-05-18,C-QBC-002-002,CS04,1,0,0.482,3
2026-05-18,C-QBC-002-003,CS01,0,0,0.576,2
2026-05-18,C-QBC-002-003,CS02,0,0,0.598,3
2026-05-18,C-QBC-002-003,CS03,0,0,0.519,2
2026-05-18,C-QBC-002-003,CS04,1,0,0.519,4
2026-05-18,C-QBC-009-001,CS01,0,0,0.599,1
2026-05-18,C-QBC-009-001,CS02,0,0,0.631,4
2026-05-18,C-QBC-009-001,CS03,1,0,0.457,3
2026-05-18,C-QBC-009-001,CS04,2,0,0.548,5
2026-05-18,C-QBC-010-003,CS01,0,0,0.603,2
2026-05-18,C-QBC-010-003,CS02,0,0,0.658,4
2026-05-18,C-QBC-010-003,CS03,1,0,0.546,3
2026-05-18,C-QBC-010-003,CS04,2,0,0.502,4
2026-05-18,C-QBC-011-002,CS02,0,0,0.61,1
2026-05-18,C-QBC-011-002,CS03,0,0,0.538,2
2026-05-18,C-QBC-011-002,CS04,1,0,0.54,2
2026-05-18,C-QBC-012-001,CS01,0,0,0.589,1
2026-05-18,C-QBC-012-001,CS02,0,0,0.643,3
2026-05-18,C-QBC-012-001,CS03,1,0,0.55,5
2026-05-18,C-QBC-012-001,CS04,1,0,0.489,5
2026-05-18,C-QBC-016-002,CS01,0,0,0.626,1
2026-05-18,C-QBC-016-002,CS02,0,0,0.723,2
2026-05-18,C-QBC-016-002,CS03,0,0,0.527,2
2026-05-18,C-QBC-016-002,CS04,1,0,0.501,4
2026-05-18,C-QBC-016-003,CS01,0,0,0.543,2
2026-05-18,C-QBC-016-003,CS02,0,0,0.681,3
2026-05-18,C-QBC-016-003,CS03,1,0,0.509,5
2026-05-18,C-QBC-016-003,CS04,2,0,0.526,7
2026-05-18,C-QBC-022-003,CS01,0,0,0.595,1
2026-05-18,C-QBC-022-003,CS02,0,0,0.632,2
2026-05-18,C-QBC-022-003,CS03,0,0,0.487,3
2026-05-18,C-QBC-022-003,CS04,1,0,0.53,2
2026-05-18,C-STJ-001-002,CS01,0,0,0.621,2
2026-05-18,C-STJ-001-002,CS02,0,0,0.625,3
2026-05-18,C-STJ-001-002,CS03,1,0,0.485,3
2026-05-18,C-STJ-001-002,CS04,2,0,0.472,6
2026-05-18,C-SUR-008-001,CS01,0,0,0.638,1
2026-05-18,C-SUR-008-001,CS02,0,0,0.646,2
2026-05-18,C-SUR-008-001,CS03,0,0,0.46,2
2026-05-18,C-SUR-008-001,CS04,1,0,0.466,3
2026-05-18,C-SUR-010-001,CS01,0,0,0.654,2
2026-05-18,C-SUR-010-001,CS02,0,0,0.681,4
2026-05-18,C-SUR-010-001,CS03,1,0,0.524,3
2026-05-18,C-SUR-010-001,CS04,1,0,0.49,4
2026-05-18,C-SUR-012-001,CS01,0,0,0.614,1
2026-05-18,C-SUR-012-001,CS02,0,0,0.639,3
2026-05-18,C-SUR-012-001,CS03,0,0,0.507,2
2026-05-18,C-SUR-012-001,CS04,1,0,0.5,3
2026-05-18,C-TOR-018-001,CS01,0,0,0.611,2
2026-05-18,C-TOR-018-001,CS02,0,0,0.714,3
2026-05-18,C-TOR-018-001,CS03,1,0,0.503,6
2026-05-18,C-TOR-018-001,CS04,2,0,0.463,6
2026-05-18,C-TOR-018-002,CS01,0,0,0.628,1
2026-05-18,C-TOR-018-002,CS02,0,0,0.674,2
2026-05-18,C-TOR-018-002,CS03,0,0,0.514,3
2026-05-18,C-TOR-018-002,CS04,1,0,0.486,3
2026-05-18,C-TOR-021-002,CS01,0,0,0.621,3
2026-05-18,C-TOR-021-002,CS02,0,0,0.67,5
2026-05-18,C-TOR-021-002,CS03,1,0,0.525,5
2026-05-18,C-TOR-021-002,CS04,2,0,0.55,5
2026-05-18,C-TOR-021-003,CS01,0,0,0.577,1
2026-05-18,C-TOR-021-003,CS02,0,0,0.653,2
2026-05-18,C-TOR-021-003,CS03,0,0,0.563,3
2026-05-18,C-TOR-021-003,CS04,1,0,0.459,2
2026-05-18,C-TOR-023-002,CS01,0,0,0.604,2
2026-05-18,C-TOR-023-002,CS02,0,0,0.623,3
2026-05-18,C-TOR-023-002,CS03,1,0,0.457,3
2026-05-18,C-TOR-023-002,CS04,2,0,0.466,4
2026-05-18,C-TOR-023-003,CS01,0,0,0.576,2
2026-05-18,C-TOR-023-003,CS02,0,0,0.628,4
2026-05-18,C-TOR-023-003,CS03,0,0,0.528,5
2026-05-18,C-TOR-023-003,CS04,1,0,0.456,4
2026-05-18,C-VAN-004-003,CS01,0,0,0.6,1
2026-05-18,C-VAN-004-003,CS02,0,0,0.703,1
2026-05-18,C-VAN-004-003,CS03,0,0,0.55,3
2026-05-18,C-VAN-004-003,CS04,1,0,0.508,3
2026-05-18,C-VAN-007-001,CS01,0,0,0.636,1
2026-05-18,C-VAN-007-001,CS02,0,0,0.649,2
2026-05-18,C-VAN-007-001,CS03,0,0,0.498,3
2026-05-18,C-VAN-007-001,CS04,1,0,0.499,3
2026-05-18,C-VAN-007-003,CS01,0,0,0.629,2
2026-05-18,C-VAN-007-003,CS02,0,0,0.663,3
2026-05-18,C-VAN-007-003,CS03,0,0,0.487,4
2026-05-18,C-VAN-007-003,CS04,1,0,0.511,5
2026-05-18,C-WPG-001-001,CS01,0,0,0.587,3
2026-05-18,C-WPG-001-001,CS02,0,0,0.593,4
2026-05-18,C-WPG-001-001,CS03,1,0,0.526,5
2026-05-18,C-WPG-001-001,CS04,2,0,0.466,6
2026-05-18,C-WPG-001-002,CS01,0,0,0.563,1
2026-05-18,C-WPG-001-002,CS02,0,0,0.668,2
2026-05-18,C-WPG-001-002,CS03,0,0,0.533,2
2026-05-18,C-WPG-001-002,CS04,1,0,0.566,2
2026-05-18,C-WPG-001-003,CS01,0,0,0.647,1
2026-05-18,C-WPG-001-003,CS02,0,0,0.691,2
2026-05-18,C-WPG-001-003,CS03,0,0,0.501,3
2026-05-18,C-WPG-001-003,CS04,1,0,0.492,3
2026-05-19,C-CAL-001-001,CS01,0,0,0.579,1
2026-05-19,C-CAL-001-001,CS02,0,0,0.676,2
2026-05-19,C-CAL-001-001,CS03,0,0,0.543,3
2026-05-19,C-CAL-001-001,CS04,1,0,0.465,2
2026-05-19,C-CHA-001-002,CS01,0,0,0.526,2
2026-05-19,C-CHA-001-002,CS02,0,0,0.593,3
2026-05-19,C-CHA-001-002,CS03,1,0,0.514,5
2026-05-19,C-CHA-001-002,CS04,2,0,0.466,7
2026-05-19,C-CHA-002-002,CS01,0,0,0.624,2
2026-05-19,C-CHA-002-002,CS02,0,0,0.648,2
2026-05-19,C-CHA-002-002,CS03,1,0,0.569,5
2026-05-19,C-CHA-002-002,CS04,1,0,0.48,5
2026-05-19,C-EDM-002-003,CS01,0,0,0.631,3
2026-05-19,C-EDM-002-003,CS02,0,0,0.654,3
2026-05-19,C-EDM-002-003,CS03,1,0,0.549,4
2026-05-19,C-EDM-002-003,CS04,2,0,0.45,6
2026-05-19,C-EDM-003-002,CS01,0,0,0.573,3
2026-05-19,C-EDM-003-002,CS02,0,0,0.604,3
2026-05-19,C-EDM-003-002,CS03,1,0,0.56,6
2026-05-19,C-EDM-003-002,CS04,2,0,0.442,5
2026-05-19,C-HAM-001-001,CS01,0,0,0.629,1
2026-05-19,C-HAM-001-001,CS02,0,0,0.617,1
2026-05-19,C-HAM-001-001,CS03,0,0,0.507,2
2026-05-19,C-HAM-001-001,CS04,1,0,0.474,3
2026-05-19,C-HAM-001-002,CS01,0,0,0.611,2
2026-05-19,C-HAM-001-002,CS02,0,0,0.627,3
2026-05-19,C-HAM-001-002,CS03,1,0,0.494,5
2026-05-19,C-HAM-001-002,CS04,2,0,0.482,6
2026-05-19,C-HAM-012-002,CS01,0,0,0.665,2
2026-05-19,C-HAM-012-002,CS02,0,0,0.655,2
2026-05-19,C-HAM-012-002,CS03,0,0,0.52,3
2026-05-19,C-HAM-012-002,CS04,1,0,0.475,4
2026-05-19,C-HAM-016-003,CS01,0,0,0.606,1
2026-05-19,C-HAM-016-003,CS02,0,0,0.671,2
2026-05-19,C-HAM-016-003,CS03,0,0,0.473,3
2026-05-19,C-HAM-016-003,CS04,1,0,0.457,4
2026-05-19,C-HAM-025-003,CS01,0,0,0.608,2
2026-05-19,C-HAM-025-003,CS02,0,0,0.671,4
2026-05-19,C-HAM-025-003,CS03,1,0,0.524,6
2026-05-19,C-HAM-025-003,CS04,2,0,0.435,8
2026-05-19,C-LAV-014-001,CS01,0,0,0.559,2
2026-05-19,C-LAV-014-001,CS02,0,0,0.724,3
2026-05-19,C-LAV-014-001,CS03,1,0,0.54,6
2026-05-19,C-LAV-014-001,CS04,2,0,0.469,7
2026-05-19,C-LAV-014-003,CS01,0,0,0.6,1
2026-05-19,C-LAV-014-003,CS02,0,0,0.645,2
2026-05-19,C-LAV-014-003,CS03,0,0,0.498,3
2026-05-19,C-LAV-014-003,CS04,1,0,0.481,4
2026-05-19,C-LAV-020-003,CS01,0,0,0.64,2
2026-05-19,C-LAV-020-003,CS02,0,0,0.674,3
2026-05-19,C-LAV-020-003,CS03,0,0,0.528,3
2026-05-19,C-LAV-020-003,CS04,1,0,0.474,3
2026-05-19,C-LDN-006-001,CS01,0,0,0.632,1
2026-05-19,C-LDN-006-001,CS02,0,0,0.684,2
2026-05-19,C-LDN-006-001,CS03,0,0,0.603,3
2026-05-19,C-LDN-006-001,CS04,1,0,0.472,4
2026-05-19,C-LDN-008-002,CS01,0,0,0.607,2
2026-05-19,C-LDN-008-002,CS02,0,0,0.687,3
2026-05-19,C-LDN-008-002,CS03,1,0,0.517,5
2026-05-19,C-LDN-008-002,CS04,2,0,0.501,6
2026-05-19,C-LDN-008-003,CS01,0,0,0.556,1
2026-05-19,C-LDN-008-003,CS02,0,0,0.688,2
2026-05-19,C-LDN-008-003,CS03,0,0,0.575,2
2026-05-19,C-LDN-008-003,CS04,1,0,0.438,2
2026-05-19,C-LDN-010-001,CS01,0,0,0.583,2
2026-05-19,C-LDN-010-001,CS02,0,0,0.697,3
2026-05-19,C-LDN-010-001,CS03,0,0,0.459,2
2026-05-19,C-LDN-010-001,CS04,1,0,0.455,3
2026-05-19,C-MIS-024-001,CS01,0,0,0.566,2
2026-05-19,C-MIS-024-001,CS02,0,0,0.675,3
2026-05-19,C-MIS-024-001,CS03,0,0,0.517,2
2026-05-19,C-MIS-024-001,CS04,1,0,0.462,5
2026-05-19,C-MNC-001-002,CS01,0,0,0.608,3
2026-05-19,C-MNC-001-002,CS02,0,0,0.674,3
2026-05-19,C-MNC-001-002,CS03,1,0,0.522,5
2026-05-19,C-MNC-001-002,CS04,2,0,0.443,4
2026-05-19,C-MNC-002-003,CS01,0,0,0.617,2
2026-05-19,C-MNC-002-003,CS02,0,0,0.651,4
2026-05-19,C-MNC-002-003,CS03,1,0,0.577,5
2026-05-19,C-MNC-002-003,CS04,2,0,0.465,5
2026-05-19,C-MNC-004-003,CS01,0,0,0.597,1
2026-05-19,C-MNC-004-003,CS02,0,0,0.642,3
2026-05-19,C-MNC-004-003,CS03,1,0,0.518,3
2026-05-19,C-MNC-004-003,CS04,1,0,0.483,4
2026-05-19,C-MTL-005-002,CS01,0,0,0.562,1
2026-05-19,C-MTL-005-002,CS02,0,0,0.662,1
2026-05-19,C-MTL-005-002,CS03,0,0,0.463,2
2026-05-19,C-MTL-005-002,CS04,1,0,0.496,4
2026-05-19,C-MTL-019-002,CS01,0,0,0.584,1
2026-05-19,C-MTL-019-002,CS02,0,0,0.682,2
2026-05-19,C-MTL-019-002,CS03,0,0,0.596,4
2026-05-19,C-MTL-019-002,CS04,1,0,0.461,5
2026-05-19,C-OTT-004-003,CS01,0,0,0.59,1
2026-05-19,C-OTT-004-003,CS02,0,0,0.672,2
2026-05-19,C-OTT-004-003,CS03,0,0,0.481,2
2026-05-19,C-OTT-004-003,CS04,1,0,0.453,2
2026-05-19,C-OTT-011-001,CS01,0,0,0.648,2
2026-05-19,C-OTT-011-001,CS02,0,0,0.637,3
2026-05-19,C-OTT-011-001,CS03,1,0,0.539,3
2026-05-19,C-OTT-011-001,CS04,2,0,0.496,4
2026-05-19,C-OTT-013-003,CS01,0,0,0.626,3
2026-05-19,C-OTT-013-003,CS02,0,0,0.649,3
2026-05-19,C-OTT-013-003,CS03,1,0,0.519,5
2026-05-19,C-OTT-013-003,CS04,2,0,0.516,6
2026-05-19,C-OTT-014-002,CS01,0,0,0.66,2
2026-05-19,C-OTT-014-002,CS02,0,0,0.67,3
2026-05-19,C-OTT-014-002,CS03,0,0,0.494,4
2026-05-19,C-OTT-014-002,CS04,1,0,0.445,4
2026-05-19,C-OTT-014-003,CS01,0,0,0.641,1
2026-05-19,C-OTT-014-003,CS02,0,0,0.673,3
2026-05-19,C-OTT-014-003,CS03,0,0,0.557,3
2026-05-19,C-OTT-014-003,CS04,1,0,0.454,5
2026-05-19,C-OTT-022-001,CS01,0,0,0.61,1
2026-05-19,C-OTT-022-001,CS02,0,0,0.665,2
2026-05-19,C-OTT-022-001,CS03,0,0,0.503,4
2026-05-19,C-OTT-022-001,CS04,1,0,0.507,3
2026-05-19,C-OTT-022-003,CS01,0,0,0.641,1
2026-05-19,C-OTT-022-003,CS02,0,0,0.639,3
2026-05-19,C-OTT-022-003,CS03,0,0,0.55,3
2026-05-19,C-OTT-022-003,CS04,1,0,0.494,4
2026-05-19,C-QBC-002-002,CS01,0,0,0.619,1
2026-05-19,C-QBC-002-002,CS02,0,0,0.637,2
2026-05-19,C-QBC-002-002,CS03,0,0,0.515,4
2026-05-19,C-QBC-002-002,CS04,1,0,0.444,5
2026-05-19,C-QBC-010-002,CS01,0,0,0.588,2
2026-05-19,C-QBC-010-002,CS02,0,0,0.618,4
2026-05-19,C-QBC-010-002,CS03,1,0,0.535,3
2026-05-19,C-QBC-010-002,CS04,2,0,0.479,4
2026-05-19,C-QBC-011-002,CS01,0,0,0.605,1
2026-05-19,C-QBC-011-002,CS02,0,0,0.58,1
2026-05-19,C-QBC-011-002,CS03,0,0,0.539,2
2026-05-19,C-QBC-011-002,CS04,1,0,0.446,2
2026-05-19,C-QBC-012-001,CS01,0,0,0.572,2
2026-05-19,C-QBC-012-001,CS02,0,0,0.644,3
2026-05-19,C-QBC-012-001,CS03,1,0,0.513,4
2026-05-19,C-QBC-012-001,CS04,1,0,0.45,4
2026-05-19,C-QBC-013-001,CS01,0,0,0.569,1
2026-05-19,C-QBC-013-001,CS02,0,0,0.649,3
2026-05-19,C-QBC-013-001,CS03,1,0,0.526,4
2026-05-19,C-QBC-013-001,CS04,1,0,0.472,5
2026-05-19,C-QBC-023-002,CS01,0,0,0.593,2
2026-05-19,C-QBC-023-002,CS02,0,0,0.641,2
2026-05-19,C-QBC-023-002,CS03,0,0,0.503,3
2026-05-19,C-QBC-023-002,CS04,1,0,0.482,3
2026-05-19,C-REG-002-001,CS01,0,0,0.653,2
2026-05-19,C-REG-002-001,CS02,0,0,0.629,3
2026-05-19,C-REG-002-001,CS03,0,0,0.544,4
2026-05-19,C-REG-002-001,CS04,1,0,0.449,5
2026-05-19,C-SAS-001-002,CS01,0,0,0.578,1
2026-05-19,C-SAS-001-002,CS02,0,0,0.688,1
2026-05-19,C-SAS-001-002,CS03,0,0,0.558,2
2026-05-19,C-SAS-001-002,CS04,1,0,0.5,2
2026-05-19,C-STJ-001-001,CS01,0,0,0.604,1
2026-05-19,C-STJ-001-001,CS02,0,0,0.668,2
2026-05-19,C-STJ-001-001,CS03,0,0,0.53,3
2026-05-19,C-STJ-001-001,CS04,1,0,0.475,4
2026-05-19,C-STJ-001-003,CS01,0,0,0.608,2
2026-05-19,C-STJ-001-003,CS02,0,0,0.595,3
2026-05-19,C-STJ-001-003,CS03,1,0,0.511,5
2026-05-19,C-STJ-001-003,CS04,1,0,0.46,5
2026-05-19,C-SUR-005-003,CS01,0,0,0.561,2
2026-05-19,C-SUR-005-003,CS02,0,0,0.716,4
2026-05-19,C-SUR-005-003,CS03,1,0,0.503,3
2026-05-19,C-SUR-005-003,CS04,2,0,0.447,6
2026-05-19,C-SUR-008-002,CS01,0,0,0.6,1
2026-05-19,C-SUR-008-002,CS02,0,0,0.674,2
2026-05-19,C-SUR-008-002,CS03,0,0,0.501,2
2026-05-19,C-SUR-008-002,CS04,1,0,0.466,4
2026-05-19,C-SUR-009-001,CS01,0,0,0.595,1
2026-05-19,C-SUR-009-001,CS02,0,0,0.705,2
2026-05-19,C-SUR-009-001,CS03,0,0,0.566,2
2026-05-19,C-SUR-009-001,CS04,1,0,0.525,2
2026-05-19,C-SUR-009-002,CS01,0,0,0.587,1
2026-05-19,C-SUR-009-002,CS02,0,0,0.662,2
2026-05-19,C-SUR-009-002,CS03,0,0,0.528,2
2026-05-19,C-SUR-009-002,CS04,1,0,0.443,3
2026-05-19,C-SUR-011-002,CS01,0,0,0.57,2
2026-05-19,C-SUR-011-002,CS02,0,0,0.63,3
2026-05-19,C-SUR-011-002,CS03,1,0,0.541,3
2026-05-19,C-SUR-011-002,CS04,2,0,0.455,7
2026-05-19,C-TOR-021-001,CS01,0,0,0.583,1
2026-05-19,C-TOR-021-001,CS02,0,0,0.687,2
2026-05-19,C-TOR-021-001,CS03,0,0,0.546,3
2026-05-19,C-TOR-021-001,CS04,1,0,0.46,3
2026-05-19,C-TOR-023-001,CS01,0,0,0.599,1
2026-05-19,C-TOR-023-001,CS02,0,0,0.662,2
2026-05-19,C-TOR-023-001,CS03,0,0,0.523,2
2026-05-19,C-TOR-023-001,CS04,1,0,0.513,3
2026-05-19,C-VAN-001-002,CS01,0,0,0.621,1
2026-05-19,C-VAN-001-002,CS02,0,0,0.591,2
2026-05-19,C-VAN-001-002,CS03,0,0,0.561,2
2026-05-19,C-VAN-001-002,CS04,1,0,0.51,3
2026-05-19,C-VAN-007-003,CS01,0,0,0.632,2
2026-05-19,C-VAN-007-003,CS02,0,0,0.623,4
2026-05-19,C-VAN-007-003,CS03,1,0,0.525,5
2026-05-19,C-VAN-007-003,CS04,1,0,0.486,4
2026-05-19,C-VAN-014-002,CS01,0,0,0.535,2
2026-05-19,C-VAN-014-002,CS02,0,0,0.681,3
2026-05-19,C-VAN-014-002,CS03,0,0,0.554,3
2026-05-19,C-VAN-014-002,CS04,1,0,0.512,3
2026-05-19,C-WPG-003-003,CS01,0,0,0.566,2
2026-05-19,C-WPG-003-003,CS02,0,0,0.637,3
2026-05-19,C-WPG-003-003,CS03,0,0,0.533,4
2026-05-19,C-WPG-003-003,CS04,1,0,0.441,3
2026-05-20,C-CAL-001-003,CS01,0,0,0.559,2
2026-05-20,C-CAL-001-003,CS02,0,0,0.695,3
2026-05-20,C-CAL-001-003,CS03,0,0,0.491,3
2026-05-20,C-CAL-001-003,CS04,1,0,0.445,4
2026-05-20,C-CHA-001-003,CS01,0,0,0.647,1
2026-05-20,C-CHA-001-003,CS02,0,0,0.668,2
2026-05-20,C-CHA-001-003,CS03,0,0,0.565,2
2026-05-20,C-CHA-001-003,CS04,1,0,0.467,2
2026-05-20,C-CHA-002-003,CS01,0,0,0.587,1
2026-05-20,C-CHA-002-003,CS02,0,0,0.691,3
2026-05-20,C-CHA-002-003,CS03,0,0,0.515,3
2026-05-20,C-CHA-002-003,CS04,1,0,0.479,4
2026-05-20,C-HAM-001-001,CS01,0,0,0.609,1
2026-05-20,C-HAM-001-001,CS02,0,0,0.649,2
2026-05-20,C-HAM-001-001,CS03,0,0,0.562,2
2026-05-20,C-HAM-001-001,CS04,1,0,0.481,3
2026-05-20,C-HAM-016-003,CS01,0,0,0.595,1
2026-05-20,C-HAM-016-003,CS02,0,0,0.657,2
2026-05-20,C-HAM-016-003,CS03,0,0,0.535,3
2026-05-20,C-HAM-016-003,CS04,1,0,0.512,3
2026-05-20,C-HAM-020-002,CS01,0,0,0.58,2
2026-05-20,C-HAM-020-002,CS02,0,0,0.628,3
2026-05-20,C-HAM-020-002,CS03,1,0,0.532,5
2026-05-20,C-HAM-020-002,CS04,2,0,0.515,5
2026-05-20,C-HAM-025-002,CS01,0,0,0.595,2
2026-05-20,C-HAM-025-002,CS02,0,0,0.667,3
2026-05-20,C-HAM-025-002,CS03,0,0,0.512,4
2026-05-20,C-HAM-025-002,CS04,1,0,0.486,3
2026-05-20,C-LAV-007-002,CS01,0,0,0.605,2
2026-05-20,C-LAV-007-002,CS02,0,0,0.644,5
2026-05-20,C-LAV-007-002,CS03,1,0,0.481,5
2026-05-20,C-LAV-007-002,CS04,2,0,0.48,6
2026-05-20,C-LAV-008-003,CS01,0,0,0.619,1
2026-05-20,C-LAV-008-003,CS02,0,0,0.665,2
2026-05-20,C-LAV-008-003,CS03,0,0,0.514,2
2026-05-20,C-LAV-008-003,CS04,1,0,0.529,3
2026-05-20,C-LAV-014-001,CS01,0,0,0.569,3
2026-05-20,C-LAV-014-001,CS02,0,0,0.71,4
2026-05-20,C-LAV-014-001,CS03,1,0,0.477,4
2026-05-20,C-LAV-014-001,CS04,2,0,0.503,6
2026-05-20,C-LAV-020-002,CS01,0,0,0.631,1
2026-05-20,C-LAV-020-002,CS02,0,0,0.601,2
2026-05-20,C-LAV-020-002,CS03,0,0,0.584,2
2026-05-20,C-LAV-020-002,CS04,1,0,0.49,3
2026-05-20,C-LDN-006-003,CS01,0,0,0.62,1
2026-05-20,C-LDN-006-003,CS02,0,0,0.674,2
2026-05-20,C-LDN-006-003,CS03,0,0,0.516,3
2026-05-20,C-LDN-006-003,CS04,1,0,0.457,3
2026-05-20,C-LDN-007-001,CS01,0,0,0.642,2
2026-05-20,C-LDN-007-001,CS02,0,0,0.62,3
2026-05-20,C-LDN-007-001,CS03,1,0,0.512,4
2026-05-20,C-LDN-007-001,CS04,2,0,0.488,6
2026-05-20,C-LDN-008-002,CS01,0,0,0.596,2
2026-05-20,C-LDN-008-002,CS02,0,0,0.645,4
2026-05-20,C-LDN-008-002,CS03,1,0,0.508,4
2026-05-20,C-LDN-008-002,CS04,2,0,0.523,6
2026-05-20,C-MIS-024-002,CS01,0,0,0.512,1
2026-05-20,C-MIS-024-002,CS02,0,0,0.621,2
2026-05-20,C-MIS-024-002,CS03,0,0,0.535,3
2026-05-20,C-MIS-024-002,CS04,1,0,0.485,4
2026-05-20,C-MNC-001-001,CS01,0,0,0.625,2
2026-05-20,C-MNC-001-001,CS02,0,0,0.637,2
2026-05-20,C-MNC-001-001,CS03,0,0,0.542,4
2026-05-20,C-MNC-001-001,CS04,1,0,0.445,4
2026-05-20,C-MNC-001-003,CS01,0,0,0.647,1
2026-05-20,C-MNC-001-003,CS02,0,0,0.611,2
2026-05-20,C-MNC-001-003,CS03,0,0,0.464,3
2026-05-20,C-MNC-001-003,CS04,1,0,0.492,3
2026-05-20,C-MNC-003-003,CS01,0,0,0.601,1
2026-05-20,C-MNC-003-003,CS02,0,0,0.68,2
2026-05-20,C-MNC-003-003,CS03,0,0,0.508,3
2026-05-20,C-MNC-003-003,CS04,1,0,0.505,4
2026-05-20,C-MNC-005-002,CS01,0,0,0.647,1
2026-05-20,C-MNC-005-002,CS02,0,0,0.644,3
2026-05-20,C-MNC-005-002,CS03,0,0,0.529,3
2026-05-20,C-MNC-005-002,CS04,1,0,0.474,3
2026-05-20,C-MTL-001-001,CS01,0,0,0.614,2
2026-05-20,C-MTL-001-001,CS02,0,0,0.667,2
2026-05-20,C-MTL-001-001,CS03,0,0,0.496,4
2026-05-20,C-MTL-001-001,CS04,1,0,0.447,3
2026-05-20,C-MTL-004-001,CS01,0,0,0.639,3
2026-05-20,C-MTL-004-001,CS02,0,0,0.643,4
2026-05-20,C-MTL-004-001,CS03,1,0,0.492,4
2026-05-20,C-MTL-004-001,CS04,2,0,0.518,6
2026-05-20,C-MTL-018-003,CS01,0,0,0.592,1
2026-05-20,C-MTL-018-003,CS02,0,0,0.608,4
2026-05-20,C-MTL-018-003,CS03,1,0,0.558,5
2026-05-20,C-MTL-018-003,CS04,2,0,0.452,6
2026-05-20,C-MTL-019-003,CS01,0,0,0.614,2
2026-05-20,C-MTL-019-003,CS02,0,0,0.631,4
2026-05-20,C-MTL-019-003,CS03,1,0,0.49,4
2026-05-20,C-MTL-019-003,CS04,1,0,0.462,5
2026-05-20,C-MTL-021-001,CS01,0,0,0.647,3
2026-05-20,C-MTL-021-001,CS02,0,0,0.666,5
2026-05-20,C-MTL-021-001,CS03,1,0,0.501,4
2026-05-20,C-MTL-021-001,CS04,2,0,0.473,5
2026-05-20,C-MTL-021-002,CS01,0,0,0.614,1
2026-05-20,C-MTL-021-002,CS02,0,0,0.675,1
2026-05-20,C-MTL-021-002,CS03,0,0,0.501,2
2026-05-20,C-MTL-021-002,CS04,1,0,0.461,2
2026-05-20,C-OTT-004-002,CS01,0,0,0.623,1
2026-05-20,C-OTT-004-002,CS02,0,0,0.668,2
2026-05-20,C-OTT-004-002,CS03,0,0,0.552,2
2026-05-20,C-OTT-004-002,CS04,1,0,0.498,3
2026-05-20,C-OTT-011-003,CS01,0,0,0.558,2
2026-05-20,C-OTT-011-003,CS02,0,0,0.674,3
2026-05-20,C-OTT-011-003,CS03,1,0,0.531,4
2026-05-20,C-OTT-011-003,CS04,2,0,0.477,5
2026-05-20,C-OTT-013-001,CS01,0,0,0.578,3
2026-05-20,C-OTT-013-001,CS02,0,0,0.662,4
2026-05-20,C-OTT-013-001,CS03,1,0,0.526,5
2026-05-20,C-OTT-013-001,CS04,2,0,0.493,5
2026-05-20,C-OTT-013-002,CS01,0,0,0.608,2
2026-05-20,C-OTT-013-002,CS02,0,0,0.566,3
2026-05-20,C-OTT-013-002,CS03,0,0,0.479,3
2026-05-20,C-OTT-013-002,CS04,1,0,0.528,4
2026-05-20,C-QBC-009-003,CS01,0,0,0.596,1
2026-05-20,C-QBC-009-003,CS02,0,0,0.674,2
2026-05-20,C-QBC-009-003,CS03,0,0,0.521,2
2026-05-20,C-QBC-009-003,CS04,1,0,0.472,3
2026-05-20,C-QBC-010-001,CS01,0,0,0.626,1
2026-05-20,C-QBC-010-001,CS02,0,0,0.673,4
2026-05-20,C-QBC-010-001,CS03,1,0,0.544,4
2026-05-20,C-QBC-010-001,CS04,2,0,0.492,4
2026-05-20,C-QBC-010-002,CS01,0,0,0.57,2
2026-05-20,C-QBC-010-002,CS02,0,0,0.632,4
2026-05-20,C-QBC-010-002,CS03,1,0,0.496,3
2026-05-20,C-QBC-010-002,CS04,2,0,0.53,7
2026-05-20,C-QBC-013-002,CS01,0,0,0.598,2
2026-05-20,C-QBC-013-002,CS02,0,0,0.655,3
2026-05-20,C-QBC-013-002,CS03,0,0,0.521,3
2026-05-20,C-QBC-013-002,CS04,1,0,0.461,4
2026-05-20,C-QBC-013-003,CS01,0,0,0.616,1
2026-05-20,C-QBC-013-003,CS02,0,0,0.67,3
2026-05-20,C-QBC-013-003,CS03,0,0,0.58,3
2026-05-20,C-QBC-013-003,CS04,1,0,0.466,4
2026-05-20,C-QBC-016-003,CS01,0,0,0.619,2
2026-05-20,C-QBC-016-003,CS02,0,0,0.68,5
2026-05-20,C-QBC-016-003,CS03,1,0,0.497,4
2026-05-20,C-QBC-016-003,CS04,2,0,0.478,4
2026-05-20,C-QBC-022-002,CS01,0,0,0.625,1
2026-05-20,C-QBC-022-002,CS02,0,0,0.675,3
2026-05-20,C-QBC-022-002,CS03,0,0,0.483,3
2026-05-20,C-QBC-022-002,CS04,1,0,0.508,3
2026-05-20,C-QBC-022-003,CS01,0,0,0.568,1
2026-05-20,C-QBC-022-003,CS02,0,0,0.688,2
2026-05-20,C-QBC-022-003,CS03,0,0,0.536,3
2026-05-20,C-QBC-022-003,CS04,1,0,0.5,4
2026-05-20,C-REG-002-001,CS01,0,0,0.621,1
2026-05-20,C-REG-002-001,CS02,0,0,0.634,2
2026-05-20,C-REG-002-001,CS03,0,0,0.528,4
2026-05-20,C-REG-002-001,CS04,1,0,0.515,5
2026-05-20,C-REG-002-003,CS01,0,0,0.605,2
2026-05-20,C-REG-002-003,CS02,0,0,0.645,4
2026-05-20,C-REG-002-003,CS03,1,0,0.541,4
2026-05-20,C-REG-002-003,CS04,2,0,0.476,7
2026-05-20,C-SAS-001-002,CS01,0,0,0.55,1
2026-05-20,C-SAS-001-002,CS02,0,0,0.642,2
2026-05-20,C-SAS-001-002,CS03,0,0,0.526,2
2026-05-20,C-SAS-001-002,CS04,1,0,0.475,3
2026-05-20,C-SAS-001-003,CS01,0,0,0.586,1
2026-05-20,C-SAS-001-003,CS02,0,0,0.658,2
2026-05-20,C-SAS-001-003,CS03,0,0,0.541,2
2026-05-20,C-SAS-001-003,CS04,1,0,0.429,3
2026-05-20,C-SUR-002-001,CS01,0,0,0.626,2
2026-05-20,C-SUR-002-001,CS02,0,0,0.681,2
2026-05-20,C-SUR-002-001,CS03,1,0,0.458,5
2026-05-20,C-SUR-002-001,CS04,2,0,0.439,6
2026-05-20,C-SUR-005-002,CS01,0,0,0.663,1
2026-05-20,C-SUR-005-002,CS02,0,0,0.694,2
2026-05-20,C-SUR-005-002,CS03,0,0,0.561,3
2026-05-20,C-SUR-005-002,CS04,1,0,0.464,4
2026-05-20,C-SUR-005-003,CS01,0,0,0.595,2
2026-05-20,C-SUR-005-003,CS02,0,0,0.675,5
2026-05-20,C-SUR-005-003,CS03,1,0,0.506,6
2026-05-20,C-SUR-005-003,CS04,2,0,0.495,8
2026-05-20,C-TOR-023-001,CS01,0,0,0.618,1
2026-05-20,C-TOR-023-001,CS02,0,0,0.652,2
2026-05-20,C-TOR-023-001,CS03,0,0,0.58,3
2026-05-20,C-TOR-023-001,CS04,1,0,0.477,4
2026-05-20,C-VAN-001-003,CS01,0,0,0.563,2
2026-05-20,C-VAN-001-003,CS02,0,0,0.613,2
2026-05-20,C-VAN-001-003,CS03,0,0,0.535,2
2026-05-20,C-VAN-001-003,CS04,1,0,0.448,3
2026-05-20,C-VAN-003-003,CS01,0,0,0.588,1
2026-05-20,C-VAN-003-003,CS02,0,0,0.616,2
2026-05-20,C-VAN-003-003,CS03,0,0,0.545,3
2026-05-20,C-VAN-003-003,CS04,1,0,0.453,3
2026-05-20,C-VAN-014-003,CS01,0,0,0.582,2
2026-05-20,C-VAN-014-003,CS02,0,0,0.583,2
2026-05-20,C-VAN-014-003,CS03,0,0,0.546,4
2026-05-20,C-VAN-014-003,CS04,1,0,0.451,4
2026-05-20,C-VAN-N-002,CS01,0,0,0.624,1
2026-05-20,C-VAN-N-002,CS02,0,0,0.698,2
2026-05-20,C-VAN-N-002,CS03,0,0,0.567,2
2026-05-20,C-VAN-N-002,CS04,1,0,0.484,2
2026-05-20,C-VIC-006-002,CS01,0,0,0.625,1
2026-05-20,C-VIC-006-002,CS02,0,0,0.687,3
2026-05-20,C-VIC-006-002,CS03,0,0,0.519,4
2026-05-20,C-VIC-006-002,CS04,1,0,0.505,6
2026-05-21,C-CAL-004-002,CS01,0,0,0.611,2
2026-05-21,C-CAL-004-002,CS02,0,0,0.624,3
2026-05-21,C-CAL-004-002,CS03,0,0,0.513,3
2026-05-21,C-CAL-004-002,CS04,1,0,0.442,5
2026-05-21,C-CAL-004-003,CS01,0,0,0.637,1
2026-05-21,C-CAL-004-003,CS02,0,0,0.67,2
2026-05-21,C-CAL-004-003,CS03,0,0,0.529,2
2026-05-21,C-CAL-004-003,CS04,1,0,0.507,3
2026-05-21,C-CHA-002-001,CS01,0,0,0.62,1
2026-05-21,C-CHA-002-001,CS02,0,0,0.678,2
2026-05-21,C-CHA-002-001,CS03,0,0,0.534,3
2026-05-21,C-CHA-002-001,CS04,1,0,0.51,2
2026-05-21,C-CHA-003-001,CS01,0,0,0.587,1
2026-05-21,C-CHA-003-001,CS02,0,0,0.607,2
2026-05-21,C-CHA-003-001,CS03,0,0,0.511,2
2026-05-21,C-CHA-003-001,CS04,1,0,0.515,3
2026-05-21,C-HAM-002-001,CS01,0,0,0.596,1
2026-05-21,C-HAM-002-001,CS02,0,0,0.6,4
2026-05-21,C-HAM-002-001,CS03,1,0,0.585,4
2026-05-21,C-HAM-002-001,CS04,1,0,0.482,5
2026-05-21,C-HAM-002-003,CS01,0,0,0.553,1
2026-05-21,C-HAM-002-003,CS02,0,0,0.646,2
2026-05-21,C-HAM-002-003,CS03,0,0,0.529,2
2026-05-21,C-HAM-002-003,CS04,1,0,0.523,3
2026-05-21,C-HAM-020-002,CS01,0,0,0.584,2
2026-05-21,C-HAM-020-002,CS02,0,0,0.662,4
2026-05-21,C-HAM-020-002,CS03,1,0,0.586,4
2026-05-21,C-HAM-020-002,CS04,2,0,0.519,6
2026-05-21,C-LAV-006-001,CS01,0,0,0.577,1
2026-05-21,C-LAV-006-001,CS02,0,0,0.646,1
2026-05-21,C-LAV-006-001,CS03,0,0,0.525,3
2026-05-21,C-LAV-006-001,CS04,1,0,0.514,2
2026-05-21,C-LAV-020-002,CS01,0,0,0.567,1
2026-05-21,C-LAV-020-002,CS02,0,0,0.679,1
2026-05-21,C-LAV-020-002,CS03,0,0,0.528,1
2026-05-21,C-LAV-020-002,CS04,1,0,0.463,3
2026-05-21,C-LAV-020-003,CS01,0,0,0.647,1
2026-05-21,C-LAV-020-003,CS02,0,0,0.653,3
2026-05-21,C-LAV-020-003,CS03,0,0,0.544,4
2026-05-21,C-LAV-020-003,CS04,1,0,0.446,5
2026-05-21,C-LDN-008-002,CS01,0,0,0.614,2
2026-05-21,C-LDN-008-002,CS02,0,0,0.616,4
2026-05-21,C-LDN-008-002,CS03,1,0,0.512,4
2026-05-21,C-LDN-008-002,CS04,2,0,0.508,6
2026-05-21,C-LDN-008-003,CS01,0,0,0.564,1
2026-05-21,C-LDN-008-003,CS02,0,0,0.626,3
2026-05-21,C-LDN-008-003,CS03,0,0,0.563,2
2026-05-21,C-LDN-008-003,CS04,1,0,0.512,3
2026-05-21,C-LDN-015-001,CS01,0,0,0.654,3
2026-05-21,C-LDN-015-001,CS02,0,0,0.66,3
2026-05-21,C-LDN-015-001,CS03,1,0,0.535,5
2026-05-21,C-LDN-015-001,CS04,2,0,0.484,4
2026-05-21,C-MNC-001-002,CS01,0,0,0.638,2
2026-05-21,C-MNC-001-002,CS02,0,0,0.646,2
2026-05-21,C-MNC-001-002,CS03,1,0,0.546,5
2026-05-21,C-MNC-001-002,CS04,1,0,0.5,4
2026-05-21,C-MNC-002-001,CS01,0,0,0.587,2
2026-05-21,C-MNC-002-001,CS02,0,0,0.649,4
2026-05-21,C-MNC-002-001,CS03,1,0,0.476,4
2026-05-21,C-MNC-002-001,CS04,2,0,0.46,6
2026-05-21,C-MTL-003-001,CS01,0,0,0.591,2
2026-05-21,C-MTL-003-001,CS02,0,0,0.641,5
2026-05-21,C-MTL-003-001,CS03,1,0,0.516,5
2026-05-21,C-MTL-003-001,CS04,2,0,0.511,5
2026-05-21,C-MTL-003-003,CS01,0,0,0.575,2
2026-05-21,C-MTL-003-003,CS02,0,0,0.669,3
2026-05-21,C-MTL-003-003,CS03,0,0,0.477,4
2026-05-21,C-MTL-003-003,CS04,1,0,0.5,4
2026-05-21,C-MTL-004-002,CS01,0,0,0.622,1
2026-05-21,C-MTL-004-002,CS02,0,0,0.632,3
2026-05-21,C-MTL-004-002,CS03,0,0,0.566,3
2026-05-21,C-MTL-004-002,CS04,1,0,0.498,4
2026-05-21,C-MTL-004-003,CS01,0,0,0.594,1
2026-05-21,C-MTL-004-003,CS02,0,0,0.692,2
2026-05-21,C-MTL-004-003,CS03,0,0,0.574,2
2026-05-21,C-MTL-004-003,CS04,1,0,0.451,2
2026-05-21,C-MTL-019-003,CS01,0,0,0.578,2
2026-05-21,C-MTL-019-003,CS02,0,0,0.637,3
2026-05-21,C-MTL-019-003,CS03,0,0,0.483,4
2026-05-21,C-MTL-019-003,CS04,1,0,0.485,5
2026-05-21,C-OTT-005-003,CS01,0,0,0.617,3
2026-05-21,C-OTT-005-003,CS02,0,0,0.668,4
2026-05-21,C-OTT-005-003,CS03,1,0,0.534,5
2026-05-21,C-OTT-005-003,CS04,2,0,0.465,6
2026-05-21,C-OTT-011-003,CS01,0,0,0.602,2
2026-05-21,C-OTT-011-003,CS02,0,0,0.691,5
2026-05-21,C-OTT-011-003,CS03,1,0,0.527,5
2026-05-21,C-OTT-011-003,CS04,2,0,0.473,5
2026-05-21,C-OTT-013-001,CS01,0,0,0.655,1
2026-05-21,C-OTT-013-001,CS02,0,0,0.68,3
2026-05-21,C-OTT-013-001,CS03,1,0,0.534,5
2026-05-21,C-OTT-013-001,CS04,2,0,0.459,3
2026-05-21,C-OTT-014-001,CS01,0,0,0.562,1
2026-05-21,C-OTT-014-001,CS02,0,0,0.685,2
2026-05-21,C-OTT-014-001,CS03,0,0,0.574,2
2026-05-21,C-OTT-014-001,CS04,1,0,0.486,3
2026-05-21,C-OTT-022-001,CS01,0,0,0.65,1
2026-05-21,C-OTT-022-001,CS02,0,0,0.636,3
2026-05-21,C-OTT-022-001,CS03,0,0,0.531,3
2026-05-21,C-OTT-022-001,CS04,1,0,0.478,5
2026-05-21,C-QBC-010-003,CS01,0,0,0.616,2
2026-05-21,C-QBC-010-003,CS02,0,0,0.659,3
2026-05-21,C-QBC-010-003,CS03,1,0,0.569,5
2026-05-21,C-QBC-010-003,CS04,2,0,0.502,5
2026-05-21,C-QBC-012-001,CS01,0,0,0.626,1
2026-05-21,C-QBC-012-001,CS02,0,0,0.642,3
2026-05-21,C-QBC-012-001,CS03,0,0,0.534,3
2026-05-21,C-QBC-012-001,CS04,1,0,0.513,5
2026-05-21,C-QBC-012-002,CS01,0,0,0.614,2
2026-05-21,C-QBC-012-002,CS02,0,0,0.678,3
2026-05-21,C-QBC-012-002,CS03,0,0,0.498,4
2026-05-21,C-QBC-012-002,CS04,1,0,0.488,4
2026-05-21,C-QBC-023-002,CS01,0,0,0.593,1
2026-05-21,C-QBC-023-002,CS02,0,0,0.645,2
2026-05-21,C-QBC-023-002,CS03,0,0,0.566,3
2026-05-21,C-QBC-023-002,CS04,1,0,0.491,4
2026-05-21,C-REG-002-003,CS01,0,0,0.568,2
2026-05-21,C-REG-002-003,CS02,0,0,0.694,4
2026-05-21,C-REG-002-003,CS03,1,0,0.499,6
2026-05-21,C-REG-002-003,CS04,2,0,0.454,7
2026-05-21,C-SAS-001-002,CS01,0,0,0.601,1
2026-05-21,C-SAS-001-002,CS02,0,0,0.683,2
2026-05-21,C-SAS-001-002,CS03,0,0,0.523,1
2026-05-21,C-SAS-001-002,CS04,1,0,0.461,3
2026-05-21,C-SUR-002-002,CS01,0,0,0.589,2
2026-05-21,C-SUR-002-002,CS02,0,0,0.688,3
2026-05-21,C-SUR-002-002,CS03,0,0,0.536,2
2026-05-21,C-SUR-002-002,CS04,1,0,0.462,4
2026-05-21,C-SUR-005-001,CS01,0,0,0.615,2
2026-05-21,C-SUR-005-001,CS02,0,0,0.66,4
2026-05-21,C-SUR-005-001,CS03,1,0,0.523,5
2026-05-21,C-SUR-005-001,CS04,2,0,0.397,7
2026-05-21,C-SUR-009-001,CS01,0,0,0.557,1
2026-05-21,C-SUR-009-001,CS02,0,0,0.645,1
2026-05-21,C-SUR-009-001,CS03,0,0,0.551,2
2026-05-21,C-SUR-009-001,CS04,1,0,0.483,2
2026-05-21,C-SUR-009-002,CS01,0,0,0.593,1
2026-05-21,C-SUR-009-002,CS02,0,0,0.613,1
2026-05-21,C-SUR-009-002,CS03,0,0,0.516,1
2026-05-21,C-SUR-009-002,CS04,0,0,0.462,2
2026-05-21,C-SUR-011-003,CS01,0,0,0.592,1
2026-05-21,C-SUR-011-003,CS02,0,0,0.635,2
2026-05-21,C-SUR-011-003,CS03,0,0,0.56,3
2026-05-21,C-SUR-011-003,CS04,1,0,0.503,2
2026-05-21,C-SUR-012-001,CS01,0,0,0.613,1
2026-05-21,C-SUR-012-001,CS02,0,0,0.578,4
2026-05-21,C-SUR-012-001,CS03,0,0,0.552,5
2026-05-21,C-SUR-012-001,CS04,1,0,0.474,4
2026-05-21,C-TOR-009-002,CS01,0,0,0.639,1
2026-05-21,C-TOR-009-002,CS02,0,0,0.701,2
2026-05-21,C-TOR-009-002,CS03,0,0,0.484,3
2026-05-21,C-TOR-009-002,CS04,1,0,0.519,3
2026-05-21,C-TOR-017-001,CS01,0,0,0.567,2
2026-05-21,C-TOR-017-001,CS02,0,0,0.726,3
2026-05-21,C-TOR-017-001,CS03,1,0,0.505,3
2026-05-21,C-TOR-017-001,CS04,2,0,0.519,4
2026-05-21,C-TOR-021-002,CS01,0,0,0.575,2
2026-05-21,C-TOR-021-002,CS02,0,0,0.62,5
2026-05-21,C-TOR-021-002,CS03,1,0,0.494,6
2026-05-21,C-TOR-021-002,CS04,2,0,0.508,6
2026-05-21,C-VAN-004-003,CS01,0,0,0.634,1
2026-05-21,C-VAN-004-003,CS02,0,0,0.645,2
2026-05-21,C-VAN-004-003,CS03,0,0,0.547,3
2026-05-21,C-VAN-004-003,CS04,1,0,0.517,3
2026-05-21,C-VAN-007-003,CS01,0,0,0.591,1
2026-05-21,C-VAN-007-003,CS02,0,0,0.658,3
2026-05-21,C-VAN-007-003,CS03,1,0,0.565,3
2026-05-21,C-VAN-007-003,CS04,1,0,0.52,4
2026-05-21,C-VAN-014-001,CS01,0,0,0.623,2
2026-05-21,C-VAN-014-001,CS02,0,0,0.643,3
2026-05-21,C-VAN-014-001,CS03,0,0,0.545,4
2026-05-21,C-VAN-014-001,CS04,1,0,0.445,4
2026-05-21,C-VAN-014-002,CS01,0,0,0.609,2
2026-05-21,C-VAN-014-002,CS02,0,0,0.64,4
2026-05-21,C-VAN-014-002,CS03,0,0,0.51,4
2026-05-21,C-VAN-014-002,CS04,1,0,0.462,3
2026-05-21,C-VAN-N-002,CS01,0,0,0.576,1
2026-05-21,C-VAN-N-002,CS02,0,0,0.624,1
2026-05-21,C-VAN-N-002,CS03,0,0,0.552,3
2026-05-21,C-VAN-N-002,CS04,1,0,0.431,2
2026-05-21,C-VIC-006-001,CS01,0,0,0.621,2
2026-05-21,C-VIC-006-001,CS02,0,0,0.614,2
2026-05-21,C-VIC-006-001,CS03,0,0,0.55,2
2026-05-21,C-VIC-006-001,CS04,1,0,0.498,4
2026-05-21,C-VIC-006-003,CS01,0,0,0.577,1
2026-05-21,C-VIC-006-003,CS02,0,0,0.665,2
2026-05-21,C-VIC-006-003,CS03,0,0,0.545,2
2026-05-21,C-VIC-006-003,CS04,1,0,0.427,2
2026-05-21,C-WPG-001-001,CS01,0,0,0.653,1
2026-05-21,C-WPG-001-001,CS02,0,0,0.659,4
2026-05-21,C-WPG-001-001,CS03,1,0,0.485,5
2026-05-21,C-WPG-001-001,CS04,2,0,0.472,6
2026-05-21,C-WPG-002-001,CS01,0,0,0.614,1
2026-05-21,C-WPG-002-001,CS02,0,0,0.671,3
2026-05-21,C-WPG-002-001,CS03,1,0,0.545,3
2026-05-21,C-WPG-002-001,CS04,1,0,0.529,3
2026-05-21,C-WPG-002-002,CS01,0,0,0.558,1
2026-05-21,C-WPG-002-002,CS02,0,0,0.724,3
2026-05-21,C-WPG-002-002,CS03,0,0,0.562,3
2026-05-21,C-WPG-002-002,CS04,1,0,0.468,4
2026-05-22,C-CAL-001-003,CS01,0,0,0.601,2
2026-05-22,C-CAL-001-003,CS02,0,0,0.7,3
2026-05-22,C-CAL-001-003,CS03,0,0,0.502,4
2026-05-22,C-CAL-001-003,CS04,1,0,0.503,3
2026-05-22,C-CAL-004-003,CS01,0,0,0.578,2
2026-05-22,C-CAL-004-003,CS02,0,0,0.633,2
2026-05-22,C-CAL-004-003,CS03,0,0,0.521,2
2026-05-22,C-CAL-004-003,CS04,1,0,0.487,4
2026-05-22,C-EDM-002-001,CS01,0,0,0.624,2
2026-05-22,C-EDM-002-001,CS02,0,0,0.673,2
2026-05-22,C-EDM-002-001,CS03,1,0,0.539,4
2026-05-22,C-EDM-002-001,CS04,1,0,0.417,6
2026-05-22,C-EDM-002-002,CS01,0,0,0.634,3
2026-05-22,C-EDM-002-002,CS02,0,0,0.676,3
2026-05-22,C-EDM-002-002,CS03,1,0,0.502,6
2026-05-22,C-EDM-002-002,CS04,2,0,0.465,7
2026-05-22,C-EDM-003-002,CS01,0,0,0.556,2
2026-05-22,C-EDM-003-002,CS02,0,0,0.64,3
2026-05-22,C-EDM-003-002,CS03,1,0,0.503,5
2026-05-22,C-EDM-003-002,CS04,2,0,0.466,4
2026-05-22,C-HAM-001-001,CS01,0,0,0.561,1
2026-05-22,C-HAM-001-001,CS02,0,0,0.624,1
2026-05-22,C-HAM-001-001,CS03,0,0,0.519,2
2026-05-22,C-HAM-001-001,CS04,1,0,0.461,2
2026-05-22,C-HAM-001-003,CS01,0,0,0.601,3
2026-05-22,C-HAM-001-003,CS02,0,0,0.68,4
2026-05-22,C-HAM-001-003,CS03,1,0,0.463,5
2026-05-22,C-HAM-001-003,CS04,2,0,0.458,6
2026-05-22,C-HAM-002-002,CS01,0,0,0.599,2
2026-05-22,C-HAM-002-002,CS02,0,0,0.703,2
2026-05-22,C-HAM-002-002,CS03,0,0,0.492,3
2026-05-22,C-HAM-002-002,CS04,1,0,0.458,3
2026-05-22,C-HAM-016-001,CS01,0,0,0.56,1
2026-05-22,C-HAM-016-001,CS02,0,0,0.668,2
2026-05-22,C-HAM-016-001,CS03,0,0,0.516,3
2026-05-22,C-HAM-016-001,CS04,1,0,0.47,2
2026-05-22,C-HAM-016-003,CS01,0,0,0.595,1
2026-05-22,C-HAM-016-003,CS02,0,0,0.649,2
2026-05-22,C-HAM-016-003,CS03,0,0,0.54,3
2026-05-22,C-HAM-016-003,CS04,1,0,0.428,3
2026-05-22,C-HAM-020-001,CS01,0,0,0.6,1
2026-05-22,C-HAM-020-001,CS02,0,0,0.684,1
2026-05-22,C-HAM-020-001,CS03,0,0,0.508,2
2026-05-22,C-HAM-020-001,CS04,1,0,0.554,3
2026-05-22,C-HAM-020-002,CS01,0,0,0.613,2
2026-05-22,C-HAM-020-002,CS02,0,0,0.637,3
2026-05-22,C-HAM-020-002,CS03,1,0,0.502,4
2026-05-22,C-HAM-020-002,CS04,2,0,0.47,4
2026-05-22,C-LAV-014-003,CS01,0,0,0.549,1
2026-05-22,C-LAV-014-003,CS02,0,0,0.69,3
2026-05-22,C-LAV-014-003,CS03,0,0,0.504,2
2026-05-22,C-LAV-014-003,CS04,1,0,0.453,3
2026-05-22,C-LDN-007-003,CS01,0,0,0.564,2
2026-05-22,C-LDN-007-003,CS02,0,0,0.639,2
2026-05-22,C-LDN-007-003,CS03,0,0,0.531,3
2026-05-22,C-LDN-007-003,CS04,1,0,0.47,3
2026-05-22,C-LDN-010-002,CS01,0,0,0.641,2
2026-05-22,C-LDN-010-002,CS02,0,0,0.657,3
2026-05-22,C-LDN-010-002,CS03,0,0,0.513,3
2026-05-22,C-LDN-010-002,CS04,1,0,0.472,4
2026-05-22,C-MNC-002-002,CS01,0,0,0.593,1
2026-05-22,C-MNC-002-002,CS02,0,0,0.651,3
2026-05-22,C-MNC-002-002,CS03,0,0,0.462,4
2026-05-22,C-MNC-002-002,CS04,1,0,0.495,3
2026-05-22,C-MNC-002-003,CS01,0,0,0.587,2
2026-05-22,C-MNC-002-003,CS02,0,0,0.667,3
2026-05-22,C-MNC-002-003,CS03,1,0,0.498,3
2026-05-22,C-MNC-002-003,CS04,1,0,0.486,6
2026-05-22,C-MNC-004-002,CS01,0,0,0.614,2
2026-05-22,C-MNC-004-002,CS02,0,0,0.67,4
2026-05-22,C-MNC-004-002,CS03,0,0,0.538,4
2026-05-22,C-MNC-004-002,CS04,1,0,0.5,5
2026-05-22,C-MNC-005-002,CS01,0,0,0.578,1
2026-05-22,C-MNC-005-002,CS02,0,0,0.646,2
2026-05-22,C-MNC-005-002,CS03,0,0,0.55,2
2026-05-22,C-MNC-005-002,CS04,1,0,0.447,2
2026-05-22,C-MNC-005-003,CS01,0,0,0.544,1
2026-05-22,C-MNC-005-003,CS02,0,0,0.669,1
2026-05-22,C-MNC-005-003,CS03,0,0,0.514,2
2026-05-22,C-MNC-005-003,CS04,1,0,0.455,3
2026-05-22,C-MTL-001-002,CS01,0,0,0.633,2
2026-05-22,C-MTL-001-002,CS02,0,0,0.697,5
2026-05-22,C-MTL-001-002,CS03,1,0,0.53,5
2026-05-22,C-MTL-001-002,CS04,2,0,0.479,7
2026-05-22,C-MTL-003-001,CS01,0,0,0.594,3
2026-05-22,C-MTL-003-001,CS02,0,0,0.704,5
2026-05-22,C-MTL-003-001,CS03,1,0,0.499,6
2026-05-22,C-MTL-003-001,CS04,2,0,0.437,8
2026-05-22,C-MTL-003-002,CS01,0,0,0.574,1
2026-05-22,C-MTL-003-002,CS02,0,0,0.61,2
2026-05-22,C-MTL-003-002,CS03,0,0,0.51,3
2026-05-22,C-MTL-003-002,CS04,1,0,0.506,4
2026-05-22,C-MTL-004-001,CS01,0,0,0.625,3
2026-05-22,C-MTL-004-001,CS02,0,0,0.713,4
2026-05-22,C-MTL-004-001,CS03,1,0,0.477,6
2026-05-22,C-MTL-004-001,CS04,2,0,0.478,7
2026-05-22,C-MTL-004-002,CS01,0,0,0.566,2
2026-05-22,C-MTL-004-002,CS02,0,0,0.658,3
2026-05-22,C-MTL-004-002,CS03,0,0,0.558,2
2026-05-22,C-MTL-004-002,CS04,1,0,0.526,3
2026-05-22,C-MTL-005-001,CS01,0,0,0.594,1
2026-05-22,C-MTL-005-001,CS02,0,0,0.708,2
2026-05-22,C-MTL-005-001,CS03,0,0,0.549,2
2026-05-22,C-MTL-005-001,CS04,1,0,0.491,3
2026-05-22,C-MTL-005-003,CS01,0,0,0.593,2
2026-05-22,C-MTL-005-003,CS02,0,0,0.666,3
2026-05-22,C-MTL-005-003,CS03,0,0,0.549,3
2026-05-22,C-MTL-005-003,CS04,1,0,0.483,3
2026-05-22,C-OTT-003-001,CS01,0,0,0.64,2
2026-05-22,C-OTT-003-001,CS02,0,0,0.707,2
2026-05-22,C-OTT-003-001,CS03,0,0,0.54,3
2026-05-22,C-OTT-003-001,CS04,1,0,0.496,5
2026-05-22,C-OTT-005-003,CS01,0,0,0.612,2
2026-05-22,C-OTT-005-003,CS02,0,0,0.607,4
2026-05-22,C-OTT-005-003,CS03,1,0,0.502,4
2026-05-22,C-OTT-005-003,CS04,2,0,0.479,6
2026-05-22,C-OTT-011-002,CS01,0,0,0.628,1
2026-05-22,C-OTT-011-002,CS02,0,0,0.653,2
2026-05-22,C-OTT-011-002,CS03,0,0,0.488,3
2026-05-22,C-OTT-011-002,CS04,1,0,0.464,5
2026-05-22,C-QBC-002-002,CS01,0,0,0.606,2
2026-05-22,C-QBC-002-002,CS02,0,0,0.615,3
2026-05-22,C-QBC-002-002,CS03,0,0,0.512,3
2026-05-22,C-QBC-002-002,CS04,1,0,0.484,4
2026-05-22,C-QBC-010-001,CS01,0,0,0.666,3
2026-05-22,C-QBC-010-001,CS02,0,0,0.694,5
2026-05-22,C-QBC-010-001,CS03,1,0,0.519,4
2026-05-22,C-QBC-010-001,CS04,2,0,0.464,6
2026-05-22,C-QBC-011-001,CS01,0,0,0.622,1
2026-05-22,C-QBC-011-001,CS02,0,0,0.696,2
2026-05-22,C-QBC-011-001,CS03,0,0,0.529,1
2026-05-22,C-QBC-011-001,CS04,1,0,0.464,3
2026-05-22,C-QBC-011-003,CS01,0,0,0.56,2
2026-05-22,C-QBC-011-003,CS02,0,0,0.643,4
2026-05-22,C-QBC-011-003,CS03,1,0,0.513,4
2026-05-22,C-QBC-011-003,CS04,2,0,0.448,5
2026-05-22,C-QBC-016-003,CS01,0,0,0.565,2
2026-05-22,C-QBC-016-003,CS02,0,0,0.65,4
2026-05-22,C-QBC-016-003,CS03,1,0,0.545,5
2026-05-22,C-QBC-016-003,CS04,2,0,0.463,6
2026-05-22,C-QBC-023-001,CS01,0,0,0.578,1
2026-05-22,C-QBC-023-001,CS02,0,0,0.652,2
2026-05-22,C-QBC-023-001,CS03,0,0,0.532,2
2026-05-22,C-QBC-023-001,CS04,1,0,0.479,4
2026-05-22,C-QBC-023-003,CS01,0,0,0.603,1
2026-05-22,C-QBC-023-003,CS02,0,0,0.686,2
2026-05-22,C-QBC-023-003,CS03,0,0,0.503,3
2026-05-22,C-QBC-023-003,CS04,1,0,0.45,4
2026-05-22,C-REG-002-001,CS01,0,0,0.637,1
2026-05-22,C-REG-002-001,CS02,0,0,0.652,3
2026-05-22,C-REG-002-001,CS03,0,0,0.537,3
2026-05-22,C-REG-002-001,CS04,1,0,0.488,4
2026-05-22,C-SUR-002-002,CS01,0,0,0.601,2
2026-05-22,C-SUR-002-002,CS02,0,0,0.661,2
2026-05-22,C-SUR-002-002,CS03,0,0,0.507,3
2026-05-22,C-SUR-002-002,CS04,1,0,0.512,4
2026-05-22,C-SUR-005-001,CS01,0,0,0.579,2
2026-05-22,C-SUR-005-001,CS02,0,0,0.653,4
2026-05-22,C-SUR-005-001,CS03,1,0,0.461,5
2026-05-22,C-SUR-005-001,CS04,2,0,0.494,5
2026-05-22,C-SUR-008-002,CS01,0,0,0.654,1
2026-05-22,C-SUR-008-002,CS02,0,0,0.69,1
2026-05-22,C-SUR-008-002,CS03,0,0,0.544,2
2026-05-22,C-SUR-008-002,CS04,1,0,0.517,2
2026-05-22,C-TOR-018-001,CS01,0,0,0.603,3
2026-05-22,C-TOR-018-001,CS02,0,0,0.623,3
2026-05-22,C-TOR-018-001,CS03,1,0,0.505,4
2026-05-22,C-TOR-018-001,CS04,2,0,0.471,6
2026-05-22,C-TOR-021-001,CS01,0,0,0.646,1
2026-05-22,C-TOR-021-001,CS02,0,0,0.665,3
2026-05-22,C-TOR-021-001,CS03,0,0,0.506,2
2026-05-22,C-TOR-021-001,CS04,1,0,0.473,4
2026-05-22,C-TOR-021-002,CS01,0,0,0.523,3
2026-05-22,C-TOR-021-002,CS02,0,0,0.639,4
2026-05-22,C-TOR-021-002,CS03,1,0,0.507,5
2026-05-22,C-TOR-021-002,CS04,2,0,0.493,5
2026-05-22,C-VAN-007-002,CS01,0,0,0.6,2
2026-05-22,C-VAN-007-002,CS02,0,0,0.622,4
2026-05-22,C-VAN-007-002,CS03,1,0,0.52,4
2026-05-22,C-VAN-007-002,CS04,1,0,0.514,6
2026-05-22,C-VAN-013-001,CS01,0,0,0.645,2
2026-05-22,C-VAN-013-001,CS02,0,0,0.614,3
2026-05-22,C-VAN-013-001,CS03,1,0,0.478,4
2026-05-22,C-VAN-013-001,CS04,2,0,0.483,7
2026-05-22,C-VAN-N-002,CS01,0,0,0.615,2
2026-05-22,C-VAN-N-002,CS02,0,0,0.647,2
2026-05-22,C-VAN-N-002,CS03,0,0,0.533,4
2026-05-22,C-VAN-N-002,CS04,1,0,0.483,4
2026-05-22,C-WPG-001-002,CS01,0,0,0.584,2
2026-05-22,C-WPG-001-002,CS02,0,0,0.656,3
2026-05-22,C-WPG-001-002,CS03,0,0,0.484,2
2026-05-22,C-WPG-001-002,CS04,1,0,0.496,4
2026-05-22,C-WPG-001-003,CS01,0,0,0.623,1
2026-05-22,C-WPG-001-003,CS02,0,0,0.655,2
2026-05-22,C-WPG-001-003,CS03,0,0,0.475,2
2026-05-22,C-WPG-001-003,CS04,1,0,0.465,3
2026-05-22,C-WPG-003-001,CS01,0,0,0.595,2
2026-05-22,C-WPG-003-001,CS02,0,0,0.669,3
2026-05-22,C-WPG-003-001,CS03,0,0,0.564,2
2026-05-22,C-WPG-003-001,CS04,1,0,0.442,5
2026-05-23,C-CAL-001-003,CS01,0,0,0.607,1
2026-05-23,C-CAL-001-003,CS02,0,0,0.693,3
2026-05-23,C-CAL-001-003,CS03,0,0,0.533,3
2026-05-23,C-CAL-001-003,CS04,1,0,0.431,4
2026-05-23,C-CHA-001-002,CS01,0,0,0.604,1
2026-05-23,C-CHA-001-002,CS02,0,0,0.617,4
2026-05-23,C-CHA-001-002,CS03,1,0,0.545,4
2026-05-23,C-CHA-001-002,CS04,1,0,0.535,4
2026-05-23,C-CHA-001-003,CS02,0,0,0.638,2
2026-05-23,C-CHA-001-003,CS03,0,0,0.492,3
2026-05-23,C-CHA-001-003,CS04,1,0,0.431,3
2026-05-23,C-EDM-003-002,CS01,0,0,0.595,2
2026-05-23,C-EDM-003-002,CS02,0,0,0.677,3
2026-05-23,C-EDM-003-002,CS03,1,0,0.505,4
2026-05-23,C-EDM-003-002,CS04,2,0,0.479,5
2026-05-23,C-EDM-003-003,CS01,0,0,0.628,1
2026-05-23,C-EDM-003-003,CS02,0,0,0.706,3
2026-05-23,C-EDM-003-003,CS03,0,0,0.51,4
2026-05-23,C-EDM-003-003,CS04,1,0,0.421,5
2026-05-23,C-HAM-001-003,CS01,0,0,0.627,3
2026-05-23,C-HAM-001-003,CS02,0,0,0.647,5
2026-05-23,C-HAM-001-003,CS03,1,0,0.529,5
2026-05-23,C-HAM-001-003,CS04,2,0,0.453,5
2026-05-23,C-HAM-002-003,CS01,0,0,0.598,1
2026-05-23,C-HAM-002-003,CS02,0,0,0.625,2
2026-05-23,C-HAM-002-003,CS03,0,0,0.514,2
2026-05-23,C-HAM-002-003,CS04,1,0,0.45,2
2026-05-23,C-HAM-012-003,CS01,0,0,0.618,3
2026-05-23,C-HAM-012-003,CS02,0,0,0.645,4
2026-05-23,C-HAM-012-003,CS03,1,0,0.525,4
2026-05-23,C-HAM-012-003,CS04,2,0,0.486,4
2026-05-23,C-LAV-006-001,CS01,0,0,0.613,1
2026-05-23,C-LAV-006-001,CS02,0,0,0.687,2
2026-05-23,C-LAV-006-001,CS03,0,0,0.542,2
2026-05-23,C-LAV-006-001,CS04,1,0,0.433,2
2026-05-23,C-LAV-007-001,CS01,0,0,0.606,1
2026-05-23,C-LAV-007-001,CS02,0,0,0.676,4
2026-05-23,C-LAV-007-001,CS03,0,0,0.534,4
2026-05-23,C-LAV-007-001,CS04,1,0,0.456,5
2026-05-23,C-LAV-020-001,CS01,0,0,0.549,1
2026-05-23,C-LAV-020-001,CS02,0,0,0.642,2
2026-05-23,C-LAV-020-001,CS03,0,0,0.468,3
2026-05-23,C-LAV-020-001,CS04,1,0,0.522,4
2026-05-23,C-LAV-020-002,CS01,0,0,0.629,1
2026-05-23,C-LAV-020-002,CS02,0,0,0.669,1
2026-05-23,C-LAV-020-002,CS03,0,0,0.517,2
2026-05-23,C-LAV-020-002,CS04,1,0,0.43,2
2026-05-23,C-LDN-006-001,CS01,0,0,0.641,1
2026-05-23,C-LDN-006-001,CS02,0,0,0.656,2
2026-05-23,C-LDN-006-001,CS03,0,0,0.461,3
2026-05-23,C-LDN-006-001,CS04,1,0,0.495,3
2026-05-23,C-LDN-008-003,CS01,0,0,0.596,1
2026-05-23,C-LDN-008-003,CS02,0,0,0.691,2
2026-05-23,C-LDN-008-003,CS03,0,0,0.595,2
2026-05-23,C-LDN-008-003,CS04,1,0,0.474,2
2026-05-23,C-LDN-010-002,CS01,0,0,0.673,2
2026-05-23,C-LDN-010-002,CS02,0,0,0.719,4
2026-05-23,C-LDN-010-002,CS03,0,0,0.499,3
2026-05-23,C-LDN-010-002,CS04,1,0,0.448,6
2026-05-23,C-LDN-015-001,CS01,0,0,0.674,1
2026-05-23,C-LDN-015-001,CS02,0,0,0.689,3
2026-05-23,C-LDN-015-001,CS03,1,0,0.567,4
2026-05-23,C-LDN-015-001,CS04,1,0,0.486,4
2026-05-23,C-MIS-024-002,CS01,0,0,0.667,1
2026-05-23,C-MIS-024-002,CS02,0,0,0.678,3
2026-05-23,C-MIS-024-002,CS03,0,0,0.54,2
2026-05-23,C-MIS-024-002,CS04,1,0,0.489,3
2026-05-23,C-MNC-001-003,CS01,0,0,0.525,2
2026-05-23,C-MNC-001-003,CS02,0,0,0.631,2
2026-05-23,C-MNC-001-003,CS03,0,0,0.502,3
2026-05-23,C-MNC-001-003,CS04,1,0,0.508,4
2026-05-23,C-MNC-002-003,CS01,0,0,0.644,2
2026-05-23,C-MNC-002-003,CS02,0,0,0.656,3
2026-05-23,C-MNC-002-003,CS03,1,0,0.543,5
2026-05-23,C-MNC-002-003,CS04,1,0,0.519,6
2026-05-23,C-MNC-003-001,CS01,0,0,0.637,2
2026-05-23,C-MNC-003-001,CS02,0,0,0.625,2
2026-05-23,C-MNC-003-001,CS03,0,0,0.551,3
2026-05-23,C-MNC-003-001,CS04,1,0,0.474,5
2026-05-23,C-MNC-004-003,CS01,0,0,0.63,3
2026-05-23,C-MNC-004-003,CS02,0,0,0.658,3
2026-05-23,C-MNC-004-003,CS03,1,0,0.578,4
2026-05-23,C-MNC-004-003,CS04,1,0,0.434,4
2026-05-23,C-MTL-015-002,CS01,0,0,0.644,1
2026-05-23,C-MTL-015-002,CS02,0,0,0.681,2
2026-05-23,C-MTL-015-002,CS03,0,0,0.508,3
2026-05-23,C-MTL-015-002,CS04,1,0,0.456,4
2026-05-23,C-MTL-018-001,CS01,0,0,0.576,1
2026-05-23,C-MTL-018-001,CS02,0,0,0.69,3
2026-05-23,C-MTL-018-001,CS03,0,0,0.539,2
2026-05-23,C-MTL-018-001,CS04,1,0,0.426,3
2026-05-23,C-MTL-018-002,CS01,0,0,0.623,1
2026-05-23,C-MTL-018-002,CS02,0,0,0.617,2
2026-05-23,C-MTL-018-002,CS03,0,0,0.556,2
2026-05-23,C-MTL-018-002,CS04,1,0,0.467,3
2026-05-23,C-MTL-018-003,CS01,0,0,0.608,2
2026-05-23,C-MTL-018-003,CS02,0,0,0.697,3
2026-05-23,C-MTL-018-003,CS03,1,0,0.496,5
2026-05-23,C-MTL-018-003,CS04,1,0,0.505,6
2026-05-23,C-OTT-004-002,CS01,0,0,0.594,1
2026-05-23,C-OTT-004-002,CS02,0,0,0.629,2
2026-05-23,C-OTT-004-002,CS03,0,0,0.551,2
2026-05-23,C-OTT-004-002,CS04,1,0,0.471,2
2026-05-23,C-OTT-011-003,CS01,0,0,0.64,2
2026-05-23,C-OTT-011-003,CS02,0,0,0.697,4
2026-05-23,C-OTT-011-003,CS03,1,0,0.586,6
2026-05-23,C-OTT-011-003,CS04,2,0,0.425,7
2026-05-23,C-OTT-014-002,CS01,0,0,0.607,1
2026-05-23,C-OTT-014-002,CS02,0,0,0.626,3
2026-05-23,C-OTT-014-002,CS03,0,0,0.508,2
2026-05-23,C-OTT-014-002,CS04,1,0,0.491,4
2026-05-23,C-QBC-002-003,CS01,0,0,0.567,2
2026-05-23,C-QBC-002-003,CS02,0,0,0.68,2
2026-05-23,C-QBC-002-003,CS03,0,0,0.546,3
2026-05-23,C-QBC-002-003,CS04,1,0,0.432,4
2026-05-23,C-QBC-009-001,CS01,0,0,0.599,2
2026-05-23,C-QBC-009-001,CS02,0,0,0.66,5
2026-05-23,C-QBC-009-001,CS03,1,0,0.551,3
2026-05-23,C-QBC-009-001,CS04,2,0,0.446,5
2026-05-23,C-QBC-011-001,CS01,0,0,0.57,1
2026-05-23,C-QBC-011-001,CS02,0,0,0.651,2
2026-05-23,C-QBC-011-001,CS03,0,0,0.508,3
2026-05-23,C-QBC-011-001,CS04,1,0,0.497,3
2026-05-23,C-QBC-011-002,CS01,0,0,0.59,1
2026-05-23,C-QBC-011-002,CS02,0,0,0.694,2
2026-05-23,C-QBC-011-002,CS03,0,0,0.539,2
2026-05-23,C-QBC-011-002,CS04,1,0,0.496,3
2026-05-23,C-QBC-011-003,CS01,0,0,0.657,2
2026-05-23,C-QBC-011-003,CS02,0,0,0.69,4
2026-05-23,C-QBC-011-003,CS03,1,0,0.498,4
2026-05-23,C-QBC-011-003,CS04,2,0,0.46,6
2026-05-23,C-QBC-016-003,CS01,0,0,0.632,2
2026-05-23,C-QBC-016-003,CS02,0,0,0.594,5
2026-05-23,C-QBC-016-003,CS03,1,0,0.484,3
2026-05-23,C-QBC-016-003,CS04,2,0,0.493,5
2026-05-23,C-QBC-022-001,CS01,0,0,0.575,1
2026-05-23,C-QBC-022-001,CS02,0,0,0.655,3
2026-05-23,C-QBC-022-001,CS03,0,0,0.558,2
2026-05-23,C-QBC-022-001,CS04,1,0,0.478,2
2026-05-23,C-SUR-002-003,CS01,0,0,0.577,3
2026-05-23,C-SUR-002-003,CS02,0,0,0.634,3
2026-05-23,C-SUR-002-003,CS03,1,0,0.555,5
2026-05-23,C-SUR-002-003,CS04,2,0,0.482,6
2026-05-23,C-SUR-005-001,CS01,0,0,0.563,3
2026-05-23,C-SUR-005-001,CS02,0,0,0.681,4
2026-05-23,C-SUR-005-001,CS03,1,0,0.494,4
2026-05-23,C-SUR-005-001,CS04,2,0,0.494,6
2026-05-23,C-SUR-011-002,CS01,0,0,0.59,1
2026-05-23,C-SUR-011-002,CS02,0,0,0.631,4
2026-05-23,C-SUR-011-002,CS03,1,0,0.524,4
2026-05-23,C-SUR-011-002,CS04,1,0,0.508,5
2026-05-23,C-SUR-012-001,CS01,0,0,0.611,2
2026-05-23,C-SUR-012-001,CS02,0,0,0.65,3
2026-05-23,C-SUR-012-001,CS03,0,0,0.451,3
2026-05-23,C-SUR-012-001,CS04,1,0,0.466,5
2026-05-23,C-SUR-012-003,CS01,0,0,0.625,2
2026-05-23,C-SUR-012-003,CS02,0,0,0.647,3
2026-05-23,C-SUR-012-003,CS03,1,0,0.557,3
2026-05-23,C-SUR-012-003,CS04,1,0,0.475,4
2026-05-23,C-TOR-019-003,CS01,0,0,0.551,1
2026-05-23,C-TOR-019-003,CS02,0,0,0.627,3
2026-05-23,C-TOR-019-003,CS03,0,0,0.508,4
2026-05-23,C-TOR-019-003,CS04,1,0,0.463,4
2026-05-23,C-VAN-004-001,CS01,0,0,0.647,2
2026-05-23,C-VAN-004-001,CS02,0,0,0.69,2
2026-05-23,C-VAN-004-001,CS03,0,0,0.516,4
2026-05-23,C-VAN-004-001,CS04,1,0,0.41,3
2026-05-23,C-VAN-007-003,CS01,0,0,0.607,2
2026-05-23,C-VAN-007-003,CS02,0,0,0.667,2
2026-05-23,C-VAN-007-003,CS03,1,0,0.552,3
2026-05-23,C-VAN-007-003,CS04,1,0,0.499,3
2026-05-23,C-VAN-N-002,CS01,0,0,0.56,2
2026-05-23,C-VAN-N-002,CS02,0,0,0.635,3
2026-05-23,C-VAN-N-002,CS03,0,0,0.534,3
2026-05-23,C-VAN-N-002,CS04,1,0,0.426,5
2026-05-23,C-WPG-003-002,CS01,0,0,0.649,3
2026-05-23,C-WPG-003-002,CS02,0,0,0.661,4
2026-05-23,C-WPG-003-002,CS03,1,0,0.538,4
2026-05-23,C-WPG-003-002,CS04,2,0,0.484,4
2026-05-23,C-WPG-003-003,CS01,0,0,0.604,2
2026-05-23,C-WPG-003-003,CS02,0,0,0.643,3
2026-05-23,C-WPG-003-003,CS03,0,0,0.497,3
2026-05-23,C-WPG-003-003,CS04,1,0,0.44,4
2026-05-24,C-CAL-004-001,CS01,0,0,0.636,3
2026-05-24,C-CAL-004-001,CS02,0,0,0.662,3
2026-05-24,C-CAL-004-001,CS03,1,0,0.517,5
2026-05-24,C-CAL-004-001,CS04,2,0,0.458,7
2026-05-24,C-CAL-004-002,CS01,0,0,0.617,2
2026-05-24,C-CAL-004-002,CS02,0,0,0.663,3
2026-05-24,C-CAL-004-002,CS03,1,0,0.541,3
2026-05-24,C-CAL-004-002,CS04,1,0,0.482,6
2026-05-24,C-CHA-001-002,CS01,0,0,0.567,2
2026-05-24,C-CHA-001-002,CS02,0,0,0.675,3
2026-05-24,C-CHA-001-002,CS03,1,0,0.521,3
2026-05-24,C-CHA-001-002,CS04,1,0,0.487,5
2026-05-24,C-CHA-002-002,CS01,0,0,0.654,2
2026-05-24,C-CHA-002-002,CS02,0,0,0.664,3
2026-05-24,C-CHA-002-002,CS03,1,0,0.578,5
2026-05-24,C-CHA-002-002,CS04,2,0,0.47,4
2026-05-24,C-CHA-003-001,CS01,0,0,0.61,1
2026-05-24,C-CHA-003-001,CS02,0,0,0.655,2
2026-05-24,C-CHA-003-001,CS03,0,0,0.554,2
2026-05-24,C-CHA-003-001,CS04,1,0,0.449,3
2026-05-24,C-CHA-003-002,CS01,0,0,0.628,1
2026-05-24,C-CHA-003-002,CS02,0,0,0.615,2
2026-05-24,C-CHA-003-002,CS03,0,0,0.526,2
2026-05-24,C-CHA-003-002,CS04,1,0,0.539,3
2026-05-24,C-HAM-001-001,CS01,0,0,0.63,1
2026-05-24,C-HAM-001-001,CS02,0,0,0.68,2
2026-05-24,C-HAM-001-001,CS03,0,0,0.562,3
2026-05-24,C-HAM-001-001,CS04,1,0,0.46,2
2026-05-24,C-HAM-001-003,CS01,0,0,0.573,2
2026-05-24,C-HAM-001-003,CS02,0,0,0.639,4
2026-05-24,C-HAM-001-003,CS03,1,0,0.511,4
2026-05-24,C-HAM-001-003,CS04,2,0,0.466,6
2026-05-24,C-HAM-002-002,CS01,0,0,0.633,2
2026-05-24,C-HAM-002-002,CS02,0,0,0.658,3
2026-05-24,C-HAM-002-002,CS03,0,0,0.519,2
2026-05-24,C-HAM-002-002,CS04,1,0,0.497,3
2026-05-24,C-HAM-002-003,CS01,0,0,0.581,1
2026-05-24,C-HAM-002-003,CS02,0,0,0.687,2
2026-05-24,C-HAM-002-003,CS03,0,0,0.547,3
2026-05-24,C-HAM-002-003,CS04,1,0,0.468,3
2026-05-24,C-HAM-020-002,CS01,0,0,0.668,3
2026-05-24,C-HAM-020-002,CS02,0,0,0.641,5
2026-05-24,C-HAM-020-002,CS03,1,0,0.56,6
2026-05-24,C-HAM-020-002,CS04,2,0,0.497,7
2026-05-24,C-HAM-025-003,CS01,0,0,0.6,3
2026-05-24,C-HAM-025-003,CS02,0,0,0.662,3
2026-05-24,C-HAM-025-003,CS03,1,0,0.505,4
2026-05-24,C-HAM-025-003,CS04,2,0,0.494,4
2026-05-24,C-LAV-008-002,CS01,0,0,0.601,1
2026-05-24,C-LAV-008-002,CS02,0,0,0.724,2
2026-05-24,C-LAV-008-002,CS03,0,0,0.5,3
2026-05-24,C-LAV-008-002,CS04,1,0,0.468,3
2026-05-24,C-LAV-008-003,CS01,0,0,0.637,1
2026-05-24,C-LAV-008-003,CS02,0,0,0.596,2
2026-05-24,C-LAV-008-003,CS03,0,0,0.533,2
2026-05-24,C-LAV-008-003,CS04,1,0,0.409,4
2026-05-24,C-LAV-014-001,CS01,0,0,0.621,2
2026-05-24,C-LAV-014-001,CS02,0,0,0.637,4
2026-05-24,C-LAV-014-001,CS03,1,0,0.503,4
2026-05-24,C-LAV-014-001,CS04,2,0,0.501,4
2026-05-24,C-LAV-020-001,CS01,0,0,0.584,2
2026-05-24,C-LAV-020-001,CS02,0,0,0.645,2
2026-05-24,C-LAV-020-001,CS03,0,0,0.518,3
2026-05-24,C-LAV-020-001,CS04,1,0,0.468,5
2026-05-24,C-LDN-006-002,CS01,0,0,0.61,3
2026-05-24,C-LDN-006-002,CS02,0,0,0.707,4
2026-05-24,C-LDN-006-002,CS03,1,0,0.57,4
2026-05-24,C-LDN-006-002,CS04,2,0,0.479,5
2026-05-24,C-LDN-008-001,CS01,0,0,0.573,1
2026-05-24,C-LDN-008-001,CS02,0,0,0.678,4
2026-05-24,C-LDN-008-001,CS03,1,0,0.48,4
2026-05-24,C-LDN-008-001,CS04,2,0,0.459,6
2026-05-24,C-MIS-024-001,CS01,0,0,0.666,1
2026-05-24,C-MIS-024-001,CS02,0,0,0.717,1
2026-05-24,C-MIS-024-001,CS03,0,0,0.516,3
2026-05-24,C-MIS-024-001,CS04,1,0,0.465,4
2026-05-24,C-MIS-024-002,CS01,0,0,0.595,1
2026-05-24,C-MIS-024-002,CS02,0,0,0.693,2
2026-05-24,C-MIS-024-002,CS03,0,0,0.546,4
2026-05-24,C-MIS-024-002,CS04,1,0,0.462,4
2026-05-24,C-MNC-001-002,CS01,0,0,0.634,2
2026-05-24,C-MNC-001-002,CS02,0,0,0.706,2
2026-05-24,C-MNC-001-002,CS03,1,0,0.488,4
2026-05-24,C-MNC-001-002,CS04,2,0,0.454,6
2026-05-24,C-MNC-004-001,CS01,0,0,0.633,2
2026-05-24,C-MNC-004-001,CS02,0,0,0.658,3
2026-05-24,C-MNC-004-001,CS03,1,0,0.504,3
2026-05-24,C-MNC-004-001,CS04,1,0,0.459,4
2026-05-24,C-MNC-004-003,CS01,0,0,0.594,2
2026-05-24,C-MNC-004-003,CS02,0,0,0.632,4
2026-05-24,C-MNC-004-003,CS03,1,0,0.508,5
2026-05-24,C-MNC-004-003,CS04,1,0,0.491,4
2026-05-24,C-MTL-001-001,CS01,0,0,0.542,2
2026-05-24,C-MTL-001-001,CS02,0,0,0.623,2
2026-05-24,C-MTL-001-001,CS03,0,0,0.539,4
2026-05-24,C-MTL-001-001,CS04,1,0,0.446,4
2026-05-24,C-MTL-003-003,CS01,0,0,0.612,1
2026-05-24,C-MTL-003-003,CS02,0,0,0.699,3
2026-05-24,C-MTL-003-003,CS03,0,0,0.546,2
2026-05-24,C-MTL-003-003,CS04,1,0,0.474,4
2026-05-24,C-MTL-019-001,CS01,0,0,0.63,2
2026-05-24,C-MTL-019-001,CS02,0,0,0.644,5
2026-05-24,C-MTL-019-001,CS03,1,0,0.466,3
2026-05-24,C-MTL-019-001,CS04,2,0,0.504,6
2026-05-24,C-MTL-019-003,CS01,0,0,0.619,2
2026-05-24,C-MTL-019-003,CS02,0,0,0.64,3
2026-05-24,C-MTL-019-003,CS03,1,0,0.544,3
2026-05-24,C-MTL-019-003,CS04,2,0,0.446,5
2026-05-24,C-OTT-003-001,CS01,0,0,0.607,1
2026-05-24,C-OTT-003-001,CS02,0,0,0.646,3
2026-05-24,C-OTT-003-001,CS03,0,0,0.468,3
2026-05-24,C-OTT-003-001,CS04,1,0,0.492,4
2026-05-24,C-OTT-003-002,CS01,0,0,0.596,2
2026-05-24,C-OTT-003-002,CS02,0,0,0.606,3
2026-05-24,C-OTT-003-002,CS03,1,0,0.507,3
2026-05-24,C-OTT-003-002,CS04,2,0,0.426,6
2026-05-24,C-OTT-004-001,CS01,0,0,0.58,1
2026-05-24,C-OTT-004-001,CS02,0,0,0.647,2
2026-05-24,C-OTT-004-001,CS03,0,0,0.502,2
2026-05-24,C-OTT-004-001,CS04,1,0,0.453,3
2026-05-24,C-OTT-011-001,CS01,0,0,0.615,3
2026-05-24,C-OTT-011-001,CS02,0,0,0.677,3
2026-05-24,C-OTT-011-001,CS03,1,0,0.545,4
2026-05-24,C-OTT-011-001,CS04,2,0,0.507,5
2026-05-24,C-OTT-013-001,CS01,0,0,0.566,2
2026-05-24,C-OTT-013-001,CS02,0,0,0.67,3
2026-05-24,C-OTT-013-001,CS03,1,0,0.514,3
2026-05-24,C-OTT-013-001,CS04,2,0,0.501,5
2026-05-24,C-OTT-013-002,CS01,0,0,0.584,1
2026-05-24,C-OTT-013-002,CS02,0,0,0.663,3
2026-05-24,C-OTT-013-002,CS03,0,0,0.534,3
2026-05-24,C-OTT-013-002,CS04,1,0,0.474,4
2026-05-24,C-OTT-013-003,CS01,0,0,0.566,2
2026-05-24,C-OTT-013-003,CS02,0,0,0.604,3
2026-05-24,C-OTT-013-003,CS03,1,0,0.492,3
2026-05-24,C-OTT-013-003,CS04,2,0,0.439,4
2026-05-24,C-OTT-022-003,CS01,0,0,0.624,1
2026-05-24,C-OTT-022-003,CS02,0,0,0.643,2
2026-05-24,C-OTT-022-003,CS03,0,0,0.488,4
2026-05-24,C-OTT-022-003,CS04,1,0,0.553,4
2026-05-24,C-QBC-009-003,CS01,0,0,0.622,1
2026-05-24,C-QBC-009-003,CS02,0,0,0.642,3
2026-05-24,C-QBC-009-003,CS03,0,0,0.563,3
2026-05-24,C-QBC-009-003,CS04,1,0,0.501,3
2026-05-24,C-QBC-010-001,CS01,0,0,0.632,3
2026-05-24,C-QBC-010-001,CS02,0,0,0.683,4
2026-05-24,C-QBC-010-001,CS03,1,0,0.496,4
2026-05-24,C-QBC-010-001,CS04,2,0,0.494,5
2026-05-24,C-QBC-016-003,CS01,0,0,0.587,2
2026-05-24,C-QBC-016-003,CS02,0,0,0.67,3
2026-05-24,C-QBC-016-003,CS03,1,0,0.525,5
2026-05-24,C-QBC-016-003,CS04,2,0,0.504,4
2026-05-24,C-QBC-023-002,CS01,0,0,0.631,1
2026-05-24,C-QBC-023-002,CS02,0,0,0.691,2
2026-05-24,C-QBC-023-002,CS03,0,0,0.544,2
2026-05-24,C-QBC-023-002,CS04,1,0,0.43,3
2026-05-24,C-SAS-001-003,CS01,0,0,0.585,1
2026-05-24,C-SAS-001-003,CS02,0,0,0.649,2
2026-05-24,C-SAS-001-003,CS03,0,0,0.55,2
2026-05-24,C-SAS-001-003,CS04,1,0,0.376,2
2026-05-24,C-SUR-002-002,CS01,0,0,0.627,2
2026-05-24,C-SUR-002-002,CS02,0,0,0.685,2
2026-05-24,C-SUR-002-002,CS03,0,0,0.538,3
2026-05-24,C-SUR-002-002,CS04,1,0,0.427,4
2026-05-24,C-SUR-005-001,CS01,0,0,0.594,1
2026-05-24,C-SUR-005-001,CS02,0,0,0.71,2
2026-05-24,C-SUR-005-001,CS03,1,0,0.531,5
2026-05-24,C-SUR-005-001,CS04,2,0,0.478,4
2026-05-24,C-SUR-005-003,CS01,0,0,0.594,2
2026-05-24,C-SUR-005-003,CS02,0,0,0.689,4
2026-05-24,C-SUR-005-003,CS03,1,0,0.526,6
2026-05-24,C-SUR-005-003,CS04,2,0,0.511,7
2026-05-24,C-SUR-008-003,CS01,0,0,0.579,1
2026-05-24,C-SUR-008-003,CS02,0,0,0.628,2
2026-05-24,C-SUR-008-003,CS03,0,0,0.51,2
2026-05-24,C-SUR-008-003,CS04,1,0,0.458,4
2026-05-24,C-SUR-009-003,CS01,0,0,0.596,2
2026-05-24,C-SUR-009-003,CS02,0,0,0.602,4
2026-05-24,C-SUR-009-003,CS03,1,0,0.525,4
2026-05-24,C-SUR-009-003,CS04,1,0,0.509,6
2026-05-24,C-SUR-012-001,CS01,0,0,0.669,2
2026-05-24,C-SUR-012-001,CS02,0,0,0.707,2
2026-05-24,C-SUR-012-001,CS03,0,0,0.51,4
2026-05-24,C-SUR-012-001,CS04,1,0,0.472,4
2026-05-24,C-SUR-012-003,CS01,0,0,0.628,2
2026-05-24,C-SUR-012-003,CS02,0,0,0.637,3
2026-05-24,C-SUR-012-003,CS03,0,0,0.501,3
2026-05-24,C-SUR-012-003,CS04,1,0,0.478,4
2026-05-24,C-TOR-009-002,CS01,0,0,0.59,2
2026-05-24,C-TOR-009-002,CS02,0,0,0.677,4
2026-05-24,C-TOR-009-002,CS03,1,0,0.484,5
2026-05-24,C-TOR-009-002,CS04,2,0,0.472,7
2026-05-24,C-TOR-017-001,CS01,0,0,0.619,4
2026-05-24,C-TOR-017-001,CS02,0,0,0.64,4
2026-05-24,C-TOR-017-001,CS03,1,0,0.568,7
2026-05-24,C-TOR-017-001,CS04,3,0,0.489,7
2026-05-24,C-TOR-018-003,CS01,0,0,0.594,3
2026-05-24,C-TOR-018-003,CS02,0,0,0.685,5
2026-05-24,C-TOR-018-003,CS03,1,0,0.562,4
2026-05-24,C-TOR-018-003,CS04,2,0,0.453,5
2026-05-24,C-TOR-021-001,CS01,0,0,0.612,2
2026-05-24,C-TOR-021-001,CS02,0,0,0.688,1
2026-05-24,C-TOR-021-001,CS03,0,0,0.512,3
2026-05-24,C-TOR-021-001,CS04,1,0,0.515,3
2026-05-24,C-VAN-001-002,CS01,0,0,0.565,1
2026-05-24,C-VAN-001-002,CS02,0,0,0.671,1
2026-05-24,C-VAN-001-002,CS03,0,0,0.533,3
2026-05-24,C-VAN-001-002,CS04,1,0,0.483,3
2026-05-24,C-VAN-003-002,CS01,0,0,0.621,1
2026-05-24,C-VAN-003-002,CS02,0,0,0.657,1
2026-05-24,C-VAN-003-002,CS03,0,0,0.504,2
2026-05-24,C-VAN-003-002,CS04,1,0,0.476,2
2026-05-24,C-VAN-004-001,CS01,0,0,0.603,1
2026-05-24,C-VAN-004-001,CS02,0,0,0.664,2
2026-05-24,C-VAN-004-001,CS03,0,0,0.564,3
2026-05-24,C-VAN-004-001,CS04,1,0,0.535,3
2026-05-24,C-VAN-004-002,CS01,0,0,0.516,2
2026-05-24,C-VAN-004-002,CS02,0,0,0.693,2
2026-05-24,C-VAN-004-002,CS03,0,0,0.521,2
2026-05-24,C-VAN-004-002,CS04,1,0,0.534,3
2026-05-24,C-VAN-004-003,CS01,0,0,0.602,1
2026-05-24,C-VAN-004-003,CS02,0,0,0.651,2
2026-05-24,C-VAN-004-003,CS03,0,0,0.488,3
2026-05-24,C-VAN-004-003,CS04,1,0,0.467,4
2026-05-24,C-VAN-007-001,CS01,0,0,0.596,2
2026-05-24,C-VAN-007-001,CS02,0,0,0.607,3
2026-05-24,C-VAN-007-001,CS03,0,0,0.543,4
2026-05-24,C-VAN-007-001,CS04,1,0,0.526,3
2026-05-24,C-VAN-007-003,CS01,0,0,0.577,2
2026-05-24,C-VAN-007-003,CS02,0,0,0.633,2
2026-05-24,C-VAN-007-003,CS03,1,0,0.523,3
2026-05-24,C-VAN-007-003,CS04,1,0,0.482,4
2026-05-24,C-VAN-014-002,CS01,0,0,0.597,1
2026-05-24,C-VAN-014-002,CS02,0,0,0.713,4
2026-05-24,C-VAN-014-002,CS03,1,0,0.56,3
2026-05-24,C-VAN-014-002,CS04,1,0,0.486,5
2026-05-24,C-VAN-N-002,CS01,0,0,0.625,2
2026-05-24,C-VAN-N-002,CS02,0,0,0.606,2
2026-05-24,C-VAN-N-002,CS03,0,0,0.521,4
2026-05-24,C-VAN-N-002,CS04,1,0,0.44,4
2026-05-24,C-WPG-001-002,CS01,0,0,0.615,1
2026-05-24,C-WPG-001-002,CS02,0,0,0.637,2
2026-05-24,C-WPG-001-002,CS03,0,0,0.516,2
2026-05-24,C-WPG-001-002,CS04,1,0,0.482,3
2026-05-24,C-WPG-002-002,CS01,0,0,0.608,2
2026-05-24,C-WPG-002-002,CS02,0,0,0.627,2
2026-05-24,C-WPG-002-002,CS03,0,0,0.513,2
2026-05-24,C-WPG-002-002,CS04,1,0,0.464,5
2026-05-25,C-CAL-004-002,CS01,0,0,0.641,1
2026-05-25,C-CAL-004-002,CS02,0,0,0.641,3
2026-05-25,C-CAL-004-002,CS03,0,0,0.568,3
2026-05-25,C-CAL-004-002,CS04,1,0,0.5,4
2026-05-25,C-CAL-004-003,CS01,0,0,0.588,2
2026-05-25,C-CAL-004-003,CS02,0,0,0.708,2
2026-05-25,C-CAL-004-003,CS03,0,0,0.492,4
2026-05-25,C-CAL-004-003,CS04,1,0,0.438,5
2026-05-25,C-CHA-001-001,CS01,0,0,0.603,2
2026-05-25,C-CHA-001-001,CS02,0,0,0.66,3
2026-05-25,C-CHA-001-001,CS03,1,0,0.481,4
2026-05-25,C-CHA-001-001,CS04,1,0,0.505,6
2026-05-25,C-CHA-001-002,CS01,0,0,0.582,1
2026-05-25,C-CHA-001-002,CS02,0,0,0.649,2
2026-05-25,C-CHA-001-002,CS03,0,0,0.568,3
2026-05-25,C-CHA-001-002,CS04,1,0,0.491,5
2026-05-25,C-CHA-003-001,CS01,0,0,0.629,1
2026-05-25,C-CHA-003-001,CS02,0,0,0.717,2
2026-05-25,C-CHA-003-001,CS03,0,0,0.536,2
2026-05-25,C-CHA-003-001,CS04,1,0,0.549,2
2026-05-25,C-EDM-002-001,CS01,0,0,0.632,2
2026-05-25,C-EDM-002-001,CS02,0,0,0.664,3
2026-05-25,C-EDM-002-001,CS03,1,0,0.503,4
2026-05-25,C-EDM-002-001,CS04,2,0,0.538,4
2026-05-25,C-EDM-002-003,CS01,0,0,0.569,1
2026-05-25,C-EDM-002-003,CS02,0,0,0.619,3
2026-05-25,C-EDM-002-003,CS03,1,0,0.527,4
2026-05-25,C-EDM-002-003,CS04,2,0,0.542,6
2026-05-25,C-HAM-002-002,CS01,0,0,0.626,2
2026-05-25,C-HAM-002-002,CS02,0,0,0.646,2
2026-05-25,C-HAM-002-002,CS03,0,0,0.502,3
2026-05-25,C-HAM-002-002,CS04,1,0,0.502,4
2026-05-25,C-HAM-012-003,CS01,0,0,0.594,2
2026-05-25,C-HAM-012-003,CS02,0,0,0.707,3
2026-05-25,C-HAM-012-003,CS03,1,0,0.528,4
2026-05-25,C-HAM-012-003,CS04,1,0,0.47,5
2026-05-25,C-HAM-016-001,CS01,0,0,0.611,1
2026-05-25,C-HAM-016-001,CS02,0,0,0.559,2
2026-05-25,C-HAM-016-001,CS03,0,0,0.526,2
2026-05-25,C-HAM-016-001,CS04,1,0,0.469,3
2026-05-25,C-HAM-020-002,CS01,0,0,0.551,2
2026-05-25,C-HAM-020-002,CS02,0,0,0.705,2
2026-05-25,C-HAM-020-002,CS03,1,0,0.503,4
2026-05-25,C-HAM-020-002,CS04,2,0,0.5,5
2026-05-25,C-HAM-025-002,CS01,0,0,0.603,1
2026-05-25,C-HAM-025-002,CS02,0,0,0.638,3
2026-05-25,C-HAM-025-002,CS03,0,0,0.497,3
2026-05-25,C-HAM-025-002,CS04,1,0,0.502,3
2026-05-25,C-LAV-008-001,CS01,0,0,0.621,1
2026-05-25,C-LAV-008-001,CS02,0,0,0.689,2
2026-05-25,C-LAV-008-001,CS03,0,0,0.514,2
2026-05-25,C-LAV-008-001,CS04,1,0,0.451,3
2026-05-25,C-LAV-014-001,CS01,0,0,0.57,3
2026-05-25,C-LAV-014-001,CS02,0,0,0.641,4
2026-05-25,C-LAV-014-001,CS03,1,0,0.493,6
2026-05-25,C-LAV-014-001,CS04,2,0,0.483,7
2026-05-25,C-LAV-017-003,CS01,0,0,0.607,2
2026-05-25,C-LAV-017-003,CS02,0,0,0.668,4
2026-05-25,C-LAV-017-003,CS03,0,0,0.491,3
2026-05-25,C-LAV-017-003,CS04,1,0,0.471,4
2026-05-25,C-LAV-020-002,CS01,0,0,0.584,1
2026-05-25,C-LAV-020-002,CS02,0,0,0.69,2
2026-05-25,C-LAV-020-002,CS03,0,0,0.551,2
2026-05-25,C-LAV-020-002,CS04,1,0,0.476,3
2026-05-25,C-LDN-006-002,CS01,0,0,0.645,3
2026-05-25,C-LDN-006-002,CS02,0,0,0.607,4
2026-05-25,C-LDN-006-002,CS03,1,0,0.502,5
2026-05-25,C-LDN-006-002,CS04,2,0,0.523,4
2026-05-25,C-MIS-024-002,CS01,0,0,0.615,1
2026-05-25,C-MIS-024-002,CS02,0,0,0.637,3
2026-05-25,C-MIS-024-002,CS03,0,0,0.478,3
2026-05-25,C-MIS-024-002,CS04,1,0,0.447,3
2026-05-25,C-MNC-002-001,CS01,0,0,0.661,2
2026-05-25,C-MNC-002-001,CS02,0,0,0.689,3
2026-05-25,C-MNC-002-001,CS03,1,0,0.538,5
2026-05-25,C-MNC-002-001,CS04,2,0,0.505,6
2026-05-25,C-MNC-002-002,CS01,0,0,0.599,1
2026-05-25,C-MNC-002-002,CS02,0,0,0.665,2
2026-05-25,C-MNC-002-002,CS03,0,0,0.537,2
2026-05-25,C-MNC-002-002,CS04,1,0,0.486,3
2026-05-25,C-MNC-003-002,CS01,0,0,0.6,2
2026-05-25,C-MNC-003-002,CS02,0,0,0.67,4
2026-05-25,C-MNC-003-002,CS03,1,0,0.527,5
2026-05-25,C-MNC-003-002,CS04,1,0,0.49,6
2026-05-25,C-MTL-004-001,CS01,0,0,0.643,2
2026-05-25,C-MTL-004-001,CS02,0,0,0.696,4
2026-05-25,C-MTL-004-001,CS03,1,0,0.535,5
2026-05-25,C-MTL-004-001,CS04,2,0,0.451,7
2026-05-25,C-MTL-004-002,CS01,0,0,0.648,1
2026-05-25,C-MTL-004-002,CS02,0,0,0.643,2
2026-05-25,C-MTL-004-002,CS03,0,0,0.548,3
2026-05-25,C-MTL-004-002,CS04,1,0,0.525,2
2026-05-25,C-MTL-015-001,CS01,0,0,0.6,3
2026-05-25,C-MTL-015-001,CS02,0,0,0.684,4
2026-05-25,C-MTL-015-001,CS03,1,0,0.59,6
2026-05-25,C-MTL-015-001,CS04,2,0,0.475,6
2026-05-25,C-MTL-018-001,CS01,0,0,0.521,1
2026-05-25,C-MTL-018-001,CS02,0,0,0.658,2
2026-05-25,C-MTL-018-001,CS03,0,0,0.505,3
2026-05-25,C-MTL-018-001,CS04,1,0,0.456,4
2026-05-25,C-MTL-021-002,CS01,0,0,0.615,1
2026-05-25,C-MTL-021-002,CS02,0,0,0.622,2
2026-05-25,C-MTL-021-002,CS03,0,0,0.558,2
2026-05-25,C-MTL-021-002,CS04,1,0,0.518,3
2026-05-25,C-OTT-004-001,CS01,0,0,0.63,1
2026-05-25,C-OTT-004-001,CS02,0,0,0.698,2
2026-05-25,C-OTT-004-001,CS03,0,0,0.486,3
2026-05-25,C-OTT-004-001,CS04,1,0,0.512,3
2026-05-25,C-OTT-011-003,CS01,0,0,0.63,2
2026-05-25,C-OTT-011-003,CS02,0,0,0.682,5
2026-05-25,C-OTT-011-003,CS03,1,0,0.528,4
2026-05-25,C-OTT-011-003,CS04,2,0,0.505,5
2026-05-25,C-OTT-014-001,CS01,0,0,0.589,1
2026-05-25,C-OTT-014-001,CS02,0,0,0.678,1
2026-05-25,C-OTT-014-001,CS03,0,0,0.515,2
2026-05-25,C-OTT-014-001,CS04,1,0,0.47,2
2026-05-25,C-QBC-010-001,CS01,0,0,0.61,2
2026-05-25,C-QBC-010-001,CS02,0,0,0.646,4
2026-05-25,C-QBC-010-001,CS03,1,0,0.489,5
2026-05-25,C-QBC-010-001,CS04,2,0,0.443,4
2026-05-25,C-QBC-013-001,CS01,0,0,0.617,2
2026-05-25,C-QBC-013-001,CS02,0,0,0.667,4
2026-05-25,C-QBC-013-001,CS03,1,0,0.525,3
2026-05-25,C-QBC-013-001,CS04,1,0,0.465,5
2026-05-25,C-QBC-013-003,CS01,0,0,0.59,2
2026-05-25,C-QBC-013-003,CS02,0,0,0.658,2
2026-05-25,C-QBC-013-003,CS03,0,0,0.504,4
2026-05-25,C-QBC-013-003,CS04,1,0,0.522,6
2026-05-25,C-QBC-016-001,CS01,0,0,0.612,2
2026-05-25,C-QBC-016-001,CS02,0,0,0.677,3
2026-05-25,C-QBC-016-001,CS03,1,0,0.489,3
2026-05-25,C-QBC-016-001,CS04,1,0,0.502,5
2026-05-25,C-QBC-022-001,CS01,0,0,0.608,1
2026-05-25,C-QBC-022-001,CS02,0,0,0.643,3
2026-05-25,C-QBC-022-001,CS03,0,0,0.527,3
2026-05-25,C-QBC-022-001,CS04,1,0,0.478,3
2026-05-25,C-REG-002-003,CS01,0,0,0.614,2
2026-05-25,C-REG-002-003,CS02,0,0,0.687,4
2026-05-25,C-REG-002-003,CS03,1,0,0.526,5
2026-05-25,C-REG-002-003,CS04,2,0,0.466,5
2026-05-25,C-STJ-001-002,CS01,0,0,0.605,2
2026-05-25,C-STJ-001-002,CS02,0,0,0.648,4
2026-05-25,C-STJ-001-002,CS03,1,0,0.505,3
2026-05-25,C-STJ-001-002,CS04,1,0,0.529,4
2026-05-25,C-SUR-005-001,CS01,0,0,0.581,2
2026-05-25,C-SUR-005-001,CS02,0,0,0.65,5
2026-05-25,C-SUR-005-001,CS03,1,0,0.526,3
2026-05-25,C-SUR-005-001,CS04,2,0,0.499,7
2026-05-25,C-SUR-008-003,CS01,0,0,0.57,1
2026-05-25,C-SUR-008-003,CS02,0,0,0.733,3
2026-05-25,C-SUR-008-003,CS03,0,0,0.525,2
2026-05-25,C-SUR-008-003,CS04,1,0,0.5,3
2026-05-25,C-TOR-009-001,CS01,0,0,0.554,5
2026-05-25,C-TOR-009-001,CS02,0,0,0.513,8
2026-05-25,C-TOR-009-001,CS03,1,0,0.383,10
2026-05-25,C-TOR-009-001,CS04,2,0,0.283,13
2026-05-25,C-TOR-009-002,CS01,0,0,0.545,5
2026-05-25,C-TOR-009-002,CS02,0,0,0.57,9
2026-05-25,C-TOR-009-002,CS03,1,0,0.406,11
2026-05-25,C-TOR-009-002,CS04,2,0,0.391,16
2026-05-25,C-TOR-009-003,CS01,0,0,0.535,9
2026-05-25,C-TOR-009-003,CS02,0,0,0.621,15
2026-05-25,C-TOR-009-003,CS03,1,0,0.449,16
2026-05-25,C-TOR-009-003,CS04,3,0,0.336,13
2026-05-25,C-TOR-017-003,CS01,0,0,0.623,1
2026-05-25,C-TOR-017-003,CS02,0,0,0.664,3
2026-05-25,C-TOR-017-003,CS03,0,0,0.481,5
2026-05-25,C-TOR-017-003,CS04,1,0,0.483,4
2026-05-25,C-TOR-019-003,CS01,0,0,0.521,2
2026-05-25,C-TOR-019-003,CS02,0,0,0.584,2
2026-05-25,C-TOR-019-003,CS03,0,0,0.525,2
2026-05-25,C-TOR-019-003,CS04,1,0,0.42,4
2026-05-25,C-VAN-001-002,CS01,0,0,0.573,1
2026-05-25,C-VAN-001-002,CS02,0,0,0.626,2
2026-05-25,C-VAN-001-002,CS03,0,0,0.526,1
2026-05-25,C-VAN-001-002,CS04,1,0,0.45,2
2026-05-25,C-VAN-003-001,CS01,0,0,0.57,2
2026-05-25,C-VAN-003-001,CS02,0,0,0.711,3
2026-05-25,C-VAN-003-001,CS03,1,0,0.547,3
2026-05-25,C-VAN-003-001,CS04,2,0,0.447,5
2026-05-25,C-VAN-003-002,CS01,0,0,0.61,1
2026-05-25,C-VAN-003-002,CS02,0,0,0.674,1
2026-05-25,C-VAN-003-002,CS03,0,0,0.542,2
2026-05-25,C-VAN-003-002,CS04,1,0,0.47,2
2026-05-25,C-VAN-003-003,CS01,0,0,0.612,1
2026-05-25,C-VAN-003-003,CS02,0,0,0.678,2
2026-05-25,C-VAN-003-003,CS03,0,0,0.53,3
2026-05-25,C-VAN-003-003,CS04,1,0,0.515,4
2026-05-25,C-VAN-007-001,CS01,0,0,0.606,1
2026-05-25,C-VAN-007-001,CS02,0,0,0.673,2
2026-05-25,C-VAN-007-001,CS03,0,0,0.519,2
2026-05-25,C-VAN-007-001,CS04,1,0,0.478,2
2026-05-25,C-VAN-N-002,CS01,0,0,0.579,1
2026-05-25,C-VAN-N-002,CS02,0,0,0.688,3
2026-05-25,C-VAN-N-002,CS03,0,0,0.501,4
2026-05-25,C-VAN-N-002,CS04,1,0,0.431,4
2026-05-25,C-WPG-001-001,CS01,0,0,0.625,2
2026-05-25,C-WPG-001-001,CS02,0,0,0.632,4
2026-05-25,C-WPG-001-001,CS03,1,0,0.561,5
2026-05-25,C-WPG-001-001,CS04,2,0,0.449,8
2026-05-25,C-WPG-002-001,CS01,0,0,0.637,2
2026-05-25,C-WPG-002-001,CS02,0,0,0.637,3
2026-05-25,C-WPG-002-001,CS03,1,0,0.514,4
2026-05-25,C-WPG-002-001,CS04,2,0,0.505,7
2026-05-25,C-WPG-002-002,CS01,0,0,0.642,1
2026-05-25,C-WPG-002-002,CS02,0,0,0.599,3
2026-05-25,C-WPG-002-002,CS03,0,0,0.572,3
2026-05-25,C-WPG-002-002,CS04,1,0,0.49,4
2026-05-26,C-CHA-001-003,CS01,0,0,0.656,1
2026-05-26,C-CHA-001-003,CS02,0,0,0.66,2
2026-05-26,C-CHA-001-003,CS03,0,0,0.589,1
2026-05-26,C-CHA-001-003,CS04,1,0,0.468,2
2026-05-26,C-CHA-002-002,CS01,0,0,0.584,2
2026-05-26,C-CHA-002-002,CS02,0,0,0.711,3
2026-05-26,C-CHA-002-002,CS03,1,0,0.568,4
2026-05-26,C-CHA-002-002,CS04,2,0,0.437,6
2026-05-26,C-CHA-003-003,CS01,0,0,0.632,1
2026-05-26,C-CHA-003-003,CS02,0,0,0.65,3
2026-05-26,C-CHA-003-003,CS03,0,0,0.581,4
2026-05-26,C-CHA-003-003,CS04,1,0,0.406,3
2026-05-26,C-EDM-002-002,CS01,0,0,0.577,2
2026-05-26,C-EDM-002-002,CS02,0,0,0.632,4
2026-05-26,C-EDM-002-002,CS03,1,0,0.541,3
2026-05-26,C-EDM-002-002,CS04,2,0,0.446,5
2026-05-26,C-HAM-020-001,CS01,0,0,0.601,1
2026-05-26,C-HAM-020-001,CS02,0,0,0.668,1
2026-05-26,C-HAM-020-001,CS03,0,0,0.511,3
2026-05-26,C-HAM-020-001,CS04,1,0,0.493,4
2026-05-26,C-LAV-006-001,CS01,0,0,0.593,1
2026-05-26,C-LAV-006-001,CS02,0,0,0.651,2
2026-05-26,C-LAV-006-001,CS03,0,0,0.491,3
2026-05-26,C-LAV-006-001,CS04,1,0,0.461,3
2026-05-26,C-LAV-006-002,CS01,0,0,0.644,3
2026-05-26,C-LAV-006-002,CS02,0,0,0.657,5
2026-05-26,C-LAV-006-002,CS03,1,0,0.496,4
2026-05-26,C-LAV-006-002,CS04,2,0,0.456,7
2026-05-26,C-LAV-008-001,CS01,0,0,0.611,2
2026-05-26,C-LAV-008-001,CS02,0,0,0.692,2
2026-05-26,C-LAV-008-001,CS03,0,0,0.53,4
2026-05-26,C-LAV-008-001,CS04,1,0,0.471,3
2026-05-26,C-LAV-014-003,CS01,0,0,0.628,1
2026-05-26,C-LAV-014-003,CS02,0,0,0.617,2
2026-05-26,C-LAV-014-003,CS03,0,0,0.604,3
2026-05-26,C-LAV-014-003,CS04,1,0,0.545,4
2026-05-26,C-LAV-017-001,CS01,0,0,0.612,2
2026-05-26,C-LAV-017-001,CS02,0,0,0.708,2
2026-05-26,C-LAV-017-001,CS03,0,0,0.522,2
2026-05-26,C-LAV-017-001,CS04,1,0,0.518,4
2026-05-26,C-LAV-020-001,CS01,0,0,0.614,1
2026-05-26,C-LAV-020-001,CS02,0,0,0.617,2
2026-05-26,C-LAV-020-001,CS03,0,0,0.561,4
2026-05-26,C-LAV-020-001,CS04,1,0,0.46,3
2026-05-26,C-LDN-006-002,CS01,0,0,0.599,1
2026-05-26,C-LDN-006-002,CS02,0,0,0.741,2
2026-05-26,C-LDN-006-002,CS03,1,0,0.539,5
2026-05-26,C-LDN-006-002,CS04,2,0,0.432,6
2026-05-26,C-LDN-007-001,CS01,0,0,0.645,3
2026-05-26,C-LDN-007-001,CS02,0,0,0.664,4
2026-05-26,C-LDN-007-001,CS03,1,0,0.509,5
2026-05-26,C-LDN-007-001,CS04,2,0,0.398,6
2026-05-26,C-LDN-007-002,CS01,0,0,0.547,1
2026-05-26,C-LDN-007-002,CS02,0,0,0.663,3
2026-05-26,C-LDN-007-002,CS03,1,0,0.495,4
2026-05-26,C-LDN-007-002,CS04,2,0,0.502,6
2026-05-26,C-LDN-010-001,CS01,0,0,0.629,2
2026-05-26,C-LDN-010-001,CS02,0,0,0.672,4
2026-05-26,C-LDN-010-001,CS03,0,0,0.5,4
2026-05-26,C-LDN-010-001,CS04,1,0,0.443,4
2026-05-26,C-LDN-010-002,CS01,0,0,0.517,1
2026-05-26,C-LDN-010-002,CS02,0,0,0.602,2
2026-05-26,C-LDN-010-002,CS03,0,0,0.508,2
2026-05-26,C-LDN-010-002,CS04,1,0,0.491,3
2026-05-26,C-MIS-024-001,CS01,0,0,0.55,1
2026-05-26,C-MIS-024-001,CS02,0,0,0.649,3
2026-05-26,C-MIS-024-001,CS03,0,0,0.552,2
2026-05-26,C-MIS-024-001,CS04,1,0,0.453,5
2026-05-26,C-MNC-001-001,CS01,0,0,0.658,2
2026-05-26,C-MNC-001-001,CS02,0,0,0.667,4
2026-05-26,C-MNC-001-001,CS03,0,0,0.529,4
2026-05-26,C-MNC-001-001,CS04,1,0,0.457,4
2026-05-26,C-MNC-003-001,CS01,0,0,0.63,2
2026-05-26,C-MNC-003-001,CS02,0,0,0.663,3
2026-05-26,C-MNC-003-001,CS03,0,0,0.483,3
2026-05-26,C-MNC-003-001,CS04,1,0,0.437,6
2026-05-26,C-MNC-003-002,CS01,0,0,0.576,2
2026-05-26,C-MNC-003-002,CS02,0,0,0.648,4
2026-05-26,C-MNC-003-002,CS03,0,0,0.551,3
2026-05-26,C-MNC-003-002,CS04,1,0,0.46,4
2026-05-26,C-MNC-004-001,CS01,0,0,0.638,2
2026-05-26,C-MNC-004-001,CS02,0,0,0.676,4
2026-05-26,C-MNC-004-001,CS03,1,0,0.507,4
2026-05-26,C-MNC-004-001,CS04,2,0,0.527,4
2026-05-26,C-MTL-001-002,CS01,0,0,0.64,3
2026-05-26,C-MTL-001-002,CS02,0,0,0.642,4
2026-05-26,C-MTL-001-002,CS03,1,0,0.546,6
2026-05-26,C-MTL-001-002,CS04,2,0,0.462,8
2026-05-26,C-MTL-003-003,CS01,0,0,0.61,1
2026-05-26,C-MTL-003-003,CS02,0,0,0.659,2
2026-05-26,C-MTL-003-003,CS03,0,0,0.542,2
2026-05-26,C-MTL-003-003,CS04,1,0,0.506,4
2026-05-26,C-MTL-015-001,CS01,0,0,0.564,3
2026-05-26,C-MTL-015-001,CS02,0,0,0.634,3
2026-05-26,C-MTL-015-001,CS03,1,0,0.496,4
2026-05-26,C-MTL-015-001,CS04,2,0,0.467,8
2026-05-26,C-MTL-015-002,CS01,0,0,0.654,2
2026-05-26,C-MTL-015-002,CS02,0,0,0.605,3
2026-05-26,C-MTL-015-002,CS03,0,0,0.503,3
2026-05-26,C-MTL-015-002,CS04,1,0,0.485,6
2026-05-26,C-MTL-021-001,CS01,0,0,0.603,2
2026-05-26,C-MTL-021-001,CS02,0,0,0.645,3
2026-05-26,C-MTL-021-001,CS03,1,0,0.529,4
2026-05-26,C-MTL-021-001,CS04,2,0,0.511,6
2026-05-26,C-OTT-011-001,CS01,0,0,0.627,3
2026-05-26,C-OTT-011-001,CS02,0,0,0.734,5
2026-05-26,C-OTT-011-001,CS03,1,0,0.525,6
2026-05-26,C-OTT-011-001,CS04,2,0,0.483,8
2026-05-26,C-OTT-014-001,CS01,0,0,0.587,1
2026-05-26,C-OTT-014-001,CS02,0,0,0.645,1
2026-05-26,C-OTT-014-001,CS03,0,0,0.529,2
2026-05-26,C-OTT-014-001,CS04,1,0,0.442,3
2026-05-26,C-OTT-014-002,CS01,0,0,0.551,2
2026-05-26,C-OTT-014-002,CS02,0,0,0.645,2
2026-05-26,C-OTT-014-002,CS03,0,0,0.572,2
2026-05-26,C-OTT-014-002,CS04,1,0,0.444,4
2026-05-26,C-QBC-010-001,CS01,0,0,0.642,2
2026-05-26,C-QBC-010-001,CS02,0,0,0.662,3
2026-05-26,C-QBC-010-001,CS03,1,0,0.523,4
2026-05-26,C-QBC-010-001,CS04,2,0,0.469,6
2026-05-26,C-QBC-010-002,CS01,0,0,0.646,3
2026-05-26,C-QBC-010-002,CS02,0,0,0.623,3
2026-05-26,C-QBC-010-002,CS03,1,0,0.507,4
2026-05-26,C-QBC-010-002,CS04,2,0,0.465,7
2026-05-26,C-QBC-011-002,CS01,0,0,0.614,1
2026-05-26,C-QBC-011-002,CS02,0,0,0.641,2
2026-05-26,C-QBC-011-002,CS03,0,0,0.507,3
2026-05-26,C-QBC-011-002,CS04,1,0,0.488,2
2026-05-26,C-QBC-016-002,CS01,0,0,0.657,1
2026-05-26,C-QBC-016-002,CS02,0,0,0.649,2
2026-05-26,C-QBC-016-002,CS03,0,0,0.552,2
2026-05-26,C-QBC-016-002,CS04,1,0,0.5,3
2026-05-26,C-QBC-023-002,CS01,0,0,0.57,1
2026-05-26,C-QBC-023-002,CS02,0,0,0.66,3
2026-05-26,C-QBC-023-002,CS03,0,0,0.534,2
2026-05-26,C-QBC-023-002,CS04,1,0,0.473,3
2026-05-26,C-REG-002-003,CS01,0,0,0.539,3
2026-05-26,C-REG-002-003,CS02,0,0,0.651,3
2026-05-26,C-REG-002-003,CS03,1,0,0.512,5
2026-05-26,C-REG-002-003,CS04,2,0,0.464,5
2026-05-26,C-SAS-001-001,CS01,0,0,0.606,2
2026-05-26,C-SAS-001-001,CS02,0,0,0.605,2
2026-05-26,C-SAS-001-001,CS03,0,0,0.503,3
2026-05-26,C-SAS-001-001,CS04,1,0,0.457,5
2026-05-26,C-SUR-008-002,CS01,0,0,0.63,1
2026-05-26,C-SUR-008-002,CS02,0,0,0.715,2
2026-05-26,C-SUR-008-002,CS03,0,0,0.501,2
2026-05-26,C-SUR-008-002,CS04,1,0,0.492,4
2026-05-26,C-SUR-010-002,CS01,0,0,0.565,2
2026-05-26,C-SUR-010-002,CS02,0,0,0.683,2
2026-05-26,C-SUR-010-002,CS03,0,0,0.56,2
2026-05-26,C-SUR-010-002,CS04,1,0,0.481,2
2026-05-26,C-SUR-011-001,CS01,0,0,0.592,2
2026-05-26,C-SUR-011-001,CS02,0,0,0.727,5
2026-05-26,C-SUR-011-001,CS03,1,0,0.525,4
2026-05-26,C-SUR-011-001,CS04,2,0,0.469,5
2026-05-26,C-SUR-011-003,CS01,0,0,0.619,1
2026-05-26,C-SUR-011-003,CS02,0,0,0.648,1
2026-05-26,C-SUR-011-003,CS03,0,0,0.559,2
2026-05-26,C-SUR-011-003,CS04,1,0,0.505,2
2026-05-26,C-TOR-017-001,CS01,0,0,0.623,3
2026-05-26,C-TOR-017-001,CS02,0,0,0.623,3
2026-05-26,C-TOR-017-001,CS03,1,0,0.514,4
2026-05-26,C-TOR-017-001,CS04,2,0,0.524,5
2026-05-26,C-TOR-021-001,CS01,0,0,0.607,1
2026-05-26,C-TOR-021-001,CS02,0,0,0.685,1
2026-05-26,C-TOR-021-001,CS03,0,0,0.555,2
2026-05-26,C-TOR-021-001,CS04,1,0,0.469,2
2026-05-26,C-VAN-001-003,CS01,0,0,0.624,1
2026-05-26,C-VAN-001-003,CS02,0,0,0.642,3
2026-05-26,C-VAN-001-003,CS03,0,0,0.539,3
2026-05-26,C-VAN-001-003,CS04,1,0,0.442,3
2026-05-26,C-VAN-003-001,CS01,0,0,0.583,1
2026-05-26,C-VAN-003-001,CS02,0,0,0.614,4
2026-05-26,C-VAN-003-001,CS03,1,0,0.497,3
2026-05-26,C-VAN-003-001,CS04,2,0,0.472,5
2026-05-26,C-VAN-004-002,CS01,0,0,0.64,1
2026-05-26,C-VAN-004-002,CS02,0,0,0.701,2
2026-05-26,C-VAN-004-002,CS03,0,0,0.505,3
2026-05-26,C-VAN-004-002,CS04,1,0,0.478,5
2026-05-26,C-VAN-007-001,CS01,0,0,0.616,1
2026-05-26,C-VAN-007-001,CS02,0,0,0.648,2
2026-05-26,C-VAN-007-001,CS03,0,0,0.495,2
2026-05-26,C-VAN-007-001,CS04,1,0,0.509,4
2026-05-26,C-VAN-013-001,CS01,0,0,0.553,2
2026-05-26,C-VAN-013-001,CS02,0,0,0.654,4
2026-05-26,C-VAN-013-001,CS03,1,0,0.551,5
2026-05-26,C-VAN-013-001,CS04,2,0,0.453,5
2026-05-26,C-VAN-N-002,CS01,0,0,0.678,1
2026-05-26,C-VAN-N-002,CS02,0,0,0.634,3
2026-05-26,C-VAN-N-002,CS03,0,0,0.559,6
2026-05-26,C-VAN-N-002,CS04,1,0,0.455,6
2026-05-26,C-VIC-006-001,CS01,0,0,0.607,2
2026-05-26,C-VIC-006-001,CS02,0,0,0.637,3
2026-05-26,C-VIC-006-001,CS03,0,0,0.575,3
2026-05-26,C-VIC-006-001,CS04,1,0,0.458,4
2026-05-26,C-VIC-006-003,CS01,0,0,0.612,1
2026-05-26,C-VIC-006-003,CS02,0,0,0.688,1
2026-05-26,C-VIC-006-003,CS03,0,0,0.534,2
2026-05-26,C-VIC-006-003,CS04,1,0,0.465,3
2026-05-26,C-WPG-001-003,CS01,0,0,0.639,1
2026-05-26,C-WPG-001-003,CS02,0,0,0.647,2
2026-05-26,C-WPG-001-003,CS03,0,0,0.533,3
2026-05-26,C-WPG-001-003,CS04,1,0,0.435,3
2026-05-26,C-WPG-002-001,CS01,0,0,0.631,2
2026-05-26,C-WPG-002-001,CS02,0,0,0.668,3
2026-05-26,C-WPG-002-001,CS03,1,0,0.555,5
2026-05-26,C-WPG-002-001,CS04,2,0,0.465,4
2026-05-27,C-CHA-002-002,CS01,0,0,0.598,3
2026-05-27,C-CHA-002-002,CS02,0,0,0.651,2
2026-05-27,C-CHA-002-002,CS03,1,0,0.514,4
2026-05-27,C-CHA-002-002,CS04,2,0,0.493,4
2026-05-27,C-CHA-002-003,CS01,0,0,0.615,1
2026-05-27,C-CHA-002-003,CS02,0,0,0.702,3
2026-05-27,C-CHA-002-003,CS03,0,0,0.548,4
2026-05-27,C-CHA-002-003,CS04,1,0,0.541,3
2026-05-27,C-EDM-002-001,CS01,0,0,0.565,3
2026-05-27,C-EDM-002-001,CS02,0,0,0.676,4
2026-05-27,C-EDM-002-001,CS03,1,0,0.515,4
2026-05-27,C-EDM-002-001,CS04,2,0,0.45,7
2026-05-27,C-HAM-001-002,CS01,0,0,0.637,2
2026-05-27,C-HAM-001-002,CS02,0,0,0.699,4
2026-05-27,C-HAM-001-002,CS03,1,0,0.511,4
2026-05-27,C-HAM-001-002,CS04,2,0,0.451,5
2026-05-27,C-HAM-002-002,CS01,0,0,0.625,2
2026-05-27,C-HAM-002-002,CS02,0,0,0.638,3
2026-05-27,C-HAM-002-002,CS03,0,0,0.524,3
2026-05-27,C-HAM-002-002,CS04,1,0,0.479,3
2026-05-27,C-HAM-002-003,CS01,0,0,0.575,1
2026-05-27,C-HAM-002-003,CS02,0,0,0.629,2
2026-05-27,C-HAM-002-003,CS03,0,0,0.541,3
2026-05-27,C-HAM-002-003,CS04,1,0,0.408,2
2026-05-27,C-HAM-012-001,CS01,0,0,0.618,2
2026-05-27,C-HAM-012-001,CS02,0,0,0.661,3
2026-05-27,C-HAM-012-001,CS03,1,0,0.496,4
2026-05-27,C-HAM-012-001,CS04,1,0,0.504,5
2026-05-27,C-LAV-006-001,CS01,0,0,0.619,1
2026-05-27,C-LAV-006-001,CS02,0,0,0.654,2
2026-05-27,C-LAV-006-001,CS03,0,0,0.497,2
2026-05-27,C-LAV-006-001,CS04,1,0,0.481,3
2026-05-27,C-LAV-014-001,CS01,0,0,0.557,2
2026-05-27,C-LAV-014-001,CS02,0,0,0.641,4
2026-05-27,C-LAV-014-001,CS03,1,0,0.535,6
2026-05-27,C-LAV-014-001,CS04,2,0,0.541,6
2026-05-27,C-LAV-017-002,CS01,0,0,0.616,1
2026-05-27,C-LAV-017-002,CS02,0,0,0.671,2
2026-05-27,C-LAV-017-002,CS03,0,0,0.488,2
2026-05-27,C-LAV-017-002,CS04,1,0,0.455,3
2026-05-27,C-LDN-010-003,CS01,0,0,0.627,1
2026-05-27,C-LDN-010-003,CS02,0,0,0.692,3
2026-05-27,C-LDN-010-003,CS03,0,0,0.527,4
2026-05-27,C-LDN-010-003,CS04,1,0,0.489,5
2026-05-27,C-MNC-003-002,CS01,0,0,0.597,1
2026-05-27,C-MNC-003-002,CS02,0,0,0.659,2
2026-05-27,C-MNC-003-002,CS03,1,0,0.565,5
2026-05-27,C-MNC-003-002,CS04,1,0,0.476,5
2026-05-27,C-MNC-003-003,CS01,0,0,0.57,1
2026-05-27,C-MNC-003-003,CS02,0,0,0.665,3
2026-05-27,C-MNC-003-003,CS03,0,0,0.553,4
2026-05-27,C-MNC-003-003,CS04,1,0,0.468,3
2026-05-27,C-MTL-001-001,CS01,0,0,0.61,1
2026-05-27,C-MTL-001-001,CS02,0,0,0.655,3
2026-05-27,C-MTL-001-001,CS03,0,0,0.531,3
2026-05-27,C-MTL-001-001,CS04,1,0,0.471,6
2026-05-27,C-MTL-005-002,CS01,0,0,0.64,2
2026-05-27,C-MTL-005-002,CS02,0,0,0.657,2
2026-05-27,C-MTL-005-002,CS03,0,0,0.513,3
2026-05-27,C-MTL-005-002,CS04,1,0,0.497,4
2026-05-27,C-MTL-015-001,CS01,0,0,0.635,3
2026-05-27,C-MTL-015-001,CS02,0,0,0.682,4
2026-05-27,C-MTL-015-001,CS03,1,0,0.422,4
2026-05-27,C-MTL-015-001,CS04,2,0,0.429,6
2026-05-27,C-MTL-018-002,CS01,0,0,0.622,2
2026-05-27,C-MTL-018-002,CS02,0,0,0.65,2
2026-05-27,C-MTL-018-002,CS03,0,0,0.52,4
2026-05-27,C-MTL-018-002,CS04,1,0,0.505,4
2026-05-27,C-OTT-004-003,CS01,0,0,0.562,1
2026-05-27,C-OTT-004-003,CS02,0,0,0.631,2
2026-05-27,C-OTT-004-003,CS03,0,0,0.493,2
2026-05-27,C-OTT-004-003,CS04,1,0,0.461,2
2026-05-27,C-OTT-011-002,CS01,0,0,0.61,2
2026-05-27,C-OTT-011-002,CS02,0,0,0.644,3
2026-05-27,C-OTT-011-002,CS03,0,0,0.479,3
2026-05-27,C-OTT-011-002,CS04,1,0,0.459,5
2026-05-27,C-OTT-014-001,CS01,0,0,0.57,1
2026-05-27,C-OTT-014-001,CS02,0,0,0.663,2
2026-05-27,C-OTT-014-001,CS03,0,0,0.534,2
2026-05-27,C-OTT-014-001,CS04,1,0,0.506,2
2026-05-27,C-OTT-022-002,CS01,0,0,0.591,2
2026-05-27,C-OTT-022-002,CS02,0,0,0.62,3
2026-05-27,C-OTT-022-002,CS03,1,0,0.514,6
2026-05-27,C-OTT-022-002,CS04,2,0,0.473,6
2026-05-27,C-QBC-010-001,CS01,0,0,0.57,3
2026-05-27,C-QBC-010-001,CS02,0,0,0.64,4
2026-05-27,C-QBC-010-001,CS03,1,0,0.536,6
2026-05-27,C-QBC-010-001,CS04,2,0,0.512,7
2026-05-27,C-QBC-011-001,CS01,0,0,0.605,1
2026-05-27,C-QBC-011-001,CS02,0,0,0.711,2
2026-05-27,C-QBC-011-001,CS03,0,0,0.497,3
2026-05-27,C-QBC-011-001,CS04,1,0,0.524,4
2026-05-27,C-QBC-013-002,CS01,0,0,0.602,2
2026-05-27,C-QBC-013-002,CS02,0,0,0.674,3
2026-05-27,C-QBC-013-002,CS03,0,0,0.509,3
2026-05-27,C-QBC-013-002,CS04,1,0,0.438,5
2026-05-27,C-QBC-016-002,CS01,0,0,0.593,1
2026-05-27,C-QBC-016-002,CS02,0,0,0.609,1
2026-05-27,C-QBC-016-002,CS03,0,0,0.519,3
2026-05-27,C-QBC-016-002,CS04,1,0,0.504,3
2026-05-27,C-QBC-022-002,CS01,0,0,0.611,1
2026-05-27,C-QBC-022-002,CS02,0,0,0.676,2
2026-05-27,C-QBC-022-002,CS03,0,0,0.444,2
2026-05-27,C-QBC-022-002,CS04,1,0,0.497,3
2026-05-27,C-QBC-023-002,CS01,0,0,0.623,2
2026-05-27,C-QBC-023-002,CS02,0,0,0.666,2
2026-05-27,C-QBC-023-002,CS03,0,0,0.517,4
2026-05-27,C-QBC-023-002,CS04,1,0,0.493,5
2026-05-27,C-QBC-023-003,CS01,0,0,0.569,1
2026-05-27,C-QBC-023-003,CS02,0,0,0.641,2
2026-05-27,C-QBC-023-003,CS03,0,0,0.507,3
2026-05-27,C-QBC-023-003,CS04,1,0,0.493,3
2026-05-27,C-REG-002-003,CS01,0,0,0.583,3
2026-05-27,C-REG-002-003,CS02,0,0,0.655,4
2026-05-27,C-REG-002-003,CS03,1,0,0.562,5
2026-05-27,C-REG-002-003,CS04,2,0,0.513,8
2026-05-27,C-SAS-001-003,CS01,0,0,0.618,1
2026-05-27,C-SAS-001-003,CS02,0,0,0.64,1
2026-05-27,C-SAS-001-003,CS03,0,0,0.468,2
2026-05-27,C-SAS-001-003,CS04,1,0,0.438,2
2026-05-27,C-SUR-005-001,CS01,0,0,0.58,2
2026-05-27,C-SUR-005-001,CS02,0,0,0.689,4
2026-05-27,C-SUR-005-001,CS03,1,0,0.505,3
2026-05-27,C-SUR-005-001,CS04,2,0,0.522,4
2026-05-27,C-SUR-008-001,CS01,0,0,0.615,1
2026-05-27,C-SUR-008-001,CS02,0,0,0.659,2
2026-05-27,C-SUR-008-001,CS03,0,0,0.545,2
2026-05-27,C-SUR-008-001,CS04,1,0,0.447,3
2026-05-27,C-SUR-012-002,CS01,0,0,0.592,1
2026-05-27,C-SUR-012-002,CS02,0,0,0.649,3
2026-05-27,C-SUR-012-002,CS03,0,0,0.503,2
2026-05-27,C-SUR-012-002,CS04,1,0,0.477,4
2026-05-27,C-TOR-018-001,CS01,0,0,0.652,2
2026-05-27,C-TOR-018-001,CS02,0,0,0.656,3
2026-05-27,C-TOR-018-001,CS03,1,0,0.479,5
2026-05-27,C-TOR-018-001,CS04,2,0,0.456,6
2026-05-27,C-TOR-018-002,CS01,0,0,0.566,1
2026-05-27,C-TOR-018-002,CS02,0,0,0.616,3
2026-05-27,C-TOR-018-002,CS03,0,0,0.554,3
2026-05-27,C-TOR-018-002,CS04,1,0,0.43,3
2026-05-27,C-TOR-019-001,CS01,0,0,0.564,1
2026-05-27,C-TOR-019-001,CS02,0,0,0.708,2
2026-05-27,C-TOR-019-001,CS03,0,0,0.45,2
2026-05-27,C-TOR-019-001,CS04,1,0,0.495,3
2026-05-27,C-VAN-001-003,CS01,0,0,0.623,1
2026-05-27,C-VAN-001-003,CS02,0,0,0.68,2
2026-05-27,C-VAN-001-003,CS03,0,0,0.511,3
2026-05-27,C-VAN-001-003,CS04,1,0,0.463,3
2026-05-27,C-VAN-003-003,CS01,0,0,0.581,1
2026-05-27,C-VAN-003-003,CS02,0,0,0.632,3
2026-05-27,C-VAN-003-003,CS03,0,0,0.569,4
2026-05-27,C-VAN-003-003,CS04,1,0,0.48,4
2026-05-27,C-VAN-004-003,CS01,0,0,0.634,1
2026-05-27,C-VAN-004-003,CS02,0,0,0.651,2
2026-05-27,C-VAN-004-003,CS03,0,0,0.519,2
2026-05-27,C-VAN-004-003,CS04,1,0,0.471,4
2026-05-27,C-VAN-007-001,CS01,0,0,0.629,1
2026-05-27,C-VAN-007-001,CS02,0,0,0.668,2
2026-05-27,C-VAN-007-001,CS03,0,0,0.514,2
2026-05-27,C-VAN-007-001,CS04,1,0,0.46,2
2026-05-27,C-VAN-013-002,CS01,0,0,0.637,1
2026-05-27,C-VAN-013-002,CS02,0,0,0.625,2
2026-05-27,C-VAN-013-002,CS03,0,0,0.495,3
2026-05-27,C-VAN-013-002,CS04,1,0,0.498,3
2026-05-27,C-VAN-N-002,CS01,0,0,0.634,3
2026-05-27,C-VAN-N-002,CS02,0,0,0.648,4
2026-05-27,C-VAN-N-002,CS03,0,0,0.493,6
2026-05-27,C-VAN-N-002,CS04,1,0,0.408,5
2026-05-27,C-VIC-006-002,CS01,0,0,0.632,2
2026-05-27,C-VIC-006-002,CS02,0,0,0.609,2
2026-05-27,C-VIC-006-002,CS03,0,0,0.52,5
2026-05-27,C-VIC-006-002,CS04,1,0,0.497,4
2026-05-27,C-WPG-001-002,CS01,0,0,0.616,1
2026-05-27,C-WPG-001-002,CS02,0,0,0.669,2
2026-05-27,C-WPG-001-002,CS03,0,0,0.525,2
2026-05-27,C-WPG-001-002,CS04,1,0,0.458,3
2026-05-27,C-WPG-002-002,CS01,0,0,0.64,2
2026-05-27,C-WPG-002-002,CS02,0,0,0.699,3
2026-05-27,C-WPG-002-002,CS03,0,0,0.576,4
2026-05-27,C-WPG-002-002,CS04,1,0,0.478,3
2026-05-27,C-WPG-002-003,CS01,0,0,0.676,1
2026-05-27,C-WPG-002-003,CS02,0,0,0.605,2
2026-05-27,C-WPG-002-003,CS03,0,0,0.559,4
2026-05-27,C-WPG-002-003,CS04,1,0,0.498,3
2026-05-27,C-WPG-003-002,CS01,0,0,0.645,2
2026-05-27,C-WPG-003-002,CS02,0,0,0.701,4
2026-05-27,C-WPG-003-002,CS03,1,0,0.506,6
2026-05-27,C-WPG-003-002,CS04,2,0,0.417,6
2026-05-27,C-WPG-003-003,CS01,0,0,0.62,2
2026-05-27,C-WPG-003-003,CS02,0,0,0.617,4
2026-05-27,C-WPG-003-003,CS03,1,0,0.54,4
2026-05-27,C-WPG-003-003,CS04,1,0,0.45,5
2026-05-28,C-CAL-004-003,CS01,0,0,0.561,1
2026-05-28,C-CAL-004-003,CS02,0,0,0.689,3
2026-05-28,C-CAL-004-003,CS03,0,0,0.477,2
2026-05-28,C-CAL-004-003,CS04,1,0,0.449,3
2026-05-28,C-CHA-001-001,CS01,0,0,0.601,2
2026-05-28,C-CHA-001-001,CS02,0,0,0.653,4
2026-05-28,C-CHA-001-001,CS03,1,0,0.504,4
2026-05-28,C-CHA-001-001,CS04,2,0,0.447,7
2026-05-28,C-CHA-002-002,CS01,0,0,0.594,2
2026-05-28,C-CHA-002-002,CS02,0,0,0.653,3
2026-05-28,C-CHA-002-002,CS03,1,0,0.564,5
2026-05-28,C-CHA-002-002,CS04,2,0,0.458,4
2026-05-28,C-EDM-002-001,CS01,0,0,0.581,2
2026-05-28,C-EDM-002-001,CS02,0,0,0.635,4
2026-05-28,C-EDM-002-001,CS03,1,0,0.492,5
2026-05-28,C-EDM-002-001,CS04,2,0,0.508,7
2026-05-28,C-HAM-002-003,CS01,0,0,0.622,1
2026-05-28,C-HAM-002-003,CS02,0,0,0.67,2
2026-05-28,C-HAM-002-003,CS03,0,0,0.563,2
2026-05-28,C-HAM-002-003,CS04,1,0,0.491,3
2026-05-28,C-HAM-012-003,CS01,0,0,0.635,2
2026-05-28,C-HAM-012-003,CS02,0,0,0.687,4
2026-05-28,C-HAM-012-003,CS03,1,0,0.504,4
2026-05-28,C-HAM-012-003,CS04,2,0,0.427,4
2026-05-28,C-HAM-020-001,CS01,0,0,0.564,1
2026-05-28,C-HAM-020-001,CS02,0,0,0.626,3
2026-05-28,C-HAM-020-001,CS03,0,0,0.544,3
2026-05-28,C-HAM-020-001,CS04,1,0,0.515,2
2026-05-28,C-HAM-025-003,CS01,0,0,0.579,3
2026-05-28,C-HAM-025-003,CS02,0,0,0.643,4
2026-05-28,C-HAM-025-003,CS03,1,0,0.521,4
2026-05-28,C-HAM-025-003,CS04,2,0,0.429,7
2026-05-28,C-LAV-006-003,CS01,0,0,0.652,1
2026-05-28,C-LAV-006-003,CS02,0,0,0.65,2
2026-05-28,C-LAV-006-003,CS03,0,0,0.506,2
2026-05-28,C-LAV-006-003,CS04,1,0,0.465,3
2026-05-28,C-LAV-007-002,CS01,0,0,0.654,2
2026-05-28,C-LAV-007-002,CS02,0,0,0.692,4
2026-05-28,C-LAV-007-002,CS03,1,0,0.5,4
2026-05-28,C-LAV-007-002,CS04,2,0,0.484,5
2026-05-28,C-LAV-007-003,CS01,0,0,0.625,1
2026-05-28,C-LAV-007-003,CS02,0,0,0.653,4
2026-05-28,C-LAV-007-003,CS03,1,0,0.51,4
2026-05-28,C-LAV-007-003,CS04,1,0,0.488,5
2026-05-28,C-LAV-008-001,CS01,0,0,0.581,2
2026-05-28,C-LAV-008-001,CS02,0,0,0.653,3
2026-05-28,C-LAV-008-001,CS03,0,0,0.522,3
2026-05-28,C-LAV-008-001,CS04,1,0,0.441,6
2026-05-28,C-LAV-017-002,CS01,0,0,0.581,1
2026-05-28,C-LAV-017-002,CS02,0,0,0.653,3
2026-05-28,C-LAV-017-002,CS03,0,0,0.503,2
2026-05-28,C-LAV-017-002,CS04,1,0,0.529,3
2026-05-28,C-LAV-017-003,CS01,0,0,0.555,3
2026-05-28,C-LAV-017-003,CS02,0,0,0.621,4
2026-05-28,C-LAV-017-003,CS03,1,0,0.51,4
2026-05-28,C-LAV-017-003,CS04,1,0,0.494,6
2026-05-28,C-LDN-006-003,CS01,0,0,0.604,1
2026-05-28,C-LDN-006-003,CS02,0,0,0.716,2
2026-05-28,C-LDN-006-003,CS03,0,0,0.461,4
2026-05-28,C-LDN-006-003,CS04,1,0,0.465,3
2026-05-28,C-LDN-007-003,CS01,0,0,0.572,2
2026-05-28,C-LDN-007-003,CS02,0,0,0.669,3
2026-05-28,C-LDN-007-003,CS03,0,0,0.538,3
2026-05-28,C-LDN-007-003,CS04,1,0,0.45,4
2026-05-28,C-LDN-015-002,CS01,0,0,0.565,1
2026-05-28,C-LDN-015-002,CS02,0,0,0.688,3
2026-05-28,C-LDN-015-002,CS03,0,0,0.501,4
2026-05-28,C-LDN-015-002,CS04,1,0,0.457,4
2026-05-28,C-MNC-001-001,CS01,0,0,0.583,2
2026-05-28,C-MNC-001-001,CS02,0,0,0.635,2
2026-05-28,C-MNC-001-001,CS03,0,0,0.495,3
2026-05-28,C-MNC-001-001,CS04,1,0,0.469,5
2026-05-28,C-MNC-002-001,CS01,0,0,0.58,2
2026-05-28,C-MNC-002-001,CS02,0,0,0.655,5
2026-05-28,C-MNC-002-001,CS03,1,0,0.54,4
2026-05-28,C-MNC-002-001,CS04,2,0,0.498,7
2026-05-28,C-MNC-004-002,CS01,0,0,0.636,2
2026-05-28,C-MNC-004-002,CS02,0,0,0.666,3
2026-05-28,C-MNC-004-002,CS03,0,0,0.526,2
2026-05-28,C-MNC-004-002,CS04,1,0,0.473,4
2026-05-28,C-MTL-005-001,CS01,0,0,0.57,1
2026-05-28,C-MTL-005-001,CS02,0,0,0.677,2
2026-05-28,C-MTL-005-001,CS03,0,0,0.576,3
2026-05-28,C-MTL-005-001,CS04,1,0,0.464,4
2026-05-28,C-MTL-018-002,CS01,0,0,0.596,1
2026-05-28,C-MTL-018-002,CS02,0,0,0.666,1
2026-05-28,C-MTL-018-002,CS03,0,0,0.509,3
2026-05-28,C-MTL-018-002,CS04,1,0,0.477,3
2026-05-28,C-MTL-019-002,CS01,0,0,0.624,1
2026-05-28,C-MTL-019-002,CS02,0,0,0.69,2
2026-05-28,C-MTL-019-002,CS03,0,0,0.551,4
2026-05-28,C-MTL-019-002,CS04,1,0,0.491,4
2026-05-28,C-MTL-021-002,CS01,0,0,0.649,1
2026-05-28,C-MTL-021-002,CS02,0,0,0.678,2
2026-05-28,C-MTL-021-002,CS03,0,0,0.513,2
2026-05-28,C-MTL-021-002,CS04,1,0,0.444,2
2026-05-28,C-OTT-003-001,CS01,0,0,0.627,1
2026-05-28,C-OTT-003-001,CS02,0,0,0.677,2
2026-05-28,C-OTT-003-001,CS03,0,0,0.57,4
2026-05-28,C-OTT-003-001,CS04,1,0,0.5,3
2026-05-28,C-OTT-004-002,CS01,0,0,0.645,1
2026-05-28,C-OTT-004-002,CS02,0,0,0.698,2
2026-05-28,C-OTT-004-002,CS03,0,0,0.515,3
2026-05-28,C-OTT-004-002,CS04,1,0,0.473,4
2026-05-28,C-OTT-013-001,CS01,0,0,0.604,2
2026-05-28,C-OTT-013-001,CS02,0,0,0.619,3
2026-05-28,C-OTT-013-001,CS03,1,0,0.532,3
2026-05-28,C-OTT-013-001,CS04,2,0,0.503,5
2026-05-28,C-OTT-013-002,CS01,0,0,0.632,1
2026-05-28,C-OTT-013-002,CS02,0,0,0.592,2
2026-05-28,C-OTT-013-002,CS03,0,0,0.498,2
2026-05-28,C-OTT-013-002,CS04,1,0,0.489,2
2026-05-28,C-QBC-002-001,CS01,0,0,0.594,1
2026-05-28,C-QBC-002-001,CS02,0,0,0.66,2
2026-05-28,C-QBC-002-001,CS03,0,0,0.474,2
2026-05-28,C-QBC-002-001,CS04,1,0,0.522,3
2026-05-28,C-QBC-016-001,CS01,0,0,0.662,2
2026-05-28,C-QBC-016-001,CS02,0,0,0.663,2
2026-05-28,C-QBC-016-001,CS03,1,0,0.491,3
2026-05-28,C-QBC-016-001,CS04,1,0,0.459,4
2026-05-28,C-QBC-016-002,CS01,0,0,0.609,2
2026-05-28,C-QBC-016-002,CS02,0,0,0.691,2
2026-05-28,C-QBC-016-002,CS03,0,0,0.487,3
2026-05-28,C-QBC-016-002,CS04,1,0,0.467,4
2026-05-28,C-QBC-022-002,CS01,0,0,0.612,2
2026-05-28,C-QBC-022-002,CS02,0,0,0.627,2
2026-05-28,C-QBC-022-002,CS03,0,0,0.512,4
2026-05-28,C-QBC-022-002,CS04,1,0,0.456,3
2026-05-28,C-REG-002-002,CS01,0,0,0.598,2
2026-05-28,C-REG-002-002,CS02,0,0,0.663,3
2026-05-28,C-REG-002-002,CS03,0,0,0.5,4
2026-05-28,C-REG-002-002,CS04,1,0,0.514,5
2026-05-28,C-SAS-001-002,CS01,0,0,0.589,1
2026-05-28,C-SAS-001-002,CS02,0,0,0.614,1
2026-05-28,C-SAS-001-002,CS03,0,0,0.533,3
2026-05-28,C-SAS-001-002,CS04,1,0,0.497,2
2026-05-28,C-SUR-002-003,CS01,0,0,0.629,3
2026-05-28,C-SUR-002-003,CS02,0,0,0.617,3
2026-05-28,C-SUR-002-003,CS03,1,0,0.45,4
2026-05-28,C-SUR-002-003,CS04,2,0,0.465,7
2026-05-28,C-SUR-005-002,CS01,0,0,0.577,1
2026-05-28,C-SUR-005-002,CS02,0,0,0.662,2
2026-05-28,C-SUR-005-002,CS03,0,0,0.534,4
2026-05-28,C-SUR-005-002,CS04,1,0,0.475,5
2026-05-28,C-SUR-009-002,CS01,0,0,0.573,1
2026-05-28,C-SUR-009-002,CS02,0,0,0.679,1
2026-05-28,C-SUR-009-002,CS03,0,0,0.511,2
2026-05-28,C-SUR-009-002,CS04,1,0,0.457,3
2026-05-28,C-SUR-009-003,CS01,0,0,0.59,2
2026-05-28,C-SUR-009-003,CS02,0,0,0.624,2
2026-05-28,C-SUR-009-003,CS03,1,0,0.563,4
2026-05-28,C-SUR-009-003,CS04,1,0,0.408,6
2026-05-28,C-SUR-012-003,CS01,0,0,0.576,1
2026-05-28,C-SUR-012-003,CS02,0,0,0.657,3
2026-05-28,C-SUR-012-003,CS03,1,0,0.553,5
2026-05-28,C-SUR-012-003,CS04,1,0,0.505,4
2026-05-28,C-TOR-009-001,CS01,0,0,0.643,1
2026-05-28,C-TOR-009-001,CS02,0,0,0.663,2
2026-05-28,C-TOR-009-001,CS03,0,0,0.551,2
2026-05-28,C-TOR-009-001,CS04,1,0,0.476,2
2026-05-28,C-TOR-018-001,CS01,0,0,0.586,2
2026-05-28,C-TOR-018-001,CS02,0,0,0.621,3
2026-05-28,C-TOR-018-001,CS03,1,0,0.557,4
2026-05-28,C-TOR-018-001,CS04,2,0,0.481,7
2026-05-28,C-TOR-018-003,CS01,0,0,0.622,1
2026-05-28,C-TOR-018-003,CS02,0,0,0.706,3
2026-05-28,C-TOR-018-003,CS03,0,0,0.504,4
2026-05-28,C-TOR-018-003,CS04,1,0,0.487,4
2026-05-28,C-TOR-021-003,CS01,0,0,0.61,1
2026-05-28,C-TOR-021-003,CS02,0,0,0.653,1
2026-05-28,C-TOR-021-003,CS03,0,0,0.486,2
2026-05-28,C-TOR-021-003,CS04,1,0,0.491,4
2026-05-28,C-VAN-003-002,CS01,0,0,0.544,1
2026-05-28,C-VAN-003-002,CS02,0,0,0.639,1
2026-05-28,C-VAN-003-002,CS03,0,0,0.503,2
2026-05-28,C-VAN-003-002,CS04,1,0,0.468,3
2026-05-28,C-VAN-N-002,CS01,0,0,0.614,2
2026-05-28,C-VAN-N-002,CS02,0,0,0.64,6
2026-05-28,C-VAN-N-002,CS03,0,0,0.436,5
2026-05-28,C-VAN-N-002,CS04,1,0,0.415,5
2026-05-28,C-VIC-006-003,CS01,0,0,0.582,1
2026-05-28,C-VIC-006-003,CS02,0,0,0.684,1
2026-05-28,C-VIC-006-003,CS03,0,0,0.51,2
2026-05-28,C-VIC-006-003,CS04,1,0,0.492,2
2026-05-28,C-WPG-001-001,CS01,0,0,0.593,2
2026-05-28,C-WPG-001-001,CS02,0,0,0.713,5
2026-05-28,C-WPG-001-001,CS03,1,0,0.513,5
2026-05-28,C-WPG-001-001,CS04,2,0,0.512,5
2026-05-29,C-CAL-001-003,CS01,0,0,0.607,2
2026-05-29,C-CAL-001-003,CS02,0,0,0.652,2
2026-05-29,C-CAL-001-003,CS03,0,0,0.504,3
2026-05-29,C-CAL-001-003,CS04,1,0,0.425,3
2026-05-29,C-CAL-004-003,CS01,0,0,0.605,2
2026-05-29,C-CAL-004-003,CS02,0,0,0.659,2
2026-05-29,C-CAL-004-003,CS03,0,0,0.503,2
2026-05-29,C-CAL-004-003,CS04,1,0,0.501,4
2026-05-29,C-CHA-002-002,CS01,0,0,0.613,3
2026-05-29,C-CHA-002-002,CS02,0,0,0.637,4
2026-05-29,C-CHA-002-002,CS03,1,0,0.531,6
2026-05-29,C-CHA-002-002,CS04,2,0,0.468,6
2026-05-29,C-CHA-003-003,CS01,0,0,0.582,1
2026-05-29,C-CHA-003-003,CS02,0,0,0.654,3
2026-05-29,C-CHA-003-003,CS03,0,0,0.505,3
2026-05-29,C-CHA-003-003,CS04,1,0,0.507,4
2026-05-29,C-EDM-002-002,CS01,0,0,0.603,2
2026-05-29,C-EDM-002-002,CS02,0,0,0.684,3
2026-05-29,C-EDM-002-002,CS03,1,0,0.531,3
2026-05-29,C-EDM-002-002,CS04,2,0,0.47,5
2026-05-29,C-EDM-002-003,CS01,0,0,0.593,2
2026-05-29,C-EDM-002-003,CS02,0,0,0.738,4
2026-05-29,C-EDM-002-003,CS03,1,0,0.545,4
2026-05-29,C-EDM-002-003,CS04,1,0,0.498,5
2026-05-29,C-HAM-001-003,CS01,0,0,0.612,3
2026-05-29,C-HAM-001-003,CS02,0,0,0.691,5
2026-05-29,C-HAM-001-003,CS03,1,0,0.559,4
2026-05-29,C-HAM-001-003,CS04,2,0,0.556,6
2026-05-29,C-HAM-012-003,CS01,0,0,0.629,2
2026-05-29,C-HAM-012-003,CS02,0,0,0.69,4
2026-05-29,C-HAM-012-003,CS03,1,0,0.5,4
2026-05-29,C-HAM-012-003,CS04,1,0,0.437,4
2026-05-29,C-HAM-016-003,CS01,0,0,0.627,1
2026-05-29,C-HAM-016-003,CS02,0,0,0.647,2
2026-05-29,C-HAM-016-003,CS03,0,0,0.587,3
2026-05-29,C-HAM-016-003,CS04,1,0,0.472,4
2026-05-29,C-LAV-007-001,CS01,0,0,0.6,2
2026-05-29,C-LAV-007-001,CS02,0,0,0.675,2
2026-05-29,C-LAV-007-001,CS03,0,0,0.511,4
2026-05-29,C-LAV-007-001,CS04,1,0,0.451,5
2026-05-29,C-LAV-008-001,CS01,0,0,0.578,1
2026-05-29,C-LAV-008-001,CS02,0,0,0.633,3
2026-05-29,C-LAV-008-001,CS03,0,0,0.568,3
2026-05-29,C-LAV-008-001,CS04,1,0,0.46,5
2026-05-29,C-LAV-014-001,CS01,0,0,0.585,2
2026-05-29,C-LAV-014-001,CS02,0,0,0.639,3
2026-05-29,C-LAV-014-001,CS03,1,0,0.551,5
2026-05-29,C-LAV-014-001,CS04,2,0,0.472,5
2026-05-29,C-LAV-014-003,CS01,0,0,0.586,1
2026-05-29,C-LAV-014-003,CS02,0,0,0.629,3
2026-05-29,C-LAV-014-003,CS03,0,0,0.495,3
2026-05-29,C-LAV-014-003,CS04,1,0,0.434,4
2026-05-29,C-LAV-020-001,CS01,0,0,0.572,1
2026-05-29,C-LAV-020-001,CS02,0,0,0.674,3
2026-05-29,C-LAV-020-001,CS03,0,0,0.553,3
2026-05-29,C-LAV-020-001,CS04,1,0,0.478,3
2026-05-29,C-LDN-007-001,CS01,0,0,0.596,2
2026-05-29,C-LDN-007-001,CS02,0,0,0.72,5
2026-05-29,C-LDN-007-001,CS03,1,0,0.53,5
2026-05-29,C-LDN-007-001,CS04,2,0,0.446,5
2026-05-29,C-LDN-015-001,CS01,0,0,0.615,3
2026-05-29,C-LDN-015-001,CS02,0,0,0.616,4
2026-05-29,C-LDN-015-001,CS03,1,0,0.524,3
2026-05-29,C-LDN-015-001,CS04,2,0,0.456,6
2026-05-29,C-MIS-024-001,CS01,0,0,0.579,1
2026-05-29,C-MIS-024-001,CS02,0,0,0.624,2
2026-05-29,C-MIS-024-001,CS03,0,0,0.512,2
2026-05-29,C-MIS-024-001,CS04,1,0,0.53,4
2026-05-29,C-MIS-024-002,CS01,0,0,0.618,1
2026-05-29,C-MIS-024-002,CS02,0,0,0.687,2
2026-05-29,C-MIS-024-002,CS03,0,0,0.523,3
2026-05-29,C-MIS-024-002,CS04,1,0,0.495,3
2026-05-29,C-MIS-024-003,CS01,0,0,0.661,1
2026-05-29,C-MIS-024-003,CS02,0,0,0.685,3
2026-05-29,C-MIS-024-003,CS03,0,0,0.562,3
2026-05-29,C-MIS-024-003,CS04,1,0,0.507,5
2026-05-29,C-MNC-005-003,CS01,0,0,0.611,1
2026-05-29,C-MNC-005-003,CS02,0,0,0.654,1
2026-05-29,C-MNC-005-003,CS03,0,0,0.522,2
2026-05-29,C-MNC-005-003,CS04,1,0,0.476,2
2026-05-29,C-MTL-001-002,CS01,0,0,0.643,3
2026-05-29,C-MTL-001-002,CS02,0,0,0.685,2
2026-05-29,C-MTL-001-002,CS03,1,0,0.514,5
2026-05-29,C-MTL-001-002,CS04,2,0,0.474,5
2026-05-29,C-MTL-015-001,CS01,0,0,0.63,2
2026-05-29,C-MTL-015-001,CS02,0,0,0.701,4
2026-05-29,C-MTL-015-001,CS03,1,0,0.543,5
2026-05-29,C-MTL-015-001,CS04,2,0,0.534,4
2026-05-29,C-MTL-015-002,CS01,0,0,0.606,1
2026-05-29,C-MTL-015-002,CS02,0,0,0.668,2
2026-05-29,C-MTL-015-002,CS03,0,0,0.545,3
2026-05-29,C-MTL-015-002,CS04,1,0,0.481,4
2026-05-29,C-MTL-015-003,CS01,0,0,0.567,2
2026-05-29,C-MTL-015-003,CS02,0,0,0.594,3
2026-05-29,C-MTL-015-003,CS03,1,0,0.515,3
2026-05-29,C-MTL-015-003,CS04,2,0,0.429,6
2026-05-29,C-MTL-018-002,CS01,0,0,0.555,1
2026-05-29,C-MTL-018-002,CS02,0,0,0.662,1
2026-05-29,C-MTL-018-002,CS03,0,0,0.544,3
2026-05-29,C-MTL-018-002,CS04,1,0,0.479,3
2026-05-29,C-MTL-019-002,CS01,0,0,0.584,1
2026-05-29,C-MTL-019-002,CS02,0,0,0.656,3
2026-05-29,C-MTL-019-002,CS03,0,0,0.501,3
2026-05-29,C-MTL-019-002,CS04,1,0,0.46,3
2026-05-29,C-MTL-019-003,CS01,0,0,0.615,1
2026-05-29,C-MTL-019-003,CS02,0,0,0.69,3
2026-05-29,C-MTL-019-003,CS03,1,0,0.507,3
2026-05-29,C-MTL-019-003,CS04,1,0,0.427,4
2026-05-29,C-OTT-005-001,CS01,0,0,0.629,2
2026-05-29,C-OTT-005-001,CS02,0,0,0.634,3
2026-05-29,C-OTT-005-001,CS03,1,0,0.514,5
2026-05-29,C-OTT-005-001,CS04,2,0,0.506,4
2026-05-29,C-OTT-005-003,CS01,0,0,0.645,2
2026-05-29,C-OTT-005-003,CS02,0,0,0.704,3
2026-05-29,C-OTT-005-003,CS03,1,0,0.536,3
2026-05-29,C-OTT-005-003,CS04,2,0,0.504,5
2026-05-29,C-OTT-013-001,CS01,0,0,0.636,2
2026-05-29,C-OTT-013-001,CS02,0,0,0.691,4
2026-05-29,C-OTT-013-001,CS03,1,0,0.528,5
2026-05-29,C-OTT-013-001,CS04,2,0,0.501,6
2026-05-29,C-OTT-013-003,CS01,0,0,0.632,3
2026-05-29,C-OTT-013-003,CS02,0,0,0.591,2
2026-05-29,C-OTT-013-003,CS03,1,0,0.516,4
2026-05-29,C-OTT-013-003,CS04,2,0,0.472,5
2026-05-29,C-OTT-014-003,CS01,0,0,0.641,2
2026-05-29,C-OTT-014-003,CS02,0,0,0.683,3
2026-05-29,C-OTT-014-003,CS03,0,0,0.539,4
2026-05-29,C-OTT-014-003,CS04,1,0,0.495,4
2026-05-29,C-OTT-022-002,CS01,0,0,0.655,2
2026-05-29,C-OTT-022-002,CS02,0,0,0.658,3
2026-05-29,C-OTT-022-002,CS03,1,0,0.549,5
2026-05-29,C-OTT-022-002,CS04,2,0,0.529,5
2026-05-29,C-QBC-002-003,CS01,0,0,0.59,1
2026-05-29,C-QBC-002-003,CS02,0,0,0.68,2
2026-05-29,C-QBC-002-003,CS03,0,0,0.507,3
2026-05-29,C-QBC-002-003,CS04,1,0,0.49,3
2026-05-29,C-QBC-009-003,CS01,0,0,0.646,1
2026-05-29,C-QBC-009-003,CS02,0,0,0.635,2
2026-05-29,C-QBC-009-003,CS03,0,0,0.5,3
2026-05-29,C-QBC-009-003,CS04,1,0,0.475,3
2026-05-29,C-QBC-012-001,CS01,0,0,0.637,2
2026-05-29,C-QBC-012-001,CS02,0,0,0.645,3
2026-05-29,C-QBC-012-001,CS03,0,0,0.477,4
2026-05-29,C-QBC-012-001,CS04,1,0,0.468,5
2026-05-29,C-REG-002-003,CS01,0,0,0.584,2
2026-05-29,C-REG-002-003,CS02,0,0,0.669,4
2026-05-29,C-REG-002-003,CS03,1,0,0.536,6
2026-05-29,C-REG-002-003,CS04,2,0,0.53,6
2026-05-29,C-STJ-001-003,CS01,0,0,0.574,2
2026-05-29,C-STJ-001-003,CS02,0,0,0.637,4
2026-05-29,C-STJ-001-003,CS03,1,0,0.485,4
2026-05-29,C-STJ-001-003,CS04,1,0,0.452,3
2026-05-29,C-SUR-005-002,CS01,0,0,0.607,1
2026-05-29,C-SUR-005-002,CS02,0,0,0.652,3
2026-05-29,C-SUR-005-002,CS03,0,0,0.478,2
2026-05-29,C-SUR-005-002,CS04,1,0,0.486,5
2026-05-29,C-SUR-009-001,CS01,0,0,0.596,1
2026-05-29,C-SUR-009-001,CS02,0,0,0.646,2
2026-05-29,C-SUR-009-001,CS03,0,0,0.562,2
2026-05-29,C-SUR-009-001,CS04,1,0,0.464,3
2026-05-29,C-SUR-010-003,CS01,0,0,0.62,1
2026-05-29,C-SUR-010-003,CS02,0,0,0.643,4
2026-05-29,C-SUR-010-003,CS03,0,0,0.55,4
2026-05-29,C-SUR-010-003,CS04,1,0,0.451,5
2026-05-29,C-SUR-011-001,CS01,0,0,0.658,2
2026-05-29,C-SUR-011-001,CS02,0,0,0.666,3
2026-05-29,C-SUR-011-001,CS03,1,0,0.499,5
2026-05-29,C-SUR-011-001,CS04,1,0,0.512,6
2026-05-29,C-TOR-019-002,CS01,0,0,0.593,1
2026-05-29,C-TOR-019-002,CS02,0,0,0.646,3
2026-05-29,C-TOR-019-002,CS03,0,0,0.513,3
2026-05-29,C-TOR-019-002,CS04,1,0,0.433,3
2026-05-29,C-TOR-021-002,CS01,0,0,0.615,2
2026-05-29,C-TOR-021-002,CS02,0,0,0.679,4
2026-05-29,C-TOR-021-002,CS03,1,0,0.499,6
2026-05-29,C-TOR-021-002,CS04,2,0,0.457,7
2026-05-29,C-TOR-021-003,CS01,0,0,0.6,1
2026-05-29,C-TOR-021-003,CS02,0,0,0.743,1
2026-05-29,C-TOR-021-003,CS03,0,0,0.541,2
2026-05-29,C-TOR-021-003,CS04,1,0,0.545,2
2026-05-29,C-TOR-023-001,CS01,0,0,0.614,1
2026-05-29,C-TOR-023-001,CS02,0,0,0.663,1
2026-05-29,C-TOR-023-001,CS03,0,0,0.514,2
2026-05-29,C-TOR-023-001,CS04,1,0,0.48,3
2026-05-29,C-VAN-004-003,CS01,0,0,0.616,1
2026-05-29,C-VAN-004-003,CS02,0,0,0.593,1
2026-05-29,C-VAN-004-003,CS03,0,0,0.518,2
2026-05-29,C-VAN-004-003,CS04,1,0,0.499,2
2026-05-29,C-VAN-014-001,CS01,0,0,0.581,2
2026-05-29,C-VAN-014-001,CS02,0,0,0.628,3
2026-05-29,C-VAN-014-001,CS03,0,0,0.468,3
2026-05-29,C-VAN-014-001,CS04,1,0,0.501,3
2026-05-29,C-VAN-014-003,CS01,0,0,0.57,1
2026-05-29,C-VAN-014-003,CS02,0,0,0.613,4
2026-05-29,C-VAN-014-003,CS03,0,0,0.527,4
2026-05-29,C-VAN-014-003,CS04,1,0,0.413,3
2026-05-29,C-VAN-N-002,CS01,0,0,0.603,3
2026-05-29,C-VAN-N-002,CS02,0,0,0.599,6
2026-05-29,C-VAN-N-002,CS03,1,0,0.462,9
2026-05-29,C-VAN-N-002,CS04,2,0,0.402,11
2026-05-29,C-WPG-003-002,CS01,0,0,0.575,2
2026-05-29,C-WPG-003-002,CS02,0,0,0.616,4
2026-05-29,C-WPG-003-002,CS03,1,0,0.535,4
2026-05-29,C-WPG-003-002,CS04,1,0,0.529,6
2026-05-30,C-CHA-001-003,CS01,0,0,0.595,1
2026-05-30,C-CHA-001-003,CS02,0,0,0.685,2
2026-05-30,C-CHA-001-003,CS03,0,0,0.46,2
2026-05-30,C-CHA-001-003,CS04,1,0,0.472,3
2026-05-30,C-CHA-002-001,CS01,0,0,0.596,1
2026-05-30,C-CHA-002-001,CS02,0,0,0.647,2
2026-05-30,C-CHA-002-001,CS03,0,0,0.587,3
2026-05-30,C-CHA-002-001,CS04,1,0,0.515,3
2026-05-30,C-EDM-002-002,CS01,0,0,0.617,2
2026-05-30,C-EDM-002-002,CS02,0,0,0.7,2
2026-05-30,C-EDM-002-002,CS03,1,0,0.47,4
2026-05-30,C-EDM-002-002,CS04,2,0,0.482,4
2026-05-30,C-EDM-002-003,CS01,0,0,0.671,2
2026-05-30,C-EDM-002-003,CS02,0,0,0.682,4
2026-05-30,C-EDM-002-003,CS03,1,0,0.493,3
2026-05-30,C-EDM-002-003,CS04,2,0,0.462,6
2026-05-30,C-EDM-003-002,CS01,0,0,0.585,2
2026-05-30,C-EDM-003-002,CS02,0,0,0.635,3
2026-05-30,C-EDM-003-002,CS03,1,0,0.544,4
2026-05-30,C-EDM-003-002,CS04,2,0,0.516,6
2026-05-30,C-HAM-002-001,CS01,0,0,0.596,2
2026-05-30,C-HAM-002-001,CS02,0,0,0.63,3
2026-05-30,C-HAM-002-001,CS03,1,0,0.547,4
2026-05-30,C-HAM-002-001,CS04,1,0,0.503,5
2026-05-30,C-HAM-002-003,CS01,0,0,0.569,1
2026-05-30,C-HAM-002-003,CS02,0,0,0.622,2
2026-05-30,C-HAM-002-003,CS03,0,0,0.535,2
2026-05-30,C-HAM-002-003,CS04,1,0,0.513,4
2026-05-30,C-HAM-016-001,CS01,0,0,0.619,1
2026-05-30,C-HAM-016-001,CS02,0,0,0.635,2
2026-05-30,C-HAM-016-001,CS03,0,0,0.577,2
2026-05-30,C-HAM-016-001,CS04,1,0,0.506,4
2026-05-30,C-HAM-025-001,CS01,0,0,0.555,1
2026-05-30,C-HAM-025-001,CS02,0,0,0.635,1
2026-05-30,C-HAM-025-001,CS03,0,0,0.49,2
2026-05-30,C-HAM-025-001,CS04,1,0,0.472,4
2026-05-30,C-HAM-025-002,CS01,0,0,0.59,1
2026-05-30,C-HAM-025-002,CS02,0,0,0.628,4
2026-05-30,C-HAM-025-002,CS03,0,0,0.494,4
2026-05-30,C-HAM-025-002,CS04,1,0,0.489,3
2026-05-30,C-HAM-025-003,CS01,0,0,0.582,3
2026-05-30,C-HAM-025-003,CS02,0,0,0.647,4
2026-05-30,C-HAM-025-003,CS03,1,0,0.553,6
2026-05-30,C-HAM-025-003,CS04,2,0,0.462,6
2026-05-30,C-LAV-006-002,CS01,0,0,0.62,2
2026-05-30,C-LAV-006-002,CS02,0,0,0.599,4
2026-05-30,C-LAV-006-002,CS03,1,0,0.488,5
2026-05-30,C-LAV-006-002,CS04,2,0,0.506,6
2026-05-30,C-LAV-007-003,CS01,0,0,0.581,2
2026-05-30,C-LAV-007-003,CS02,0,0,0.68,3
2026-05-30,C-LAV-007-003,CS03,0,0,0.526,4
2026-05-30,C-LAV-007-003,CS04,1,0,0.47,3
2026-05-30,C-LAV-008-002,CS01,0,0,0.605,1
2026-05-30,C-LAV-008-002,CS02,0,0,0.649,3
2026-05-30,C-LAV-008-002,CS03,0,0,0.478,2
2026-05-30,C-LAV-008-002,CS04,1,0,0.452,3
2026-05-30,C-LAV-014-002,CS01,0,0,0.647,2
2026-05-30,C-LAV-014-002,CS02,0,0,0.649,4
2026-05-30,C-LAV-014-002,CS03,1,0,0.538,5
2026-05-30,C-LAV-014-002,CS04,2,0,0.455,6
2026-05-30,C-LAV-017-001,CS01,0,0,0.634,1
2026-05-30,C-LAV-017-001,CS02,0,0,0.626,1
2026-05-30,C-LAV-017-001,CS03,0,0,0.536,2
2026-05-30,C-LAV-017-001,CS04,1,0,0.562,2
2026-05-30,C-LDN-006-003,CS01,0,0,0.555,2
2026-05-30,C-LDN-006-003,CS02,0,0,0.648,3
2026-05-30,C-LDN-006-003,CS03,0,0,0.586,2
2026-05-30,C-LDN-006-003,CS04,1,0,0.509,4
2026-05-30,C-LDN-008-003,CS01,0,0,0.57,1
2026-05-30,C-LDN-008-003,CS02,0,0,0.705,1
2026-05-30,C-LDN-008-003,CS03,0,0,0.559,1
2026-05-30,C-LDN-008-003,CS04,1,0,0.488,3
2026-05-30,C-MIS-024-002,CS01,0,0,0.551,1
2026-05-30,C-MIS-024-002,CS02,0,0,0.673,2
2026-05-30,C-MIS-024-002,CS03,0,0,0.512,2
2026-05-30,C-MIS-024-002,CS04,1,0,0.495,4
2026-05-30,C-MNC-002-001,CS01,0,0,0.603,3
2026-05-30,C-MNC-002-001,CS02,0,0,0.62,4
2026-05-30,C-MNC-002-001,CS03,1,0,0.517,6
2026-05-30,C-MNC-002-001,CS04,2,0,0.487,5
2026-05-30,C-MNC-002-002,CS01,0,0,0.596,2
2026-05-30,C-MNC-002-002,CS02,0,0,0.657,3
2026-05-30,C-MNC-002-002,CS03,0,0,0.545,3
2026-05-30,C-MNC-002-002,CS04,1,0,0.498,4
2026-05-30,C-MTL-004-001,CS01,0,0,0.59,2
2026-05-30,C-MTL-004-001,CS02,0,0,0.613,4
2026-05-30,C-MTL-004-001,CS03,1,0,0.538,4
2026-05-30,C-MTL-004-001,CS04,2,0,0.436,5
2026-05-30,C-MTL-018-002,CS01,0,0,0.562,1
2026-05-30,C-MTL-018-002,CS02,0,0,0.713,2
2026-05-30,C-MTL-018-002,CS03,0,0,0.464,4
2026-05-30,C-MTL-018-002,CS04,1,0,0.448,4
2026-05-30,C-MTL-021-002,CS01,0,0,0.662,1
2026-05-30,C-MTL-021-002,CS02,0,0,0.623,2
2026-05-30,C-MTL-021-002,CS03,0,0,0.516,2
2026-05-30,C-MTL-021-002,CS04,1,0,0.441,2
2026-05-30,C-MTL-021-003,CS01,0,0,0.582,2
2026-05-30,C-MTL-021-003,CS02,0,0,0.699,2
2026-05-30,C-MTL-021-003,CS03,1,0,0.507,5
2026-05-30,C-MTL-021-003,CS04,1,0,0.488,4
2026-05-30,C-OTT-003-002,CS01,0,0,0.656,2
2026-05-30,C-OTT-003-002,CS02,0,0,0.609,3
2026-05-30,C-OTT-003-002,CS03,1,0,0.561,3
2026-05-30,C-OTT-003-002,CS04,2,0,0.432,5
2026-05-30,C-OTT-004-002,CS01,0,0,0.628,2
2026-05-30,C-OTT-004-002,CS02,0,0,0.683,2
2026-05-30,C-OTT-004-002,CS03,0,0,0.503,3
2026-05-30,C-OTT-004-002,CS04,1,0,0.434,4
2026-05-30,C-OTT-005-001,CS01,0,0,0.614,2
2026-05-30,C-OTT-005-001,CS02,0,0,0.673,3
2026-05-30,C-OTT-005-001,CS03,1,0,0.546,4
2026-05-30,C-OTT-005-001,CS04,2,0,0.493,5
2026-05-30,C-OTT-011-003,CS01,0,0,0.6,1
2026-05-30,C-OTT-011-003,CS02,0,0,0.667,5
2026-05-30,C-OTT-011-003,CS03,1,0,0.546,5
2026-05-30,C-OTT-011-003,CS04,2,0,0.443,6
2026-05-30,C-OTT-014-003,CS01,0,0,0.632,1
2026-05-30,C-OTT-014-003,CS02,0,0,0.638,2
2026-05-30,C-OTT-014-003,CS03,0,0,0.494,3
2026-05-30,C-OTT-014-003,CS04,1,0,0.443,4
2026-05-30,C-QBC-002-003,CS01,0,0,0.601,1
2026-05-30,C-QBC-002-003,CS02,0,0,0.673,2
2026-05-30,C-QBC-002-003,CS03,0,0,0.546,3
2026-05-30,C-QBC-002-003,CS04,1,0,0.52,3
2026-05-30,C-QBC-016-002,CS01,0,0,0.599,1
2026-05-30,C-QBC-016-002,CS02,0,0,0.641,2
2026-05-30,C-QBC-016-002,CS03,0,0,0.544,3
2026-05-30,C-QBC-016-002,CS04,1,0,0.464,3
2026-05-30,C-QBC-022-003,CS01,0,0,0.615,1
2026-05-30,C-QBC-022-003,CS02,0,0,0.658,3
2026-05-30,C-QBC-022-003,CS03,0,0,0.526,2
2026-05-30,C-QBC-022-003,CS04,1,0,0.475,2
2026-05-30,C-QBC-023-002,CS01,0,0,0.578,2
2026-05-30,C-QBC-023-002,CS02,0,0,0.654,3
2026-05-30,C-QBC-023-002,CS03,0,0,0.51,3
2026-05-30,C-QBC-023-002,CS04,1,0,0.497,5
2026-05-30,C-REG-002-003,CS01,0,0,0.548,3
2026-05-30,C-REG-002-003,CS02,0,0,0.699,4
2026-05-30,C-REG-002-003,CS03,1,0,0.502,3
2026-05-30,C-REG-002-003,CS04,2,0,0.451,5
2026-05-30,C-SAS-001-002,CS01,0,0,0.604,1
2026-05-30,C-SAS-001-002,CS02,0,0,0.692,2
2026-05-30,C-SAS-001-002,CS03,0,0,0.481,2
2026-05-30,C-SAS-001-002,CS04,1,0,0.449,2
2026-05-30,C-STJ-001-003,CS01,0,0,0.552,2
2026-05-30,C-STJ-001-003,CS02,0,0,0.645,2
2026-05-30,C-STJ-001-003,CS03,1,0,0.512,4
2026-05-30,C-STJ-001-003,CS04,1,0,0.481,4
2026-05-30,C-SUR-002-002,CS01,0,0,0.649,2
2026-05-30,C-SUR-002-002,CS02,0,0,0.605,2
2026-05-30,C-SUR-002-002,CS03,0,0,0.496,5
2026-05-30,C-SUR-002-002,CS04,1,0,0.462,6
2026-05-30,C-SUR-002-003,CS01,0,0,0.583,2
2026-05-30,C-SUR-002-003,CS02,0,0,0.638,3
2026-05-30,C-SUR-002-003,CS03,1,0,0.546,4
2026-05-30,C-SUR-002-003,CS04,2,0,0.412,5
2026-05-30,C-SUR-005-001,CS01,0,0,0.611,2
2026-05-30,C-SUR-005-001,CS02,0,0,0.644,4
2026-05-30,C-SUR-005-001,CS03,1,0,0.459,5
2026-05-30,C-SUR-005-001,CS04,2,0,0.407,6
2026-05-30,C-SUR-005-002,CS01,0,0,0.649,1
2026-05-30,C-SUR-005-002,CS02,0,0,0.655,3
2026-05-30,C-SUR-005-002,CS03,0,0,0.5,4
2026-05-30,C-SUR-005-002,CS04,1,0,0.46,4
2026-05-30,C-SUR-008-003,CS01,0,0,0.546,1
2026-05-30,C-SUR-008-003,CS02,0,0,0.671,1
2026-05-30,C-SUR-008-003,CS03,0,0,0.545,3
2026-05-30,C-SUR-008-003,CS04,1,0,0.501,3
2026-05-30,C-SUR-009-002,CS01,0,0,0.65,1
2026-05-30,C-SUR-009-002,CS02,0,0,0.655,1
2026-05-30,C-SUR-009-002,CS03,0,0,0.521,2
2026-05-30,C-SUR-009-002,CS04,1,0,0.465,2
2026-05-30,C-SUR-010-003,CS01,0,0,0.622,2
2026-05-30,C-SUR-010-003,CS02,0,0,0.653,2
2026-05-30,C-SUR-010-003,CS03,1,0,0.514,3
2026-05-30,C-SUR-010-003,CS04,1,0,0.481,5
2026-05-30,C-SUR-011-001,CS01,0,0,0.586,2
2026-05-30,C-SUR-011-001,CS02,0,0,0.678,4
2026-05-30,C-SUR-011-001,CS03,1,0,0.529,5
2026-05-30,C-SUR-011-001,CS04,2,0,0.5,5
2026-05-30,C-SUR-011-002,CS01,0,0,0.605,2
2026-05-30,C-SUR-011-002,CS02,0,0,0.659,3
2026-05-30,C-SUR-011-002,CS03,1,0,0.524,6
2026-05-30,C-SUR-011-002,CS04,2,0,0.445,6
2026-05-30,C-SUR-011-003,CS01,0,0,0.606,1
2026-05-30,C-SUR-011-003,CS02,0,0,0.682,1
2026-05-30,C-SUR-011-003,CS03,0,0,0.538,2
2026-05-30,C-SUR-011-003,CS04,1,0,0.435,2
2026-05-30,C-SUR-012-003,CS01,0,0,0.619,1
2026-05-30,C-SUR-012-003,CS02,0,0,0.638,3
2026-05-30,C-SUR-012-003,CS03,0,0,0.5,3
2026-05-30,C-SUR-012-003,CS04,1,0,0.491,3
2026-05-30,C-TOR-017-002,CS01,0,0,0.636,2
2026-05-30,C-TOR-017-002,CS02,0,0,0.696,2
2026-05-30,C-TOR-017-002,CS03,0,0,0.524,2
2026-05-30,C-TOR-017-002,CS04,1,0,0.483,4
2026-05-30,C-TOR-017-003,CS01,0,0,0.601,1
2026-05-30,C-TOR-017-003,CS02,0,0,0.694,3
2026-05-30,C-TOR-017-003,CS03,0,0,0.508,4
2026-05-30,C-TOR-017-003,CS04,1,0,0.504,5
2026-05-30,C-TOR-018-003,CS01,0,0,0.57,1
2026-05-30,C-TOR-018-003,CS02,0,0,0.693,2
2026-05-30,C-TOR-018-003,CS03,0,0,0.514,3
2026-05-30,C-TOR-018-003,CS04,1,0,0.469,5
2026-05-30,C-TOR-021-001,CS01,0,0,0.582,1
2026-05-30,C-TOR-021-001,CS02,0,0,0.661,2
2026-05-30,C-TOR-021-001,CS03,0,0,0.546,2
2026-05-30,C-TOR-021-001,CS04,1,0,0.434,2
2026-05-30,C-TOR-023-002,CS01,0,0,0.59,2
2026-05-30,C-TOR-023-002,CS02,0,0,0.627,4
2026-05-30,C-TOR-023-002,CS03,1,0,0.541,5
2026-05-30,C-TOR-023-002,CS04,2,0,0.477,7
2026-05-30,C-VAN-003-002,CS01,0,0,0.684,1
2026-05-30,C-VAN-003-002,CS02,0,0,0.612,1
2026-05-30,C-VAN-003-002,CS03,0,0,0.536,2
2026-05-30,C-VAN-003-002,CS04,1,0,0.463,3
2026-05-30,C-VAN-004-002,CS01,0,0,0.578,1
2026-05-30,C-VAN-004-002,CS02,0,0,0.645,2
2026-05-30,C-VAN-004-002,CS03,0,0,0.532,3
2026-05-30,C-VAN-004-002,CS04,1,0,0.452,3
2026-05-30,C-VAN-004-003,CS01,0,0,0.623,1
2026-05-30,C-VAN-004-003,CS02,0,0,0.646,2
2026-05-30,C-VAN-004-003,CS03,0,0,0.505,4
2026-05-30,C-VAN-004-003,CS04,1,0,0.448,5
2026-05-30,C-VAN-007-001,CS01,0,0,0.622,1
2026-05-30,C-VAN-007-001,CS02,0,0,0.633,1
2026-05-30,C-VAN-007-001,CS03,0,0,0.54,3
2026-05-30,C-VAN-007-001,CS04,1,0,0.523,4
2026-05-30,C-VAN-007-002,CS01,0,0,0.599,2
2026-05-30,C-VAN-007-002,CS02,0,0,0.675,3
2026-05-30,C-VAN-007-002,CS03,1,0,0.485,3
2026-05-30,C-VAN-007-002,CS04,1,0,0.469,5
2026-05-30,C-VAN-014-003,CS01,0,0,0.617,3
2026-05-30,C-VAN-014-003,CS02,0,0,0.636,5
2026-05-30,C-VAN-014-003,CS03,0,0,0.513,4
2026-05-30,C-VAN-014-003,CS04,1,0,0.443,6
2026-05-30,C-VAN-N-002,CS01,0,0,0.602,5
2026-05-30,C-VAN-N-002,CS02,0,0,0.604,6
2026-05-30,C-VAN-N-002,CS03,1,0,0.468,12
2026-05-30,C-VAN-N-002,CS04,2,0,0.35,16
2026-05-30,C-WPG-001-003,CS01,0,0,0.582,1
2026-05-30,C-WPG-001-003,CS02,0,0,0.649,1
2026-05-30,C-WPG-001-003,CS03,0,0,0.53,2
2026-05-30,C-WPG-001-003,CS04,1,0,0.509,3
2026-05-30,C-WPG-002-001,CS01,0,0,0.608,2
2026-05-30,C-WPG-002-001,CS02,0,0,0.644,2
2026-05-30,C-WPG-002-001,CS03,1,0,0.517,3
2026-05-30,C-WPG-002-001,CS04,1,0,0.455,5
2026-05-30,C-WPG-002-002,CS01,0,0,0.58,1
2026-05-30,C-WPG-002-002,CS02,0,0,0.655,2
2026-05-30,C-WPG-002-002,CS03,0,0,0.548,2
2026-05-30,C-WPG-002-002,CS04,1,0,0.44,5
2026-05-30,C-WPG-003-001,CS01,0,0,0.612,2
2026-05-30,C-WPG-003-001,CS02,0,0,0.611,3
2026-05-30,C-WPG-003-001,CS03,0,0,0.525,3
2026-05-30,C-WPG-003-001,CS04,1,0,0.49,4
2026-05-30,C-WPG-003-002,CS01,0,0,0.597,2
2026-05-30,C-WPG-003-002,CS02,0,0,0.624,4
2026-05-30,C-WPG-003-002,CS03,1,0,0.536,3
2026-05-30,C-WPG-003-002,CS04,1,0,0.526,6
2026-05-30,C-WPG-003-003,CS01,0,0,0.534,2
2026-05-30,C-WPG-003-003,CS02,0,0,0.672,4
2026-05-30,C-WPG-003-003,CS03,0,0,0.543,5
2026-05-30,C-WPG-003-003,CS04,1,0,0.479,6
2026-05-31,C-CAL-004-001,CS01,0,0,0.618,1
2026-05-31,C-CAL-004-001,CS02,0,0,0.646,4
2026-05-31,C-CAL-004-001,CS03,1,0,0.545,5
2026-05-31,C-CAL-004-001,CS04,2,0,0.474,4
2026-05-31,C-CHA-002-003,CS01,0,0,0.618,1
2026-05-31,C-CHA-002-003,CS02,0,0,0.698,3
2026-05-31,C-CHA-002-003,CS03,0,0,0.548,3
2026-05-31,C-CHA-002-003,CS04,1,0,0.455,4
2026-05-31,C-EDM-003-002,CS01,0,0,0.556,2
2026-05-31,C-EDM-003-002,CS02,0,0,0.7,3
2026-05-31,C-EDM-003-002,CS03,1,0,0.522,3
2026-05-31,C-EDM-003-002,CS04,2,0,0.487,5
2026-05-31,C-HAM-001-003,CS01,0,0,0.617,2
2026-05-31,C-HAM-001-003,CS02,0,0,0.665,5
2026-05-31,C-HAM-001-003,CS03,1,0,0.51,6
2026-05-31,C-HAM-001-003,CS04,2,0,0.497,4
2026-05-31,C-LAV-007-001,CS01,0,0,0.595,2
2026-05-31,C-LAV-007-001,CS02,0,0,0.692,4
2026-05-31,C-LAV-007-001,CS03,1,0,0.492,5
2026-05-31,C-LAV-007-001,CS04,1,0,0.449,6
2026-05-31,C-LAV-014-001,CS01,0,0,0.612,1
2026-05-31,C-LAV-014-001,CS02,0,0,0.59,3
2026-05-31,C-LAV-014-001,CS03,1,0,0.505,4
2026-05-31,C-LAV-014-001,CS04,2,0,0.506,5
2026-05-31,C-LAV-017-003,CS01,0,0,0.577,2
2026-05-31,C-LAV-017-003,CS02,0,0,0.667,3
2026-05-31,C-LAV-017-003,CS03,0,0,0.591,5
2026-05-31,C-LAV-017-003,CS04,1,0,0.53,4
2026-05-31,C-LDN-007-003,CS01,0,0,0.632,1
2026-05-31,C-LDN-007-003,CS02,0,0,0.696,2
2026-05-31,C-LDN-007-003,CS03,0,0,0.597,3
2026-05-31,C-LDN-007-003,CS04,1,0,0.452,3
2026-05-31,C-LDN-010-003,CS01,0,0,0.594,1
2026-05-31,C-LDN-010-003,CS02,0,0,0.652,3
2026-05-31,C-LDN-010-003,CS03,0,0,0.501,3
2026-05-31,C-LDN-010-003,CS04,1,0,0.502,6
2026-05-31,C-MNC-001-003,CS01,0,0,0.596,1
2026-05-31,C-MNC-001-003,CS02,0,0,0.632,2
2026-05-31,C-MNC-001-003,CS03,0,0,0.497,3
2026-05-31,C-MNC-001-003,CS04,1,0,0.533,4
2026-05-31,C-MNC-003-001,CS01,0,0,0.609,2
2026-05-31,C-MNC-003-001,CS02,0,0,0.637,3
2026-05-31,C-MNC-003-001,CS03,0,0,0.476,5
2026-05-31,C-MNC-003-001,CS04,1,0,0.472,5
2026-05-31,C-MNC-004-003,CS01,0,0,0.619,2
2026-05-31,C-MNC-004-003,CS02,0,0,0.602,2
2026-05-31,C-MNC-004-003,CS03,1,0,0.588,5
2026-05-31,C-MNC-004-003,CS04,2,0,0.487,4
2026-05-31,C-OTT-005-001,CS01,0,0,0.582,2
2026-05-31,C-OTT-005-001,CS02,0,0,0.642,4
2026-05-31,C-OTT-005-001,CS03,1,0,0.553,3
2026-05-31,C-OTT-005-001,CS04,2,0,0.508,6
2026-05-31,C-OTT-005-002,CS01,0,0,0.62,3
2026-05-31,C-OTT-005-002,CS02,0,0,0.648,4
2026-05-31,C-OTT-005-002,CS03,1,0,0.497,5
2026-05-31,C-OTT-005-002,CS04,2,0,0.525,7
2026-05-31,C-OTT-011-001,CS01,0,0,0.602,2
2026-05-31,C-OTT-011-001,CS02,0,0,0.604,3
2026-05-31,C-OTT-011-001,CS03,1,0,0.506,4
2026-05-31,C-OTT-011-001,CS04,2,0,0.465,4
2026-05-31,C-OTT-011-003,CS01,0,0,0.611,3
2026-05-31,C-OTT-011-003,CS02,0,0,0.628,3
2026-05-31,C-OTT-011-003,CS03,1,0,0.532,4
2026-05-31,C-OTT-011-003,CS04,2,0,0.517,6
2026-05-31,C-OTT-014-002,CS01,0,0,0.618,2
2026-05-31,C-OTT-014-002,CS02,0,0,0.62,3
2026-05-31,C-OTT-014-002,CS03,0,0,0.483,3
2026-05-31,C-OTT-014-002,CS04,1,0,0.457,3
2026-05-31,C-OTT-022-001,CS01,0,0,0.645,1
2026-05-31,C-OTT-022-001,CS02,0,0,0.626,2
2026-05-31,C-OTT-022-001,CS03,0,0,0.5,2
2026-05-31,C-OTT-022-001,CS04,1,0,0.498,2
2026-05-31,C-QBC-002-002,CS01,0,0,0.618,1
2026-05-31,C-QBC-002-002,CS02,0,0,0.672,3
2026-05-31,C-QBC-002-002,CS03,0,0,0.518,3
2026-05-31,C-QBC-002-002,CS04,1,0,0.42,2
2026-05-31,C-QBC-012-001,CS01,0,0,0.653,1
2026-05-31,C-QBC-012-001,CS02,0,0,0.626,4
2026-05-31,C-QBC-012-001,CS03,0,0,0.543,4
2026-05-31,C-QBC-012-001,CS04,1,0,0.522,4
2026-05-31,C-QBC-012-003,CS01,0,0,0.583,2
2026-05-31,C-QBC-012-003,CS02,0,0,0.634,4
2026-05-31,C-QBC-012-003,CS03,1,0,0.581,6
2026-05-31,C-QBC-012-003,CS04,2,0,0.501,5
2026-05-31,C-QBC-022-003,CS01,0,0,0.58,1
2026-05-31,C-QBC-022-003,CS02,0,0,0.618,2
2026-05-31,C-QBC-022-003,CS03,0,0,0.527,2
2026-05-31,C-QBC-022-003,CS04,1,0,0.456,4
2026-05-31,C-SAS-001-001,CS01,0,0,0.608,2
2026-05-31,C-SAS-001-001,CS02,0,0,0.62,3
2026-05-31,C-SAS-001-001,CS03,0,0,0.495,5
2026-05-31,C-SAS-001-001,CS04,1,0,0.501,3
2026-05-31,C-STJ-001-001,CS01,0,0,0.586,1
2026-05-31,C-STJ-001-001,CS02,0,0,0.661,3
2026-05-31,C-STJ-001-001,CS03,0,0,0.501,3
2026-05-31,C-STJ-001-001,CS04,1,0,0.527,3
2026-05-31,C-SUR-005-001,CS01,0,0,0.62,3
2026-05-31,C-SUR-005-001,CS02,0,0,0.675,5
2026-05-31,C-SUR-005-001,CS03,1,0,0.522,8
2026-05-31,C-SUR-005-001,CS04,2,0,0.431,8
2026-05-31,C-SUR-005-002,CS01,0,0,0.61,2
2026-05-31,C-SUR-005-002,CS02,0,0,0.614,5
2026-05-31,C-SUR-005-002,CS03,1,0,0.546,3
2026-05-31,C-SUR-005-002,CS04,1,0,0.515,7
2026-05-31,C-SUR-009-002,CS01,0,0,0.606,1
2026-05-31,C-SUR-009-002,CS02,0,0,0.661,1
2026-05-31,C-SUR-009-002,CS03,0,0,0.502,2
2026-05-31,C-SUR-009-002,CS04,1,0,0.432,3
2026-05-31,C-SUR-011-002,CS01,0,0,0.628,2
2026-05-31,C-SUR-011-002,CS02,0,0,0.639,5
2026-05-31,C-SUR-011-002,CS03,1,0,0.548,7
2026-05-31,C-SUR-011-002,CS04,2,0,0.464,10
2026-05-31,C-TOR-009-002,CS01,0,0,0.599,1
2026-05-31,C-TOR-009-002,CS02,0,0,0.609,3
2026-05-31,C-TOR-009-002,CS03,0,0,0.52,3
2026-05-31,C-TOR-009-002,CS04,1,0,0.497,2
2026-05-31,C-TOR-018-003,CS01,0,0,0.599,1
2026-05-31,C-TOR-018-003,CS02,0,0,0.646,2
2026-05-31,C-TOR-018-003,CS03,0,0,0.545,3
2026-05-31,C-TOR-018-003,CS04,1,0,0.45,5
2026-05-31,C-TOR-019-001,CS01,0,0,0.639,2
2026-05-31,C-TOR-019-001,CS02,0,0,0.662,2
2026-05-31,C-TOR-019-001,CS03,0,0,0.501,2
2026-05-31,C-TOR-019-001,CS04,1,0,0.455,4
2026-05-31,C-TOR-021-002,CS01,0,0,0.629,2
2026-05-31,C-TOR-021-002,CS02,0,0,0.592,5
2026-05-31,C-TOR-021-002,CS03,1,0,0.549,5
2026-05-31,C-TOR-021-002,CS04,2,0,0.471,6
2026-05-31,C-VAN-001-003,CS01,0,0,0.607,2
2026-05-31,C-VAN-001-003,CS02,0,0,0.668,2
2026-05-31,C-VAN-001-003,CS03,0,0,0.459,3
2026-05-31,C-VAN-001-003,CS04,1,0,0.473,4
2026-05-31,C-VAN-004-003,CS01,0,0,0.607,2
2026-05-31,C-VAN-004-003,CS02,0,0,0.614,4
2026-05-31,C-VAN-004-003,CS03,0,0,0.53,5
2026-05-31,C-VAN-004-003,CS04,1,0,0.496,7
2026-05-31,C-VAN-007-001,CS01,0,0,0.574,1
2026-05-31,C-VAN-007-001,CS02,0,0,0.642,2
2026-05-31,C-VAN-007-001,CS03,0,0,0.477,3
2026-05-31,C-VAN-007-001,CS04,1,0,0.425,4
2026-05-31,C-VAN-007-003,CS01,0,0,0.582,2
2026-05-31,C-VAN-007-003,CS02,0,0,0.675,2
2026-05-31,C-VAN-007-003,CS03,0,0,0.523,3
2026-05-31,C-VAN-007-003,CS04,1,0,0.483,4
2026-05-31,C-VAN-014-001,CS01,0,0,0.551,1
2026-05-31,C-VAN-014-001,CS02,0,0,0.62,2
2026-05-31,C-VAN-014-001,CS03,0,0,0.527,3
2026-05-31,C-VAN-014-001,CS04,1,0,0.493,3
2026-05-31,C-VAN-014-003,CS01,0,0,0.559,4
2026-05-31,C-VAN-014-003,CS02,0,0,0.692,5
2026-05-31,C-VAN-014-003,CS03,1,0,0.506,6
2026-05-31,C-VAN-014-003,CS04,1,0,0.456,5
2026-05-31,C-VAN-N-002,CS01,0,0,0.555,7
2026-05-31,C-VAN-N-002,CS02,0,0,0.606,10
2026-05-31,C-VAN-N-002,CS03,1,0,0.42,10
2026-05-31,C-VAN-N-002,CS04,2,0,0.328,14
2026-05-31,C-VIC-006-003,CS01,0,0,0.579,1
2026-05-31,C-VIC-006-003,CS02,0,0,0.669,2
2026-05-31,C-VIC-006-003,CS03,0,0,0.493,1
2026-05-31,C-VIC-006-003,CS04,1,0,0.486,2
2026-05-31,C-WPG-001-002,CS01,0,0,0.551,1
2026-05-31,C-WPG-001-002,CS02,0,0,0.632,2
2026-05-31,C-WPG-001-002,CS03,0,0,0.482,1
2026-05-31,C-WPG-001-002,CS04,1,0,0.46,3
2026-05-31,C-WPG-001-003,CS01,0,0,0.587,1
2026-05-31,C-WPG-001-003,CS02,0,0,0.655,2
2026-05-31,C-WPG-001-003,CS03,0,0,0.48,3
2026-05-31,C-WPG-001-003,CS04,1,0,0.53,3
