employee_id,full_name,gender,ethnicity,birth_year,hire_date,department_id,role_id,location_id,manager_id,status,termination_date,termination_type,termination_reason,regrettable,current_base_salary_cad,current_bonus_target_pct,current_equity_grant_cad
EMP-00001,Xavier Davis,M,East Asian,1981,2020-11-15,DPT-006,ROL-035,LOC-001,EMP-00006,Active,,,,,502000,0.55,753000
EMP-00002,Jessica Hernandez,F,White,1993,2020-11-20,DPT-009,ROL-036,LOC-001,EMP-00006,Terminated,2022-12-13,Voluntary,Return to study,No,499000,0.55,748500
EMP-00003,Adrian Roy,M,South Asian,1986,2021-04-28,DPT-011,ROL-037,LOC-001,EMP-00006,Active,,,,,497000,0.55,745500
EMP-00004,Genevieve Yamamoto,F,East Asian,1968,2020-05-11,DPT-021,ROL-038,LOC-001,EMP-00006,Active,,,,,519000,0.55,778500
EMP-00005,Jacob Kumar,M,Hispanic/Latinx,1980,2019-09-07,DPT-023,ROL-039,LOC-001,EMP-00006,Terminated,2026-02-28,Voluntary,Manager / culture,No,416000,0.55,624000
EMP-00006,Mia Sanchez,F,Middle Eastern,1992,2020-11-27,DPT-025,ROL-040,LOC-001,EMP-00616,Active,,,,,773000,0.85,1159500
EMP-00007,Ahmed Nakamura,M,South Asian,1979,2023-05-21,DPT-001,ROL-003,LOC-007,,Terminated,2025-04-04,Voluntary,Better opportunity - growth/scope,Yes,136000,0.1,27200
EMP-00008,Oscar Lavoie,M,White,1989,2024-09-18,DPT-004,ROL-003,LOC-004,,Terminated,2026-01-16,Voluntary,Retirement,No,123000,0.1,24600
EMP-00009,Isaac Choudhury,M,South Asian,1973,2023-08-26,DPT-008,ROL-002,LOC-005,EMP-00034,Active,,,,,104000,0.1,20800
EMP-00010,Viktor Chen,M,White,2002,2026-03-18,DPT-021,ROL-024,LOC-003,EMP-00461,Active,,,,,143000,0.1,28600
EMP-00011,Catherine Hernandez,F,White,1980,2020-07-28,DPT-006,ROL-025,LOC-001,,Terminated,2026-03-02,Involuntary,Performance,No,186000,0.2,186000
EMP-00012,Divya Anand,F,East Asian,1974,2025-05-14,DPT-001,ROL-003,LOC-001,EMP-00773,Active,,,,,128000,0.1,25600
EMP-00013,Lily Kumar,F,White,1972,2024-07-11,DPT-009,ROL-009,LOC-004,EMP-00758,Active,,,,,176000,0.1,35200
EMP-00014,Kavya Kim,F,White,1979,2020-10-03,DPT-005,ROL-004,LOC-001,EMP-00049,Active,,,,,165000,0.1,82500
EMP-00015,Priya Goldberg,F,Mixed / Other,2000,2026-02-19,DPT-020,ROL-018,LOC-001,EMP-00743,Active,,,,,60000,0.1,12000
EMP-00016,Rachel Joshi,F,White,2002,2025-03-18,DPT-020,ROL-017,LOC-002,EMP-00932,Active,,,,,124000,0.1,24800
EMP-00017,Valeria Yamamoto,F,White,2002,2025-12-06,DPT-025,ROL-030,LOC-001,EMP-00290,Active,,,,,201000,0.2,201000
EMP-00018,Gabriel Hernandez,M,White,1998,2024-09-28,DPT-004,ROL-001,LOC-004,EMP-00155,Active,,,,,85000,0.1,17000
EMP-00019,Carlos Liu,M,South Asian,1993,2025-01-20,DPT-007,ROL-002,LOC-006,EMP-00944,Active,,,,,103000,0.1,20600
EMP-00020,Fatima MacDonald,F,White,1985,2024-11-05,DPT-003,ROL-004,LOC-006,EMP-00502,Active,,,,,169000,0.1,84500
EMP-00021,Olivia Da Silva,F,White,1979,2023-08-09,DPT-012,ROL-012,LOC-003,EMP-00480,Active,,,,,134000,0.1,26800
EMP-00022,Sara Da Silva,F,South Asian,1993,2025-08-08,DPT-026,ROL-030,LOC-003,EMP-00647,Active,,,,,218000,0.2,218000
EMP-00023,Emma Pereira,F,White,1972,2024-10-11,DPT-018,ROL-016,LOC-001,EMP-00310,Active,,,,,96000,0.1,19200
EMP-00024,Yusuf Ibrahim,M,Black,1975,2025-12-12,DPT-004,ROL-032,LOC-001,EMP-00380,Active,,,,,334000,0.2,334000
EMP-00025,Benjamin Patel,M,South Asian,1972,2023-02-12,DPT-013,ROL-014,LOC-001,EMP-00177,Active,,,,,135000,0.1,27000
EMP-00026,Yusuf Ahmed,M,White,1989,2024-01-08,DPT-018,ROL-025,LOC-004,EMP-00554,Active,,,,,193000,0.2,193000
EMP-00027,Jin Park,M,White,1987,2024-01-04,DPT-006,ROL-003,LOC-001,,Terminated,2025-02-12,Voluntary,Better opportunity - higher comp,No,132000,0.1,26400
EMP-00028,Henry Joshi,M,Hispanic/Latinx,2002,2024-10-27,DPT-001,ROL-003,LOC-005,,Terminated,2025-11-15,Voluntary,Manager / culture,No,131000,0.1,26200
EMP-00029,Khalid Hussain,M,White,1999,2024-06-06,DPT-005,ROL-004,LOC-001,EMP-01063,Active,,,,,161000,0.1,80500
EMP-00030,Lily Yamamoto,F,Hispanic/Latinx,1971,2024-07-01,DPT-010,ROL-021,LOC-004,EMP-00884,Active,,,,,142000,0.1,28400
EMP-00031,Viktor Pereira,M,White,1990,2022-07-07,DPT-021,ROL-023,LOC-005,EMP-00653,Active,,,,,110000,0.1,22000
EMP-00032,Ahmed Brown,M,South Asian,1998,2022-02-15,DPT-024,ROL-024,LOC-001,EMP-01014,Active,,,,,147000,0.1,29400
EMP-00033,Anika Iyer,F,Mixed / Other,1971,2024-05-19,DPT-006,ROL-002,LOC-004,EMP-01067,Active,,,,,107000,0.1,21400
EMP-00034,Jin Dhillon,M,White,1996,2024-06-20,DPT-008,ROL-032,LOC-005,EMP-00404,Active,,,,,344000,0.2,344000
EMP-00035,Fatima Dubois,F,East Asian,1994,2024-02-11,DPT-017,ROL-015,LOC-001,EMP-00951,Active,,,,,75000,0.1,15000
EMP-00036,Arjun Chen,M,Middle Eastern,1976,2026-02-28,DPT-022,ROL-024,LOC-005,EMP-00237,Active,,,,,141000,0.1,28200
EMP-00037,Valeria Brown,F,White,1977,2023-03-19,DPT-020,ROL-018,LOC-004,EMP-00932,Active,,,,,62000,0.1,12400
EMP-00038,Tarek Anand,M,White,1972,2020-11-11,DPT-008,ROL-005,LOC-002,EMP-00034,Active,,,,,201000,0.1,100500
EMP-00039,Layla Tremblay,F,East Asian,1969,2024-11-01,DPT-018,ROL-017,LOC-002,,Terminated,2025-09-08,Involuntary,Performance,No,115000,0.1,23000
EMP-00040,Yusuf Johnson,M,White,1979,2020-06-24,DPT-002,ROL-004,LOC-004,EMP-00108,Active,,,,,160000,0.1,80000
EMP-00041,Viktor Bouchard,M,Mixed / Other,1971,2024-04-09,DPT-004,ROL-002,LOC-005,EMP-00494,Active,,,,,110000,0.1,22000
EMP-00042,Diego Dubois,M,South Asian,1997,2024-12-25,DPT-007,ROL-002,LOC-001,EMP-00532,Active,,,,,103000,0.1,20600
EMP-00043,Divya Garcia,F,Mixed / Other,1968,2025-02-10,DPT-009,ROL-020,LOC-004,EMP-00758,Active,,,,,113000,0.1,22600
EMP-00044,Zain Taylor,M,White,1969,2025-03-26,DPT-023,ROL-022,LOC-004,EMP-00545,Active,,,,,85000,0.1,17000
EMP-00045,Julia Lee,F,East Asian,1998,2023-12-06,DPT-023,ROL-023,LOC-001,EMP-00802,Active,,,,,108000,0.1,21600
EMP-00046,Noor Tran,F,Hispanic/Latinx,1984,2024-09-03,DPT-023,ROL-024,LOC-001,,Terminated,2026-03-29,Voluntary,Retirement,No,135000,0.1,27000
EMP-00047,Zain Murphy,M,White,1985,2024-05-02,DPT-007,ROL-003,LOC-001,,Terminated,2026-01-10,Voluntary,Other voluntary,No,131000,0.1,26200
EMP-00048,Yuki Williams,F,White,2000,2021-10-28,DPT-002,ROL-005,LOC-001,EMP-00214,Active,,,,,209000,0.1,104500
EMP-00049,Pablo Brown,M,White,1970,2023-01-06,DPT-005,ROL-025,LOC-004,EMP-00579,Active,,,,,194000,0.2,194000
EMP-00050,Aanya Wang,F,East Asian,1999,2024-04-08,DPT-005,ROL-001,LOC-001,EMP-01063,Active,,,,,85000,0.1,17000
EMP-00051,Wen Li,F,South Asian,1998,2023-11-15,DPT-021,ROL-034,LOC-004,EMP-01004,Active,,,,,311000,0.2,311000
EMP-00052,Henry Lopez,M,South Asian,1984,2025-08-07,DPT-023,ROL-022,LOC-001,EMP-00731,Active,,,,,86000,0.1,17200
EMP-00053,Sienna Sanchez,F,East Asian,1972,2024-04-20,DPT-020,ROL-032,LOC-004,,Terminated,2025-08-24,Voluntary,Manager / culture,No,336000,0.2,336000
EMP-00054,David Dubois,M,White,1985,2020-12-27,DPT-008,ROL-004,LOC-006,EMP-00404,Active,,,,,159000,0.1,79500
EMP-00055,Henry Hernandez,M,White,1975,2022-12-23,DPT-007,ROL-002,LOC-001,EMP-00898,Active,,,,,107000,0.1,21400
EMP-00056,Chen Gagnon,F,White,1992,2021-11-14,DPT-014,ROL-014,LOC-001,,Terminated,2024-02-24,Voluntary,Relocation / personal,No,128000,0.1,25600
EMP-00057,Sara Li,F,White,1983,2025-11-13,DPT-002,ROL-004,LOC-002,EMP-00491,Active,,,,,170000,0.1,85000
EMP-00058,Zara Cohen,F,South Asian,2000,2024-06-24,DPT-003,ROL-025,LOC-007,EMP-00515,Active,,,,,179000,0.2,179000
EMP-00059,Nadia Mehta,F,White,1999,2023-05-05,DPT-021,ROL-022,LOC-001,,Terminated,2024-01-30,Voluntary,Manager / culture,Yes,83000,0.1,16600
EMP-00060,Aisha Tremblay,F,White,1968,2023-12-10,DPT-001,ROL-003,LOC-005,EMP-00629,Active,,,,,127000,0.1,25400
EMP-00061,Ava Ahmed,F,East Asian,1982,2025-11-01,DPT-001,ROL-005,LOC-003,EMP-00239,Active,,,,,209000,0.1,104500
EMP-00062,Ibrahim Brown,M,White,1987,2022-04-29,DPT-014,ROL-026,LOC-001,EMP-00003,Active,,,,,213000,0.2,213000
EMP-00063,Wen Brown,F,South Asian,1987,2024-03-30,DPT-001,ROL-003,LOC-003,EMP-00708,Active,,,,,127000,0.1,25400
EMP-00064,Kavya Tran,F,White,1994,2024-04-16,DPT-001,ROL-001,LOC-001,EMP-00544,Active,,,,,90000,0.1,18000
EMP-00065,David Zhang,M,Black,1982,2026-01-02,DPT-005,ROL-003,LOC-006,EMP-00049,Active,,,,,136000,0.1,27200
EMP-00066,Sara Tremblay,F,White,1971,2024-10-26,DPT-001,ROL-002,LOC-006,EMP-00450,Active,,,,,106000,0.1,21200
EMP-00067,Daniel Yamamoto,M,Middle Eastern,1976,2025-06-03,DPT-017,ROL-017,LOC-007,EMP-00951,Active,,,,,117000,0.1,23400
EMP-00068,Rahul Hussain,M,White,1987,2026-04-16,DPT-021,ROL-022,LOC-004,EMP-01004,Active,,,,,78000,0.1,15600
EMP-00069,Noor Wong,F,Black,1977,2022-04-15,DPT-021,ROL-024,LOC-004,,Terminated,2024-07-04,Voluntary,Better opportunity - growth/scope,No,142000,0.1,28400
EMP-00070,Sofia Tremblay,F,White,1977,2024-12-25,DPT-026,ROL-022,LOC-004,EMP-00573,Active,,,,,80000,0.1,16000
EMP-00071,Carlos Adebayo,M,East Asian,1980,2024-06-11,DPT-003,ROL-003,LOC-001,EMP-00515,Active,,,,,136000,0.1,27200
EMP-00072,Ethan Park,M,East Asian,2001,2024-05-04,DPT-006,ROL-003,LOC-001,EMP-00118,Active,,,,,126000,0.1,25200
EMP-00073,Isaac Dubois,M,White,1968,2023-01-15,DPT-024,ROL-031,LOC-006,EMP-00324,Active,,,,,179000,0.2,179000
EMP-00074,Carlos Yamamoto,M,Black,1970,2023-04-26,DPT-005,ROL-003,LOC-001,EMP-00105,Active,,,,,130000,0.1,26000
EMP-00075,Isabella Lee,F,White,1998,2023-03-12,DPT-018,ROL-016,LOC-001,EMP-00166,Active,,,,,93000,0.1,18600
EMP-00076,Pablo Adebayo,M,White,1972,2026-04-18,DPT-008,ROL-004,LOC-001,EMP-00997,Active,,,,,171000,0.1,85500
EMP-00077,Felix Shah,M,Mixed / Other,1979,2021-02-21,DPT-024,ROL-025,LOC-002,EMP-00324,Active,,,,,193000,0.2,193000
EMP-00078,Nathan Tremblay,M,White,1979,2023-09-11,DPT-020,ROL-016,LOC-004,,Terminated,2024-10-03,Voluntary,Manager / culture,No,95000,0.1,19000
EMP-00079,Aaron Tran,M,White,1998,2020-12-22,DPT-021,ROL-027,LOC-004,EMP-01004,Active,,,,,283000,0.2,283000
EMP-00080,Mateo O'Brien,M,South Asian,1995,2024-02-11,DPT-001,ROL-003,LOC-005,EMP-00949,Active,,,,,128000,0.1,25600
EMP-00081,Henry Shah,M,South Asian,1971,2025-08-26,DPT-014,ROL-012,LOC-003,EMP-00062,Active,,,,,136000,0.1,27200
EMP-00082,Fatima Zhang,F,White,1969,2024-09-10,DPT-022,ROL-022,LOC-001,EMP-00237,Active,,,,,84000,0.1,16800
EMP-00083,Lily Roy,F,White,1999,2020-11-20,DPT-003,ROL-028,LOC-005,EMP-00515,Active,,,,,234000,0.2,234000
EMP-00084,Anthony Gupta,M,White,1985,2022-03-03,DPT-024,ROL-032,LOC-007,EMP-00324,Active,,,,,342000,0.2,342000
EMP-00085,Sara Gagnon,F,White,2000,2021-01-17,DPT-023,ROL-024,LOC-003,EMP-00731,Active,,,,,148000,0.1,29600
EMP-00086,Kavya Mehta,F,East Asian,2001,2022-03-06,DPT-012,ROL-029,LOC-004,EMP-00374,Active,,,,,219000,0.2,219000
EMP-00087,Mia Morin,F,South Asian,1995,2023-12-27,DPT-016,ROL-016,LOC-005,EMP-00581,Active,,,,,92000,0.1,18400
EMP-00088,Anthony Li,M,South Asian,2002,2024-10-25,DPT-021,ROL-023,LOC-001,EMP-01004,Active,,,,,108000,0.1,21600
EMP-00089,Beatrice Nguyen,F,East Asian,1977,2024-05-17,DPT-005,ROL-004,LOC-007,EMP-00130,Active,,,,,162000,0.1,81000
EMP-00090,Divya Martin,F,Middle Eastern,1976,2022-09-19,DPT-023,ROL-024,LOC-007,EMP-00731,Active,,,,,132000,0.1,26400
EMP-00091,Daniel Smith,M,White,1969,2024-11-12,DPT-016,ROL-026,LOC-001,EMP-00379,Active,,,,,225000,0.2,225000
EMP-00092,Gabriel Martin,M,White,1992,2023-11-09,DPT-005,ROL-003,LOC-001,EMP-00419,Active,,,,,128000,0.1,25600
EMP-00093,Daniela Taylor,F,East Asian,1999,2021-04-29,DPT-011,ROL-014,LOC-001,EMP-00530,Active,,,,,136000,0.1,27200
EMP-00094,Yusuf Brown,M,South Asian,1991,2023-03-12,DPT-004,ROL-025,LOC-001,EMP-00380,Active,,,,,186000,0.2,186000
EMP-00095,Jacob Leblanc,M,White,1990,2022-05-23,DPT-008,ROL-002,LOC-001,EMP-00034,Active,,,,,112000,0.1,22400
EMP-00096,Omar O'Brien,M,Mixed / Other,1992,2022-10-15,DPT-018,ROL-025,LOC-004,EMP-00554,Active,,,,,183000,0.2,183000
EMP-00097,Omar Fernandez,M,South Asian,1987,2024-05-18,DPT-001,ROL-003,LOC-001,,Terminated,2025-12-30,Voluntary,Retirement,Yes,136000,0.1,27200
EMP-00098,Felix Shah,M,East Asian,1974,2021-05-24,DPT-005,ROL-028,LOC-002,EMP-00579,Active,,,,,246000,0.2,246000
EMP-00099,Priya Singh,F,East Asian,1990,2023-05-20,DPT-019,ROL-017,LOC-002,,Terminated,2025-02-04,Voluntary,Career change,No,112000,0.1,22400
EMP-00100,Benjamin Ahmed,M,South Asian,1985,2025-12-06,DPT-026,ROL-022,LOC-002,EMP-00022,Active,,,,,86000,0.1,17200
EMP-00101,Benjamin Davis,M,East Asian,1987,2023-08-26,DPT-020,ROL-019,LOC-004,,Terminated,2025-10-06,Involuntary,Role eliminated,No,77000,0.1,15400
EMP-00102,Jin Dhillon,M,Mixed / Other,1973,2024-12-07,DPT-016,ROL-017,LOC-001,EMP-00672,Active,,,,,125000,0.1,25000
EMP-00103,Zain Tremblay,M,East Asian,1969,2020-07-29,DPT-011,ROL-026,LOC-001,,Terminated,2022-06-25,Voluntary,Manager / culture,No,226000,0.2,226000
EMP-00104,Jin O'Brien,M,White,1987,2021-06-25,DPT-001,ROL-004,LOC-002,EMP-00620,Active,,,,,168000,0.1,84000
EMP-00105,Layla Bouchard,F,White,2002,2023-01-04,DPT-005,ROL-028,LOC-002,EMP-00579,Active,,,,,228000,0.2,228000
EMP-00106,Mei Kumar,F,White,1982,2023-11-14,DPT-010,ROL-020,LOC-002,EMP-00884,Active,,,,,105000,0.1,21000
EMP-00107,Omar Williams,M,Hispanic/Latinx,1990,2023-09-14,DPT-006,ROL-003,LOC-003,EMP-01067,Active,,,,,132000,0.1,26400
EMP-00108,Omar Choudhury,M,Mixed / Other,2002,2020-11-09,DPT-002,ROL-026,LOC-001,EMP-00001,Active,,,,,222000,0.2,222000
EMP-00109,Nathan Taylor,M,White,1983,2025-07-14,DPT-005,ROL-001,LOC-001,EMP-00049,Active,,,,,89000,0.1,17800
EMP-00110,Yusuf Wang,M,Middle Eastern,1971,2025-11-03,DPT-022,ROL-023,LOC-001,EMP-00526,Active,,,,,107000,0.1,21400
EMP-00111,Rachel Park,F,White,1975,2025-08-02,DPT-012,ROL-012,LOC-004,EMP-00086,Active,,,,,138000,0.1,27600
EMP-00112,Diego Mehta,M,White,1968,2025-01-25,DPT-001,ROL-002,LOC-001,EMP-00275,Active,,,,,113000,0.1,22600
EMP-00113,Pablo Gupta,M,White,1988,2024-05-29,DPT-004,ROL-025,LOC-004,,Terminated,2025-12-27,Voluntary,Better opportunity - growth/scope,Yes,183000,0.2,183000
EMP-00114,Benjamin Yamamoto,M,Hispanic/Latinx,1999,2024-09-15,DPT-006,ROL-002,LOC-004,EMP-00134,Active,,,,,108000,0.1,21600
EMP-00115,Diego Tran,M,East Asian,1970,2023-10-03,DPT-006,ROL-004,LOC-004,,Terminated,2025-07-07,Voluntary,Better opportunity - growth/scope,Yes,168000,0.1,84000
EMP-00116,Chloe Desjardins,F,White,1982,2021-11-13,DPT-006,ROL-034,LOC-007,EMP-00289,Active,,,,,317000,0.2,317000
EMP-00117,Layla Li,F,White,1996,2023-01-15,DPT-004,ROL-002,LOC-001,EMP-00155,Active,,,,,106000,0.1,21200
EMP-00118,Camille Shah,F,South Asian,1977,2026-02-24,DPT-006,ROL-028,LOC-001,EMP-00289,Active,,,,,244000,0.2,244000
EMP-00119,Fatima Dhillon,F,White,1969,2025-04-09,DPT-009,ROL-008,LOC-007,EMP-00758,Active,,,,,139000,0.1,27800
EMP-00120,Jacob Brown,M,White,1993,2023-04-21,DPT-020,ROL-026,LOC-001,,Terminated,2026-02-06,Voluntary,Better opportunity - higher comp,Yes,215000,0.2,215000
EMP-00121,Liam Lee,M,White,1968,2022-07-15,DPT-010,ROL-020,LOC-004,EMP-00884,Active,,,,,107000,0.1,21400
EMP-00122,Daniela Iyer,F,South Asian,1985,2025-04-26,DPT-021,ROL-023,LOC-002,EMP-00051,Active,,,,,107000,0.1,21400
EMP-00123,Anika Davis,F,White,1978,2025-04-02,DPT-013,ROL-010,LOC-001,EMP-00177,Active,,,,,84000,0.1,16800
EMP-00124,Diego Levesque,M,South Asian,1973,2024-05-03,DPT-004,ROL-002,LOC-007,EMP-00583,Active,,,,,111000,0.1,22200
EMP-00125,Jacob Pereira,M,South Asian,1989,2024-02-24,DPT-002,ROL-003,LOC-007,,Terminated,2024-12-20,Voluntary,Work-life balance / burnout,No,137000,0.1,27400
EMP-00126,Yusuf Singh,M,White,1983,2023-07-02,DPT-012,ROL-010,LOC-004,EMP-00766,Active,,,,,84000,0.1,16800
EMP-00127,Daniel Murphy,M,White,1971,2025-07-10,DPT-002,ROL-003,LOC-003,EMP-00300,Active,,,,,134000,0.1,26800
EMP-00128,Yusuf Hernandez,M,White,1998,2024-05-07,DPT-009,ROL-008,LOC-002,EMP-00758,Active,,,,,138000,0.1,27600
EMP-00129,Sophie Kaur,F,East Asian,1977,2023-06-12,DPT-022,ROL-030,LOC-002,EMP-00237,Active,,,,,217000,0.2,217000
EMP-00130,Alexander Anand,M,Indigenous,1972,2021-10-10,DPT-005,ROL-025,LOC-002,EMP-00579,Active,,,,,183000,0.2,183000
EMP-00131,Beatrice Okafor,F,Middle Eastern,1997,2022-05-12,DPT-017,ROL-016,LOC-003,EMP-00951,Active,,,,,96000,0.1,19200
EMP-00132,Sophie Okafor,F,White,1988,2024-09-17,DPT-004,ROL-003,LOC-001,EMP-00094,Active,,,,,126000,0.1,25200
EMP-00133,Anika Zhang,F,South Asian,1988,2024-09-11,DPT-001,ROL-002,LOC-001,EMP-00580,Active,,,,,112000,0.1,22400
EMP-00134,William Dhillon,M,White,1973,2024-12-12,DPT-006,ROL-028,LOC-001,EMP-00289,Active,,,,,239000,0.2,239000
EMP-00135,Aaron Martinez,M,White,1986,2021-11-23,DPT-001,ROL-004,LOC-001,,Terminated,2025-06-18,Involuntary,Performance,No,164000,0.1,82000
EMP-00136,Sara Iyer,F,White,1986,2025-08-20,DPT-001,ROL-002,LOC-001,EMP-00239,Active,,,,,102000,0.1,20400
EMP-00137,Benjamin Kaur,M,Middle Eastern,2001,2025-05-31,DPT-013,ROL-011,LOC-005,EMP-00559,Active,,,,,111000,0.1,22200
EMP-00138,Anika Wong,F,Hispanic/Latinx,1995,2024-10-01,DPT-022,ROL-022,LOC-003,EMP-00682,Active,,,,,86000,0.1,17200
EMP-00139,Genevieve Ahmed,F,White,1988,2024-06-12,DPT-009,ROL-020,LOC-001,,Terminated,2026-01-26,Voluntary,Better opportunity - growth/scope,Yes,103000,0.1,20600
EMP-00140,Kavya Tanaka,F,South Asian,1971,2024-06-18,DPT-017,ROL-017,LOC-001,,Terminated,2025-06-21,Voluntary,Relocation / personal,No,123000,0.1,24600
EMP-00141,Ava Kaur,F,Middle Eastern,1994,2025-09-21,DPT-007,ROL-001,LOC-006,EMP-00539,Active,,,,,85000,0.1,17000
EMP-00142,Daniela Mehta,F,White,1996,2024-10-02,DPT-004,ROL-002,LOC-004,EMP-00094,Active,,,,,108000,0.1,21600
EMP-00143,Chen Lee,M,East Asian,1977,2024-02-24,DPT-009,ROL-021,LOC-001,,Terminated,2026-04-04,Voluntary,Better opportunity - higher comp,No,129000,0.1,25800
EMP-00144,Mateo Gagnon,M,East Asian,1993,2025-07-10,DPT-009,ROL-007,LOC-001,EMP-00301,Active,,,,,98000,0.1,19600
EMP-00145,Daniel Yamamoto,M,White,1987,2024-08-15,DPT-009,ROL-020,LOC-001,,Terminated,2025-06-11,Voluntary,Better opportunity - higher comp,No,112000,0.1,22400
EMP-00146,Jessica Okafor,F,White,1975,2025-09-05,DPT-020,ROL-028,LOC-001,EMP-00753,Active,,,,,240000,0.2,240000
EMP-00147,Wen Sanchez,F,South Asian,1982,2025-08-26,DPT-009,ROL-020,LOC-004,EMP-00256,Active,,,,,112000,0.1,22400
EMP-00148,Liam Wang,M,White,1970,2024-04-16,DPT-009,ROL-020,LOC-001,EMP-00758,Active,,,,,111000,0.1,22200
EMP-00149,Mohammed Williams,M,Black,1992,2024-05-29,DPT-017,ROL-016,LOC-001,EMP-00362,Active,,,,,96000,0.1,19200
EMP-00150,Xavier Wong,M,Black,1970,2022-09-20,DPT-003,ROL-025,LOC-005,EMP-00515,Active,,,,,191000,0.2,191000
EMP-00151,Xavier Morin,M,South Asian,2001,2025-03-24,DPT-001,ROL-001,LOC-007,EMP-00620,Active,,,,,87000,0.1,17400
EMP-00152,Rahul Gagnon,M,Middle Eastern,1992,2023-03-17,DPT-003,ROL-002,LOC-005,EMP-00838,Active,,,,,103000,0.1,20600
EMP-00153,Pablo Desjardins,M,South Asian,1971,2022-05-23,DPT-016,ROL-028,LOC-004,EMP-00379,Active,,,,,245000,0.2,245000
EMP-00154,Arjun Nakamura,M,White,1997,2021-05-08,DPT-005,ROL-005,LOC-001,EMP-00098,Active,,,,,209000,0.1,104500
EMP-00155,Chloe Iyer,F,White,1982,2023-10-27,DPT-004,ROL-029,LOC-006,EMP-00380,Active,,,,,208000,0.2,208000
EMP-00156,Anika Mehta,F,South Asian,1989,2023-12-12,DPT-003,ROL-003,LOC-002,EMP-01089,Active,,,,,133000,0.1,26600
EMP-00157,Anthony Joshi,M,South Asian,1970,2021-01-15,DPT-003,ROL-005,LOC-001,EMP-01092,Active,,,,,204000,0.1,102000
EMP-00158,James Singh,M,White,1984,2024-06-02,DPT-024,ROL-023,LOC-003,EMP-00688,Active,,,,,109000,0.1,21800
EMP-00159,Chen Fernandez,F,White,1987,2023-11-28,DPT-001,ROL-002,LOC-001,EMP-00721,Active,,,,,104000,0.1,20800
EMP-00160,Catherine Yamamoto,F,Hispanic/Latinx,2002,2024-09-24,DPT-007,ROL-003,LOC-004,EMP-00532,Active,,,,,135000,0.1,27000
EMP-00161,Sara Martin,F,South Asian,1977,2025-09-21,DPT-001,ROL-004,LOC-006,EMP-00535,Active,,,,,174000,0.1,87000
EMP-00162,Rahul Wang,M,Black,1998,2025-03-13,DPT-020,ROL-017,LOC-004,EMP-00608,Active,,,,,115000,0.1,23000
EMP-00163,Anthony Adebayo,M,South Asian,2001,2021-07-11,DPT-001,ROL-005,LOC-001,,Terminated,2024-01-28,Voluntary,Other voluntary,No,194000,0.1,97000
EMP-00164,Carlos Ahmed,M,White,1997,2024-10-09,DPT-006,ROL-002,LOC-003,EMP-00812,Active,,,,,103000,0.1,20600
EMP-00165,William Ahmed,M,White,1985,2025-01-28,DPT-020,ROL-019,LOC-001,EMP-00437,Active,,,,,79000,0.1,15800
EMP-00166,Aanya Yamamoto,F,East Asian,1987,2024-11-26,DPT-018,ROL-029,LOC-004,EMP-00554,Active,,,,,208000,0.2,208000
EMP-00167,Xavier Levesque,M,East Asian,1968,2025-04-08,DPT-005,ROL-003,LOC-001,EMP-00979,Active,,,,,137000,0.1,27400
EMP-00168,Lucas Pham,M,White,1988,2025-03-19,DPT-002,ROL-004,LOC-001,EMP-00491,Active,,,,,171000,0.1,85500
EMP-00169,Henry Wong,M,Hispanic/Latinx,1994,2023-05-06,DPT-006,ROL-002,LOC-003,EMP-00784,Active,,,,,114000,0.1,22800
EMP-00170,Omar Ibrahim,M,Middle Eastern,1970,2025-07-27,DPT-005,ROL-004,LOC-001,EMP-00049,Active,,,,,164000,0.1,82000
EMP-00171,Yara Mehta,F,White,1970,2024-10-28,DPT-021,ROL-023,LOC-001,,Terminated,2026-04-01,Voluntary,Manager / culture,No,102000,0.1,20400
EMP-00172,Isabella Okafor,F,South Asian,1976,2023-10-26,DPT-012,ROL-010,LOC-003,,Terminated,2026-04-28,Voluntary,Better opportunity - higher comp,No,78000,0.1,15600
EMP-00173,Anika MacDonald,F,East Asian,1977,2023-09-03,DPT-001,ROL-002,LOC-007,,Terminated,2024-07-01,Voluntary,Work-life balance / burnout,Yes,112000,0.1,22400
EMP-00174,Daniel Smith,M,Hispanic/Latinx,2002,2024-04-05,DPT-009,ROL-020,LOC-006,,Terminated,2026-02-28,Voluntary,Better opportunity - higher comp,No,113000,0.1,22600
EMP-00175,Xavier Dhillon,M,South Asian,1987,2025-08-06,DPT-016,ROL-025,LOC-004,EMP-00379,Active,,,,,177000,0.2,177000
EMP-00176,Mohammed Kim,M,East Asian,1987,2025-01-17,DPT-003,ROL-002,LOC-001,EMP-00305,Active,,,,,109000,0.1,21800
EMP-00177,Olivia Levesque,F,White,1975,2024-07-07,DPT-013,ROL-029,LOC-001,EMP-00675,Active,,,,,219000,0.2,219000
EMP-00178,Kai Liu,M,Mixed / Other,1979,2023-07-20,DPT-023,ROL-022,LOC-007,EMP-00731,Active,,,,,83000,0.1,16600
EMP-00179,Carlos Zhang,M,Hispanic/Latinx,1992,2025-08-27,DPT-017,ROL-030,LOC-001,EMP-00255,Active,,,,,198000,0.2,198000
EMP-00180,Henry Wang,M,White,1996,2025-06-05,DPT-010,ROL-020,LOC-002,EMP-00884,Active,,,,,110000,0.1,22000
EMP-00181,Mohammed MacDonald,M,White,1985,2024-07-28,DPT-001,ROL-002,LOC-001,EMP-00535,Active,,,,,110000,0.1,22000
EMP-00182,Wen Kumar,F,South Asian,1972,2022-07-05,DPT-012,ROL-028,LOC-001,,Terminated,2025-04-13,Voluntary,Other voluntary,Yes,248000,0.2,248000
EMP-00183,Ahmed Dubois,M,Middle Eastern,1995,2022-02-11,DPT-021,ROL-024,LOC-001,EMP-01004,Active,,,,,139000,0.1,27800
EMP-00184,Elijah Levesque,M,Mixed / Other,1972,2024-10-24,DPT-008,ROL-004,LOC-001,,Terminated,2026-05-12,Involuntary,Performance,No,169000,0.1,84500
EMP-00185,Ryan Sanchez,M,South Asian,1990,2022-11-10,DPT-023,ROL-022,LOC-007,,Terminated,2025-05-02,Voluntary,Other voluntary,No,84000,0.1,16800
EMP-00186,Nathan Zhang,M,White,1977,2025-07-25,DPT-016,ROL-016,LOC-003,EMP-00637,Active,,,,,92000,0.1,18400
EMP-00187,Felix Hernandez,M,White,1976,2022-08-20,DPT-002,ROL-002,LOC-001,EMP-00907,Active,,,,,114000,0.1,22800
EMP-00188,Camille Nguyen,F,White,1973,2024-12-03,DPT-023,ROL-022,LOC-001,EMP-00493,Active,,,,,78000,0.1,15600
EMP-00189,Sofia Kaur,F,White,1987,2022-07-14,DPT-019,ROL-017,LOC-001,,Terminated,2026-03-17,Voluntary,Better opportunity - higher comp,No,124000,0.1,24800
EMP-00190,Fatima Ibrahim,F,South Asian,1996,2025-08-01,DPT-012,ROL-011,LOC-004,EMP-00942,Active,,,,,101000,0.1,20200
EMP-00191,Camille Wang,F,White,1994,2024-12-30,DPT-025,ROL-022,LOC-006,EMP-00017,Active,,,,,83000,0.1,16600
EMP-00192,Wen Li,F,South Asian,1994,2025-03-24,DPT-020,ROL-017,LOC-001,EMP-00604,Active,,,,,121000,0.1,24200
EMP-00193,Xavier Sanchez,M,White,1978,2024-05-11,DPT-001,ROL-002,LOC-001,,Terminated,2025-05-30,Voluntary,Better opportunity - higher comp,No,110000,0.1,22000
EMP-00194,Aaron Ibrahim,M,South Asian,1982,2022-10-06,DPT-002,ROL-002,LOC-001,,Terminated,2026-03-07,Voluntary,Career change,No,107000,0.1,21400
EMP-00195,Noah Yamamoto,M,East Asian,1980,2024-10-27,DPT-002,ROL-003,LOC-001,EMP-00214,Active,,,,,131000,0.1,26200
EMP-00196,Liam Johnson,M,Middle Eastern,1987,2023-10-01,DPT-002,ROL-005,LOC-006,EMP-01096,Active,,,,,195000,0.1,97500
EMP-00197,Yuki Lee,F,East Asian,1983,2025-03-25,DPT-022,ROL-023,LOC-001,EMP-00237,Active,,,,,102000,0.1,20400
EMP-00198,Benjamin Shah,M,Middle Eastern,1974,2023-08-17,DPT-016,ROL-015,LOC-001,EMP-00849,Active,,,,,71000,0.1,14200
EMP-00199,Khalid Garcia,M,White,1994,2023-04-14,DPT-002,ROL-002,LOC-001,EMP-00300,Active,,,,,107000,0.1,21400
EMP-00200,Oscar Iyer,M,South Asian,2002,2024-04-16,DPT-003,ROL-003,LOC-005,EMP-00515,Active,,,,,125000,0.1,25000
EMP-00201,Sofia Brown,F,East Asian,1985,2025-06-22,DPT-005,ROL-001,LOC-001,EMP-00419,Active,,,,,83000,0.1,16600
EMP-00202,William Anand,M,South Asian,1993,2025-01-02,DPT-013,ROL-010,LOC-005,EMP-00559,Active,,,,,83000,0.1,16600
EMP-00203,Mateo Nguyen,M,White,1978,2021-06-27,DPT-002,ROL-025,LOC-004,,Terminated,2023-09-12,Voluntary,Better opportunity - growth/scope,No,178000,0.2,178000
EMP-00204,Yusuf Gagnon,M,White,1980,2020-11-11,DPT-006,ROL-004,LOC-001,EMP-00818,Active,,,,,167000,0.1,83500
EMP-00205,Amelia Kim,F,East Asian,2000,2025-09-09,DPT-018,ROL-034,LOC-001,EMP-00554,Active,,,,,320000,0.2,320000
EMP-00206,Mei Liu,F,South Asian,1999,2025-07-04,DPT-020,ROL-017,LOC-003,EMP-00604,Active,,,,,120000,0.1,24000
EMP-00207,Mohammed Bouchard,M,White,1974,2024-10-13,DPT-009,ROL-008,LOC-001,EMP-00950,Active,,,,,139000,0.1,27800
EMP-00208,Henry Hernandez,M,White,1978,2023-07-13,DPT-002,ROL-002,LOC-001,EMP-00371,Active,,,,,114000,0.1,22800
EMP-00209,Ahmed Davis,M,White,1968,2023-12-31,DPT-020,ROL-017,LOC-001,EMP-00726,Active,,,,,115000,0.1,23000
EMP-00210,Yuki Morin,F,White,1993,2025-01-10,DPT-012,ROL-013,LOC-005,EMP-00942,Active,,,,,101000,0.1,20200
EMP-00211,Divya Nakamura,F,Hispanic/Latinx,1976,2024-12-27,DPT-017,ROL-015,LOC-007,EMP-00643,Active,,,,,68000,0.1,13600
EMP-00212,Wen Okafor,F,White,1982,2025-03-16,DPT-010,ROL-007,LOC-001,EMP-00884,Active,,,,,102000,0.1,20400
EMP-00213,Liam Okafor,M,Black,1999,2021-09-28,DPT-009,ROL-009,LOC-001,EMP-00758,Active,,,,,174000,0.1,34800
EMP-00214,Fatima Anand,F,White,1969,2020-07-21,DPT-002,ROL-025,LOC-003,EMP-00108,Active,,,,,183000,0.2,183000
EMP-00215,Samir Williams,M,White,1996,2025-02-23,DPT-002,ROL-005,LOC-003,EMP-01096,Active,,,,,209000,0.1,104500
EMP-00216,Ryan Mehta,M,Mixed / Other,2002,2023-04-29,DPT-007,ROL-001,LOC-001,EMP-00539,Active,,,,,90000,0.1,18000
EMP-00217,Zara Leblanc,F,White,1982,2020-10-30,DPT-007,ROL-004,LOC-001,EMP-00539,Active,,,,,165000,0.1,82500
EMP-00218,Hugo Levesque,M,White,1969,2025-10-22,DPT-010,ROL-020,LOC-001,EMP-00884,Active,,,,,113000,0.1,22600
EMP-00219,Fatima Mehta,F,White,1970,2024-04-06,DPT-001,ROL-001,LOC-005,,Terminated,2025-07-08,Involuntary,Conduct / policy violation,No,83000,0.1,16600
EMP-00220,Jin Wang,M,White,1982,2023-12-04,DPT-004,ROL-001,LOC-007,EMP-00494,Active,,,,,92000,0.1,18400
EMP-00221,Nadia Okafor,F,White,1968,2024-05-03,DPT-021,ROL-024,LOC-001,,Terminated,2025-09-28,Involuntary,Performance,No,148000,0.1,29600
EMP-00222,Jessica Dubois,F,South Asian,1981,2021-11-29,DPT-020,ROL-030,LOC-006,EMP-00753,Active,,,,,201000,0.2,201000
EMP-00223,Yara Da Silva,F,Mixed / Other,1981,2023-10-11,DPT-002,ROL-001,LOC-006,EMP-00907,Active,,,,,88000,0.1,17600
EMP-00224,Anika Desjardins,F,East Asian,1971,2025-11-20,DPT-020,ROL-016,LOC-003,EMP-00146,Active,,,,,89000,0.1,17800
EMP-00225,Rahul Patel,M,South Asian,1972,2022-09-13,DPT-024,ROL-022,LOC-003,EMP-00688,Active,,,,,85000,0.1,17000
EMP-00226,Chen Kim,M,White,1988,2026-02-25,DPT-001,ROL-004,LOC-001,EMP-00762,Active,,,,,170000,0.1,85000
EMP-00227,Xavier Lopez,M,South Asian,1992,2020-09-28,DPT-025,ROL-024,LOC-007,EMP-00326,Active,,,,,145000,0.1,29000
EMP-00228,Grace Joshi,F,Mixed / Other,1996,2025-03-22,DPT-001,ROL-002,LOC-001,EMP-00915,Active,,,,,106000,0.1,21200
EMP-00229,Hannah Shah,F,White,1989,2025-01-23,DPT-022,ROL-022,LOC-001,EMP-00129,Active,,,,,85000,0.1,17000
EMP-00230,Zara Martinez,F,East Asian,1997,2024-05-16,DPT-006,ROL-004,LOC-001,EMP-00134,Active,,,,,161000,0.1,80500
EMP-00231,James Tanaka,M,South Asian,1999,2023-02-26,DPT-006,ROL-003,LOC-001,EMP-00846,Active,,,,,128000,0.1,25600
EMP-00232,Camille Hernandez,F,South Asian,1994,2024-04-11,DPT-009,ROL-021,LOC-004,EMP-00950,Active,,,,,130000,0.1,26000
EMP-00233,Yusuf Cohen,M,South Asian,1984,2023-07-18,DPT-012,ROL-014,LOC-004,EMP-00942,Active,,,,,129000,0.1,25800
EMP-00234,Jessica Zhang,F,South Asian,1968,2025-10-19,DPT-018,ROL-017,LOC-003,EMP-00310,Active,,,,,113000,0.1,22600
EMP-00235,Yara Liu,F,Middle Eastern,1982,2023-04-27,DPT-003,ROL-002,LOC-001,EMP-01092,Active,,,,,114000,0.1,22800
EMP-00236,Jin Bouchard,M,White,1975,2021-04-04,DPT-001,ROL-005,LOC-004,EMP-00580,Active,,,,,209000,0.1,104500
EMP-00237,Nadia Adebayo,F,Hispanic/Latinx,2001,2023-11-27,DPT-022,ROL-034,LOC-001,EMP-00005,Active,,,,,312000,0.2,312000
EMP-00238,Amir Shah,M,White,1980,2023-01-18,DPT-010,ROL-009,LOC-002,,Terminated,2024-10-22,Voluntary,Career change,No,166000,0.1,33200
EMP-00239,Elijah Liu,M,Mixed / Other,1985,2022-04-17,DPT-001,ROL-027,LOC-002,EMP-00591,Active,,,,,270000,0.2,270000
EMP-00240,William Shah,M,White,1971,2023-05-28,DPT-023,ROL-023,LOC-001,,Terminated,2025-06-25,Voluntary,Return to study,No,103000,0.1,20600
EMP-00241,Nathan Choudhury,M,Middle Eastern,1991,2023-06-12,DPT-026,ROL-023,LOC-001,,Terminated,2025-02-24,Voluntary,Retirement,No,105000,0.1,21000
EMP-00242,Theo Wang,M,White,1980,2023-09-28,DPT-019,ROL-034,LOC-006,EMP-00971,Active,,,,,317000,0.2,317000
EMP-00243,Xavier Liu,M,White,1970,2023-06-03,DPT-018,ROL-015,LOC-004,EMP-01051,Active,,,,,71000,0.1,14200
EMP-00244,Khalid Wang,M,South Asian,1969,2026-04-24,DPT-019,ROL-015,LOC-001,EMP-00835,Active,,,,,72000,0.1,14400
EMP-00245,Jin Sanchez,M,South Asian,1987,2023-11-21,DPT-005,ROL-004,LOC-004,EMP-00098,Active,,,,,159000,0.1,79500
EMP-00246,Ryan Park,M,East Asian,1990,2024-08-24,DPT-011,ROL-010,LOC-001,EMP-00378,Active,,,,,78000,0.1,15600
EMP-00247,Kai Singh,M,White,1975,2025-09-18,DPT-002,ROL-001,LOC-001,EMP-00214,Active,,,,,91000,0.1,18200
EMP-00248,Lucas Patel,M,Hispanic/Latinx,1975,2022-10-30,DPT-004,ROL-003,LOC-002,EMP-00494,Active,,,,,125000,0.1,25000
EMP-00249,Julia Williams,F,South Asian,1980,2025-06-03,DPT-002,ROL-002,LOC-001,EMP-00214,Active,,,,,104000,0.1,20800
EMP-00250,Chen Nguyen,F,White,1977,2025-11-25,DPT-021,ROL-022,LOC-003,EMP-00653,Active,,,,,83000,0.1,16600
EMP-00251,Liam MacDonald,M,White,1989,2023-06-30,DPT-008,ROL-001,LOC-004,EMP-00997,Active,,,,,85000,0.1,17000
EMP-00252,Anthony Morin,M,Black,1999,2023-10-24,DPT-020,ROL-018,LOC-004,EMP-00608,Active,,,,,65000,0.1,13000
EMP-00253,Sienna Tran,F,East Asian,2002,2024-07-31,DPT-020,ROL-019,LOC-001,EMP-00753,Active,,,,,84000,0.1,16800
EMP-00254,Felix Ibrahim,M,Hispanic/Latinx,1968,2024-02-07,DPT-004,ROL-004,LOC-001,,Terminated,2025-03-09,Voluntary,Career change,No,168000,0.1,84000
EMP-00255,Lucas Li,M,White,1978,2024-08-10,DPT-017,ROL-027,LOC-004,EMP-00001,Active,,,,,258000,0.2,258000
EMP-00256,Mohammed Joshi,M,Hispanic/Latinx,1976,2022-12-24,DPT-009,ROL-025,LOC-001,EMP-00950,Active,,,,,196000,0.2,196000
EMP-00257,James Cohen,M,East Asian,1991,2023-02-04,DPT-018,ROL-016,LOC-007,EMP-00554,Active,,,,,92000,0.1,18400
EMP-00258,Jin Anand,M,Mixed / Other,1973,2024-07-03,DPT-003,ROL-003,LOC-003,EMP-01092,Active,,,,,136000,0.1,27200
EMP-00259,Daniela Iyer,F,White,1973,2022-12-15,DPT-024,ROL-022,LOC-004,EMP-00688,Active,,,,,82000,0.1,16400
EMP-00260,Rachel Morin,F,White,1996,2024-07-18,DPT-005,ROL-002,LOC-007,EMP-00419,Active,,,,,109000,0.1,21800
EMP-00261,Sophie Hernandez,F,White,1990,2024-07-13,DPT-012,ROL-011,LOC-004,,Terminated,2026-03-09,Voluntary,Better opportunity - higher comp,No,109000,0.1,21800
EMP-00262,Layla Lee,F,White,1982,2024-01-30,DPT-016,ROL-016,LOC-003,EMP-01069,Active,,,,,92000,0.1,18400
EMP-00263,Alexander Chen,M,East Asian,1985,2021-06-23,DPT-009,ROL-025,LOC-001,,Terminated,2023-08-25,Voluntary,Manager / culture,Yes,176000,0.2,176000
EMP-00264,Valeria Goldberg,F,South Asian,1978,2022-10-17,DPT-012,ROL-012,LOC-004,,Terminated,2023-09-30,Voluntary,Better opportunity - higher comp,Yes,135000,0.1,27000
EMP-00265,Priya Cohen,F,East Asian,1997,2023-01-25,DPT-007,ROL-004,LOC-001,EMP-00539,Active,,,,,168000,0.1,84000
EMP-00266,Daniel Dhillon,M,South Asian,1997,2022-11-20,DPT-017,ROL-016,LOC-001,EMP-00475,Active,,,,,93000,0.1,18600
EMP-00267,Beatrice MacDonald,F,White,1998,2023-06-26,DPT-018,ROL-017,LOC-004,EMP-00584,Active,,,,,120000,0.1,24000
EMP-00268,Carlos Leblanc,M,South Asian,1987,2024-10-06,DPT-021,ROL-024,LOC-001,EMP-00456,Active,,,,,140000,0.1,28000
EMP-00269,Fatima Goldberg,F,Hispanic/Latinx,1992,2023-05-03,DPT-006,ROL-003,LOC-001,EMP-00118,Active,,,,,124000,0.1,24800
EMP-00270,Samir Taylor,M,White,1988,2023-09-10,DPT-009,ROL-008,LOC-004,EMP-00256,Active,,,,,135000,0.1,27000
EMP-00271,Ava Sanchez,F,South Asian,1990,2021-03-29,DPT-004,ROL-004,LOC-003,EMP-01099,Active,,,,,172000,0.1,86000
EMP-00272,Gabriel Okafor,M,White,1976,2021-04-28,DPT-012,ROL-012,LOC-005,EMP-00942,Active,,,,,139000,0.1,27800
EMP-00273,Mia Lopez,F,East Asian,1986,2024-12-21,DPT-014,ROL-014,LOC-002,EMP-00062,Active,,,,,141000,0.1,28200
EMP-00274,Sienna Smith,F,Hispanic/Latinx,1974,2024-09-15,DPT-023,ROL-023,LOC-004,,Terminated,2025-08-18,Involuntary,End of contract,No,111000,0.1,22200
EMP-00275,Lily Pham,F,Mixed / Other,1985,2021-11-03,DPT-001,ROL-031,LOC-001,EMP-00591,Active,,,,,198000,0.2,198000
EMP-00276,David Morin,M,South Asian,1979,2022-01-09,DPT-021,ROL-024,LOC-001,EMP-00653,Active,,,,,137000,0.1,27400
EMP-00277,Sofia Pham,F,White,1969,2023-09-12,DPT-006,ROL-003,LOC-006,,Terminated,2025-01-02,Involuntary,Role eliminated,No,129000,0.1,25800
EMP-00278,Pablo Murphy,M,White,1997,2024-03-01,DPT-003,ROL-002,LOC-001,EMP-00305,Active,,,,,103000,0.1,20600
EMP-00279,Wen Yamamoto,F,White,1972,2025-02-16,DPT-013,ROL-010,LOC-001,EMP-00675,Active,,,,,86000,0.1,17200
EMP-00280,Yuki Tran,F,White,1983,2024-06-28,DPT-019,ROL-016,LOC-003,,Terminated,2025-12-27,Voluntary,Better opportunity - higher comp,No,92000,0.1,18400
EMP-00281,Jacob Yamamoto,M,East Asian,1971,2023-09-14,DPT-003,ROL-003,LOC-007,EMP-01089,Active,,,,,133000,0.1,26600
EMP-00282,Hugo Wong,M,East Asian,1973,2022-09-18,DPT-002,ROL-026,LOC-001,,Terminated,2026-04-15,Voluntary,Return to study,Yes,219000,0.2,219000
EMP-00283,Jin Dhillon,M,East Asian,1977,2021-11-08,DPT-016,ROL-025,LOC-003,EMP-00379,Active,,,,,183000,0.2,183000
EMP-00284,Olivia Murphy,F,White,1971,2024-01-17,DPT-016,ROL-017,LOC-004,,Terminated,2025-11-29,Voluntary,Work-life balance / burnout,No,120000,0.1,24000
EMP-00285,David Ibrahim,M,Hispanic/Latinx,1983,2024-03-12,DPT-006,ROL-002,LOC-006,EMP-00784,Active,,,,,104000,0.1,20800
EMP-00286,Theo Hussain,M,White,1970,2023-09-07,DPT-017,ROL-017,LOC-004,EMP-00847,Active,,,,,125000,0.1,25000
EMP-00287,Olivia Shah,F,Hispanic/Latinx,1988,2023-01-25,DPT-001,ROL-028,LOC-001,,Terminated,2026-03-06,Voluntary,Better opportunity - higher comp,Yes,241000,0.2,241000
EMP-00288,Isaac Shah,M,White,1989,2021-01-19,DPT-024,ROL-029,LOC-001,EMP-00324,Active,,,,,225000,0.2,225000
EMP-00289,Hassan Hernandez,M,White,1993,2021-03-30,DPT-006,ROL-033,LOC-002,EMP-00001,Active,,,,,332000,0.2,332000
EMP-00290,Valeria Levesque,F,Indigenous,1998,2020-11-12,DPT-025,ROL-029,LOC-001,EMP-00005,Active,,,,,224000,0.2,224000
EMP-00291,Omar Garcia,M,East Asian,1968,2024-05-21,DPT-024,ROL-022,LOC-007,EMP-00084,Active,,,,,84000,0.1,16800
EMP-00292,Viktor Chen,M,White,1975,2025-07-05,DPT-002,ROL-003,LOC-001,EMP-00371,Active,,,,,128000,0.1,25600
EMP-00293,Layla Bouchard,F,South Asian,1974,2026-01-01,DPT-024,ROL-023,LOC-001,EMP-00084,Active,,,,,103000,0.1,20600
EMP-00294,Oscar Pham,M,Black,1989,2024-02-01,DPT-006,ROL-025,LOC-006,EMP-00289,Active,,,,,192000,0.2,192000
EMP-00295,Yara Levesque,F,Middle Eastern,1982,2022-08-03,DPT-026,ROL-024,LOC-001,,Terminated,2024-12-04,Voluntary,Better opportunity - higher comp,Yes,144000,0.1,28800
EMP-00296,Gabriel Ahmed,M,Black,1978,2024-02-13,DPT-013,ROL-010,LOC-001,EMP-00177,Active,,,,,79000,0.1,15800
EMP-00297,Isaac Adebayo,M,Mixed / Other,1985,2024-09-23,DPT-019,ROL-015,LOC-004,EMP-00971,Active,,,,,68000,0.1,13600
EMP-00298,James Tanaka,M,East Asian,1997,2024-04-07,DPT-025,ROL-030,LOC-006,EMP-00290,Active,,,,,210000,0.2,210000
EMP-00299,Daniela Brown,F,Middle Eastern,1972,2021-02-17,DPT-010,ROL-009,LOC-004,EMP-00884,Active,,,,,173000,0.1,34600
EMP-00300,Kai Garcia,M,White,1992,2022-06-25,DPT-002,ROL-031,LOC-001,EMP-00108,Active,,,,,186000,0.2,186000
EMP-00301,Tara MacDonald,F,East Asian,1978,2026-01-24,DPT-009,ROL-026,LOC-004,EMP-00950,Active,,,,,226000,0.2,226000
EMP-00302,Yusuf Dubois,M,White,1987,2024-10-24,DPT-002,ROL-030,LOC-004,EMP-00108,Active,,,,,206000,0.2,206000
EMP-00303,Grace Goldberg,F,Middle Eastern,1968,2022-01-17,DPT-002,ROL-004,LOC-001,,Terminated,2023-01-17,Voluntary,Better opportunity - higher comp,No,163000,0.1,81500
EMP-00304,Mia Lee,F,White,1969,2024-04-21,DPT-020,ROL-017,LOC-004,EMP-00726,Active,,,,,113000,0.1,22600
EMP-00305,Genevieve Patel,F,White,2002,2022-02-11,DPT-003,ROL-027,LOC-001,EMP-00515,Active,,,,,264000,0.2,264000
EMP-00306,Viktor Nakamura,M,South Asian,1989,2023-03-21,DPT-020,ROL-019,LOC-001,EMP-00753,Active,,,,,76000,0.1,15200
EMP-00307,Isabella Nakamura,F,White,1994,2024-05-26,DPT-022,ROL-024,LOC-005,EMP-00682,Active,,,,,135000,0.1,27000
EMP-00308,Arjun Kaur,M,White,1989,2024-07-06,DPT-002,ROL-002,LOC-004,EMP-00434,Active,,,,,104000,0.1,20800
EMP-00309,Anika Mehta,F,South Asian,1984,2024-09-22,DPT-012,ROL-012,LOC-001,EMP-00086,Active,,,,,143000,0.1,28600
EMP-00310,Mia Ibrahim,F,White,2000,2022-11-24,DPT-018,ROL-030,LOC-001,EMP-00554,Active,,,,,217000,0.2,217000
EMP-00311,Anthony Mehta,M,Hispanic/Latinx,1985,2024-08-31,DPT-002,ROL-003,LOC-002,EMP-00491,Active,,,,,128000,0.1,25600
EMP-00312,Alexander Fernandez,M,White,1993,2023-07-18,DPT-006,ROL-003,LOC-005,EMP-00116,Active,,,,,125000,0.1,25000
EMP-00313,Kavya Nakamura,F,White,1974,2026-03-07,DPT-008,ROL-004,LOC-005,EMP-00034,Active,,,,,164000,0.1,82000
EMP-00314,Layla Nguyen,F,East Asian,1976,2026-02-02,DPT-002,ROL-001,LOC-004,EMP-00907,Active,,,,,84000,0.1,16800
EMP-00315,Layla Dhillon,F,East Asian,1984,2021-06-14,DPT-003,ROL-025,LOC-001,,Terminated,2025-12-19,Voluntary,Work-life balance / burnout,Yes,187000,0.2,187000
EMP-00316,Tarek Bouchard,M,Middle Eastern,1996,2025-04-01,DPT-007,ROL-003,LOC-004,EMP-00402,Active,,,,,130000,0.1,26000
EMP-00317,Omar Tremblay,M,Middle Eastern,1976,2025-05-10,DPT-015,ROL-011,LOC-004,EMP-00466,Active,,,,,103000,0.1,20600
EMP-00318,Nathan Singh,M,South Asian,1971,2023-03-14,DPT-026,ROL-033,LOC-003,,Terminated,2024-04-05,Involuntary,End of contract,No,316000,0.2,316000
EMP-00319,Sofia Gagnon,F,South Asian,1987,2023-11-22,DPT-020,ROL-017,LOC-001,,Terminated,2025-09-14,Voluntary,Work-life balance / burnout,No,114000,0.1,22800
EMP-00320,Isabella Pereira,F,White,2000,2024-09-02,DPT-008,ROL-002,LOC-004,EMP-00997,Active,,,,,111000,0.1,22200
EMP-00321,Rahul Martinez,M,Middle Eastern,1989,2024-12-26,DPT-011,ROL-012,LOC-006,EMP-00792,Active,,,,,132000,0.1,26400
EMP-00322,Olivia Singh,F,White,1971,2020-10-29,DPT-012,ROL-012,LOC-001,EMP-00942,Active,,,,,144000,0.1,28800
EMP-00323,Aaron Chen,M,Mixed / Other,1991,2025-12-21,DPT-024,ROL-023,LOC-004,EMP-00077,Active,,,,,102000,0.1,20400
EMP-00324,Mia Tremblay,F,South Asian,1998,2021-12-20,DPT-024,ROL-032,LOC-003,EMP-00005,Active,,,,,354000,0.2,354000
EMP-00325,Theo Leblanc,M,White,2002,2025-07-11,DPT-016,ROL-015,LOC-003,EMP-00283,Active,,,,,69000,0.1,13800
EMP-00326,Benjamin Wong,M,White,1970,2022-10-05,DPT-025,ROL-028,LOC-001,EMP-00290,Active,,,,,247000,0.2,247000
EMP-00327,Sara Leblanc,F,White,1981,2023-11-08,DPT-008,ROL-002,LOC-006,EMP-00034,Active,,,,,106000,0.1,21200
EMP-00328,Olivia Levesque,F,White,2001,2021-01-17,DPT-001,ROL-033,LOC-001,,Terminated,2023-09-13,Voluntary,Manager / culture,Yes,328000,0.2,328000
EMP-00329,Zain Kumar,M,White,1989,2024-01-09,DPT-002,ROL-003,LOC-001,EMP-00491,Active,,,,,127000,0.1,25400
EMP-00330,Isaac Leblanc,M,Hispanic/Latinx,1968,2023-09-15,DPT-004,ROL-003,LOC-001,EMP-00583,Active,,,,,130000,0.1,26000
EMP-00331,Noor Pereira,F,Mixed / Other,1978,2023-03-16,DPT-001,ROL-004,LOC-001,EMP-00949,Active,,,,,158000,0.1,79000
EMP-00332,Arjun Chen,M,White,2000,2024-04-26,DPT-003,ROL-004,LOC-001,EMP-00869,Active,,,,,159000,0.1,79500
EMP-00333,Amelia Gagnon,F,Hispanic/Latinx,1991,2025-03-12,DPT-001,ROL-002,LOC-001,EMP-00949,Active,,,,,104000,0.1,20800
EMP-00334,Grace Davis,F,South Asian,1974,2022-09-07,DPT-009,ROL-008,LOC-001,EMP-00758,Active,,,,,132000,0.1,26400
EMP-00335,Camille MacDonald,F,South Asian,1980,2024-10-27,DPT-009,ROL-020,LOC-001,EMP-00950,Active,,,,,113000,0.1,22600
EMP-00336,Daniel Sanchez,M,White,1986,2022-08-04,DPT-009,ROL-007,LOC-002,EMP-00301,Active,,,,,95000,0.1,19000
EMP-00337,Oscar Wang,M,Middle Eastern,1994,2022-05-16,DPT-002,ROL-005,LOC-004,EMP-00371,Active,,,,,195000,0.1,97500
EMP-00338,Yusuf Liu,M,White,1974,2025-10-01,DPT-024,ROL-024,LOC-001,EMP-00073,Active,,,,,136000,0.1,27200
EMP-00339,Samir Bouchard,M,Mixed / Other,1997,2025-01-27,DPT-001,ROL-002,LOC-005,EMP-00591,Active,,,,,112000,0.1,22400
EMP-00340,Noah Kim,M,White,1976,2025-06-27,DPT-003,ROL-005,LOC-004,EMP-00869,Active,,,,,196000,0.1,98000
EMP-00341,Hannah Williams,F,East Asian,1980,2022-05-28,DPT-003,ROL-005,LOC-004,EMP-00502,Active,,,,,214000,0.1,107000
EMP-00342,Jin Joshi,M,Black,1990,2023-08-25,DPT-005,ROL-002,LOC-007,EMP-01039,Active,,,,,107000,0.1,21400
EMP-00343,Omar Cohen,M,Hispanic/Latinx,1968,2024-10-02,DPT-001,ROL-003,LOC-002,EMP-00931,Active,,,,,127000,0.1,25400
EMP-00344,Nathan Tanaka,M,Black,1970,2026-05-21,DPT-012,ROL-014,LOC-001,EMP-00086,Active,,,,,130000,0.1,26000
EMP-00345,Mohammed Johnson,M,Black,1978,2024-01-13,DPT-012,ROL-013,LOC-001,,Terminated,2025-03-30,Voluntary,Better opportunity - higher comp,No,110000,0.1,22000
EMP-00346,Mateo Lavoie,M,East Asian,1973,2024-06-15,DPT-001,ROL-003,LOC-001,EMP-00591,Active,,,,,132000,0.1,26400
EMP-00347,Kavya Garcia,F,White,1990,2026-05-06,DPT-021,ROL-022,LOC-001,EMP-01005,Active,,,,,82000,0.1,16400
EMP-00348,Divya Taylor,F,White,1976,2022-04-28,DPT-019,ROL-032,LOC-006,,Terminated,2026-01-02,Voluntary,Better opportunity - higher comp,Yes,330000,0.2,330000
EMP-00349,Arjun Levesque,M,Mixed / Other,1969,2024-07-30,DPT-009,ROL-007,LOC-004,,Terminated,2025-11-12,Involuntary,Role eliminated,No,99000,0.1,19800
EMP-00350,Chen Martinez,M,White,1986,2024-01-26,DPT-011,ROL-011,LOC-003,,Terminated,2025-10-19,Involuntary,End of contract,No,110000,0.1,22000
EMP-00351,Elijah Da Silva,M,South Asian,2001,2025-05-05,DPT-022,ROL-022,LOC-001,EMP-00129,Active,,,,,80000,0.1,16000
EMP-00352,Layla Park,F,East Asian,1999,2026-01-31,DPT-009,ROL-021,LOC-006,EMP-00758,Active,,,,,133000,0.1,26600
EMP-00353,Diego Martinez,M,Hispanic/Latinx,1987,2025-01-04,DPT-008,ROL-001,LOC-004,EMP-00404,Active,,,,,87000,0.1,17400
EMP-00354,Camille Fernandez,F,White,1996,2025-09-16,DPT-001,ROL-003,LOC-002,EMP-00544,Active,,,,,135000,0.1,27000
EMP-00355,Amelia Hernandez,F,Middle Eastern,1981,2023-09-25,DPT-001,ROL-004,LOC-001,,Terminated,2025-11-16,Voluntary,Better opportunity - growth/scope,Yes,165000,0.1,82500
EMP-00356,Layla Park,F,South Asian,2001,2024-01-07,DPT-003,ROL-004,LOC-001,EMP-00515,Active,,,,,174000,0.1,87000
EMP-00357,Grace Lee,F,East Asian,1987,2023-04-12,DPT-007,ROL-002,LOC-004,EMP-00402,Active,,,,,105000,0.1,21000
EMP-00358,Nadia Goldberg,F,White,1968,2024-07-23,DPT-019,ROL-017,LOC-006,,Terminated,2025-07-01,Voluntary,Retirement,No,123000,0.1,24600
EMP-00359,Felix Morin,M,White,1982,2025-01-27,DPT-003,ROL-003,LOC-006,EMP-00869,Active,,,,,137000,0.1,27400
EMP-00360,Ibrahim Wong,M,South Asian,1998,2024-08-04,DPT-023,ROL-022,LOC-001,EMP-00545,Active,,,,,78000,0.1,15600
EMP-00361,Nadia Anand,F,White,1975,2024-12-27,DPT-006,ROL-001,LOC-002,EMP-00791,Active,,,,,87000,0.1,17400
EMP-00362,Anthony Nakamura,M,East Asian,1979,2022-06-17,DPT-017,ROL-026,LOC-001,EMP-00255,Active,,,,,209000,0.2,209000
EMP-00363,Gabriel Shah,M,South Asian,1975,2024-10-30,DPT-008,ROL-002,LOC-001,EMP-00997,Active,,,,,112000,0.1,22400
EMP-00364,Camille Tran,F,Middle Eastern,1996,2022-08-09,DPT-002,ROL-003,LOC-001,,Terminated,2025-11-29,Voluntary,Retirement,Yes,131000,0.1,26200
EMP-00365,Yara Desjardins,F,South Asian,1973,2022-01-15,DPT-022,ROL-024,LOC-002,,Terminated,2024-09-07,Voluntary,Better opportunity - higher comp,No,136000,0.1,27200
EMP-00366,Omar Desjardins,M,White,1981,2024-02-23,DPT-001,ROL-003,LOC-002,EMP-00535,Active,,,,,130000,0.1,26000
EMP-00367,Theo Ibrahim,M,South Asian,1987,2025-08-02,DPT-024,ROL-022,LOC-007,EMP-00725,Active,,,,,86000,0.1,17200
EMP-00368,Julia Kim,F,East Asian,1974,2023-11-24,DPT-001,ROL-030,LOC-004,,Terminated,2025-05-25,Voluntary,Career change,No,207000,0.2,207000
EMP-00369,Sophie Zhang,F,East Asian,1979,2024-06-20,DPT-002,ROL-001,LOC-007,,Terminated,2025-06-14,Voluntary,Work-life balance / burnout,No,92000,0.1,18400
EMP-00370,Hugo Leblanc,M,Hispanic/Latinx,1995,2025-07-26,DPT-014,ROL-013,LOC-004,EMP-00062,Active,,,,,110000,0.1,22000
EMP-00371,Olivia Gagnon,F,White,1973,2023-10-24,DPT-002,ROL-026,LOC-001,EMP-00108,Active,,,,,232000,0.2,232000
EMP-00372,Chloe Hernandez,F,White,1978,2024-08-18,DPT-001,ROL-002,LOC-002,EMP-00275,Active,,,,,112000,0.1,22400
EMP-00373,Yara Ibrahim,F,South Asian,1986,2022-12-04,DPT-009,ROL-008,LOC-001,,Terminated,2024-07-10,Voluntary,Better opportunity - higher comp,No,135000,0.1,27000
EMP-00374,Mateo Goldberg,M,White,1971,2021-07-12,DPT-012,ROL-031,LOC-005,EMP-00003,Active,,,,,181000,0.2,181000
EMP-00375,Nadia Pereira,F,South Asian,1969,2024-08-12,DPT-019,ROL-017,LOC-006,,Terminated,2026-01-19,Involuntary,End of contract,No,115000,0.1,23000
EMP-00376,Sophie Dhillon,F,South Asian,1979,2024-01-13,DPT-020,ROL-018,LOC-005,EMP-00726,Active,,,,,64000,0.1,12800
EMP-00377,Amelia Dubois,F,White,1980,2025-10-03,DPT-021,ROL-022,LOC-003,EMP-01004,Active,,,,,80000,0.1,16000
EMP-00378,Chen Nguyen,F,White,2000,2025-04-29,DPT-011,ROL-025,LOC-001,EMP-00431,Active,,,,,189000,0.2,189000
EMP-00379,Hugo Taylor,M,Middle Eastern,1977,2022-04-11,DPT-016,ROL-027,LOC-005,EMP-00001,Active,,,,,279000,0.2,279000
EMP-00380,Genevieve Roy,F,Mixed / Other,1969,2021-05-07,DPT-004,ROL-033,LOC-001,EMP-00001,Active,,,,,328000,0.2,328000
EMP-00381,Henry Davis,M,White,1971,2024-12-12,DPT-016,ROL-025,LOC-003,EMP-00379,Active,,,,,194000,0.2,194000
EMP-00382,Rachel Garcia,F,White,1986,2022-05-23,DPT-003,ROL-029,LOC-001,,Terminated,2025-06-17,Voluntary,Relocation / personal,Yes,213000,0.2,213000
EMP-00383,Beatrice Dubois,F,White,1982,2023-09-09,DPT-019,ROL-016,LOC-001,,Terminated,2026-03-18,Voluntary,Work-life balance / burnout,No,93000,0.1,18600
EMP-00384,Isaac Lavoie,M,South Asian,1987,2024-05-15,DPT-013,ROL-010,LOC-001,EMP-00177,Active,,,,,81000,0.1,16200
EMP-00385,Ethan Pham,M,White,1988,2022-10-12,DPT-002,ROL-002,LOC-001,EMP-00907,Active,,,,,108000,0.1,21600
EMP-00386,Felix Sanchez,M,White,1982,2023-07-10,DPT-002,ROL-003,LOC-003,,Terminated,2024-06-22,Voluntary,Better opportunity - higher comp,No,131000,0.1,26200
EMP-00387,Chen Tremblay,M,White,1972,2022-12-26,DPT-009,ROL-021,LOC-005,,Terminated,2025-06-01,Voluntary,Better opportunity - higher comp,No,136000,0.1,27200
EMP-00388,Chloe Liu,F,White,1985,2024-02-03,DPT-010,ROL-009,LOC-002,,Terminated,2026-02-26,Voluntary,Better opportunity - higher comp,No,169000,0.1,33800
EMP-00389,Jessica Pham,F,White,1986,2020-06-11,DPT-002,ROL-005,LOC-001,EMP-01096,Active,,,,,205000,0.1,102500
EMP-00390,Layla Mehta,F,East Asian,1992,2026-01-24,DPT-026,ROL-024,LOC-004,EMP-00647,Active,,,,,148000,0.1,29600
EMP-00391,Sara Lopez,F,South Asian,1994,2024-12-10,DPT-004,ROL-002,LOC-003,EMP-01099,Active,,,,,103000,0.1,20600
EMP-00392,Adrian Lee,M,White,1977,2024-04-08,DPT-010,ROL-007,LOC-001,EMP-00884,Active,,,,,102000,0.1,20400
EMP-00393,Jacob Leblanc,M,White,1979,2024-06-17,DPT-001,ROL-002,LOC-003,,Terminated,2025-07-22,Voluntary,Better opportunity - higher comp,Yes,109000,0.1,21800
EMP-00394,Layla Zhang,F,Black,1985,2024-01-06,DPT-009,ROL-021,LOC-001,EMP-00256,Active,,,,,128000,0.1,25600
EMP-00395,Anika Da Silva,F,Black,1974,2024-06-06,DPT-023,ROL-023,LOC-002,,Terminated,2025-05-14,Voluntary,Better opportunity - higher comp,Yes,108000,0.1,21600
EMP-00396,Amelia Pham,F,White,1992,2025-09-28,DPT-009,ROL-009,LOC-007,EMP-00950,Active,,,,,167000,0.1,33400
EMP-00397,Mei Kaur,F,East Asian,1997,2023-05-02,DPT-018,ROL-016,LOC-006,EMP-01051,Active,,,,,93000,0.1,18600
EMP-00398,Yuki Morin,F,Black,1986,2025-08-10,DPT-022,ROL-024,LOC-001,EMP-00682,Active,,,,,148000,0.1,29600
EMP-00399,Sofia Lee,F,East Asian,2001,2024-03-17,DPT-001,ROL-004,LOC-001,,Terminated,2026-03-21,Voluntary,Manager / culture,No,166000,0.1,83000
EMP-00400,Aanya Williams,F,White,1998,2023-04-16,DPT-011,ROL-011,LOC-001,,Terminated,2024-04-30,Voluntary,Work-life balance / burnout,No,101000,0.1,20200
EMP-00401,Anika Wong,F,White,1995,2023-12-20,DPT-024,ROL-023,LOC-001,EMP-00455,Active,,,,,102000,0.1,20400
EMP-00402,Anika Kaur,F,White,1991,2026-03-14,DPT-007,ROL-033,LOC-006,EMP-00539,Active,,,,,329000,0.2,329000
EMP-00403,Yara Lopez,F,White,1991,2023-09-22,DPT-009,ROL-007,LOC-001,,Terminated,2026-02-12,Voluntary,Retirement,No,102000,0.1,20400
EMP-00404,Beatrice Leblanc,F,South Asian,1987,2020-08-20,DPT-008,ROL-032,LOC-003,EMP-00001,Active,,,,,342000,0.2,342000
EMP-00405,Catherine Martin,F,East Asian,1992,2023-05-16,DPT-015,ROL-010,LOC-003,EMP-00710,Active,,,,,85000,0.1,17000
EMP-00406,Valeria Nguyen,F,East Asian,1972,2024-04-27,DPT-008,ROL-003,LOC-002,EMP-00404,Active,,,,,130000,0.1,26000
EMP-00407,Sophie Pham,F,White,1980,2026-02-12,DPT-013,ROL-030,LOC-007,EMP-00675,Active,,,,,207000,0.2,207000
EMP-00408,Aanya Zhang,F,South Asian,1980,2022-11-14,DPT-024,ROL-023,LOC-003,EMP-00725,Active,,,,,110000,0.1,22000
EMP-00409,Adrian Zhang,M,White,1986,2022-12-07,DPT-006,ROL-003,LOC-001,,Terminated,2025-05-20,Voluntary,Better opportunity - higher comp,No,131000,0.1,26200
EMP-00410,Grace Tremblay,F,White,1973,2024-11-07,DPT-003,ROL-002,LOC-001,EMP-00058,Active,,,,,110000,0.1,22000
EMP-00411,Tara Williams,F,South Asian,1990,2025-04-29,DPT-016,ROL-017,LOC-001,EMP-00283,Active,,,,,112000,0.1,22400
EMP-00412,Yara Leblanc,F,South Asian,1995,2022-07-04,DPT-015,ROL-029,LOC-001,EMP-00563,Active,,,,,228000,0.2,228000
EMP-00413,Amir Wong,M,South Asian,1993,2023-05-22,DPT-014,ROL-012,LOC-001,,Terminated,2025-11-03,Voluntary,Better opportunity - growth/scope,No,134000,0.1,26800
EMP-00414,Oscar Okafor,M,White,1977,2024-11-10,DPT-004,ROL-004,LOC-001,EMP-01016,Active,,,,,160000,0.1,80000
EMP-00415,Mateo Davis,M,Mixed / Other,1983,2025-05-05,DPT-004,ROL-004,LOC-001,EMP-00024,Active,,,,,165000,0.1,82500
EMP-00416,Benjamin Adebayo,M,White,1976,2023-02-06,DPT-023,ROL-025,LOC-003,,Terminated,2026-02-25,Involuntary,Conduct / policy violation,No,177000,0.2,177000
EMP-00417,Yuki Da Silva,F,White,1991,2022-08-28,DPT-004,ROL-002,LOC-001,EMP-00155,Active,,,,,103000,0.1,20600
EMP-00418,Gabriel Cohen,M,Hispanic/Latinx,2002,2022-11-15,DPT-012,ROL-013,LOC-006,,Terminated,2024-02-11,Involuntary,Performance,No,107000,0.1,21400
EMP-00419,Jacob Leblanc,M,South Asian,1989,2025-12-09,DPT-005,ROL-030,LOC-004,EMP-00579,Active,,,,,212000,0.2,212000
EMP-00420,Hugo Wong,M,South Asian,1997,2022-10-27,DPT-001,ROL-033,LOC-001,,Terminated,2025-03-10,Voluntary,Retirement,No,298000,0.2,298000
EMP-00421,Hannah Li,F,White,1981,2024-10-21,DPT-002,ROL-001,LOC-003,EMP-00427,Active,,,,,85000,0.1,17000
EMP-00422,Fatima Choudhury,F,White,1984,2025-12-16,DPT-019,ROL-028,LOC-001,EMP-00971,Active,,,,,229000,0.2,229000
EMP-00423,Camille Li,F,Black,1982,2023-02-02,DPT-011,ROL-010,LOC-001,EMP-00378,Active,,,,,81000,0.1,16200
EMP-00424,Yara Martin,F,East Asian,1987,2024-03-26,DPT-010,ROL-007,LOC-001,EMP-00884,Active,,,,,101000,0.1,20200
EMP-00425,Camille Hernandez,F,Middle Eastern,1993,2021-06-22,DPT-011,ROL-012,LOC-001,EMP-00792,Active,,,,,129000,0.1,25800
EMP-00426,Noah Joshi,M,Hispanic/Latinx,1993,2025-07-29,DPT-001,ROL-002,LOC-003,EMP-00915,Active,,,,,110000,0.1,22000
EMP-00427,Amelia Gupta,F,South Asian,1974,2021-09-18,DPT-002,ROL-025,LOC-001,EMP-00108,Active,,,,,190000,0.2,190000
EMP-00428,Rahul Goldberg,M,White,1999,2023-12-04,DPT-020,ROL-019,LOC-001,EMP-00662,Active,,,,,77000,0.1,15400
EMP-00429,Zara Li,F,South Asian,1989,2022-06-19,DPT-024,ROL-023,LOC-004,EMP-00455,Active,,,,,110000,0.1,22000
EMP-00430,Gabriel Roy,M,White,1971,2025-05-26,DPT-007,ROL-003,LOC-001,EMP-00532,Active,,,,,136000,0.1,27200
EMP-00431,Liam Pham,M,South Asian,1992,2025-01-14,DPT-011,ROL-034,LOC-004,EMP-00003,Active,,,,,304000,0.2,304000
EMP-00432,Divya Li,F,Black,2001,2023-04-03,DPT-004,ROL-003,LOC-001,EMP-00583,Active,,,,,135000,0.1,27000
EMP-00433,Aaron Johnson,M,South Asian,1979,2023-11-04,DPT-001,ROL-003,LOC-001,EMP-00949,Active,,,,,136000,0.1,27200
EMP-00434,Nathan Desjardins,M,Black,1982,2024-08-26,DPT-002,ROL-031,LOC-001,EMP-00108,Active,,,,,192000,0.2,192000
EMP-00435,Ava Goldberg,F,White,1998,2024-12-20,DPT-003,ROL-002,LOC-001,EMP-00838,Active,,,,,102000,0.1,20400
EMP-00436,Amir Lee,M,East Asian,1972,2023-07-28,DPT-020,ROL-017,LOC-004,EMP-00437,Active,,,,,114000,0.1,22800
EMP-00437,Aisha Morin,F,South Asian,1986,2022-06-18,DPT-020,ROL-025,LOC-001,EMP-00753,Active,,,,,187000,0.2,187000
EMP-00438,Mateo Tanaka,M,South Asian,1991,2023-03-21,DPT-002,ROL-005,LOC-006,,Terminated,2026-04-02,Voluntary,Better opportunity - higher comp,No,209000,0.1,104500
EMP-00439,Ahmed Adebayo,M,White,1978,2023-08-28,DPT-025,ROL-023,LOC-004,EMP-00290,Active,,,,,113000,0.1,22600
EMP-00440,Ethan Johnson,M,White,1970,2023-12-31,DPT-001,ROL-002,LOC-001,EMP-00275,Active,,,,,106000,0.1,21200
EMP-00441,Mohammed Goldberg,M,Middle Eastern,1971,2024-07-22,DPT-004,ROL-001,LOC-001,EMP-00494,Active,,,,,84000,0.1,16800
EMP-00442,Emma Joshi,F,White,1991,2024-09-29,DPT-026,ROL-022,LOC-005,EMP-00022,Active,,,,,79000,0.1,15800
EMP-00443,Sophie Pham,F,White,1973,2025-09-12,DPT-017,ROL-028,LOC-001,EMP-00255,Active,,,,,245000,0.2,245000
EMP-00444,Oscar Zhang,M,Middle Eastern,1979,2025-10-18,DPT-001,ROL-031,LOC-005,EMP-00591,Active,,,,,182000,0.2,182000
EMP-00445,Elijah Lopez,M,Middle Eastern,1972,2023-06-30,DPT-003,ROL-002,LOC-002,EMP-00838,Active,,,,,111000,0.1,22200
EMP-00446,James O'Brien,M,Hispanic/Latinx,1969,2023-03-30,DPT-009,ROL-020,LOC-006,EMP-00301,Active,,,,,103000,0.1,20600
EMP-00447,Benjamin Hussain,M,Middle Eastern,1979,2023-06-08,DPT-003,ROL-001,LOC-001,EMP-00936,Active,,,,,86000,0.1,17200
EMP-00448,Ibrahim Chen,M,East Asian,2001,2024-05-14,DPT-009,ROL-021,LOC-001,,Terminated,2025-04-29,Voluntary,Retirement,No,134000,0.1,26800
EMP-00449,Anika Martin,F,South Asian,1977,2024-06-12,DPT-020,ROL-017,LOC-001,,Terminated,2026-05-13,Involuntary,Performance,No,117000,0.1,23400
EMP-00450,Chloe Choudhury,F,Mixed / Other,2001,2024-05-20,DPT-001,ROL-029,LOC-003,EMP-00591,Active,,,,,215000,0.2,215000
EMP-00451,Samir Hussain,M,Hispanic/Latinx,2000,2023-04-29,DPT-020,ROL-017,LOC-004,EMP-00604,Active,,,,,120000,0.1,24000
EMP-00452,Hugo Wang,M,Black,1996,2024-12-28,DPT-006,ROL-003,LOC-005,EMP-00134,Active,,,,,136000,0.1,27200
EMP-00453,Ibrahim Pereira,M,South Asian,1997,2024-03-29,DPT-004,ROL-003,LOC-007,EMP-01099,Active,,,,,124000,0.1,24800
EMP-00454,Divya Davis,F,South Asian,1996,2024-07-14,DPT-021,ROL-022,LOC-001,EMP-00461,Active,,,,,83000,0.1,16600
EMP-00455,Daniela Brown,F,White,1995,2023-03-04,DPT-024,ROL-031,LOC-001,EMP-00324,Active,,,,,190000,0.2,190000
EMP-00456,Adrian Mehta,M,White,1997,2022-12-23,DPT-021,ROL-025,LOC-002,EMP-01004,Active,,,,,186000,0.2,186000
EMP-00457,Hugo Da Silva,M,White,1981,2024-04-07,DPT-003,ROL-001,LOC-001,EMP-00150,Active,,,,,85000,0.1,17000
EMP-00458,Pablo Garcia,M,White,1997,2022-05-24,DPT-005,ROL-002,LOC-001,,Terminated,2026-02-02,Voluntary,Return to study,Yes,108000,0.1,21600
EMP-00459,Grace Williams,F,White,1999,2024-10-15,DPT-004,ROL-001,LOC-004,EMP-00583,Active,,,,,83000,0.1,16600
EMP-00460,Henry Leblanc,M,Hispanic/Latinx,1969,2024-06-12,DPT-001,ROL-003,LOC-001,EMP-00949,Active,,,,,126000,0.1,25200
EMP-00461,Beatrice Goldberg,F,White,1990,2022-03-30,DPT-021,ROL-030,LOC-001,EMP-01004,Active,,,,,198000,0.2,198000
EMP-00462,Anika Patel,F,South Asian,1980,2021-02-05,DPT-007,ROL-004,LOC-004,EMP-00539,Active,,,,,163000,0.1,81500
EMP-00463,Xavier Leblanc,M,White,1985,2023-04-12,DPT-004,ROL-003,LOC-005,EMP-00155,Active,,,,,129000,0.1,25800
EMP-00464,Beatrice Tremblay,F,East Asian,1996,2023-07-06,DPT-004,ROL-003,LOC-004,,Terminated,2025-07-31,Voluntary,Better opportunity - growth/scope,Yes,126000,0.1,25200
EMP-00465,Adrian Nguyen,M,White,1978,2024-06-09,DPT-010,ROL-008,LOC-003,EMP-00884,Active,,,,,135000,0.1,27000
EMP-00466,Liam Joshi,M,White,2000,2020-11-08,DPT-015,ROL-025,LOC-006,EMP-00563,Active,,,,,190000,0.2,190000
EMP-00467,Divya Li,F,Black,2000,2024-10-08,DPT-013,ROL-011,LOC-001,EMP-00177,Active,,,,,102000,0.1,20400
EMP-00468,Chen Smith,F,South Asian,1983,2024-01-25,DPT-018,ROL-015,LOC-003,,Terminated,2025-01-01,Voluntary,Other voluntary,No,72000,0.1,14400
EMP-00469,Sara Murphy,F,White,1993,2023-03-26,DPT-010,ROL-009,LOC-006,EMP-00884,Active,,,,,168000,0.1,33600
EMP-00470,Amir Tanaka,M,East Asian,1989,2023-09-13,DPT-004,ROL-001,LOC-001,EMP-01016,Active,,,,,85000,0.1,17000
EMP-00471,Pablo Adebayo,M,Middle Eastern,2000,2023-01-31,DPT-002,ROL-003,LOC-002,,Terminated,2026-05-06,Voluntary,Better opportunity - growth/scope,Yes,127000,0.1,25400
EMP-00472,Yusuf Liu,M,East Asian,1980,2023-06-06,DPT-001,ROL-002,LOC-002,EMP-01071,Active,,,,,107000,0.1,21400
EMP-00473,Anika Shah,F,East Asian,1978,2022-06-12,DPT-024,ROL-023,LOC-004,EMP-00077,Active,,,,,110000,0.1,22000
EMP-00474,Yusuf Martinez,M,White,1973,2023-01-10,DPT-016,ROL-016,LOC-001,EMP-00153,Active,,,,,94000,0.1,18800
EMP-00475,Mohammed Fernandez,M,South Asian,1972,2023-06-14,DPT-017,ROL-026,LOC-001,EMP-00255,Active,,,,,217000,0.2,217000
EMP-00476,Anthony Martinez,M,East Asian,1978,2024-02-03,DPT-004,ROL-003,LOC-001,,Terminated,2025-10-20,Voluntary,Retirement,Yes,135000,0.1,27000
EMP-00477,James Cohen,M,White,2001,2026-05-22,DPT-006,ROL-030,LOC-005,EMP-00289,Active,,,,,211000,0.2,211000
EMP-00478,Yara Shah,F,Black,1987,2024-08-16,DPT-020,ROL-015,LOC-007,EMP-00691,Active,,,,,73000,0.1,14600
EMP-00479,Amir Li,M,White,1996,2024-09-12,DPT-018,ROL-017,LOC-001,EMP-00578,Active,,,,,120000,0.1,24000
EMP-00480,Sophie Davis,F,White,1995,2023-02-21,DPT-012,ROL-025,LOC-001,EMP-00374,Active,,,,,187000,0.2,187000
EMP-00481,Henry Gagnon,M,White,1995,2023-12-07,DPT-001,ROL-002,LOC-001,,Terminated,2025-11-05,Voluntary,Better opportunity - growth/scope,No,106000,0.1,21200
EMP-00482,Ava Garcia,F,Hispanic/Latinx,1998,2023-09-04,DPT-006,ROL-002,LOC-001,,Terminated,2026-05-09,Voluntary,Better opportunity - higher comp,No,103000,0.1,20600
EMP-00483,James Tanaka,M,White,1980,2025-08-08,DPT-017,ROL-017,LOC-001,EMP-00825,Active,,,,,111000,0.1,22200
EMP-00484,Zara Gupta,F,White,1997,2024-08-03,DPT-017,ROL-017,LOC-001,EMP-00255,Active,,,,,115000,0.1,23000
EMP-00485,Aanya Dubois,F,White,1968,2024-08-01,DPT-012,ROL-011,LOC-001,EMP-00480,Active,,,,,102000,0.1,20400
EMP-00486,Sophie Nakamura,F,White,1971,2023-06-25,DPT-021,ROL-023,LOC-001,EMP-01004,Active,,,,,110000,0.1,22000
EMP-00487,Elijah Goldberg,M,Middle Eastern,1978,2025-04-29,DPT-004,ROL-001,LOC-001,EMP-00583,Active,,,,,87000,0.1,17400
EMP-00488,Chen Roy,F,East Asian,1974,2022-05-12,DPT-002,ROL-005,LOC-003,,Terminated,2025-09-29,Voluntary,Return to study,No,200000,0.1,100000
EMP-00489,Olivia Patel,F,South Asian,1981,2023-02-15,DPT-009,ROL-020,LOC-006,EMP-00256,Active,,,,,106000,0.1,21200
EMP-00490,Divya Nguyen,F,White,1969,2024-04-01,DPT-013,ROL-013,LOC-002,,Terminated,2025-06-20,Voluntary,Better opportunity - higher comp,Yes,102000,0.1,20400
EMP-00491,Amir Martin,M,East Asian,1983,2024-12-06,DPT-002,ROL-025,LOC-001,EMP-00108,Active,,,,,187000,0.2,187000
EMP-00492,Jessica Kumar,F,White,1998,2024-04-25,DPT-011,ROL-013,LOC-001,EMP-00378,Active,,,,,107000,0.1,21400
EMP-00493,Emma MacDonald,F,South Asian,1994,2023-06-28,DPT-023,ROL-028,LOC-001,EMP-00731,Active,,,,,233000,0.2,233000
EMP-00494,Chen Adebayo,F,Hispanic/Latinx,1974,2023-02-22,DPT-004,ROL-029,LOC-002,EMP-00380,Active,,,,,213000,0.2,213000
EMP-00495,Tarek Nakamura,M,White,1973,2024-03-16,DPT-002,ROL-004,LOC-004,EMP-00907,Active,,,,,157000,0.1,78500
EMP-00496,Catherine Garcia,F,White,1970,2024-01-26,DPT-018,ROL-015,LOC-004,EMP-00578,Active,,,,,70000,0.1,14000
EMP-00497,Sophie Desjardins,F,White,1994,2024-09-25,DPT-009,ROL-009,LOC-001,,Terminated,2026-03-17,Voluntary,Manager / culture,Yes,166000,0.1,33200
EMP-00498,Ryan Ahmed,M,Mixed / Other,1977,2025-03-12,DPT-023,ROL-022,LOC-001,EMP-00545,Active,,,,,82000,0.1,16400
EMP-00499,Hassan Lopez,M,South Asian,1980,2023-04-20,DPT-010,ROL-007,LOC-004,EMP-00884,Active,,,,,99000,0.1,19800
EMP-00500,Olivia O'Brien,F,Mixed / Other,1976,2024-08-25,DPT-009,ROL-008,LOC-004,,Terminated,2025-11-03,Voluntary,Better opportunity - growth/scope,No,140000,0.1,28000
EMP-00501,Hugo Park,M,White,1976,2024-07-05,DPT-021,ROL-022,LOC-001,EMP-00051,Active,,,,,78000,0.1,15600
EMP-00502,Hannah Tremblay,F,East Asian,1993,2020-10-11,DPT-003,ROL-031,LOC-001,EMP-00515,Active,,,,,184000,0.2,184000
EMP-00503,Sienna Tremblay,F,South Asian,1978,2024-08-27,DPT-018,ROL-016,LOC-002,EMP-00310,Active,,,,,91000,0.1,18200
EMP-00504,Camille Gagnon,F,White,1988,2024-12-06,DPT-007,ROL-004,LOC-001,EMP-00539,Active,,,,,158000,0.1,79000
EMP-00505,Chen Desjardins,M,White,1973,2026-04-16,DPT-003,ROL-004,LOC-001,EMP-00515,Active,,,,,174000,0.1,87000
EMP-00506,Aaron Smith,M,East Asian,1978,2021-11-12,DPT-009,ROL-009,LOC-001,EMP-00301,Active,,,,,175000,0.1,35000
EMP-00507,Chen Joshi,M,South Asian,1985,2023-12-02,DPT-004,ROL-002,LOC-001,,Terminated,2025-09-24,Involuntary,Role eliminated,No,110000,0.1,22000
EMP-00508,Hassan Davis,M,Black,1977,2025-02-23,DPT-009,ROL-007,LOC-001,EMP-00950,Active,,,,,105000,0.1,21000
EMP-00509,Omar Zhang,M,East Asian,1977,2024-04-18,DPT-005,ROL-001,LOC-001,EMP-00979,Active,,,,,93000,0.1,18600
EMP-00510,Diego MacDonald,M,Black,1985,2024-05-05,DPT-007,ROL-002,LOC-003,,Terminated,2025-02-12,Voluntary,Better opportunity - growth/scope,No,113000,0.1,22600
EMP-00511,Catherine Goldberg,F,White,1973,2025-05-15,DPT-018,ROL-016,LOC-001,EMP-00166,Active,,,,,96000,0.1,19200
EMP-00512,Sara Dhillon,F,White,1968,2021-12-23,DPT-026,ROL-024,LOC-001,EMP-00573,Active,,,,,138000,0.1,27600
EMP-00513,Theo Da Silva,M,White,1997,2024-03-25,DPT-006,ROL-004,LOC-004,EMP-00477,Active,,,,,173000,0.1,86500
EMP-00514,Beatrice Tanaka,F,South Asian,1977,2024-07-13,DPT-013,ROL-010,LOC-004,,Terminated,2025-09-30,Voluntary,Better opportunity - higher comp,No,85000,0.1,17000
EMP-00515,Jacob Okafor,M,White,1976,2021-07-31,DPT-003,ROL-032,LOC-001,EMP-00001,Active,,,,,345000,0.2,345000
EMP-00516,Daniel Hussain,M,White,1992,2022-09-10,DPT-022,ROL-023,LOC-007,,Terminated,2025-12-01,Voluntary,Better opportunity - growth/scope,No,102000,0.1,20400
EMP-00517,Samir Chen,M,Indigenous,1981,2025-07-10,DPT-006,ROL-004,LOC-006,EMP-00294,Active,,,,,170000,0.1,85000
EMP-00518,Pablo Lavoie,M,White,1969,2021-07-10,DPT-022,ROL-024,LOC-003,EMP-00526,Active,,,,,146000,0.1,29200
EMP-00519,David Sanchez,M,Black,2001,2025-10-14,DPT-001,ROL-002,LOC-006,EMP-00591,Active,,,,,114000,0.1,22800
EMP-00520,Aaron Singh,M,White,1991,2024-10-22,DPT-001,ROL-002,LOC-005,EMP-00773,Active,,,,,113000,0.1,22600
EMP-00521,Anika Tran,F,Black,1993,2025-08-15,DPT-006,ROL-003,LOC-001,EMP-00289,Active,,,,,135000,0.1,27000
EMP-00522,Chen Williams,M,East Asian,1993,2025-04-26,DPT-018,ROL-017,LOC-002,EMP-00584,Active,,,,,114000,0.1,22800
EMP-00523,Mohammed Davis,M,Black,1987,2021-06-07,DPT-002,ROL-004,LOC-002,EMP-00434,Active,,,,,169000,0.1,84500
EMP-00524,Kai Leblanc,M,White,1979,2023-06-23,DPT-005,ROL-005,LOC-001,,Terminated,2024-04-12,Voluntary,Career change,Yes,194000,0.1,97000
EMP-00525,William Bouchard,M,East Asian,1999,2025-03-03,DPT-023,ROL-022,LOC-007,EMP-00731,Active,,,,,86000,0.1,17200
EMP-00526,Emma Park,F,Black,1971,2023-09-29,DPT-022,ROL-031,LOC-001,EMP-00237,Active,,,,,196000,0.2,196000
EMP-00527,Khalid Leblanc,M,East Asian,1997,2024-05-29,DPT-002,ROL-002,LOC-002,EMP-00491,Active,,,,,103000,0.1,20600
EMP-00528,Ibrahim Mehta,M,White,1969,2024-03-23,DPT-026,ROL-029,LOC-001,,Terminated,2026-03-19,Voluntary,Career change,No,211000,0.2,211000
EMP-00529,Aanya Li,F,Mixed / Other,1982,2022-08-26,DPT-010,ROL-009,LOC-006,EMP-00884,Active,,,,,170000,0.1,34000
EMP-00530,Noah Martin,M,South Asian,1995,2025-04-01,DPT-011,ROL-030,LOC-001,EMP-00431,Active,,,,,215000,0.2,215000
EMP-00531,James Park,M,White,1995,2020-06-08,DPT-005,ROL-004,LOC-003,EMP-00130,Active,,,,,172000,0.1,86000
EMP-00532,Felix Garcia,M,White,1990,2024-04-20,DPT-007,ROL-025,LOC-006,EMP-00539,Active,,,,,187000,0.2,187000
EMP-00533,Sienna Liu,F,East Asian,2001,2023-10-26,DPT-020,ROL-015,LOC-004,EMP-00743,Active,,,,,75000,0.1,15000
EMP-00534,Viktor Ahmed,M,White,1995,2022-12-31,DPT-009,ROL-008,LOC-006,,Terminated,2025-09-24,Involuntary,Performance,No,137000,0.1,27400
EMP-00535,Nathan Desjardins,M,South Asian,1982,2022-11-17,DPT-001,ROL-025,LOC-001,EMP-00591,Active,,,,,181000,0.2,181000
EMP-00536,Alexander Leblanc,M,South Asian,1977,2025-01-21,DPT-012,ROL-014,LOC-006,EMP-00942,Active,,,,,126000,0.1,25200
EMP-00537,Yusuf Hussain,M,East Asian,2001,2024-03-14,DPT-017,ROL-015,LOC-004,EMP-00362,Active,,,,,71000,0.1,14200
EMP-00538,Valeria Martinez,F,White,1989,2024-08-30,DPT-002,ROL-001,LOC-003,EMP-00491,Active,,,,,88000,0.1,17600
EMP-00539,Catherine Levesque,F,White,1990,2023-07-05,DPT-007,ROL-032,LOC-005,EMP-00001,Active,,,,,324000,0.2,324000
EMP-00540,Daniel Morin,M,White,1998,2023-11-11,DPT-012,ROL-013,LOC-002,,Terminated,2025-05-26,Voluntary,Better opportunity - higher comp,No,105000,0.1,21000
EMP-00541,Sofia Hernandez,F,South Asian,1973,2022-02-24,DPT-014,ROL-012,LOC-001,EMP-00062,Active,,,,,141000,0.1,28200
EMP-00542,Tara Anand,F,Black,1971,2024-06-08,DPT-020,ROL-015,LOC-005,EMP-00222,Active,,,,,68000,0.1,13600
EMP-00543,Divya Pham,F,South Asian,1977,2023-04-20,DPT-002,ROL-003,LOC-001,EMP-00302,Active,,,,,127000,0.1,25400
EMP-00544,Theo Da Silva,M,White,1990,2026-05-13,DPT-001,ROL-025,LOC-001,EMP-00591,Active,,,,,191000,0.2,191000
EMP-00545,Wen Park,F,South Asian,1998,2026-01-22,DPT-023,ROL-026,LOC-001,EMP-00731,Active,,,,,223000,0.2,223000
EMP-00546,Chen Li,M,White,1976,2022-03-08,DPT-021,ROL-024,LOC-001,,Terminated,2025-04-06,Voluntary,Relocation / personal,No,142000,0.1,28400
EMP-00547,Chloe Desjardins,F,Black,2002,2025-01-26,DPT-004,ROL-003,LOC-001,EMP-00380,Active,,,,,124000,0.1,24800
EMP-00548,Sienna Lee,F,South Asian,1991,2025-06-17,DPT-009,ROL-008,LOC-004,EMP-00301,Active,,,,,132000,0.1,26400
EMP-00549,Valeria Kim,F,Black,1984,2026-04-07,DPT-018,ROL-016,LOC-001,EMP-01051,Active,,,,,87000,0.1,17400
EMP-00550,Rahul O'Brien,M,East Asian,1986,2025-08-02,DPT-012,ROL-012,LOC-001,EMP-00086,Active,,,,,139000,0.1,27800
EMP-00551,Khalid Brown,M,White,1969,2024-07-03,DPT-020,ROL-017,LOC-002,EMP-00726,Active,,,,,125000,0.1,25000
EMP-00552,Sophie Okafor,F,South Asian,1969,2025-06-16,DPT-009,ROL-021,LOC-005,EMP-00950,Active,,,,,143000,0.1,28600
EMP-00553,Sophie Desjardins,F,White,1969,2023-03-03,DPT-002,ROL-002,LOC-004,,Terminated,2025-09-20,Voluntary,Work-life balance / burnout,No,108000,0.1,21600
EMP-00554,Kavya Hernandez,F,White,2002,2020-06-18,DPT-018,ROL-027,LOC-007,EMP-00001,Active,,,,,261000,0.2,261000
EMP-00555,Henry Patel,M,Hispanic/Latinx,1995,2020-08-05,DPT-005,ROL-004,LOC-001,EMP-00579,Active,,,,,163000,0.1,81500
EMP-00556,Grace Ibrahim,F,East Asian,1974,2025-12-11,DPT-014,ROL-012,LOC-002,EMP-00062,Active,,,,,144000,0.1,28800
EMP-00557,Olivia Williams,F,East Asian,1988,2022-11-02,DPT-016,ROL-031,LOC-001,,Terminated,2024-12-02,Voluntary,Return to study,No,184000,0.2,184000
EMP-00558,Amir Sanchez,M,East Asian,1975,2024-11-28,DPT-017,ROL-016,LOC-006,EMP-00847,Active,,,,,87000,0.1,17400
EMP-00559,Liam Nakamura,M,Hispanic/Latinx,1992,2024-01-22,DPT-013,ROL-025,LOC-001,EMP-00675,Active,,,,,190000,0.2,190000
EMP-00560,Sofia Mehta,F,South Asian,1975,2023-07-21,DPT-001,ROL-004,LOC-002,EMP-00580,Active,,,,,168000,0.1,84000
EMP-00561,Viktor Kaur,M,East Asian,1994,2025-06-05,DPT-001,ROL-001,LOC-007,EMP-00591,Active,,,,,84000,0.1,16800
EMP-00562,Amir Fernandez,M,White,1973,2024-05-19,DPT-007,ROL-003,LOC-004,EMP-00898,Active,,,,,134000,0.1,26800
EMP-00563,Priya Morin,F,Mixed / Other,1977,2021-05-30,DPT-015,ROL-034,LOC-004,EMP-00003,Active,,,,,289000,0.2,289000
EMP-00564,Sienna Wong,F,White,1984,2024-06-12,DPT-009,ROL-021,LOC-006,EMP-00256,Active,,,,,134000,0.1,26800
EMP-00565,Theo Park,M,South Asian,1980,2023-05-27,DPT-001,ROL-025,LOC-001,EMP-00591,Active,,,,,195000,0.2,195000
EMP-00566,Aaron Martinez,M,Middle Eastern,1990,2024-03-07,DPT-006,ROL-002,LOC-001,EMP-00294,Active,,,,,114000,0.1,22800
EMP-00567,Ethan Bouchard,M,South Asian,1995,2024-09-30,DPT-021,ROL-023,LOC-001,EMP-00461,Active,,,,,104000,0.1,20800
EMP-00568,Rahul Patel,M,Hispanic/Latinx,1988,2024-03-08,DPT-016,ROL-016,LOC-004,EMP-00153,Active,,,,,88000,0.1,17600
EMP-00569,Benjamin Roy,M,Black,1968,2025-04-04,DPT-006,ROL-002,LOC-001,EMP-00784,Active,,,,,111000,0.1,22200
EMP-00570,Kavya Ibrahim,F,White,1969,2024-10-19,DPT-002,ROL-003,LOC-006,EMP-00371,Active,,,,,133000,0.1,26600
EMP-00571,Chloe Joshi,F,White,1972,2025-09-11,DPT-019,ROL-016,LOC-001,EMP-00835,Active,,,,,88000,0.1,17600
EMP-00572,Carlos Pham,M,White,1980,2023-01-03,DPT-009,ROL-008,LOC-004,EMP-00256,Active,,,,,137000,0.1,27400
EMP-00573,Ahmed Tran,M,White,2002,2026-04-22,DPT-026,ROL-034,LOC-001,EMP-00647,Active,,,,,301000,0.2,301000
EMP-00574,Catherine Dubois,F,East Asian,2000,2023-04-25,DPT-011,ROL-010,LOC-005,EMP-00530,Active,,,,,82000,0.1,16400
EMP-00575,Khalid Hernandez,M,South Asian,1997,2026-04-07,DPT-001,ROL-004,LOC-002,EMP-00591,Active,,,,,163000,0.1,81500
EMP-00576,Xavier Ahmed,M,South Asian,2001,2024-03-27,DPT-002,ROL-004,LOC-002,EMP-00214,Active,,,,,159000,0.1,79500
EMP-00577,Benjamin Shah,M,White,1989,2025-03-02,DPT-021,ROL-024,LOC-004,EMP-00599,Active,,,,,132000,0.1,26400
EMP-00578,Zain Patel,M,White,1999,2025-02-05,DPT-018,ROL-026,LOC-001,EMP-00554,Active,,,,,210000,0.2,210000
EMP-00579,Isabella Lavoie,F,South Asian,1981,2020-06-01,DPT-005,ROL-030,LOC-001,EMP-00001,Active,,,,,211000,0.2,211000
EMP-00580,Aisha Joshi,F,Middle Eastern,1977,2022-03-10,DPT-001,ROL-033,LOC-001,EMP-00591,Active,,,,,300000,0.2,300000
EMP-00581,Samir Lavoie,M,Mixed / Other,1985,2025-11-24,DPT-016,ROL-031,LOC-002,EMP-00379,Active,,,,,186000,0.2,186000
EMP-00582,Samir Pham,M,White,2000,2024-06-25,DPT-011,ROL-013,LOC-002,EMP-00378,Active,,,,,108000,0.1,21600
EMP-00583,Rachel Hernandez,F,Black,1980,2021-06-05,DPT-004,ROL-028,LOC-001,EMP-00380,Active,,,,,226000,0.2,226000
EMP-00584,Chloe Johnson,F,South Asian,1995,2025-03-05,DPT-018,ROL-029,LOC-002,EMP-00554,Active,,,,,212000,0.2,212000
EMP-00585,Priya Morin,F,Mixed / Other,1993,2025-01-19,DPT-010,ROL-021,LOC-005,EMP-00884,Active,,,,,129000,0.1,25800
EMP-00586,Liam Hussain,M,White,1996,2024-12-29,DPT-009,ROL-021,LOC-001,EMP-00301,Active,,,,,133000,0.1,26600
EMP-00587,Adrian Martinez,M,South Asian,1970,2025-10-19,DPT-004,ROL-003,LOC-001,EMP-00094,Active,,,,,132000,0.1,26400
EMP-00588,David Morin,M,East Asian,1978,2021-11-29,DPT-004,ROL-031,LOC-004,,Terminated,2026-01-17,Voluntary,Other voluntary,No,186000,0.2,186000
EMP-00589,Henry Okafor,M,South Asian,1984,2023-04-28,DPT-011,ROL-010,LOC-002,EMP-00378,Active,,,,,86000,0.1,17200
EMP-00590,Samir Levesque,M,White,2001,2024-07-21,DPT-019,ROL-016,LOC-003,EMP-00971,Active,,,,,90000,0.1,18000
EMP-00591,Ibrahim Adebayo,M,South Asian,1973,2021-05-26,DPT-001,ROL-027,LOC-001,EMP-00001,Active,,,,,261000,0.2,261000
EMP-00592,Samir Morin,M,White,1970,2023-03-12,DPT-011,ROL-010,LOC-001,,Terminated,2026-04-27,Voluntary,Better opportunity - higher comp,No,81000,0.1,16200
EMP-00593,Mei Dubois,F,South Asian,1996,2024-07-07,DPT-014,ROL-011,LOC-001,EMP-00062,Active,,,,,105000,0.1,21000
EMP-00594,Jacob Patel,M,South Asian,1983,2023-06-24,DPT-005,ROL-004,LOC-001,EMP-00579,Active,,,,,168000,0.1,84000
EMP-00595,Divya Brown,F,White,1970,2023-04-26,DPT-026,ROL-022,LOC-003,EMP-00022,Active,,,,,78000,0.1,15600
EMP-00596,Zain Leblanc,M,Middle Eastern,1985,2025-02-07,DPT-001,ROL-003,LOC-003,EMP-00450,Active,,,,,130000,0.1,26000
EMP-00597,Tarek Anand,M,Hispanic/Latinx,1977,2024-08-19,DPT-001,ROL-002,LOC-001,EMP-00535,Active,,,,,111000,0.1,22200
EMP-00598,Layla Patel,F,East Asian,1989,2023-10-07,DPT-026,ROL-024,LOC-004,EMP-00647,Active,,,,,132000,0.1,26400
EMP-00599,Amelia Williams,F,Indigenous,2002,2024-09-19,DPT-021,ROL-025,LOC-002,EMP-01004,Active,,,,,194000,0.2,194000
EMP-00600,Mei Li,F,Mixed / Other,1991,2024-08-24,DPT-023,ROL-022,LOC-002,EMP-00802,Active,,,,,82000,0.1,16400
EMP-00601,Benjamin Sanchez,M,Mixed / Other,1973,2024-07-26,DPT-006,ROL-003,LOC-004,,Terminated,2025-06-06,Voluntary,Retirement,No,130000,0.1,26000
EMP-00602,Isaac Fernandez,M,White,1985,2024-08-31,DPT-022,ROL-022,LOC-002,EMP-00682,Active,,,,,80000,0.1,16000
EMP-00603,Hannah Lee,F,East Asian,2002,2024-10-26,DPT-005,ROL-002,LOC-004,,Terminated,2025-12-10,Voluntary,Better opportunity - growth/scope,No,105000,0.1,21000
EMP-00604,Tarek Martinez,M,South Asian,1989,2024-07-02,DPT-020,ROL-032,LOC-007,EMP-00753,Active,,,,,320000,0.2,320000
EMP-00605,James Lavoie,M,White,1975,2024-07-08,DPT-011,ROL-013,LOC-002,EMP-00378,Active,,,,,101000,0.1,20200
EMP-00606,Olivia Mehta,F,White,1989,2023-07-01,DPT-002,ROL-029,LOC-001,,Terminated,2025-08-20,Voluntary,Better opportunity - growth/scope,Yes,204000,0.2,204000
EMP-00607,Ahmed Fernandez,M,East Asian,1995,2022-05-09,DPT-003,ROL-001,LOC-004,,Terminated,2025-09-08,Voluntary,Better opportunity - higher comp,No,85000,0.1,17000
EMP-00608,Felix Singh,M,White,2000,2023-05-12,DPT-020,ROL-030,LOC-001,EMP-00753,Active,,,,,201000,0.2,201000
EMP-00609,Aisha Singh,F,Indigenous,1984,2024-09-04,DPT-002,ROL-002,LOC-001,EMP-00108,Active,,,,,113000,0.1,22600
EMP-00610,Emma Davis,F,Middle Eastern,1977,2024-11-20,DPT-020,ROL-019,LOC-001,EMP-00726,Active,,,,,80000,0.1,16000
EMP-00611,Hugo Roy,M,Hispanic/Latinx,1992,2023-10-14,DPT-021,ROL-023,LOC-001,EMP-00461,Active,,,,,106000,0.1,21200
EMP-00612,Aisha Levesque,F,White,1984,2022-04-24,DPT-016,ROL-028,LOC-005,EMP-00379,Active,,,,,247000,0.2,247000
EMP-00613,Tara Chen,F,Middle Eastern,1999,2025-05-04,DPT-012,ROL-012,LOC-001,EMP-00086,Active,,,,,144000,0.1,28800
EMP-00614,Priya Smith,F,White,1979,2023-10-07,DPT-021,ROL-023,LOC-004,EMP-01004,Active,,,,,106000,0.1,21200
EMP-00615,Aaron Tremblay,M,Hispanic/Latinx,1976,2024-04-29,DPT-023,ROL-023,LOC-001,EMP-00545,Active,,,,,108000,0.1,21600
EMP-00616,Kavya Wong,F,Hispanic/Latinx,1969,2022-01-15,DPT-025,ROL-031,LOC-002,EMP-00290,Active,,,,,185000,0.2,185000
EMP-00617,Mateo Goldberg,M,White,1969,2024-10-24,DPT-009,ROL-007,LOC-001,EMP-00301,Active,,,,,105000,0.1,21000
EMP-00618,Liam Anand,M,Indigenous,1970,2024-01-31,DPT-019,ROL-027,LOC-004,EMP-00971,Active,,,,,282000,0.2,282000
EMP-00619,Anika Okafor,F,White,1992,2025-09-11,DPT-017,ROL-017,LOC-007,EMP-00179,Active,,,,,112000,0.1,22400
EMP-00620,Elijah Tanaka,M,South Asian,1978,2020-11-16,DPT-001,ROL-025,LOC-001,EMP-00591,Active,,,,,190000,0.2,190000
EMP-00621,Aisha Da Silva,F,Mixed / Other,1995,2024-05-29,DPT-020,ROL-019,LOC-001,EMP-00608,Active,,,,,82000,0.1,16400
EMP-00622,Isabella Joshi,F,Black,1986,2025-12-25,DPT-016,ROL-015,LOC-001,EMP-00612,Active,,,,,70000,0.1,14000
EMP-00623,Mia Leblanc,F,South Asian,1989,2024-05-05,DPT-009,ROL-021,LOC-001,,Terminated,2025-03-20,Voluntary,Better opportunity - higher comp,No,131000,0.1,26200
EMP-00624,Mia Hernandez,F,White,1993,2024-11-23,DPT-025,ROL-022,LOC-004,EMP-00290,Active,,,,,83000,0.1,16600
EMP-00625,Viktor Johnson,M,White,1976,2021-10-17,DPT-002,ROL-032,LOC-004,,Terminated,2024-02-15,Voluntary,Better opportunity - higher comp,Yes,338000,0.2,338000
EMP-00626,Pablo Garcia,M,Middle Eastern,1997,2020-07-15,DPT-007,ROL-004,LOC-004,EMP-00944,Active,,,,,174000,0.1,87000
EMP-00627,Olivia Ahmed,F,White,1978,2023-02-12,DPT-016,ROL-016,LOC-006,EMP-00672,Active,,,,,88000,0.1,17600
EMP-00628,Daniela Gupta,F,White,1969,2024-12-25,DPT-023,ROL-023,LOC-004,EMP-00493,Active,,,,,108000,0.1,21600
EMP-00629,Beatrice Gagnon,F,White,1968,2022-05-15,DPT-001,ROL-025,LOC-002,EMP-00591,Active,,,,,187000,0.2,187000
EMP-00630,Khalid Levesque,M,White,1981,2025-10-30,DPT-006,ROL-002,LOC-003,EMP-00477,Active,,,,,111000,0.1,22200
EMP-00631,Zain Singh,M,South Asian,1994,2024-04-23,DPT-009,ROL-008,LOC-002,,Terminated,2026-01-23,Voluntary,Relocation / personal,No,137000,0.1,27400
EMP-00632,Sara Choudhury,F,Mixed / Other,1988,2024-03-08,DPT-003,ROL-003,LOC-001,EMP-00058,Active,,,,,130000,0.1,26000
EMP-00633,Catherine Shah,F,Black,1986,2023-09-06,DPT-023,ROL-023,LOC-001,EMP-01104,Active,,,,,104000,0.1,20800
EMP-00634,Carlos Pereira,M,White,1984,2024-12-16,DPT-001,ROL-003,LOC-001,EMP-00591,Active,,,,,125000,0.1,25000
EMP-00635,Yuki Liu,F,South Asian,1972,2021-12-25,DPT-004,ROL-032,LOC-003,,Terminated,2025-09-07,Voluntary,Manager / culture,No,349000,0.2,349000
EMP-00636,James Wang,M,Mixed / Other,1973,2023-02-28,DPT-025,ROL-022,LOC-004,EMP-00326,Active,,,,,80000,0.1,16000
EMP-00637,Viktor Kim,M,Middle Eastern,1998,2025-07-24,DPT-016,ROL-025,LOC-001,EMP-00379,Active,,,,,190000,0.2,190000
EMP-00638,Layla Taylor,F,East Asian,1997,2024-08-12,DPT-023,ROL-023,LOC-001,,Terminated,2025-10-02,Voluntary,Better opportunity - growth/scope,No,107000,0.1,21400
EMP-00639,Lucas Davis,M,East Asian,1998,2024-05-27,DPT-006,ROL-001,LOC-007,EMP-00289,Active,,,,,92000,0.1,18400
EMP-00640,Grace Yamamoto,F,Middle Eastern,2001,2024-06-11,DPT-009,ROL-009,LOC-002,,Terminated,2025-06-16,Voluntary,Return to study,No,163000,0.1,32600
EMP-00641,Amelia Hernandez,F,White,1999,2023-06-26,DPT-019,ROL-017,LOC-004,,Terminated,2025-07-15,Voluntary,Better opportunity - higher comp,No,118000,0.1,23600
EMP-00642,Aanya Lee,F,South Asian,2000,2024-06-11,DPT-009,ROL-020,LOC-004,EMP-00301,Active,,,,,110000,0.1,22000
EMP-00643,Olivia Ibrahim,F,White,1974,2023-04-01,DPT-017,ROL-029,LOC-002,EMP-00255,Active,,,,,214000,0.2,214000
EMP-00644,David Brown,M,East Asian,1994,2022-10-13,DPT-002,ROL-028,LOC-001,,Terminated,2025-09-04,Voluntary,Return to study,No,249000,0.2,249000
EMP-00645,Yusuf Tran,M,White,1991,2021-09-04,DPT-011,ROL-012,LOC-001,EMP-00431,Active,,,,,135000,0.1,27000
EMP-00646,Sophie Sanchez,F,White,1989,2022-07-28,DPT-013,ROL-014,LOC-004,EMP-00407,Active,,,,,138000,0.1,27600
EMP-00647,Emma Lavoie,F,East Asian,1982,2021-10-15,DPT-026,ROL-034,LOC-001,EMP-00005,Active,,,,,315000,0.2,315000
EMP-00648,Yusuf Levesque,M,East Asian,1994,2024-05-15,DPT-007,ROL-002,LOC-001,EMP-00944,Active,,,,,108000,0.1,21600
EMP-00649,Fatima Sanchez,F,East Asian,1977,2023-02-04,DPT-019,ROL-016,LOC-007,EMP-00422,Active,,,,,87000,0.1,17400
EMP-00650,Anika Brown,F,White,1971,2022-10-12,DPT-021,ROL-022,LOC-007,EMP-01005,Active,,,,,84000,0.1,16800
EMP-00651,Ahmed Li,M,East Asian,1998,2022-01-19,DPT-010,ROL-009,LOC-002,,Terminated,2023-04-11,Involuntary,Role eliminated,No,169000,0.1,33800
EMP-00652,Tarek Li,M,South Asian,1986,2024-09-06,DPT-021,ROL-023,LOC-001,EMP-01004,Active,,,,,105000,0.1,21000
EMP-00653,Tarek Leblanc,M,Middle Eastern,1991,2023-10-12,DPT-021,ROL-025,LOC-005,EMP-01004,Active,,,,,187000,0.2,187000
EMP-00654,Benjamin Zhang,M,White,1996,2024-03-14,DPT-021,ROL-022,LOC-001,,Terminated,2025-11-05,Involuntary,Performance,No,81000,0.1,16200
EMP-00655,Tara Cohen,F,Middle Eastern,1981,2024-05-17,DPT-002,ROL-028,LOC-004,,Terminated,2025-11-20,Involuntary,Role eliminated,No,231000,0.2,231000
EMP-00656,Elijah Gagnon,M,White,1972,2020-08-19,DPT-013,ROL-012,LOC-004,EMP-00177,Active,,,,,130000,0.1,26000
EMP-00657,Wen O'Brien,F,Hispanic/Latinx,1973,2024-11-11,DPT-016,ROL-015,LOC-001,,Terminated,2025-08-26,Involuntary,Performance,No,68000,0.1,13600
EMP-00658,Hannah Wong,F,Middle Eastern,1978,2023-04-21,DPT-021,ROL-023,LOC-001,EMP-00653,Active,,,,,109000,0.1,21800
EMP-00659,Gabriel Choudhury,M,White,1990,2024-07-10,DPT-002,ROL-003,LOC-004,EMP-00434,Active,,,,,133000,0.1,26600
EMP-00660,Arjun Li,M,East Asian,2001,2026-01-09,DPT-002,ROL-003,LOC-004,EMP-00907,Active,,,,,127000,0.1,25400
EMP-00661,Felix Pereira,M,White,1982,2024-11-20,DPT-012,ROL-011,LOC-004,EMP-00480,Active,,,,,106000,0.1,21200
EMP-00662,Viktor Patel,M,White,1970,2024-02-27,DPT-020,ROL-031,LOC-001,EMP-00753,Active,,,,,179000,0.2,179000
EMP-00663,Noah Joshi,M,South Asian,1995,2024-04-06,DPT-023,ROL-022,LOC-005,EMP-00493,Active,,,,,83000,0.1,16600
EMP-00664,Camille Levesque,F,Mixed / Other,1985,2024-04-10,DPT-025,ROL-022,LOC-001,EMP-00616,Active,,,,,78000,0.1,15600
EMP-00665,Valeria Zhang,F,East Asian,1999,2025-02-16,DPT-002,ROL-001,LOC-001,EMP-00491,Active,,,,,86000,0.1,17200
EMP-00666,Isaac Hernandez,M,East Asian,2002,2023-09-21,DPT-012,ROL-010,LOC-001,EMP-00480,Active,,,,,82000,0.1,16400
EMP-00667,Yusuf Kaur,M,South Asian,1982,2023-07-21,DPT-014,ROL-013,LOC-004,EMP-00062,Active,,,,,110000,0.1,22000
EMP-00668,Olivia Nguyen,F,Mixed / Other,2001,2025-01-20,DPT-002,ROL-004,LOC-005,EMP-00907,Active,,,,,160000,0.1,80000
EMP-00669,Sofia Gupta,F,East Asian,1998,2024-08-06,DPT-020,ROL-016,LOC-003,EMP-00691,Active,,,,,92000,0.1,18400
EMP-00670,Adrian Tran,M,White,2002,2023-09-30,DPT-004,ROL-001,LOC-001,,Terminated,2026-04-27,Voluntary,Career change,No,85000,0.1,17000
EMP-00671,Nadia Iyer,F,White,1988,2024-01-25,DPT-007,ROL-002,LOC-007,EMP-00402,Active,,,,,106000,0.1,21200
EMP-00672,Ryan Chen,M,White,1974,2023-12-04,DPT-016,ROL-025,LOC-007,EMP-00379,Active,,,,,183000,0.2,183000
EMP-00673,Gabriel Lavoie,M,White,1997,2022-12-07,DPT-026,ROL-026,LOC-004,,Terminated,2024-12-25,Voluntary,Better opportunity - higher comp,No,215000,0.2,215000
EMP-00674,Liam Lee,M,Middle Eastern,2002,2025-05-16,DPT-010,ROL-008,LOC-001,EMP-00884,Active,,,,,134000,0.1,26800
EMP-00675,Amir Adebayo,M,Mixed / Other,1968,2021-02-25,DPT-013,ROL-027,LOC-004,EMP-00003,Active,,,,,272000,0.2,272000
EMP-00676,James Shah,M,Mixed / Other,1972,2025-05-09,DPT-012,ROL-013,LOC-004,EMP-00480,Active,,,,,101000,0.1,20200
EMP-00677,Isaac Kaur,M,Black,1977,2025-09-18,DPT-005,ROL-003,LOC-004,EMP-00098,Active,,,,,130000,0.1,26000
EMP-00678,Camille Taylor,F,White,1973,2024-01-26,DPT-003,ROL-002,LOC-006,EMP-01089,Active,,,,,109000,0.1,21800
EMP-00679,Sara Dubois,F,Hispanic/Latinx,1978,2026-02-05,DPT-012,ROL-014,LOC-001,EMP-00374,Active,,,,,139000,0.1,27800
EMP-00680,Daniela Okafor,F,White,1968,2022-10-17,DPT-015,ROL-012,LOC-001,EMP-00710,Active,,,,,134000,0.1,26800
EMP-00681,Sienna Nakamura,F,Black,1985,2025-07-12,DPT-020,ROL-019,LOC-001,EMP-00726,Active,,,,,81000,0.1,16200
EMP-00682,Sofia O'Brien,F,South Asian,1997,2025-09-17,DPT-022,ROL-025,LOC-006,EMP-00237,Active,,,,,190000,0.2,190000
EMP-00683,Grace Pereira,F,Mixed / Other,1980,2024-03-18,DPT-003,ROL-003,LOC-005,EMP-00305,Active,,,,,135000,0.1,27000
EMP-00684,Henry Wang,M,White,1991,2024-10-11,DPT-002,ROL-002,LOC-001,EMP-00300,Active,,,,,110000,0.1,22000
EMP-00685,Wen Ahmed,F,Black,1987,2023-01-30,DPT-009,ROL-009,LOC-001,,Terminated,2024-08-24,Voluntary,Other voluntary,No,179000,0.1,35800
EMP-00686,Jin Nakamura,M,East Asian,1975,2024-09-19,DPT-004,ROL-004,LOC-001,EMP-00494,Active,,,,,160000,0.1,80000
EMP-00687,Xavier Murphy,M,South Asian,1984,2021-11-04,DPT-003,ROL-004,LOC-001,EMP-00305,Active,,,,,169000,0.1,84500
EMP-00688,Chen Fernandez,F,White,1973,2022-01-11,DPT-024,ROL-029,LOC-003,EMP-00324,Active,,,,,227000,0.2,227000
EMP-00689,Sienna Dubois,F,South Asian,1972,2021-12-11,DPT-012,ROL-014,LOC-004,,Terminated,2022-11-26,Voluntary,Return to study,No,126000,0.1,25200
EMP-00690,Ava Liu,F,East Asian,1991,2023-05-04,DPT-023,ROL-023,LOC-002,EMP-00493,Active,,,,,111000,0.1,22200
EMP-00691,Isaac Lopez,M,East Asian,1984,2023-05-05,DPT-020,ROL-026,LOC-004,EMP-00753,Active,,,,,218000,0.2,218000
EMP-00692,Lily Patel,F,White,1979,2025-05-25,DPT-010,ROL-008,LOC-001,EMP-00884,Active,,,,,144000,0.1,28800
EMP-00693,Julia Nguyen,F,Mixed / Other,2000,2024-02-15,DPT-002,ROL-002,LOC-006,,Terminated,2024-12-24,Voluntary,Manager / culture,No,114000,0.1,22800
EMP-00694,Hugo Zhang,M,South Asian,2001,2024-06-21,DPT-017,ROL-017,LOC-003,EMP-00643,Active,,,,,116000,0.1,23200
EMP-00695,Mia MacDonald,F,Hispanic/Latinx,1975,2025-01-26,DPT-015,ROL-013,LOC-004,EMP-00710,Active,,,,,107000,0.1,21400
EMP-00696,Henry Da Silva,M,Middle Eastern,1977,2024-12-27,DPT-006,ROL-002,LOC-006,EMP-00791,Active,,,,,114000,0.1,22800
EMP-00697,Lily Lee,F,White,1969,2023-10-21,DPT-025,ROL-023,LOC-001,EMP-00298,Active,,,,,103000,0.1,20600
EMP-00698,Xavier Hernandez,M,White,1992,2023-02-06,DPT-012,ROL-011,LOC-001,EMP-00766,Active,,,,,103000,0.1,20600
EMP-00699,Mateo Tremblay,M,White,1977,2022-01-18,DPT-019,ROL-029,LOC-004,,Terminated,2025-06-17,Involuntary,Role eliminated,No,220000,0.2,220000
EMP-00700,Elijah Ibrahim,M,White,1995,2023-11-28,DPT-008,ROL-004,LOC-002,,Terminated,2025-12-23,Voluntary,Manager / culture,Yes,174000,0.1,87000
EMP-00701,Genevieve Lopez,F,Hispanic/Latinx,1988,2025-04-25,DPT-007,ROL-001,LOC-001,EMP-00402,Active,,,,,93000,0.1,18600
EMP-00702,Noah Kumar,M,White,1975,2024-07-20,DPT-019,ROL-016,LOC-005,EMP-00835,Active,,,,,97000,0.1,19400
EMP-00703,Tara Zhang,F,White,1997,2025-04-30,DPT-011,ROL-014,LOC-001,EMP-00530,Active,,,,,141000,0.1,28200
EMP-00704,Viktor Desjardins,M,White,2002,2024-01-04,DPT-003,ROL-004,LOC-006,EMP-00502,Active,,,,,157000,0.1,78500
EMP-00705,Mateo Kumar,M,White,1973,2024-07-23,DPT-020,ROL-016,LOC-003,EMP-00604,Active,,,,,96000,0.1,19200
EMP-00706,Yuki Wang,F,South Asian,1983,2022-11-24,DPT-013,ROL-031,LOC-001,,Terminated,2026-03-31,Voluntary,Career change,No,183000,0.2,183000
EMP-00707,Felix Martinez,M,Middle Eastern,1977,2026-03-14,DPT-001,ROL-004,LOC-005,EMP-00591,Active,,,,,163000,0.1,81500
EMP-00708,Zain Desjardins,M,White,1991,2025-10-19,DPT-001,ROL-028,LOC-001,EMP-00591,Active,,,,,242000,0.2,242000
EMP-00709,Pablo Leblanc,M,Black,1971,2024-01-20,DPT-021,ROL-023,LOC-006,EMP-00079,Active,,,,,106000,0.1,21200
EMP-00710,Daniela Wong,F,South Asian,1976,2022-02-19,DPT-015,ROL-031,LOC-004,EMP-00563,Active,,,,,192000,0.2,192000
EMP-00711,Daniela Choudhury,F,White,2000,2024-01-07,DPT-007,ROL-002,LOC-001,EMP-00402,Active,,,,,109000,0.1,21800
EMP-00712,Valeria Gupta,F,East Asian,1982,2024-05-08,DPT-020,ROL-019,LOC-001,EMP-00932,Active,,,,,76000,0.1,15200
EMP-00713,Yusuf Dubois,M,Black,1985,2023-02-20,DPT-026,ROL-022,LOC-001,EMP-00573,Active,,,,,81000,0.1,16200
EMP-00714,Hassan Kaur,M,South Asian,1987,2020-11-30,DPT-006,ROL-004,LOC-001,EMP-00118,Active,,,,,167000,0.1,83500
EMP-00715,Henry Ahmed,M,White,1990,2020-07-19,DPT-021,ROL-024,LOC-004,EMP-00051,Active,,,,,137000,0.1,27400
EMP-00716,Lily Iyer,F,South Asian,1991,2026-03-03,DPT-009,ROL-020,LOC-005,EMP-00950,Active,,,,,113000,0.1,22600
EMP-00717,Julia Iyer,F,South Asian,1998,2025-11-20,DPT-016,ROL-016,LOC-002,EMP-01069,Active,,,,,97000,0.1,19400
EMP-00718,Lily O'Brien,F,East Asian,1971,2024-10-25,DPT-002,ROL-002,LOC-001,EMP-00302,Active,,,,,102000,0.1,20400
EMP-00719,Aisha Liu,F,East Asian,1999,2022-07-11,DPT-023,ROL-022,LOC-001,,Terminated,2025-12-28,Voluntary,Career change,No,82000,0.1,16400
EMP-00720,Anthony Wong,M,White,2002,2024-04-24,DPT-001,ROL-005,LOC-006,EMP-00629,Active,,,,,199000,0.1,99500
EMP-00721,Isaac Morin,M,White,1996,2024-10-27,DPT-001,ROL-031,LOC-001,EMP-00591,Active,,,,,199000,0.2,199000
EMP-00722,Aanya Williams,F,White,1995,2023-08-26,DPT-009,ROL-021,LOC-001,EMP-00301,Active,,,,,138000,0.1,27600
EMP-00723,Mia Wong,F,White,1971,2021-05-24,DPT-021,ROL-033,LOC-001,,Terminated,2023-07-29,Voluntary,Retirement,No,328000,0.2,328000
EMP-00724,Grace Leblanc,F,White,1995,2023-06-25,DPT-023,ROL-022,LOC-001,EMP-01104,Active,,,,,85000,0.1,17000
EMP-00725,Noor Smith,F,Mixed / Other,1980,2025-09-07,DPT-024,ROL-030,LOC-004,EMP-00324,Active,,,,,204000,0.2,204000
EMP-00726,Jin Davis,M,Middle Eastern,1989,2025-01-22,DPT-020,ROL-025,LOC-002,EMP-00753,Active,,,,,193000,0.2,193000
EMP-00727,Rahul Singh,M,White,1979,2023-04-03,DPT-004,ROL-003,LOC-001,EMP-00380,Active,,,,,134000,0.1,26800
EMP-00728,Anika MacDonald,F,Middle Eastern,1991,2025-10-20,DPT-002,ROL-002,LOC-005,EMP-00491,Active,,,,,112000,0.1,22400
EMP-00729,Rachel Martin,F,East Asian,2001,2023-06-04,DPT-018,ROL-017,LOC-006,,Terminated,2024-04-02,Voluntary,Other voluntary,No,119000,0.1,23800
EMP-00730,Daniel MacDonald,M,White,1983,2025-10-13,DPT-018,ROL-016,LOC-003,EMP-00310,Active,,,,,93000,0.1,18600
EMP-00731,Julia Patel,F,Mixed / Other,1991,2021-09-17,DPT-023,ROL-033,LOC-001,EMP-00005,Active,,,,,299000,0.2,299000
EMP-00732,Omar Kaur,M,East Asian,1987,2024-03-17,DPT-019,ROL-015,LOC-001,EMP-00618,Active,,,,,69000,0.1,13800
EMP-00733,Catherine Yamamoto,F,White,1996,2023-05-11,DPT-010,ROL-009,LOC-001,,Terminated,2024-12-07,Involuntary,Role eliminated,No,177000,0.1,35400
EMP-00734,Anika Gagnon,F,Hispanic/Latinx,2000,2023-02-15,DPT-022,ROL-029,LOC-001,,Terminated,2024-08-24,Voluntary,Other voluntary,Yes,223000,0.2,223000
EMP-00735,Yara Hussain,F,Middle Eastern,2001,2026-02-16,DPT-010,ROL-020,LOC-004,EMP-00884,Active,,,,,107000,0.1,21400
EMP-00736,Olivia Tran,F,White,1998,2021-07-25,DPT-002,ROL-031,LOC-004,,Terminated,2022-11-18,Voluntary,Career change,No,188000,0.2,188000
EMP-00737,Layla Pereira,F,Mixed / Other,1990,2023-01-23,DPT-020,ROL-019,LOC-001,EMP-00743,Active,,,,,79000,0.1,15800
EMP-00738,Samir Joshi,M,South Asian,1982,2022-08-15,DPT-021,ROL-024,LOC-004,EMP-00051,Active,,,,,147000,0.1,29400
EMP-00739,Olivia Nakamura,F,White,1985,2024-01-27,DPT-006,ROL-006,LOC-003,EMP-00289,Active,,,,,279000,0.1,139500
EMP-00740,Elijah Adebayo,M,White,1985,2025-04-22,DPT-004,ROL-002,LOC-005,EMP-00583,Active,,,,,105000,0.1,21000
EMP-00741,Jin Pham,M,White,1968,2025-08-23,DPT-007,ROL-003,LOC-003,EMP-00539,Active,,,,,124000,0.1,24800
EMP-00742,Nadia Brown,F,White,1995,2024-07-02,DPT-023,ROL-024,LOC-003,EMP-01104,Active,,,,,133000,0.1,26600
EMP-00743,David Pereira,M,White,1999,2026-01-08,DPT-020,ROL-026,LOC-004,EMP-00753,Active,,,,,218000,0.2,218000
EMP-00744,Mia Tremblay,F,South Asian,1990,2024-09-05,DPT-001,ROL-003,LOC-001,EMP-00721,Active,,,,,124000,0.1,24800
EMP-00745,Kavya Goldberg,F,East Asian,1978,2023-12-24,DPT-004,ROL-001,LOC-004,EMP-00494,Active,,,,,92000,0.1,18400
EMP-00746,Mateo Kumar,M,East Asian,1982,2025-07-22,DPT-016,ROL-017,LOC-006,EMP-00283,Active,,,,,113000,0.1,22600
EMP-00747,Sienna Martinez,F,South Asian,2001,2024-02-22,DPT-024,ROL-028,LOC-001,,Terminated,2025-07-03,Involuntary,Performance,No,239000,0.2,239000
EMP-00748,Nadia Ibrahim,F,White,2001,2025-11-08,DPT-019,ROL-016,LOC-002,EMP-00618,Active,,,,,90000,0.1,18000
EMP-00749,Catherine Goldberg,F,South Asian,1979,2026-03-27,DPT-005,ROL-004,LOC-002,EMP-01039,Active,,,,,167000,0.1,83500
EMP-00750,James Williams,M,White,1990,2023-09-19,DPT-016,ROL-015,LOC-001,,Terminated,2024-11-17,Voluntary,Relocation / personal,No,75000,0.1,15000
EMP-00751,Isaac Mehta,M,Hispanic/Latinx,1976,2025-07-16,DPT-005,ROL-004,LOC-001,EMP-00979,Active,,,,,172000,0.1,86000
EMP-00752,Oscar Lee,M,Middle Eastern,1978,2023-03-10,DPT-023,ROL-023,LOC-001,EMP-01104,Active,,,,,114000,0.1,22800
EMP-00753,Grace Mehta,F,White,1987,2023-08-21,DPT-020,ROL-033,LOC-001,EMP-00001,Active,,,,,303000,0.2,303000
EMP-00754,Hannah Roy,F,White,1996,2024-03-27,DPT-010,ROL-008,LOC-003,EMP-00884,Active,,,,,131000,0.1,26200
EMP-00755,Fatima Da Silva,F,White,1992,2024-06-27,DPT-003,ROL-003,LOC-001,EMP-00936,Active,,,,,131000,0.1,26200
EMP-00756,Tara Davis,F,Middle Eastern,1977,2023-04-01,DPT-020,ROL-019,LOC-001,EMP-00726,Active,,,,,81000,0.1,16200
EMP-00757,Genevieve Garcia,F,Black,1983,2024-07-05,DPT-021,ROL-023,LOC-002,,Terminated,2026-05-08,Voluntary,Better opportunity - higher comp,No,103000,0.1,20600
EMP-00758,Jin Williams,M,White,1973,2026-03-28,DPT-009,ROL-029,LOC-001,EMP-00950,Active,,,,,206000,0.2,206000
EMP-00759,Jacob Tran,M,South Asian,1991,2023-04-24,DPT-019,ROL-016,LOC-001,EMP-00835,Active,,,,,88000,0.1,17600
EMP-00760,Fatima Taylor,F,White,1986,2025-01-16,DPT-022,ROL-022,LOC-001,EMP-00237,Active,,,,,85000,0.1,17000
EMP-00761,William Johnson,M,White,1996,2025-08-12,DPT-016,ROL-015,LOC-004,EMP-00849,Active,,,,,72000,0.1,14400
EMP-00762,Zain Gagnon,M,South Asian,1999,2024-05-02,DPT-001,ROL-028,LOC-007,EMP-00591,Active,,,,,222000,0.2,222000
EMP-00763,Catherine Fernandez,F,South Asian,1972,2020-09-22,DPT-023,ROL-024,LOC-004,,Terminated,2025-04-06,Voluntary,Career change,No,146000,0.1,29200
EMP-00764,Sofia Leblanc,F,White,1983,2024-07-13,DPT-014,ROL-011,LOC-001,EMP-00062,Active,,,,,110000,0.1,22000
EMP-00765,Divya Singh,F,White,1990,2024-04-10,DPT-002,ROL-003,LOC-001,,Terminated,2025-11-09,Voluntary,Better opportunity - higher comp,No,130000,0.1,26000
EMP-00766,Ethan Shah,M,White,1981,2021-06-04,DPT-012,ROL-025,LOC-001,EMP-00374,Active,,,,,193000,0.2,193000
EMP-00767,Mateo Iyer,M,Mixed / Other,2000,2023-07-11,DPT-012,ROL-011,LOC-001,EMP-00086,Active,,,,,104000,0.1,20800
EMP-00768,Fatima Brown,F,White,1974,2024-08-15,DPT-023,ROL-022,LOC-003,,Terminated,2025-11-26,Voluntary,Other voluntary,No,79000,0.1,15800
EMP-00769,Pablo Adebayo,M,East Asian,1996,2025-02-15,DPT-020,ROL-017,LOC-007,EMP-00932,Active,,,,,123000,0.1,24600
EMP-00770,Ethan Goldberg,M,South Asian,1996,2023-05-28,DPT-014,ROL-013,LOC-003,EMP-00062,Active,,,,,106000,0.1,21200
EMP-00771,Julia Lavoie,F,Indigenous,1991,2026-01-05,DPT-006,ROL-002,LOC-001,EMP-00134,Active,,,,,114000,0.1,22800
EMP-00772,Oscar Gupta,M,White,1972,2025-05-05,DPT-023,ROL-023,LOC-001,EMP-00493,Active,,,,,113000,0.1,22600
EMP-00773,Isaac Anand,M,White,1989,2022-01-04,DPT-001,ROL-027,LOC-005,EMP-00591,Active,,,,,263000,0.2,263000
EMP-00774,David Adebayo,M,South Asian,1998,2022-11-26,DPT-001,ROL-003,LOC-003,,Terminated,2025-09-06,Voluntary,Better opportunity - higher comp,Yes,135000,0.1,27000
EMP-00775,Emma Chen,F,Hispanic/Latinx,1973,2022-11-20,DPT-005,ROL-006,LOC-004,EMP-00130,Active,,,,,278000,0.1,139000
EMP-00776,Elijah Davis,M,Mixed / Other,1989,2023-05-07,DPT-001,ROL-001,LOC-001,EMP-00949,Active,,,,,91000,0.1,18200
EMP-00777,Mia Morin,F,South Asian,1973,2023-08-19,DPT-020,ROL-017,LOC-002,EMP-00608,Active,,,,,123000,0.1,24600
EMP-00778,Emma Chen,F,South Asian,1976,2025-09-23,DPT-002,ROL-003,LOC-007,EMP-00300,Active,,,,,135000,0.1,27000
EMP-00779,Mia Anand,F,Hispanic/Latinx,1984,2023-02-22,DPT-010,ROL-021,LOC-004,,Terminated,2026-02-06,Involuntary,Conduct / policy violation,No,137000,0.1,27400
EMP-00780,Camille Singh,F,Middle Eastern,2000,2024-07-13,DPT-004,ROL-002,LOC-001,EMP-00024,Active,,,,,110000,0.1,22000
EMP-00781,Julia Anand,F,White,1983,2025-05-05,DPT-024,ROL-022,LOC-004,EMP-00084,Active,,,,,87000,0.1,17400
EMP-00782,Nadia Martinez,F,South Asian,1981,2024-06-28,DPT-005,ROL-002,LOC-007,EMP-00979,Active,,,,,114000,0.1,22800
EMP-00783,Noor Ibrahim,F,South Asian,2001,2023-09-15,DPT-013,ROL-011,LOC-001,EMP-00559,Active,,,,,102000,0.1,20400
EMP-00784,Camille Martinez,F,South Asian,1993,2020-05-27,DPT-006,ROL-029,LOC-001,EMP-00289,Active,,,,,219000,0.2,219000
EMP-00785,Tarek Okafor,M,White,1986,2024-07-22,DPT-008,ROL-002,LOC-002,,Terminated,2026-05-03,Voluntary,Career change,No,102000,0.1,20400
EMP-00786,Khalid Zhang,M,White,1975,2023-08-03,DPT-026,ROL-022,LOC-007,EMP-00022,Active,,,,,85000,0.1,17000
EMP-00787,Jessica Pham,F,Hispanic/Latinx,1985,2023-07-28,DPT-012,ROL-011,LOC-003,,Terminated,2025-11-10,Voluntary,Better opportunity - growth/scope,No,110000,0.1,22000
EMP-00788,Diego Kaur,M,White,1994,2023-01-21,DPT-008,ROL-005,LOC-001,EMP-00997,Active,,,,,196000,0.1,98000
EMP-00789,Sofia Ibrahim,F,Mixed / Other,1978,2022-08-03,DPT-020,ROL-028,LOC-001,,Terminated,2023-05-20,Voluntary,Better opportunity - higher comp,Yes,244000,0.2,244000
EMP-00790,Fatima Goldberg,F,East Asian,1987,2023-02-24,DPT-020,ROL-018,LOC-007,,Terminated,2025-09-15,Voluntary,Better opportunity - growth/scope,No,62000,0.1,12400
EMP-00791,Kavya Fernandez,F,South Asian,1984,2025-12-10,DPT-006,ROL-031,LOC-001,EMP-00289,Active,,,,,190000,0.2,190000
EMP-00792,Aisha Murphy,F,White,1972,2021-04-25,DPT-011,ROL-031,LOC-001,EMP-00431,Active,,,,,182000,0.2,182000
EMP-00793,Gabriel Patel,M,White,2002,2026-01-05,DPT-003,ROL-005,LOC-005,EMP-00838,Active,,,,,209000,0.1,104500
EMP-00794,Samir Liu,M,White,1974,2025-02-09,DPT-001,ROL-001,LOC-001,EMP-01071,Active,,,,,88000,0.1,17600
EMP-00795,Mia Davis,F,South Asian,1973,2024-11-24,DPT-010,ROL-007,LOC-001,EMP-00884,Active,,,,,101000,0.1,20200
EMP-00796,Alexander Roy,M,Mixed / Other,1990,2024-04-21,DPT-005,ROL-003,LOC-006,EMP-00098,Active,,,,,132000,0.1,26400
EMP-00797,Nathan Levesque,M,South Asian,1999,2025-11-11,DPT-006,ROL-026,LOC-001,EMP-00289,Active,,,,,211000,0.2,211000
EMP-00798,Rahul Pham,M,Mixed / Other,1987,2023-02-21,DPT-006,ROL-003,LOC-004,,Terminated,2024-06-24,Voluntary,Better opportunity - higher comp,Yes,132000,0.1,26400
EMP-00799,Theo Wang,M,East Asian,1986,2024-04-09,DPT-009,ROL-020,LOC-006,EMP-00758,Active,,,,,114000,0.1,22800
EMP-00800,Liam Shah,M,White,1968,2024-06-06,DPT-011,ROL-013,LOC-005,EMP-00792,Active,,,,,103000,0.1,20600
EMP-00801,Isabella Ibrahim,F,White,1988,2025-10-07,DPT-011,ROL-013,LOC-007,EMP-00378,Active,,,,,101000,0.1,20200
EMP-00802,Ibrahim Murphy,M,White,1978,2022-05-21,DPT-023,ROL-025,LOC-004,EMP-00731,Active,,,,,187000,0.2,187000
EMP-00803,Arjun Williams,M,East Asian,1995,2025-02-06,DPT-018,ROL-017,LOC-001,EMP-00205,Active,,,,,118000,0.1,23600
EMP-00804,Tara Da Silva,F,White,1973,2023-12-11,DPT-023,ROL-024,LOC-001,EMP-00731,Active,,,,,148000,0.1,29600
EMP-00805,Tarek Liu,M,South Asian,1993,2024-07-15,DPT-020,ROL-017,LOC-001,EMP-00604,Active,,,,,112000,0.1,22400
EMP-00806,Aanya Adebayo,F,Black,2001,2023-10-04,DPT-005,ROL-002,LOC-001,EMP-00105,Active,,,,,108000,0.1,21600
EMP-00807,Divya Lavoie,F,Black,2002,2021-08-08,DPT-005,ROL-005,LOC-001,EMP-00979,Active,,,,,203000,0.1,101500
EMP-00808,Yara Iyer,F,Mixed / Other,1988,2024-06-18,DPT-001,ROL-001,LOC-005,EMP-00629,Active,,,,,90000,0.1,18000
EMP-00809,Tara Tremblay,F,East Asian,1988,2024-08-25,DPT-020,ROL-016,LOC-001,EMP-00932,Active,,,,,95000,0.1,19000
EMP-00810,Genevieve Leblanc,F,East Asian,1979,2022-08-19,DPT-001,ROL-003,LOC-001,EMP-00275,Active,,,,,137000,0.1,27400
EMP-00811,Isaac Leblanc,M,White,1981,2023-09-16,DPT-002,ROL-002,LOC-002,EMP-00214,Active,,,,,109000,0.1,21800
EMP-00812,Lily O'Brien,F,Mixed / Other,1988,2023-10-08,DPT-006,ROL-025,LOC-001,EMP-00289,Active,,,,,189000,0.2,189000
EMP-00813,Genevieve Murphy,F,South Asian,2001,2025-09-04,DPT-004,ROL-003,LOC-001,EMP-01099,Active,,,,,126000,0.1,25200
EMP-00814,Rachel Leblanc,F,East Asian,1972,2025-12-05,DPT-002,ROL-002,LOC-007,EMP-00214,Active,,,,,104000,0.1,20800
EMP-00815,Isabella Goldberg,F,White,1991,2023-05-07,DPT-016,ROL-016,LOC-004,EMP-00091,Active,,,,,91000,0.1,18200
EMP-00816,Nathan O'Brien,M,Black,1972,2023-04-30,DPT-021,ROL-023,LOC-001,EMP-00079,Active,,,,,110000,0.1,22000
EMP-00817,Adrian Roy,M,White,1993,2024-09-10,DPT-005,ROL-001,LOC-001,,Terminated,2025-08-01,Voluntary,Better opportunity - growth/scope,No,92000,0.1,18400
EMP-00818,Noah Taylor,M,South Asian,1994,2022-12-28,DPT-006,ROL-032,LOC-001,EMP-00289,Active,,,,,358000,0.2,358000
EMP-00819,Xavier Nguyen,M,South Asian,1987,2023-06-18,DPT-003,ROL-004,LOC-001,EMP-00058,Active,,,,,157000,0.1,78500
EMP-00820,Tarek Tran,M,Mixed / Other,1972,2023-11-03,DPT-021,ROL-023,LOC-002,EMP-00461,Active,,,,,112000,0.1,22400
EMP-00821,Ryan Zhang,M,White,1976,2022-12-01,DPT-004,ROL-003,LOC-006,EMP-01016,Active,,,,,133000,0.1,26600
EMP-00822,Elijah Adebayo,M,Middle Eastern,1973,2024-07-20,DPT-008,ROL-002,LOC-007,EMP-00034,Active,,,,,113000,0.1,22600
EMP-00823,Amelia Da Silva,F,White,2000,2022-10-17,DPT-012,ROL-010,LOC-001,EMP-00374,Active,,,,,78000,0.1,15600
EMP-00824,Olivia Singh,F,White,1968,2024-11-17,DPT-021,ROL-023,LOC-001,,Terminated,2026-02-21,Voluntary,Better opportunity - higher comp,Yes,112000,0.1,22400
EMP-00825,Yuki Adebayo,F,Middle Eastern,1971,2022-09-19,DPT-017,ROL-025,LOC-003,EMP-00255,Active,,,,,180000,0.2,180000
EMP-00826,Viktor Wang,M,White,1990,2024-02-26,DPT-021,ROL-023,LOC-004,EMP-00599,Active,,,,,106000,0.1,21200
EMP-00827,Omar Martinez,M,South Asian,1986,2025-03-27,DPT-002,ROL-004,LOC-004,EMP-00491,Active,,,,,173000,0.1,86500
EMP-00828,Yusuf Johnson,M,East Asian,1974,2024-08-26,DPT-001,ROL-003,LOC-005,EMP-00773,Active,,,,,135000,0.1,27000
EMP-00829,Sofia Bouchard,F,Black,1979,2024-09-05,DPT-009,ROL-009,LOC-007,EMP-00301,Active,,,,,173000,0.1,34600
EMP-00830,Khalid Joshi,M,Hispanic/Latinx,1995,2023-08-07,DPT-021,ROL-024,LOC-001,EMP-00051,Active,,,,,141000,0.1,28200
EMP-00831,Zain Gagnon,M,Black,1994,2020-08-18,DPT-012,ROL-014,LOC-004,EMP-00766,Active,,,,,135000,0.1,27000
EMP-00832,Ethan Hussain,M,South Asian,1979,2024-05-02,DPT-007,ROL-003,LOC-001,EMP-00898,Active,,,,,128000,0.1,25600
EMP-00833,Catherine Leblanc,F,South Asian,1996,2022-07-20,DPT-002,ROL-029,LOC-001,,Terminated,2023-06-30,Voluntary,Retirement,Yes,214000,0.2,214000
EMP-00834,Chen Li,M,Black,1995,2020-10-21,DPT-007,ROL-025,LOC-004,,Terminated,2022-05-27,Voluntary,Better opportunity - higher comp,No,182000,0.2,182000
EMP-00835,Amir MacDonald,M,White,1994,2025-04-10,DPT-019,ROL-025,LOC-001,EMP-00971,Active,,,,,179000,0.2,179000
EMP-00836,Camille Chen,F,Black,1984,2024-01-23,DPT-009,ROL-021,LOC-002,EMP-00301,Active,,,,,136000,0.1,27200
EMP-00837,Benjamin Dhillon,M,White,1973,2024-03-01,DPT-004,ROL-004,LOC-001,EMP-00583,Active,,,,,165000,0.1,82500
EMP-00838,Sophie Kim,F,East Asian,1975,2024-03-04,DPT-003,ROL-030,LOC-002,EMP-00515,Active,,,,,202000,0.2,202000
EMP-00839,Omar Smith,M,South Asian,1982,2025-05-31,DPT-021,ROL-022,LOC-001,EMP-00599,Active,,,,,86000,0.1,17200
EMP-00840,Nathan Sanchez,M,Hispanic/Latinx,1998,2020-11-08,DPT-026,ROL-024,LOC-001,,Terminated,2024-07-30,Voluntary,Other voluntary,No,139000,0.1,27800
EMP-00841,Aanya Joshi,F,White,1996,2023-02-10,DPT-001,ROL-030,LOC-002,,Terminated,2025-11-04,Voluntary,Better opportunity - higher comp,Yes,204000,0.2,204000
EMP-00842,Benjamin Ahmed,M,White,1999,2025-09-25,DPT-001,ROL-004,LOC-005,EMP-00721,Active,,,,,161000,0.1,80500
EMP-00843,Divya Adebayo,F,White,1983,2023-12-13,DPT-005,ROL-003,LOC-001,,Terminated,2025-10-27,Voluntary,Manager / culture,Yes,133000,0.1,26600
EMP-00844,Priya Patel,F,White,1982,2026-04-25,DPT-001,ROL-004,LOC-005,EMP-00239,Active,,,,,166000,0.1,83000
EMP-00845,Chloe Garcia,F,Black,1987,2022-08-29,DPT-004,ROL-002,LOC-004,,Terminated,2024-03-10,Voluntary,Better opportunity - higher comp,No,104000,0.1,20800
EMP-00846,Mia Murphy,F,White,2002,2021-12-21,DPT-006,ROL-028,LOC-001,EMP-00289,Active,,,,,238000,0.2,238000
EMP-00847,Sara Okafor,F,Black,1985,2024-03-06,DPT-017,ROL-029,LOC-003,EMP-00255,Active,,,,,212000,0.2,212000
EMP-00848,David Kumar,M,White,1983,2025-06-13,DPT-006,ROL-002,LOC-001,EMP-00791,Active,,,,,107000,0.1,21400
EMP-00849,Chen Chen,F,White,1969,2025-12-05,DPT-016,ROL-031,LOC-001,EMP-00379,Active,,,,,184000,0.2,184000
EMP-00850,Gabriel Wong,M,White,1985,2024-08-02,DPT-012,ROL-025,LOC-001,,Terminated,2025-04-30,Involuntary,Conduct / policy violation,No,184000,0.2,184000
EMP-00851,Yuki O'Brien,F,Mixed / Other,1989,2020-08-17,DPT-009,ROL-009,LOC-004,EMP-00758,Active,,,,,171000,0.1,34200
EMP-00852,Emma Hussain,F,South Asian,1989,2025-04-18,DPT-021,ROL-023,LOC-006,EMP-00079,Active,,,,,106000,0.1,21200
EMP-00853,Amelia Choudhury,F,East Asian,1968,2022-10-29,DPT-008,ROL-003,LOC-004,,Terminated,2026-05-08,Voluntary,Better opportunity - growth/scope,No,126000,0.1,25200
EMP-00854,Sara Shah,F,White,1977,2023-03-26,DPT-023,ROL-023,LOC-002,,Terminated,2024-08-28,Voluntary,Better opportunity - growth/scope,No,105000,0.1,21000
EMP-00855,Nathan Morin,M,East Asian,1974,2023-02-02,DPT-002,ROL-001,LOC-007,EMP-00302,Active,,,,,85000,0.1,17000
EMP-00856,Hassan Martinez,M,Mixed / Other,1985,2025-11-14,DPT-004,ROL-002,LOC-004,EMP-00380,Active,,,,,108000,0.1,21600
EMP-00857,Khalid Lopez,M,South Asian,2002,2022-06-04,DPT-004,ROL-005,LOC-001,EMP-01099,Active,,,,,202000,0.1,101000
EMP-00858,Ethan Roy,M,White,1988,2025-02-09,DPT-020,ROL-017,LOC-002,EMP-00146,Active,,,,,123000,0.1,24600
EMP-00859,Arjun Tran,M,White,1972,2024-03-06,DPT-009,ROL-020,LOC-002,EMP-00301,Active,,,,,107000,0.1,21400
EMP-00860,William Wang,M,South Asian,1979,2023-03-23,DPT-023,ROL-024,LOC-002,EMP-00731,Active,,,,,138000,0.1,27600
EMP-00861,Sara MacDonald,F,White,1972,2024-11-06,DPT-011,ROL-013,LOC-001,EMP-00530,Active,,,,,102000,0.1,20400
EMP-00862,Theo MacDonald,M,East Asian,1970,2025-05-12,DPT-016,ROL-025,LOC-004,EMP-00379,Active,,,,,178000,0.2,178000
EMP-00863,Mohammed Yamamoto,M,Mixed / Other,1979,2024-03-06,DPT-001,ROL-002,LOC-002,EMP-00275,Active,,,,,103000,0.1,20600
EMP-00864,Xavier Park,M,Middle Eastern,1970,2025-04-04,DPT-023,ROL-023,LOC-004,EMP-00493,Active,,,,,111000,0.1,22200
EMP-00865,James Roy,M,East Asian,1984,2020-09-07,DPT-006,ROL-005,LOC-001,,Terminated,2023-09-18,Voluntary,Better opportunity - growth/scope,Yes,197000,0.1,98500
EMP-00866,Aisha Murphy,F,White,1978,2023-01-02,DPT-020,ROL-019,LOC-001,EMP-00222,Active,,,,,78000,0.1,15600
EMP-00867,Zara Martin,F,White,1998,2022-05-23,DPT-003,ROL-003,LOC-001,EMP-01092,Active,,,,,123000,0.1,24600
EMP-00868,Ava Martinez,F,Black,1970,2025-03-03,DPT-023,ROL-023,LOC-004,EMP-00493,Active,,,,,113000,0.1,22600
EMP-00869,Isaac Davis,M,White,1969,2025-08-18,DPT-003,ROL-030,LOC-004,EMP-00515,Active,,,,,198000,0.2,198000
EMP-00870,Fatima MacDonald,F,White,1973,2022-08-12,DPT-016,ROL-016,LOC-001,EMP-00091,Active,,,,,92000,0.1,18400
EMP-00871,Oscar Park,M,East Asian,1980,2025-11-19,DPT-016,ROL-016,LOC-001,EMP-00381,Active,,,,,87000,0.1,17400
EMP-00872,Omar Li,M,Black,2000,2023-09-23,DPT-013,ROL-013,LOC-007,,Terminated,2024-12-16,Voluntary,Better opportunity - higher comp,No,110000,0.1,22000
EMP-00873,Mohammed Dhillon,M,South Asian,1985,2023-03-23,DPT-001,ROL-029,LOC-001,,Terminated,2025-07-11,Voluntary,Better opportunity - higher comp,No,203000,0.2,203000
EMP-00874,Wen Pham,F,White,1975,2025-05-21,DPT-006,ROL-004,LOC-001,EMP-00289,Active,,,,,160000,0.1,80000
EMP-00875,Henry Kaur,M,Mixed / Other,1987,2022-07-24,DPT-023,ROL-022,LOC-001,EMP-01104,Active,,,,,79000,0.1,15800
EMP-00876,Hugo Hernandez,M,East Asian,1982,2022-11-25,DPT-002,ROL-034,LOC-003,,Terminated,2024-08-04,Voluntary,Better opportunity - higher comp,No,288000,0.2,288000
EMP-00877,Sara Roy,F,Middle Eastern,1970,2024-06-14,DPT-005,ROL-003,LOC-005,EMP-00979,Active,,,,,127000,0.1,25400
EMP-00878,Amir MacDonald,M,White,1971,2024-05-27,DPT-013,ROL-010,LOC-002,EMP-00675,Active,,,,,78000,0.1,15600
EMP-00879,Amir Choudhury,M,Mixed / Other,2000,2024-05-17,DPT-006,ROL-003,LOC-005,EMP-00134,Active,,,,,133000,0.1,26600
EMP-00880,Liam Kim,M,Hispanic/Latinx,2002,2024-12-07,DPT-005,ROL-001,LOC-002,EMP-00105,Active,,,,,93000,0.1,18600
EMP-00881,Nathan Park,M,Hispanic/Latinx,1998,2024-10-18,DPT-007,ROL-003,LOC-002,EMP-00898,Active,,,,,130000,0.1,26000
EMP-00882,Alexander Taylor,M,South Asian,1992,2024-03-09,DPT-005,ROL-001,LOC-002,EMP-01039,Active,,,,,85000,0.1,17000
EMP-00883,Wen Dhillon,F,White,1994,2023-09-08,DPT-023,ROL-023,LOC-001,,Terminated,2025-10-03,Voluntary,Better opportunity - growth/scope,No,105000,0.1,21000
EMP-00884,Camille Zhang,F,South Asian,1992,2023-09-19,DPT-010,ROL-030,LOC-003,EMP-00002,Active,,,,,198000,0.2,198000
EMP-00885,Beatrice Goldberg,F,Mixed / Other,1989,2023-12-15,DPT-016,ROL-016,LOC-006,EMP-00381,Active,,,,,89000,0.1,17800
EMP-00886,Mei Fernandez,F,South Asian,1985,2025-08-30,DPT-008,ROL-003,LOC-003,EMP-00404,Active,,,,,129000,0.1,25800
EMP-00887,Yara Lee,F,White,1976,2021-08-30,DPT-002,ROL-005,LOC-003,,Terminated,2025-11-20,Voluntary,Manager / culture,No,203000,0.1,101500
EMP-00888,Mateo Shah,M,South Asian,1996,2025-05-08,DPT-002,ROL-002,LOC-001,EMP-00108,Active,,,,,107000,0.1,21400
EMP-00889,Elijah Roy,M,White,1989,2023-11-28,DPT-018,ROL-015,LOC-006,EMP-00096,Active,,,,,76000,0.1,15200
EMP-00890,Sara Anand,F,White,1989,2022-11-29,DPT-006,ROL-001,LOC-006,EMP-00116,Active,,,,,83000,0.1,16600
EMP-00891,Hassan Smith,M,White,1969,2025-12-23,DPT-001,ROL-004,LOC-002,EMP-00721,Active,,,,,173000,0.1,86500
EMP-00892,Camille Adebayo,F,White,1992,2022-01-30,DPT-011,ROL-012,LOC-002,EMP-00378,Active,,,,,138000,0.1,27600
EMP-00893,Zain Tremblay,M,White,1991,2022-08-02,DPT-020,ROL-015,LOC-002,EMP-00932,Active,,,,,71000,0.1,14200
EMP-00894,Omar Hernandez,M,Black,1986,2023-02-02,DPT-026,ROL-023,LOC-005,EMP-00022,Active,,,,,108000,0.1,21600
EMP-00895,Pablo Shah,M,White,1993,2023-05-04,DPT-012,ROL-013,LOC-004,EMP-00766,Active,,,,,105000,0.1,21000
EMP-00896,Valeria Williams,F,East Asian,2001,2025-09-16,DPT-011,ROL-012,LOC-004,EMP-00530,Active,,,,,130000,0.1,26000
EMP-00897,Mateo Joshi,M,White,1980,2023-10-28,DPT-024,ROL-022,LOC-001,EMP-00077,Active,,,,,84000,0.1,16800
EMP-00898,Omar Pereira,M,East Asian,1992,2022-10-06,DPT-007,ROL-028,LOC-001,EMP-00539,Active,,,,,239000,0.2,239000
EMP-00899,Hannah Fernandez,F,White,1973,2024-09-15,DPT-006,ROL-001,LOC-001,EMP-00797,Active,,,,,87000,0.1,17400
EMP-00900,Noah MacDonald,M,White,1985,2026-05-09,DPT-011,ROL-012,LOC-006,EMP-00378,Active,,,,,130000,0.1,26000
EMP-00901,Oscar Da Silva,M,White,1989,2025-12-15,DPT-002,ROL-004,LOC-001,EMP-00214,Active,,,,,164000,0.1,82000
EMP-00902,Ava Nakamura,F,East Asian,1987,2025-07-08,DPT-007,ROL-004,LOC-002,EMP-00944,Active,,,,,165000,0.1,82500
EMP-00903,Wen Park,F,White,1994,2023-09-26,DPT-009,ROL-021,LOC-006,EMP-00301,Active,,,,,141000,0.1,28200
EMP-00904,Diego Williams,M,White,2002,2022-08-19,DPT-001,ROL-004,LOC-003,,Terminated,2025-10-16,Involuntary,Role eliminated,No,173000,0.1,86500
EMP-00905,Hugo Gupta,M,Middle Eastern,1972,2024-02-25,DPT-003,ROL-002,LOC-004,EMP-00515,Active,,,,,102000,0.1,20400
EMP-00906,Lucas Morin,M,Hispanic/Latinx,1999,2024-03-02,DPT-011,ROL-010,LOC-001,,Terminated,2025-08-31,Voluntary,Manager / culture,No,78000,0.1,15600
EMP-00907,Genevieve Levesque,F,East Asian,1968,2026-03-03,DPT-002,ROL-025,LOC-004,EMP-00108,Active,,,,,184000,0.2,184000
EMP-00908,Julia Li,F,White,1975,2023-12-28,DPT-005,ROL-002,LOC-001,EMP-00979,Active,,,,,111000,0.1,22200
EMP-00909,Genevieve Desjardins,F,Black,1992,2024-10-09,DPT-026,ROL-022,LOC-002,EMP-00573,Active,,,,,84000,0.1,16800
EMP-00910,Henry Park,M,South Asian,1970,2021-10-19,DPT-006,ROL-004,LOC-005,EMP-00784,Active,,,,,165000,0.1,82500
EMP-00911,Liam Cohen,M,White,1993,2024-09-27,DPT-017,ROL-015,LOC-003,EMP-00179,Active,,,,,72000,0.1,14400
EMP-00912,Amir Ibrahim,M,South Asian,1972,2021-06-01,DPT-007,ROL-004,LOC-006,EMP-00944,Active,,,,,159000,0.1,79500
EMP-00913,Rahul Pham,M,Black,1974,2025-04-09,DPT-012,ROL-013,LOC-004,EMP-00480,Active,,,,,109000,0.1,21800
EMP-00914,Felix Da Silva,M,East Asian,1986,2023-10-07,DPT-005,ROL-003,LOC-001,EMP-00979,Active,,,,,127000,0.1,25400
EMP-00915,Grace Patel,F,Hispanic/Latinx,1968,2021-12-15,DPT-001,ROL-026,LOC-001,EMP-00591,Active,,,,,215000,0.2,215000
EMP-00916,Ryan Ibrahim,M,White,1969,2021-10-10,DPT-001,ROL-004,LOC-001,EMP-00565,Active,,,,,164000,0.1,82000
EMP-00917,Emma Li,F,White,1986,2025-06-01,DPT-012,ROL-011,LOC-001,EMP-00374,Active,,,,,101000,0.1,20200
EMP-00918,James Okafor,M,Hispanic/Latinx,1991,2022-07-01,DPT-021,ROL-023,LOC-001,EMP-01005,Active,,,,,103000,0.1,20600
EMP-00919,Jin Ahmed,M,White,1981,2023-07-25,DPT-001,ROL-002,LOC-005,EMP-00931,Active,,,,,111000,0.1,22200
EMP-00920,Noor Sanchez,F,White,1997,2025-02-17,DPT-026,ROL-024,LOC-001,EMP-00647,Active,,,,,141000,0.1,28200
EMP-00921,Kavya Da Silva,F,East Asian,1986,2022-11-18,DPT-016,ROL-017,LOC-001,,Terminated,2026-04-28,Voluntary,Manager / culture,No,112000,0.1,22400
EMP-00922,Xavier Nakamura,M,East Asian,1994,2021-12-22,DPT-026,ROL-024,LOC-001,EMP-00022,Active,,,,,148000,0.1,29600
EMP-00923,Ryan Kim,M,South Asian,1968,2024-04-04,DPT-008,ROL-003,LOC-001,EMP-00034,Active,,,,,134000,0.1,26800
EMP-00924,Isaac Taylor,M,Middle Eastern,2002,2023-08-10,DPT-013,ROL-014,LOC-001,EMP-00559,Active,,,,,125000,0.1,25000
EMP-00925,Noor Liu,F,White,1988,2024-11-06,DPT-001,ROL-001,LOC-001,EMP-00580,Active,,,,,84000,0.1,16800
EMP-00926,Jessica Choudhury,F,White,1975,2024-11-22,DPT-013,ROL-013,LOC-003,EMP-00559,Active,,,,,102000,0.1,20400
EMP-00927,Isaac Joshi,M,South Asian,1969,2024-11-23,DPT-004,ROL-004,LOC-001,EMP-00094,Active,,,,,162000,0.1,81000
EMP-00928,Viktor Nguyen,M,South Asian,1979,2023-03-09,DPT-021,ROL-023,LOC-004,,Terminated,2025-03-02,Voluntary,Other voluntary,No,104000,0.1,20800
EMP-00929,Tarek Sanchez,M,Hispanic/Latinx,1974,2025-06-27,DPT-012,ROL-011,LOC-006,EMP-00374,Active,,,,,101000,0.1,20200
EMP-00930,David Pham,M,Black,1972,2023-12-13,DPT-020,ROL-019,LOC-001,EMP-00222,Active,,,,,78000,0.1,15600
EMP-00931,Beatrice Park,F,White,2002,2021-09-04,DPT-001,ROL-028,LOC-001,EMP-00591,Active,,,,,244000,0.2,244000
EMP-00932,Carlos Lee,M,Mixed / Other,1971,2026-03-11,DPT-020,ROL-027,LOC-001,EMP-00753,Active,,,,,258000,0.2,258000
EMP-00933,Mateo Kumar,M,East Asian,2001,2025-06-15,DPT-023,ROL-022,LOC-007,EMP-00802,Active,,,,,84000,0.1,16800
EMP-00934,Layla Ahmed,F,Black,1971,2024-07-05,DPT-017,ROL-017,LOC-006,EMP-00967,Active,,,,,111000,0.1,22200
EMP-00935,Sophie Taylor,F,East Asian,1982,2024-04-21,DPT-020,ROL-019,LOC-007,EMP-00743,Active,,,,,80000,0.1,16000
EMP-00936,Chloe Li,F,East Asian,1996,2022-10-22,DPT-003,ROL-034,LOC-002,EMP-00515,Active,,,,,292000,0.2,292000
EMP-00937,Valeria Da Silva,F,Mixed / Other,1968,2023-12-29,DPT-003,ROL-001,LOC-003,EMP-01073,Active,,,,,91000,0.1,18200
EMP-00938,Zara Dubois,F,Mixed / Other,2002,2024-03-07,DPT-016,ROL-016,LOC-005,,Terminated,2025-08-25,Voluntary,Other voluntary,Yes,96000,0.1,19200
EMP-00939,Tara Adebayo,F,Black,1985,2020-07-04,DPT-001,ROL-029,LOC-001,,Terminated,2025-12-17,Voluntary,Better opportunity - growth/scope,No,208000,0.2,208000
EMP-00940,Diego Iyer,M,East Asian,1972,2025-07-20,DPT-004,ROL-004,LOC-004,EMP-00094,Active,,,,,166000,0.1,83000
EMP-00941,Sienna Wong,F,Middle Eastern,1986,2024-02-10,DPT-001,ROL-001,LOC-001,EMP-00915,Active,,,,,85000,0.1,17000
EMP-00942,Emma Sanchez,F,East Asian,1998,2023-11-21,DPT-012,ROL-031,LOC-004,EMP-00374,Active,,,,,200000,0.2,200000
EMP-00943,Khalid Murphy,M,White,1999,2026-04-22,DPT-010,ROL-009,LOC-001,EMP-00884,Active,,,,,178000,0.1,35600
EMP-00944,Beatrice Hernandez,F,Mixed / Other,1980,2021-08-25,DPT-007,ROL-025,LOC-006,EMP-00539,Active,,,,,191000,0.2,191000
EMP-00945,Camille Dhillon,F,Mixed / Other,1997,2024-10-22,DPT-001,ROL-003,LOC-003,EMP-00708,Active,,,,,134000,0.1,26800
EMP-00946,Sienna Li,F,Hispanic/Latinx,1982,2024-03-07,DPT-001,ROL-002,LOC-001,EMP-00580,Active,,,,,113000,0.1,22600
EMP-00947,Nadia Lavoie,F,White,1996,2024-01-24,DPT-020,ROL-017,LOC-005,EMP-00146,Active,,,,,116000,0.1,23200
EMP-00948,Diego Patel,M,South Asian,1993,2023-09-05,DPT-004,ROL-001,LOC-006,,Terminated,2026-02-12,Voluntary,Work-life balance / burnout,No,85000,0.1,17000
EMP-00949,Yuki Martinez,F,White,1973,2022-01-13,DPT-001,ROL-030,LOC-001,EMP-00591,Active,,,,,200000,0.2,200000
EMP-00950,Mohammed Johnson,M,White,1980,2022-05-13,DPT-009,ROL-026,LOC-004,EMP-00002,Active,,,,,225000,0.2,225000
EMP-00951,Yara Patel,F,East Asian,2000,2024-04-11,DPT-017,ROL-029,LOC-001,EMP-00255,Active,,,,,212000,0.2,212000
EMP-00952,Felix Leblanc,M,South Asian,1973,2022-09-20,DPT-020,ROL-016,LOC-001,EMP-00437,Active,,,,,87000,0.1,17400
EMP-00953,Khalid Hussain,M,Black,1970,2026-03-05,DPT-005,ROL-006,LOC-002,EMP-01039,Active,,,,,277000,0.1,138500
EMP-00954,Ahmed Nguyen,M,East Asian,1985,2023-06-10,DPT-016,ROL-017,LOC-005,EMP-00283,Active,,,,,124000,0.1,24800
EMP-00955,Nathan Leblanc,M,White,1999,2026-01-23,DPT-001,ROL-004,LOC-003,EMP-00629,Active,,,,,159000,0.1,79500
EMP-00956,Ahmed Sanchez,M,White,1981,2021-03-28,DPT-021,ROL-031,LOC-007,,Terminated,2023-07-27,Voluntary,Return to study,No,179000,0.2,179000
EMP-00957,Sara Martinez,F,East Asian,1994,2022-06-03,DPT-003,ROL-003,LOC-002,EMP-00150,Active,,,,,130000,0.1,26000
EMP-00958,Ahmed Gagnon,M,White,1992,2024-09-20,DPT-006,ROL-003,LOC-001,,Terminated,2026-01-07,Voluntary,Better opportunity - growth/scope,No,126000,0.1,25200
EMP-00959,Samir Lopez,M,Middle Eastern,1993,2020-07-16,DPT-006,ROL-005,LOC-004,EMP-00118,Active,,,,,206000,0.1,103000
EMP-00960,Chloe Mehta,F,White,1986,2025-09-30,DPT-007,ROL-003,LOC-001,EMP-00898,Active,,,,,125000,0.1,25000
EMP-00961,Beatrice Chen,F,South Asian,1986,2024-05-30,DPT-007,ROL-003,LOC-002,EMP-00532,Active,,,,,129000,0.1,25800
EMP-00962,Zara Lee,F,Black,2002,2024-06-17,DPT-023,ROL-022,LOC-006,,Terminated,2025-04-22,Voluntary,Manager / culture,No,84000,0.1,16800
EMP-00963,Valeria Goldberg,F,Mixed / Other,1990,2023-12-25,DPT-004,ROL-002,LOC-001,EMP-00494,Active,,,,,107000,0.1,21400
EMP-00964,Daniela Murphy,F,South Asian,1976,2023-08-31,DPT-015,ROL-010,LOC-004,EMP-00563,Active,,,,,79000,0.1,15800
EMP-00965,Aisha Morin,F,White,1989,2024-06-23,DPT-009,ROL-020,LOC-001,EMP-00950,Active,,,,,105000,0.1,21000
EMP-00966,Carlos Park,M,White,1979,2024-02-19,DPT-006,ROL-003,LOC-001,EMP-00791,Active,,,,,132000,0.1,26400
EMP-00967,Samir Hernandez,M,Middle Eastern,1980,2022-01-26,DPT-017,ROL-025,LOC-004,EMP-00255,Active,,,,,189000,0.2,189000
EMP-00968,Chen Fernandez,F,South Asian,1979,2023-10-01,DPT-017,ROL-015,LOC-002,EMP-00967,Active,,,,,76000,0.1,15200
EMP-00969,Wen Lavoie,F,Middle Eastern,1996,2023-09-09,DPT-020,ROL-015,LOC-001,EMP-00743,Active,,,,,74000,0.1,14800
EMP-00970,Jacob Tanaka,M,East Asian,1970,2024-12-10,DPT-019,ROL-015,LOC-004,EMP-00242,Active,,,,,71000,0.1,14200
EMP-00971,Camille Pereira,F,East Asian,1977,2023-07-28,DPT-019,ROL-027,LOC-001,EMP-00001,Active,,,,,265000,0.2,265000
EMP-00972,Gabriel Levesque,M,East Asian,1999,2024-12-10,DPT-002,ROL-003,LOC-001,EMP-00907,Active,,,,,137000,0.1,27400
EMP-00973,Jacob Anand,M,South Asian,1990,2024-04-23,DPT-005,ROL-002,LOC-001,,Terminated,2026-04-15,Voluntary,Better opportunity - higher comp,No,114000,0.1,22800
EMP-00974,Catherine MacDonald,F,South Asian,1968,2025-03-01,DPT-006,ROL-004,LOC-001,EMP-00818,Active,,,,,161000,0.1,80500
EMP-00975,Ava Chen,F,White,2000,2023-03-11,DPT-023,ROL-027,LOC-001,,Terminated,2025-03-30,Voluntary,Relocation / personal,No,283000,0.2,283000
EMP-00976,Sophie Joshi,F,South Asian,1994,2024-03-08,DPT-018,ROL-016,LOC-007,EMP-00578,Active,,,,,97000,0.1,19400
EMP-00977,Ibrahim Zhang,M,White,1974,2024-10-13,DPT-005,ROL-003,LOC-001,EMP-00105,Active,,,,,131000,0.1,26200
EMP-00978,Chen O'Brien,F,South Asian,2000,2024-10-29,DPT-018,ROL-016,LOC-001,EMP-00026,Active,,,,,96000,0.1,19200
EMP-00979,Omar Bouchard,M,White,1974,2024-03-08,DPT-005,ROL-025,LOC-001,EMP-00579,Active,,,,,184000,0.2,184000
EMP-00980,Fatima Roy,F,Mixed / Other,1987,2025-11-25,DPT-001,ROL-003,LOC-001,EMP-00931,Active,,,,,126000,0.1,25200
EMP-00981,Sienna Kaur,F,East Asian,1974,2023-09-22,DPT-016,ROL-015,LOC-001,,Terminated,2024-08-09,Voluntary,Better opportunity - higher comp,Yes,75000,0.1,15000
EMP-00982,Hugo Pham,M,White,1989,2024-01-28,DPT-007,ROL-004,LOC-004,EMP-00532,Active,,,,,173000,0.1,86500
EMP-00983,Camille Desjardins,F,White,1971,2024-10-23,DPT-009,ROL-008,LOC-001,EMP-00758,Active,,,,,137000,0.1,27400
EMP-00984,Beatrice Tran,F,South Asian,1976,2022-09-01,DPT-012,ROL-010,LOC-001,EMP-00086,Active,,,,,81000,0.1,16200
EMP-00985,Daniela Johnson,F,South Asian,1984,2024-05-12,DPT-017,ROL-016,LOC-006,EMP-00179,Active,,,,,97000,0.1,19400
EMP-00986,Daniel Taylor,M,Hispanic/Latinx,1980,2023-09-08,DPT-008,ROL-003,LOC-002,EMP-00404,Active,,,,,129000,0.1,25800
EMP-00987,Wen Choudhury,F,South Asian,1988,2025-04-15,DPT-004,ROL-002,LOC-007,EMP-00380,Active,,,,,112000,0.1,22400
EMP-00988,Ava Tremblay,F,South Asian,1988,2023-09-20,DPT-023,ROL-022,LOC-002,,Terminated,2025-10-20,Voluntary,Work-life balance / burnout,No,83000,0.1,16600
EMP-00989,Emma Dubois,F,Mixed / Other,1996,2025-02-15,DPT-016,ROL-015,LOC-001,EMP-00381,Active,,,,,69000,0.1,13800
EMP-00990,Lily Kaur,F,Mixed / Other,2001,2024-09-29,DPT-016,ROL-016,LOC-001,EMP-00672,Active,,,,,88000,0.1,17600
EMP-00991,Beatrice Tran,F,White,1976,2023-12-13,DPT-001,ROL-002,LOC-002,EMP-00239,Active,,,,,113000,0.1,22600
EMP-00992,Lucas Bouchard,M,White,1999,2023-01-03,DPT-002,ROL-003,LOC-007,,Terminated,2025-05-04,Voluntary,Career change,Yes,129000,0.1,25800
EMP-00993,Jacob Liu,M,Black,1995,2023-05-09,DPT-016,ROL-017,LOC-004,,Terminated,2025-05-24,Voluntary,Manager / culture,Yes,113000,0.1,22600
EMP-00994,Arjun Williams,M,Middle Eastern,1968,2021-08-07,DPT-003,ROL-004,LOC-004,EMP-00150,Active,,,,,171000,0.1,85500
EMP-00995,Valeria Gupta,F,White,1992,2024-10-29,DPT-006,ROL-003,LOC-001,EMP-01067,Active,,,,,128000,0.1,25600
EMP-00996,Yuki Lopez,F,South Asian,1980,2024-08-06,DPT-003,ROL-002,LOC-004,EMP-00869,Active,,,,,104000,0.1,20800
EMP-00997,Hassan Wong,M,East Asian,1982,2025-01-14,DPT-008,ROL-026,LOC-007,EMP-00404,Active,,,,,222000,0.2,222000
EMP-00998,Theo Pham,M,White,1993,2024-10-23,DPT-001,ROL-002,LOC-001,EMP-00949,Active,,,,,111000,0.1,22200
EMP-00999,Mateo Shah,M,East Asian,1992,2022-03-22,DPT-008,ROL-004,LOC-003,EMP-00997,Active,,,,,163000,0.1,81500
EMP-01000,Sophie Joshi,F,White,1973,2024-05-18,DPT-009,ROL-020,LOC-001,EMP-00758,Active,,,,,109000,0.1,21800
EMP-01001,Anthony Brown,M,East Asian,1985,2025-02-14,DPT-004,ROL-004,LOC-006,EMP-01016,Active,,,,,159000,0.1,79500
EMP-01002,Chen Martin,M,East Asian,1994,2022-09-04,DPT-003,ROL-003,LOC-001,EMP-00305,Active,,,,,130000,0.1,26000
EMP-01003,Layla Dubois,F,White,1975,2025-09-19,DPT-026,ROL-023,LOC-001,EMP-00573,Active,,,,,104000,0.1,20800
EMP-01004,Chen Smith,F,White,2002,2020-08-29,DPT-021,ROL-034,LOC-001,EMP-00005,Active,,,,,291000,0.2,291000
EMP-01005,Ava Mehta,F,South Asian,2002,2026-01-20,DPT-021,ROL-029,LOC-001,EMP-01004,Active,,,,,203000,0.2,203000
EMP-01006,Genevieve Tremblay,F,Black,1971,2025-12-18,DPT-001,ROL-003,LOC-001,EMP-00708,Active,,,,,128000,0.1,25600
EMP-01007,Liam Kaur,M,South Asian,1990,2022-09-14,DPT-002,ROL-002,LOC-004,EMP-00427,Active,,,,,114000,0.1,22800
EMP-01008,Anika Li,F,White,2001,2026-02-13,DPT-020,ROL-016,LOC-001,EMP-00726,Active,,,,,88000,0.1,17600
EMP-01009,James Dubois,M,White,2001,2023-07-16,DPT-023,ROL-024,LOC-007,,Terminated,2024-05-16,Voluntary,Work-life balance / burnout,Yes,144000,0.1,28800
EMP-01010,Zain Martinez,M,White,1994,2023-06-19,DPT-008,ROL-003,LOC-001,EMP-00997,Active,,,,,124000,0.1,24800
EMP-01011,Liam Goldberg,M,White,1994,2023-12-28,DPT-006,ROL-003,LOC-007,EMP-00846,Active,,,,,123000,0.1,24600
EMP-01012,Noah Goldberg,M,White,1997,2024-08-03,DPT-011,ROL-013,LOC-003,,Terminated,2026-03-24,Voluntary,Manager / culture,Yes,108000,0.1,21600
EMP-01013,Olivia Hussain,F,South Asian,1975,2024-07-21,DPT-002,ROL-003,LOC-003,,Terminated,2025-08-25,Voluntary,Manager / culture,No,129000,0.1,25800
EMP-01014,Chen Hussain,M,East Asian,1990,2021-08-05,DPT-024,ROL-030,LOC-004,EMP-00324,Active,,,,,205000,0.2,205000
EMP-01015,Sara Gupta,F,White,1969,2025-03-04,DPT-009,ROL-020,LOC-003,EMP-00301,Active,,,,,111000,0.1,22200
EMP-01016,Mei Martin,F,Black,1984,2021-07-15,DPT-004,ROL-031,LOC-001,EMP-00380,Active,,,,,197000,0.2,197000
EMP-01017,William Park,M,South Asian,2001,2024-02-23,DPT-023,ROL-023,LOC-004,EMP-00802,Active,,,,,114000,0.1,22800
EMP-01018,Camille Nakamura,F,White,1987,2025-03-14,DPT-003,ROL-003,LOC-004,EMP-00502,Active,,,,,135000,0.1,27000
EMP-01019,Felix Gupta,M,White,1994,2022-01-25,DPT-024,ROL-024,LOC-003,EMP-01014,Active,,,,,145000,0.1,29000
EMP-01020,Noah Tanaka,M,East Asian,1973,2023-11-28,DPT-003,ROL-003,LOC-001,EMP-00305,Active,,,,,125000,0.1,25000
EMP-01021,Alexander Lopez,M,White,1997,2023-12-21,DPT-024,ROL-023,LOC-003,EMP-00077,Active,,,,,113000,0.1,22600
EMP-01022,Gabriel Desjardins,M,White,1990,2022-06-18,DPT-020,ROL-017,LOC-001,EMP-00604,Active,,,,,119000,0.1,23800
EMP-01023,Diego Zhang,M,South Asian,1993,2025-04-09,DPT-003,ROL-003,LOC-001,EMP-00058,Active,,,,,126000,0.1,25200
EMP-01024,Emma Lavoie,F,White,1991,2024-08-13,DPT-007,ROL-002,LOC-001,EMP-00898,Active,,,,,102000,0.1,20400
EMP-01025,Mateo Lavoie,M,White,1973,2024-02-22,DPT-002,ROL-003,LOC-004,,Terminated,2025-10-25,Voluntary,Relocation / personal,Yes,126000,0.1,25200
EMP-01026,Zain Tremblay,M,Mixed / Other,1974,2021-04-12,DPT-007,ROL-005,LOC-004,EMP-00944,Active,,,,,201000,0.1,100500
EMP-01027,Henry Wang,M,White,1978,2024-01-24,DPT-003,ROL-001,LOC-001,EMP-00502,Active,,,,,89000,0.1,17800
EMP-01028,David Johnson,M,Black,1978,2025-07-30,DPT-010,ROL-008,LOC-004,EMP-00884,Active,,,,,131000,0.1,26200
EMP-01029,Emma Wang,F,White,1987,2020-05-21,DPT-015,ROL-012,LOC-003,EMP-00466,Active,,,,,140000,0.1,28000
EMP-01030,Mohammed Park,M,White,1988,2025-07-26,DPT-007,ROL-003,LOC-007,EMP-00539,Active,,,,,129000,0.1,25800
EMP-01031,Sophie Martin,F,East Asian,1998,2024-08-07,DPT-020,ROL-019,LOC-001,EMP-00691,Active,,,,,77000,0.1,15400
EMP-01032,Zain Cohen,M,Middle Eastern,1977,2024-08-27,DPT-009,ROL-007,LOC-006,EMP-00950,Active,,,,,102000,0.1,20400
EMP-01033,Sienna Zhang,F,White,1999,2020-05-15,DPT-003,ROL-004,LOC-001,EMP-00058,Active,,,,,157000,0.1,78500
EMP-01034,Emma Martinez,F,White,1984,2024-05-30,DPT-002,ROL-003,LOC-001,EMP-00434,Active,,,,,137000,0.1,27400
EMP-01035,Amir Martinez,M,White,1977,2023-08-30,DPT-007,ROL-002,LOC-006,EMP-00532,Active,,,,,114000,0.1,22800
EMP-01036,Zain Dhillon,M,East Asian,1997,2024-02-04,DPT-001,ROL-003,LOC-002,EMP-00915,Active,,,,,124000,0.1,24800
EMP-01037,Yara Okafor,F,White,1982,2025-01-20,DPT-024,ROL-023,LOC-004,EMP-01014,Active,,,,,103000,0.1,20600
EMP-01038,Mia Martin,F,East Asian,1979,2024-08-08,DPT-016,ROL-015,LOC-006,EMP-00091,Active,,,,,71000,0.1,14200
EMP-01039,Divya Singh,F,White,1974,2021-12-27,DPT-005,ROL-026,LOC-001,EMP-00579,Active,,,,,227000,0.2,227000
EMP-01040,Ethan Joshi,M,Black,1973,2021-07-11,DPT-012,ROL-014,LOC-003,,Terminated,2024-08-18,Voluntary,Manager / culture,No,137000,0.1,27400
EMP-01041,Alexander Smith,M,South Asian,1983,2024-11-03,DPT-006,ROL-002,LOC-002,,Terminated,2026-01-21,Voluntary,Relocation / personal,No,109000,0.1,21800
EMP-01042,Anthony Davis,M,White,1986,2024-08-22,DPT-007,ROL-028,LOC-004,,Terminated,2025-06-04,Voluntary,Better opportunity - growth/scope,Yes,232000,0.2,232000
EMP-01043,Olivia Singh,F,Middle Eastern,1987,2024-02-24,DPT-021,ROL-024,LOC-001,,Terminated,2025-10-30,Voluntary,Better opportunity - higher comp,No,143000,0.1,28600
EMP-01044,Pablo Garcia,M,White,2002,2021-04-10,DPT-006,ROL-005,LOC-001,EMP-00294,Active,,,,,194000,0.1,97000
EMP-01045,Hassan Shah,M,White,1983,2024-05-25,DPT-006,ROL-003,LOC-004,EMP-00846,Active,,,,,127000,0.1,25400
EMP-01046,Lily Mehta,F,Mixed / Other,1994,2025-06-05,DPT-005,ROL-002,LOC-004,EMP-00130,Active,,,,,103000,0.1,20600
EMP-01047,Fatima Leblanc,F,White,1998,2024-08-25,DPT-020,ROL-016,LOC-006,EMP-00222,Active,,,,,95000,0.1,19000
EMP-01048,Daniela Tran,F,White,1972,2024-12-08,DPT-009,ROL-007,LOC-003,EMP-00256,Active,,,,,101000,0.1,20200
EMP-01049,Aisha Williams,F,White,1982,2023-09-18,DPT-001,ROL-002,LOC-007,EMP-00565,Active,,,,,102000,0.1,20400
EMP-01050,Mohammed Roy,M,White,1975,2025-05-30,DPT-007,ROL-002,LOC-001,EMP-00402,Active,,,,,111000,0.1,22200
EMP-01051,Isabella Cohen,F,White,1975,2021-10-30,DPT-018,ROL-029,LOC-001,EMP-00554,Active,,,,,208000,0.2,208000
EMP-01052,Aaron Taylor,M,White,1988,2024-02-06,DPT-022,ROL-022,LOC-003,EMP-00682,Active,,,,,81000,0.1,16200
EMP-01053,Daniela Liu,F,White,1992,2024-11-27,DPT-020,ROL-016,LOC-006,EMP-00608,Active,,,,,91000,0.1,18200
EMP-01054,Isabella Leblanc,F,White,1997,2025-07-03,DPT-002,ROL-004,LOC-002,EMP-00371,Active,,,,,159000,0.1,79500
EMP-01055,Hugo Iyer,M,White,1987,2024-07-17,DPT-005,ROL-003,LOC-004,EMP-00098,Active,,,,,132000,0.1,26400
EMP-01056,Rachel Wang,F,East Asian,1983,2025-12-03,DPT-018,ROL-015,LOC-001,EMP-00584,Active,,,,,73000,0.1,14600
EMP-01057,Gabriel Yamamoto,M,South Asian,1973,2023-08-19,DPT-009,ROL-021,LOC-007,,Terminated,2025-09-16,Voluntary,Work-life balance / burnout,No,139000,0.1,27800
EMP-01058,David Smith,M,South Asian,1991,2024-09-13,DPT-008,ROL-003,LOC-001,,Terminated,2025-10-15,Voluntary,Better opportunity - growth/scope,No,131000,0.1,26200
EMP-01059,Omar Levesque,M,Black,1969,2024-01-30,DPT-004,ROL-003,LOC-005,EMP-00155,Active,,,,,133000,0.1,26600
EMP-01060,Noor Park,F,White,1996,2024-03-13,DPT-014,ROL-013,LOC-001,,Terminated,2025-04-25,Voluntary,Better opportunity - higher comp,No,102000,0.1,20400
EMP-01061,Lucas Nakamura,M,White,1977,2026-01-09,DPT-002,ROL-002,LOC-004,EMP-00434,Active,,,,,106000,0.1,21200
EMP-01062,Nathan Mehta,M,White,1974,2025-07-11,DPT-002,ROL-003,LOC-002,EMP-00491,Active,,,,,132000,0.1,26400
EMP-01063,Nadia Wang,F,South Asian,1973,2024-04-13,DPT-005,ROL-029,LOC-005,EMP-00579,Active,,,,,220000,0.2,220000
EMP-01064,Anika Martinez,F,White,1978,2024-08-04,DPT-013,ROL-011,LOC-004,EMP-00559,Active,,,,,107000,0.1,21400
EMP-01065,Tarek Kumar,M,White,1980,2022-08-14,DPT-016,ROL-025,LOC-006,EMP-00379,Active,,,,,178000,0.2,178000
EMP-01066,Chen Iyer,F,East Asian,1969,2022-09-29,DPT-001,ROL-004,LOC-001,EMP-00591,Active,,,,,157000,0.1,78500
EMP-01067,Rahul Patel,M,East Asian,1994,2020-07-15,DPT-006,ROL-025,LOC-001,EMP-00289,Active,,,,,192000,0.2,192000
EMP-01068,Amelia Johnson,F,Mixed / Other,1993,2023-04-11,DPT-008,ROL-003,LOC-004,EMP-00997,Active,,,,,133000,0.1,26600
EMP-01069,Oscar Park,M,White,1985,2020-08-26,DPT-016,ROL-025,LOC-004,EMP-00379,Active,,,,,184000,0.2,184000
EMP-01070,Mateo Desjardins,M,White,1984,2022-04-06,DPT-008,ROL-004,LOC-005,EMP-00997,Active,,,,,166000,0.1,83000
EMP-01071,Priya Bouchard,F,White,1984,2020-12-21,DPT-001,ROL-029,LOC-005,EMP-00591,Active,,,,,223000,0.2,223000
EMP-01072,Anika Park,F,White,1991,2023-10-06,DPT-006,ROL-002,LOC-001,,Terminated,2025-12-30,Involuntary,Performance,No,104000,0.1,20800
EMP-01073,Daniel Leblanc,M,White,1990,2021-06-16,DPT-003,ROL-026,LOC-003,EMP-00515,Active,,,,,223000,0.2,223000
EMP-01074,Yara Tanaka,F,Middle Eastern,1981,2023-12-09,DPT-007,ROL-002,LOC-001,EMP-00402,Active,,,,,110000,0.1,22000
EMP-01075,Sofia Pereira,F,South Asian,1999,2020-09-22,DPT-016,ROL-030,LOC-001,,Terminated,2022-07-07,Voluntary,Work-life balance / burnout,Yes,216000,0.2,216000
EMP-01076,Mei Martinez,F,East Asian,1973,2022-09-17,DPT-011,ROL-014,LOC-003,EMP-00378,Active,,,,,140000,0.1,28000
EMP-01077,Anthony Gagnon,M,Middle Eastern,1968,2025-07-09,DPT-016,ROL-017,LOC-003,EMP-00612,Active,,,,,114000,0.1,22800
EMP-01078,Grace Pham,F,Black,1968,2023-05-29,DPT-009,ROL-009,LOC-001,EMP-00950,Active,,,,,169000,0.1,33800
EMP-01079,Isaac Brown,M,Mixed / Other,1969,2025-10-05,DPT-002,ROL-004,LOC-001,EMP-00214,Active,,,,,164000,0.1,82000
EMP-01080,Sara Davis,F,Mixed / Other,1989,2023-02-02,DPT-022,ROL-022,LOC-007,EMP-00682,Active,,,,,85000,0.1,17000
EMP-01081,Lucas Levesque,M,White,1969,2024-05-14,DPT-008,ROL-004,LOC-002,EMP-00034,Active,,,,,164000,0.1,82000
EMP-01082,Amelia Pham,F,Mixed / Other,1975,2022-09-04,DPT-015,ROL-013,LOC-001,EMP-00563,Active,,,,,102000,0.1,20400
EMP-01083,Viktor Taylor,M,Middle Eastern,1989,2023-12-20,DPT-013,ROL-010,LOC-004,EMP-00675,Active,,,,,79000,0.1,15800
EMP-01084,Catherine Goldberg,F,South Asian,1968,2023-12-21,DPT-026,ROL-022,LOC-004,EMP-00022,Active,,,,,78000,0.1,15600
EMP-01085,Lucas MacDonald,M,White,2001,2023-06-06,DPT-009,ROL-007,LOC-004,EMP-00301,Active,,,,,97000,0.1,19400
EMP-01086,Oscar Lopez,M,White,1968,2023-09-16,DPT-017,ROL-016,LOC-001,EMP-01102,Active,,,,,97000,0.1,19400
EMP-01087,Alexander Johnson,M,White,1988,2025-02-24,DPT-001,ROL-002,LOC-006,EMP-00620,Active,,,,,107000,0.1,21400
EMP-01088,Gabriel Nguyen,M,South Asian,1980,2024-03-06,DPT-019,ROL-015,LOC-004,EMP-00422,Active,,,,,72000,0.1,14400
EMP-01089,Nathan Gupta,M,Middle Eastern,1971,2026-04-26,DPT-003,ROL-031,LOC-007,EMP-00515,Active,,,,,188000,0.2,188000
EMP-01090,Aaron Singh,M,White,1969,2024-10-29,DPT-024,ROL-023,LOC-001,EMP-00084,Active,,,,,108000,0.1,21600
EMP-01091,Tara Lavoie,F,White,1969,2024-10-04,DPT-009,ROL-025,LOC-001,,Terminated,2026-03-23,Involuntary,Conduct / policy violation,No,187000,0.2,187000
EMP-01092,Jessica Goldberg,F,White,1985,2026-02-07,DPT-003,ROL-031,LOC-005,EMP-00515,Active,,,,,201000,0.2,201000
EMP-01093,Hugo Mehta,M,White,1989,2024-09-29,DPT-004,ROL-002,LOC-001,EMP-00155,Active,,,,,104000,0.1,20800
EMP-01094,Priya Garcia,F,White,1968,2025-03-24,DPT-017,ROL-017,LOC-004,EMP-01102,Active,,,,,116000,0.1,23200
EMP-01095,Diego Goldberg,M,East Asian,1969,2023-11-15,DPT-021,ROL-023,LOC-002,EMP-01004,Active,,,,,111000,0.1,22200
EMP-01096,Tarek Kaur,M,East Asian,1980,2026-05-20,DPT-002,ROL-029,LOC-001,EMP-00108,Active,,,,,218000,0.2,218000
EMP-01097,Anthony Fernandez,M,Black,1989,2025-04-22,DPT-003,ROL-002,LOC-004,EMP-00936,Active,,,,,105000,0.1,21000
EMP-01098,Fatima Yamamoto,F,Middle Eastern,1989,2023-07-31,DPT-016,ROL-017,LOC-002,EMP-00672,Active,,,,,113000,0.1,22600
EMP-01099,Yara Joshi,F,Mixed / Other,1971,2025-12-11,DPT-004,ROL-028,LOC-002,EMP-00380,Active,,,,,223000,0.2,223000
EMP-01100,Priya Johnson,F,South Asian,1979,2024-11-24,DPT-020,ROL-015,LOC-001,EMP-00608,Active,,,,,75000,0.1,15000
EMP-01101,Zain Roy,M,Hispanic/Latinx,1971,2025-01-26,DPT-021,ROL-023,LOC-004,EMP-00599,Active,,,,,110000,0.1,22000
EMP-01102,Divya Dubois,F,White,2000,2024-07-18,DPT-017,ROL-025,LOC-001,EMP-00255,Active,,,,,195000,0.2,195000
EMP-01103,Chen Goldberg,M,White,1974,2024-09-06,DPT-001,ROL-006,LOC-002,,Terminated,2026-04-10,Voluntary,Other voluntary,No,268000,0.1,134000
EMP-01104,Valeria Wang,F,White,1990,2024-12-03,DPT-023,ROL-025,LOC-001,EMP-00731,Active,,,,,192000,0.2,192000
