date,year,quarter,month_num,day,year_month,year_quarter,day_name,month_name,iso_week,is_weekend
2022-01-01,2022,1,1,1,2022-01,2022-Q1,Saturday,January,52,Yes
2022-01-02,2022,1,1,2,2022-01,2022-Q1,Sunday,January,52,Yes
2022-01-03,2022,1,1,3,2022-01,2022-Q1,Monday,January,1,No
2022-01-04,2022,1,1,4,2022-01,2022-Q1,Tuesday,January,1,No
2022-01-05,2022,1,1,5,2022-01,2022-Q1,Wednesday,January,1,No
2022-01-06,2022,1,1,6,2022-01,2022-Q1,Thursday,January,1,No
2022-01-07,2022,1,1,7,2022-01,2022-Q1,Friday,January,1,No
2022-01-08,2022,1,1,8,2022-01,2022-Q1,Saturday,January,1,Yes
2022-01-09,2022,1,1,9,2022-01,2022-Q1,Sunday,January,1,Yes
2022-01-10,2022,1,1,10,2022-01,2022-Q1,Monday,January,2,No
2022-01-11,2022,1,1,11,2022-01,2022-Q1,Tuesday,January,2,No
2022-01-12,2022,1,1,12,2022-01,2022-Q1,Wednesday,January,2,No
2022-01-13,2022,1,1,13,2022-01,2022-Q1,Thursday,January,2,No
2022-01-14,2022,1,1,14,2022-01,2022-Q1,Friday,January,2,No
2022-01-15,2022,1,1,15,2022-01,2022-Q1,Saturday,January,2,Yes
2022-01-16,2022,1,1,16,2022-01,2022-Q1,Sunday,January,2,Yes
2022-01-17,2022,1,1,17,2022-01,2022-Q1,Monday,January,3,No
2022-01-18,2022,1,1,18,2022-01,2022-Q1,Tuesday,January,3,No
2022-01-19,2022,1,1,19,2022-01,2022-Q1,Wednesday,January,3,No
2022-01-20,2022,1,1,20,2022-01,2022-Q1,Thursday,January,3,No
2022-01-21,2022,1,1,21,2022-01,2022-Q1,Friday,January,3,No
2022-01-22,2022,1,1,22,2022-01,2022-Q1,Saturday,January,3,Yes
2022-01-23,2022,1,1,23,2022-01,2022-Q1,Sunday,January,3,Yes
2022-01-24,2022,1,1,24,2022-01,2022-Q1,Monday,January,4,No
2022-01-25,2022,1,1,25,2022-01,2022-Q1,Tuesday,January,4,No
2022-01-26,2022,1,1,26,2022-01,2022-Q1,Wednesday,January,4,No
2022-01-27,2022,1,1,27,2022-01,2022-Q1,Thursday,January,4,No
2022-01-28,2022,1,1,28,2022-01,2022-Q1,Friday,January,4,No
2022-01-29,2022,1,1,29,2022-01,2022-Q1,Saturday,January,4,Yes
2022-01-30,2022,1,1,30,2022-01,2022-Q1,Sunday,January,4,Yes
2022-01-31,2022,1,1,31,2022-01,2022-Q1,Monday,January,5,No
2022-02-01,2022,1,2,1,2022-02,2022-Q1,Tuesday,February,5,No
2022-02-02,2022,1,2,2,2022-02,2022-Q1,Wednesday,February,5,No
2022-02-03,2022,1,2,3,2022-02,2022-Q1,Thursday,February,5,No
2022-02-04,2022,1,2,4,2022-02,2022-Q1,Friday,February,5,No
2022-02-05,2022,1,2,5,2022-02,2022-Q1,Saturday,February,5,Yes
2022-02-06,2022,1,2,6,2022-02,2022-Q1,Sunday,February,5,Yes
2022-02-07,2022,1,2,7,2022-02,2022-Q1,Monday,February,6,No
2022-02-08,2022,1,2,8,2022-02,2022-Q1,Tuesday,February,6,No
2022-02-09,2022,1,2,9,2022-02,2022-Q1,Wednesday,February,6,No
2022-02-10,2022,1,2,10,2022-02,2022-Q1,Thursday,February,6,No
2022-02-11,2022,1,2,11,2022-02,2022-Q1,Friday,February,6,No
2022-02-12,2022,1,2,12,2022-02,2022-Q1,Saturday,February,6,Yes
2022-02-13,2022,1,2,13,2022-02,2022-Q1,Sunday,February,6,Yes
2022-02-14,2022,1,2,14,2022-02,2022-Q1,Monday,February,7,No
2022-02-15,2022,1,2,15,2022-02,2022-Q1,Tuesday,February,7,No
2022-02-16,2022,1,2,16,2022-02,2022-Q1,Wednesday,February,7,No
2022-02-17,2022,1,2,17,2022-02,2022-Q1,Thursday,February,7,No
2022-02-18,2022,1,2,18,2022-02,2022-Q1,Friday,February,7,No
2022-02-19,2022,1,2,19,2022-02,2022-Q1,Saturday,February,7,Yes
2022-02-20,2022,1,2,20,2022-02,2022-Q1,Sunday,February,7,Yes
2022-02-21,2022,1,2,21,2022-02,2022-Q1,Monday,February,8,No
2022-02-22,2022,1,2,22,2022-02,2022-Q1,Tuesday,February,8,No
2022-02-23,2022,1,2,23,2022-02,2022-Q1,Wednesday,February,8,No
2022-02-24,2022,1,2,24,2022-02,2022-Q1,Thursday,February,8,No
2022-02-25,2022,1,2,25,2022-02,2022-Q1,Friday,February,8,No
2022-02-26,2022,1,2,26,2022-02,2022-Q1,Saturday,February,8,Yes
2022-02-27,2022,1,2,27,2022-02,2022-Q1,Sunday,February,8,Yes
2022-02-28,2022,1,2,28,2022-02,2022-Q1,Monday,February,9,No
2022-03-01,2022,1,3,1,2022-03,2022-Q1,Tuesday,March,9,No
2022-03-02,2022,1,3,2,2022-03,2022-Q1,Wednesday,March,9,No
2022-03-03,2022,1,3,3,2022-03,2022-Q1,Thursday,March,9,No
2022-03-04,2022,1,3,4,2022-03,2022-Q1,Friday,March,9,No
2022-03-05,2022,1,3,5,2022-03,2022-Q1,Saturday,March,9,Yes
2022-03-06,2022,1,3,6,2022-03,2022-Q1,Sunday,March,9,Yes
2022-03-07,2022,1,3,7,2022-03,2022-Q1,Monday,March,10,No
2022-03-08,2022,1,3,8,2022-03,2022-Q1,Tuesday,March,10,No
2022-03-09,2022,1,3,9,2022-03,2022-Q1,Wednesday,March,10,No
2022-03-10,2022,1,3,10,2022-03,2022-Q1,Thursday,March,10,No
2022-03-11,2022,1,3,11,2022-03,2022-Q1,Friday,March,10,No
2022-03-12,2022,1,3,12,2022-03,2022-Q1,Saturday,March,10,Yes
2022-03-13,2022,1,3,13,2022-03,2022-Q1,Sunday,March,10,Yes
2022-03-14,2022,1,3,14,2022-03,2022-Q1,Monday,March,11,No
2022-03-15,2022,1,3,15,2022-03,2022-Q1,Tuesday,March,11,No
2022-03-16,2022,1,3,16,2022-03,2022-Q1,Wednesday,March,11,No
2022-03-17,2022,1,3,17,2022-03,2022-Q1,Thursday,March,11,No
2022-03-18,2022,1,3,18,2022-03,2022-Q1,Friday,March,11,No
2022-03-19,2022,1,3,19,2022-03,2022-Q1,Saturday,March,11,Yes
2022-03-20,2022,1,3,20,2022-03,2022-Q1,Sunday,March,11,Yes
2022-03-21,2022,1,3,21,2022-03,2022-Q1,Monday,March,12,No
2022-03-22,2022,1,3,22,2022-03,2022-Q1,Tuesday,March,12,No
2022-03-23,2022,1,3,23,2022-03,2022-Q1,Wednesday,March,12,No
2022-03-24,2022,1,3,24,2022-03,2022-Q1,Thursday,March,12,No
2022-03-25,2022,1,3,25,2022-03,2022-Q1,Friday,March,12,No
2022-03-26,2022,1,3,26,2022-03,2022-Q1,Saturday,March,12,Yes
2022-03-27,2022,1,3,27,2022-03,2022-Q1,Sunday,March,12,Yes
2022-03-28,2022,1,3,28,2022-03,2022-Q1,Monday,March,13,No
2022-03-29,2022,1,3,29,2022-03,2022-Q1,Tuesday,March,13,No
2022-03-30,2022,1,3,30,2022-03,2022-Q1,Wednesday,March,13,No
2022-03-31,2022,1,3,31,2022-03,2022-Q1,Thursday,March,13,No
2022-04-01,2022,2,4,1,2022-04,2022-Q2,Friday,April,13,No
2022-04-02,2022,2,4,2,2022-04,2022-Q2,Saturday,April,13,Yes
2022-04-03,2022,2,4,3,2022-04,2022-Q2,Sunday,April,13,Yes
2022-04-04,2022,2,4,4,2022-04,2022-Q2,Monday,April,14,No
2022-04-05,2022,2,4,5,2022-04,2022-Q2,Tuesday,April,14,No
2022-04-06,2022,2,4,6,2022-04,2022-Q2,Wednesday,April,14,No
2022-04-07,2022,2,4,7,2022-04,2022-Q2,Thursday,April,14,No
2022-04-08,2022,2,4,8,2022-04,2022-Q2,Friday,April,14,No
2022-04-09,2022,2,4,9,2022-04,2022-Q2,Saturday,April,14,Yes
2022-04-10,2022,2,4,10,2022-04,2022-Q2,Sunday,April,14,Yes
2022-04-11,2022,2,4,11,2022-04,2022-Q2,Monday,April,15,No
2022-04-12,2022,2,4,12,2022-04,2022-Q2,Tuesday,April,15,No
2022-04-13,2022,2,4,13,2022-04,2022-Q2,Wednesday,April,15,No
2022-04-14,2022,2,4,14,2022-04,2022-Q2,Thursday,April,15,No
2022-04-15,2022,2,4,15,2022-04,2022-Q2,Friday,April,15,No
2022-04-16,2022,2,4,16,2022-04,2022-Q2,Saturday,April,15,Yes
2022-04-17,2022,2,4,17,2022-04,2022-Q2,Sunday,April,15,Yes
2022-04-18,2022,2,4,18,2022-04,2022-Q2,Monday,April,16,No
2022-04-19,2022,2,4,19,2022-04,2022-Q2,Tuesday,April,16,No
2022-04-20,2022,2,4,20,2022-04,2022-Q2,Wednesday,April,16,No
2022-04-21,2022,2,4,21,2022-04,2022-Q2,Thursday,April,16,No
2022-04-22,2022,2,4,22,2022-04,2022-Q2,Friday,April,16,No
2022-04-23,2022,2,4,23,2022-04,2022-Q2,Saturday,April,16,Yes
2022-04-24,2022,2,4,24,2022-04,2022-Q2,Sunday,April,16,Yes
2022-04-25,2022,2,4,25,2022-04,2022-Q2,Monday,April,17,No
2022-04-26,2022,2,4,26,2022-04,2022-Q2,Tuesday,April,17,No
2022-04-27,2022,2,4,27,2022-04,2022-Q2,Wednesday,April,17,No
2022-04-28,2022,2,4,28,2022-04,2022-Q2,Thursday,April,17,No
2022-04-29,2022,2,4,29,2022-04,2022-Q2,Friday,April,17,No
2022-04-30,2022,2,4,30,2022-04,2022-Q2,Saturday,April,17,Yes
2022-05-01,2022,2,5,1,2022-05,2022-Q2,Sunday,May,17,Yes
2022-05-02,2022,2,5,2,2022-05,2022-Q2,Monday,May,18,No
2022-05-03,2022,2,5,3,2022-05,2022-Q2,Tuesday,May,18,No
2022-05-04,2022,2,5,4,2022-05,2022-Q2,Wednesday,May,18,No
2022-05-05,2022,2,5,5,2022-05,2022-Q2,Thursday,May,18,No
2022-05-06,2022,2,5,6,2022-05,2022-Q2,Friday,May,18,No
2022-05-07,2022,2,5,7,2022-05,2022-Q2,Saturday,May,18,Yes
2022-05-08,2022,2,5,8,2022-05,2022-Q2,Sunday,May,18,Yes
2022-05-09,2022,2,5,9,2022-05,2022-Q2,Monday,May,19,No
2022-05-10,2022,2,5,10,2022-05,2022-Q2,Tuesday,May,19,No
2022-05-11,2022,2,5,11,2022-05,2022-Q2,Wednesday,May,19,No
2022-05-12,2022,2,5,12,2022-05,2022-Q2,Thursday,May,19,No
2022-05-13,2022,2,5,13,2022-05,2022-Q2,Friday,May,19,No
2022-05-14,2022,2,5,14,2022-05,2022-Q2,Saturday,May,19,Yes
2022-05-15,2022,2,5,15,2022-05,2022-Q2,Sunday,May,19,Yes
2022-05-16,2022,2,5,16,2022-05,2022-Q2,Monday,May,20,No
2022-05-17,2022,2,5,17,2022-05,2022-Q2,Tuesday,May,20,No
2022-05-18,2022,2,5,18,2022-05,2022-Q2,Wednesday,May,20,No
2022-05-19,2022,2,5,19,2022-05,2022-Q2,Thursday,May,20,No
2022-05-20,2022,2,5,20,2022-05,2022-Q2,Friday,May,20,No
2022-05-21,2022,2,5,21,2022-05,2022-Q2,Saturday,May,20,Yes
2022-05-22,2022,2,5,22,2022-05,2022-Q2,Sunday,May,20,Yes
2022-05-23,2022,2,5,23,2022-05,2022-Q2,Monday,May,21,No
2022-05-24,2022,2,5,24,2022-05,2022-Q2,Tuesday,May,21,No
2022-05-25,2022,2,5,25,2022-05,2022-Q2,Wednesday,May,21,No
2022-05-26,2022,2,5,26,2022-05,2022-Q2,Thursday,May,21,No
2022-05-27,2022,2,5,27,2022-05,2022-Q2,Friday,May,21,No
2022-05-28,2022,2,5,28,2022-05,2022-Q2,Saturday,May,21,Yes
2022-05-29,2022,2,5,29,2022-05,2022-Q2,Sunday,May,21,Yes
2022-05-30,2022,2,5,30,2022-05,2022-Q2,Monday,May,22,No
2022-05-31,2022,2,5,31,2022-05,2022-Q2,Tuesday,May,22,No
2022-06-01,2022,2,6,1,2022-06,2022-Q2,Wednesday,June,22,No
2022-06-02,2022,2,6,2,2022-06,2022-Q2,Thursday,June,22,No
2022-06-03,2022,2,6,3,2022-06,2022-Q2,Friday,June,22,No
2022-06-04,2022,2,6,4,2022-06,2022-Q2,Saturday,June,22,Yes
2022-06-05,2022,2,6,5,2022-06,2022-Q2,Sunday,June,22,Yes
2022-06-06,2022,2,6,6,2022-06,2022-Q2,Monday,June,23,No
2022-06-07,2022,2,6,7,2022-06,2022-Q2,Tuesday,June,23,No
2022-06-08,2022,2,6,8,2022-06,2022-Q2,Wednesday,June,23,No
2022-06-09,2022,2,6,9,2022-06,2022-Q2,Thursday,June,23,No
2022-06-10,2022,2,6,10,2022-06,2022-Q2,Friday,June,23,No
2022-06-11,2022,2,6,11,2022-06,2022-Q2,Saturday,June,23,Yes
2022-06-12,2022,2,6,12,2022-06,2022-Q2,Sunday,June,23,Yes
2022-06-13,2022,2,6,13,2022-06,2022-Q2,Monday,June,24,No
2022-06-14,2022,2,6,14,2022-06,2022-Q2,Tuesday,June,24,No
2022-06-15,2022,2,6,15,2022-06,2022-Q2,Wednesday,June,24,No
2022-06-16,2022,2,6,16,2022-06,2022-Q2,Thursday,June,24,No
2022-06-17,2022,2,6,17,2022-06,2022-Q2,Friday,June,24,No
2022-06-18,2022,2,6,18,2022-06,2022-Q2,Saturday,June,24,Yes
2022-06-19,2022,2,6,19,2022-06,2022-Q2,Sunday,June,24,Yes
2022-06-20,2022,2,6,20,2022-06,2022-Q2,Monday,June,25,No
2022-06-21,2022,2,6,21,2022-06,2022-Q2,Tuesday,June,25,No
2022-06-22,2022,2,6,22,2022-06,2022-Q2,Wednesday,June,25,No
2022-06-23,2022,2,6,23,2022-06,2022-Q2,Thursday,June,25,No
2022-06-24,2022,2,6,24,2022-06,2022-Q2,Friday,June,25,No
2022-06-25,2022,2,6,25,2022-06,2022-Q2,Saturday,June,25,Yes
2022-06-26,2022,2,6,26,2022-06,2022-Q2,Sunday,June,25,Yes
2022-06-27,2022,2,6,27,2022-06,2022-Q2,Monday,June,26,No
2022-06-28,2022,2,6,28,2022-06,2022-Q2,Tuesday,June,26,No
2022-06-29,2022,2,6,29,2022-06,2022-Q2,Wednesday,June,26,No
2022-06-30,2022,2,6,30,2022-06,2022-Q2,Thursday,June,26,No
2022-07-01,2022,3,7,1,2022-07,2022-Q3,Friday,July,26,No
2022-07-02,2022,3,7,2,2022-07,2022-Q3,Saturday,July,26,Yes
2022-07-03,2022,3,7,3,2022-07,2022-Q3,Sunday,July,26,Yes
2022-07-04,2022,3,7,4,2022-07,2022-Q3,Monday,July,27,No
2022-07-05,2022,3,7,5,2022-07,2022-Q3,Tuesday,July,27,No
2022-07-06,2022,3,7,6,2022-07,2022-Q3,Wednesday,July,27,No
2022-07-07,2022,3,7,7,2022-07,2022-Q3,Thursday,July,27,No
2022-07-08,2022,3,7,8,2022-07,2022-Q3,Friday,July,27,No
2022-07-09,2022,3,7,9,2022-07,2022-Q3,Saturday,July,27,Yes
2022-07-10,2022,3,7,10,2022-07,2022-Q3,Sunday,July,27,Yes
2022-07-11,2022,3,7,11,2022-07,2022-Q3,Monday,July,28,No
2022-07-12,2022,3,7,12,2022-07,2022-Q3,Tuesday,July,28,No
2022-07-13,2022,3,7,13,2022-07,2022-Q3,Wednesday,July,28,No
2022-07-14,2022,3,7,14,2022-07,2022-Q3,Thursday,July,28,No
2022-07-15,2022,3,7,15,2022-07,2022-Q3,Friday,July,28,No
2022-07-16,2022,3,7,16,2022-07,2022-Q3,Saturday,July,28,Yes
2022-07-17,2022,3,7,17,2022-07,2022-Q3,Sunday,July,28,Yes
2022-07-18,2022,3,7,18,2022-07,2022-Q3,Monday,July,29,No
2022-07-19,2022,3,7,19,2022-07,2022-Q3,Tuesday,July,29,No
2022-07-20,2022,3,7,20,2022-07,2022-Q3,Wednesday,July,29,No
2022-07-21,2022,3,7,21,2022-07,2022-Q3,Thursday,July,29,No
2022-07-22,2022,3,7,22,2022-07,2022-Q3,Friday,July,29,No
2022-07-23,2022,3,7,23,2022-07,2022-Q3,Saturday,July,29,Yes
2022-07-24,2022,3,7,24,2022-07,2022-Q3,Sunday,July,29,Yes
2022-07-25,2022,3,7,25,2022-07,2022-Q3,Monday,July,30,No
2022-07-26,2022,3,7,26,2022-07,2022-Q3,Tuesday,July,30,No
2022-07-27,2022,3,7,27,2022-07,2022-Q3,Wednesday,July,30,No
2022-07-28,2022,3,7,28,2022-07,2022-Q3,Thursday,July,30,No
2022-07-29,2022,3,7,29,2022-07,2022-Q3,Friday,July,30,No
2022-07-30,2022,3,7,30,2022-07,2022-Q3,Saturday,July,30,Yes
2022-07-31,2022,3,7,31,2022-07,2022-Q3,Sunday,July,30,Yes
2022-08-01,2022,3,8,1,2022-08,2022-Q3,Monday,August,31,No
2022-08-02,2022,3,8,2,2022-08,2022-Q3,Tuesday,August,31,No
2022-08-03,2022,3,8,3,2022-08,2022-Q3,Wednesday,August,31,No
2022-08-04,2022,3,8,4,2022-08,2022-Q3,Thursday,August,31,No
2022-08-05,2022,3,8,5,2022-08,2022-Q3,Friday,August,31,No
2022-08-06,2022,3,8,6,2022-08,2022-Q3,Saturday,August,31,Yes
2022-08-07,2022,3,8,7,2022-08,2022-Q3,Sunday,August,31,Yes
2022-08-08,2022,3,8,8,2022-08,2022-Q3,Monday,August,32,No
2022-08-09,2022,3,8,9,2022-08,2022-Q3,Tuesday,August,32,No
2022-08-10,2022,3,8,10,2022-08,2022-Q3,Wednesday,August,32,No
2022-08-11,2022,3,8,11,2022-08,2022-Q3,Thursday,August,32,No
2022-08-12,2022,3,8,12,2022-08,2022-Q3,Friday,August,32,No
2022-08-13,2022,3,8,13,2022-08,2022-Q3,Saturday,August,32,Yes
2022-08-14,2022,3,8,14,2022-08,2022-Q3,Sunday,August,32,Yes
2022-08-15,2022,3,8,15,2022-08,2022-Q3,Monday,August,33,No
2022-08-16,2022,3,8,16,2022-08,2022-Q3,Tuesday,August,33,No
2022-08-17,2022,3,8,17,2022-08,2022-Q3,Wednesday,August,33,No
2022-08-18,2022,3,8,18,2022-08,2022-Q3,Thursday,August,33,No
2022-08-19,2022,3,8,19,2022-08,2022-Q3,Friday,August,33,No
2022-08-20,2022,3,8,20,2022-08,2022-Q3,Saturday,August,33,Yes
2022-08-21,2022,3,8,21,2022-08,2022-Q3,Sunday,August,33,Yes
2022-08-22,2022,3,8,22,2022-08,2022-Q3,Monday,August,34,No
2022-08-23,2022,3,8,23,2022-08,2022-Q3,Tuesday,August,34,No
2022-08-24,2022,3,8,24,2022-08,2022-Q3,Wednesday,August,34,No
2022-08-25,2022,3,8,25,2022-08,2022-Q3,Thursday,August,34,No
2022-08-26,2022,3,8,26,2022-08,2022-Q3,Friday,August,34,No
2022-08-27,2022,3,8,27,2022-08,2022-Q3,Saturday,August,34,Yes
2022-08-28,2022,3,8,28,2022-08,2022-Q3,Sunday,August,34,Yes
2022-08-29,2022,3,8,29,2022-08,2022-Q3,Monday,August,35,No
2022-08-30,2022,3,8,30,2022-08,2022-Q3,Tuesday,August,35,No
2022-08-31,2022,3,8,31,2022-08,2022-Q3,Wednesday,August,35,No
2022-09-01,2022,3,9,1,2022-09,2022-Q3,Thursday,September,35,No
2022-09-02,2022,3,9,2,2022-09,2022-Q3,Friday,September,35,No
2022-09-03,2022,3,9,3,2022-09,2022-Q3,Saturday,September,35,Yes
2022-09-04,2022,3,9,4,2022-09,2022-Q3,Sunday,September,35,Yes
2022-09-05,2022,3,9,5,2022-09,2022-Q3,Monday,September,36,No
2022-09-06,2022,3,9,6,2022-09,2022-Q3,Tuesday,September,36,No
2022-09-07,2022,3,9,7,2022-09,2022-Q3,Wednesday,September,36,No
2022-09-08,2022,3,9,8,2022-09,2022-Q3,Thursday,September,36,No
2022-09-09,2022,3,9,9,2022-09,2022-Q3,Friday,September,36,No
2022-09-10,2022,3,9,10,2022-09,2022-Q3,Saturday,September,36,Yes
2022-09-11,2022,3,9,11,2022-09,2022-Q3,Sunday,September,36,Yes
2022-09-12,2022,3,9,12,2022-09,2022-Q3,Monday,September,37,No
2022-09-13,2022,3,9,13,2022-09,2022-Q3,Tuesday,September,37,No
2022-09-14,2022,3,9,14,2022-09,2022-Q3,Wednesday,September,37,No
2022-09-15,2022,3,9,15,2022-09,2022-Q3,Thursday,September,37,No
2022-09-16,2022,3,9,16,2022-09,2022-Q3,Friday,September,37,No
2022-09-17,2022,3,9,17,2022-09,2022-Q3,Saturday,September,37,Yes
2022-09-18,2022,3,9,18,2022-09,2022-Q3,Sunday,September,37,Yes
2022-09-19,2022,3,9,19,2022-09,2022-Q3,Monday,September,38,No
2022-09-20,2022,3,9,20,2022-09,2022-Q3,Tuesday,September,38,No
2022-09-21,2022,3,9,21,2022-09,2022-Q3,Wednesday,September,38,No
2022-09-22,2022,3,9,22,2022-09,2022-Q3,Thursday,September,38,No
2022-09-23,2022,3,9,23,2022-09,2022-Q3,Friday,September,38,No
2022-09-24,2022,3,9,24,2022-09,2022-Q3,Saturday,September,38,Yes
2022-09-25,2022,3,9,25,2022-09,2022-Q3,Sunday,September,38,Yes
2022-09-26,2022,3,9,26,2022-09,2022-Q3,Monday,September,39,No
2022-09-27,2022,3,9,27,2022-09,2022-Q3,Tuesday,September,39,No
2022-09-28,2022,3,9,28,2022-09,2022-Q3,Wednesday,September,39,No
2022-09-29,2022,3,9,29,2022-09,2022-Q3,Thursday,September,39,No
2022-09-30,2022,3,9,30,2022-09,2022-Q3,Friday,September,39,No
2022-10-01,2022,4,10,1,2022-10,2022-Q4,Saturday,October,39,Yes
2022-10-02,2022,4,10,2,2022-10,2022-Q4,Sunday,October,39,Yes
2022-10-03,2022,4,10,3,2022-10,2022-Q4,Monday,October,40,No
2022-10-04,2022,4,10,4,2022-10,2022-Q4,Tuesday,October,40,No
2022-10-05,2022,4,10,5,2022-10,2022-Q4,Wednesday,October,40,No
2022-10-06,2022,4,10,6,2022-10,2022-Q4,Thursday,October,40,No
2022-10-07,2022,4,10,7,2022-10,2022-Q4,Friday,October,40,No
2022-10-08,2022,4,10,8,2022-10,2022-Q4,Saturday,October,40,Yes
2022-10-09,2022,4,10,9,2022-10,2022-Q4,Sunday,October,40,Yes
2022-10-10,2022,4,10,10,2022-10,2022-Q4,Monday,October,41,No
2022-10-11,2022,4,10,11,2022-10,2022-Q4,Tuesday,October,41,No
2022-10-12,2022,4,10,12,2022-10,2022-Q4,Wednesday,October,41,No
2022-10-13,2022,4,10,13,2022-10,2022-Q4,Thursday,October,41,No
2022-10-14,2022,4,10,14,2022-10,2022-Q4,Friday,October,41,No
2022-10-15,2022,4,10,15,2022-10,2022-Q4,Saturday,October,41,Yes
2022-10-16,2022,4,10,16,2022-10,2022-Q4,Sunday,October,41,Yes
2022-10-17,2022,4,10,17,2022-10,2022-Q4,Monday,October,42,No
2022-10-18,2022,4,10,18,2022-10,2022-Q4,Tuesday,October,42,No
2022-10-19,2022,4,10,19,2022-10,2022-Q4,Wednesday,October,42,No
2022-10-20,2022,4,10,20,2022-10,2022-Q4,Thursday,October,42,No
2022-10-21,2022,4,10,21,2022-10,2022-Q4,Friday,October,42,No
2022-10-22,2022,4,10,22,2022-10,2022-Q4,Saturday,October,42,Yes
2022-10-23,2022,4,10,23,2022-10,2022-Q4,Sunday,October,42,Yes
2022-10-24,2022,4,10,24,2022-10,2022-Q4,Monday,October,43,No
2022-10-25,2022,4,10,25,2022-10,2022-Q4,Tuesday,October,43,No
2022-10-26,2022,4,10,26,2022-10,2022-Q4,Wednesday,October,43,No
2022-10-27,2022,4,10,27,2022-10,2022-Q4,Thursday,October,43,No
2022-10-28,2022,4,10,28,2022-10,2022-Q4,Friday,October,43,No
2022-10-29,2022,4,10,29,2022-10,2022-Q4,Saturday,October,43,Yes
2022-10-30,2022,4,10,30,2022-10,2022-Q4,Sunday,October,43,Yes
2022-10-31,2022,4,10,31,2022-10,2022-Q4,Monday,October,44,No
2022-11-01,2022,4,11,1,2022-11,2022-Q4,Tuesday,November,44,No
2022-11-02,2022,4,11,2,2022-11,2022-Q4,Wednesday,November,44,No
2022-11-03,2022,4,11,3,2022-11,2022-Q4,Thursday,November,44,No
2022-11-04,2022,4,11,4,2022-11,2022-Q4,Friday,November,44,No
2022-11-05,2022,4,11,5,2022-11,2022-Q4,Saturday,November,44,Yes
2022-11-06,2022,4,11,6,2022-11,2022-Q4,Sunday,November,44,Yes
2022-11-07,2022,4,11,7,2022-11,2022-Q4,Monday,November,45,No
2022-11-08,2022,4,11,8,2022-11,2022-Q4,Tuesday,November,45,No
2022-11-09,2022,4,11,9,2022-11,2022-Q4,Wednesday,November,45,No
2022-11-10,2022,4,11,10,2022-11,2022-Q4,Thursday,November,45,No
2022-11-11,2022,4,11,11,2022-11,2022-Q4,Friday,November,45,No
2022-11-12,2022,4,11,12,2022-11,2022-Q4,Saturday,November,45,Yes
2022-11-13,2022,4,11,13,2022-11,2022-Q4,Sunday,November,45,Yes
2022-11-14,2022,4,11,14,2022-11,2022-Q4,Monday,November,46,No
2022-11-15,2022,4,11,15,2022-11,2022-Q4,Tuesday,November,46,No
2022-11-16,2022,4,11,16,2022-11,2022-Q4,Wednesday,November,46,No
2022-11-17,2022,4,11,17,2022-11,2022-Q4,Thursday,November,46,No
2022-11-18,2022,4,11,18,2022-11,2022-Q4,Friday,November,46,No
2022-11-19,2022,4,11,19,2022-11,2022-Q4,Saturday,November,46,Yes
2022-11-20,2022,4,11,20,2022-11,2022-Q4,Sunday,November,46,Yes
2022-11-21,2022,4,11,21,2022-11,2022-Q4,Monday,November,47,No
2022-11-22,2022,4,11,22,2022-11,2022-Q4,Tuesday,November,47,No
2022-11-23,2022,4,11,23,2022-11,2022-Q4,Wednesday,November,47,No
2022-11-24,2022,4,11,24,2022-11,2022-Q4,Thursday,November,47,No
2022-11-25,2022,4,11,25,2022-11,2022-Q4,Friday,November,47,No
2022-11-26,2022,4,11,26,2022-11,2022-Q4,Saturday,November,47,Yes
2022-11-27,2022,4,11,27,2022-11,2022-Q4,Sunday,November,47,Yes
2022-11-28,2022,4,11,28,2022-11,2022-Q4,Monday,November,48,No
2022-11-29,2022,4,11,29,2022-11,2022-Q4,Tuesday,November,48,No
2022-11-30,2022,4,11,30,2022-11,2022-Q4,Wednesday,November,48,No
2022-12-01,2022,4,12,1,2022-12,2022-Q4,Thursday,December,48,No
2022-12-02,2022,4,12,2,2022-12,2022-Q4,Friday,December,48,No
2022-12-03,2022,4,12,3,2022-12,2022-Q4,Saturday,December,48,Yes
2022-12-04,2022,4,12,4,2022-12,2022-Q4,Sunday,December,48,Yes
2022-12-05,2022,4,12,5,2022-12,2022-Q4,Monday,December,49,No
2022-12-06,2022,4,12,6,2022-12,2022-Q4,Tuesday,December,49,No
2022-12-07,2022,4,12,7,2022-12,2022-Q4,Wednesday,December,49,No
2022-12-08,2022,4,12,8,2022-12,2022-Q4,Thursday,December,49,No
2022-12-09,2022,4,12,9,2022-12,2022-Q4,Friday,December,49,No
2022-12-10,2022,4,12,10,2022-12,2022-Q4,Saturday,December,49,Yes
2022-12-11,2022,4,12,11,2022-12,2022-Q4,Sunday,December,49,Yes
2022-12-12,2022,4,12,12,2022-12,2022-Q4,Monday,December,50,No
2022-12-13,2022,4,12,13,2022-12,2022-Q4,Tuesday,December,50,No
2022-12-14,2022,4,12,14,2022-12,2022-Q4,Wednesday,December,50,No
2022-12-15,2022,4,12,15,2022-12,2022-Q4,Thursday,December,50,No
2022-12-16,2022,4,12,16,2022-12,2022-Q4,Friday,December,50,No
2022-12-17,2022,4,12,17,2022-12,2022-Q4,Saturday,December,50,Yes
2022-12-18,2022,4,12,18,2022-12,2022-Q4,Sunday,December,50,Yes
2022-12-19,2022,4,12,19,2022-12,2022-Q4,Monday,December,51,No
2022-12-20,2022,4,12,20,2022-12,2022-Q4,Tuesday,December,51,No
2022-12-21,2022,4,12,21,2022-12,2022-Q4,Wednesday,December,51,No
2022-12-22,2022,4,12,22,2022-12,2022-Q4,Thursday,December,51,No
2022-12-23,2022,4,12,23,2022-12,2022-Q4,Friday,December,51,No
2022-12-24,2022,4,12,24,2022-12,2022-Q4,Saturday,December,51,Yes
2022-12-25,2022,4,12,25,2022-12,2022-Q4,Sunday,December,51,Yes
2022-12-26,2022,4,12,26,2022-12,2022-Q4,Monday,December,52,No
2022-12-27,2022,4,12,27,2022-12,2022-Q4,Tuesday,December,52,No
2022-12-28,2022,4,12,28,2022-12,2022-Q4,Wednesday,December,52,No
2022-12-29,2022,4,12,29,2022-12,2022-Q4,Thursday,December,52,No
2022-12-30,2022,4,12,30,2022-12,2022-Q4,Friday,December,52,No
2022-12-31,2022,4,12,31,2022-12,2022-Q4,Saturday,December,52,Yes
2023-01-01,2023,1,1,1,2023-01,2023-Q1,Sunday,January,52,Yes
2023-01-02,2023,1,1,2,2023-01,2023-Q1,Monday,January,1,No
2023-01-03,2023,1,1,3,2023-01,2023-Q1,Tuesday,January,1,No
2023-01-04,2023,1,1,4,2023-01,2023-Q1,Wednesday,January,1,No
2023-01-05,2023,1,1,5,2023-01,2023-Q1,Thursday,January,1,No
2023-01-06,2023,1,1,6,2023-01,2023-Q1,Friday,January,1,No
2023-01-07,2023,1,1,7,2023-01,2023-Q1,Saturday,January,1,Yes
2023-01-08,2023,1,1,8,2023-01,2023-Q1,Sunday,January,1,Yes
2023-01-09,2023,1,1,9,2023-01,2023-Q1,Monday,January,2,No
2023-01-10,2023,1,1,10,2023-01,2023-Q1,Tuesday,January,2,No
2023-01-11,2023,1,1,11,2023-01,2023-Q1,Wednesday,January,2,No
2023-01-12,2023,1,1,12,2023-01,2023-Q1,Thursday,January,2,No
2023-01-13,2023,1,1,13,2023-01,2023-Q1,Friday,January,2,No
2023-01-14,2023,1,1,14,2023-01,2023-Q1,Saturday,January,2,Yes
2023-01-15,2023,1,1,15,2023-01,2023-Q1,Sunday,January,2,Yes
2023-01-16,2023,1,1,16,2023-01,2023-Q1,Monday,January,3,No
2023-01-17,2023,1,1,17,2023-01,2023-Q1,Tuesday,January,3,No
2023-01-18,2023,1,1,18,2023-01,2023-Q1,Wednesday,January,3,No
2023-01-19,2023,1,1,19,2023-01,2023-Q1,Thursday,January,3,No
2023-01-20,2023,1,1,20,2023-01,2023-Q1,Friday,January,3,No
2023-01-21,2023,1,1,21,2023-01,2023-Q1,Saturday,January,3,Yes
2023-01-22,2023,1,1,22,2023-01,2023-Q1,Sunday,January,3,Yes
2023-01-23,2023,1,1,23,2023-01,2023-Q1,Monday,January,4,No
2023-01-24,2023,1,1,24,2023-01,2023-Q1,Tuesday,January,4,No
2023-01-25,2023,1,1,25,2023-01,2023-Q1,Wednesday,January,4,No
2023-01-26,2023,1,1,26,2023-01,2023-Q1,Thursday,January,4,No
2023-01-27,2023,1,1,27,2023-01,2023-Q1,Friday,January,4,No
2023-01-28,2023,1,1,28,2023-01,2023-Q1,Saturday,January,4,Yes
2023-01-29,2023,1,1,29,2023-01,2023-Q1,Sunday,January,4,Yes
2023-01-30,2023,1,1,30,2023-01,2023-Q1,Monday,January,5,No
2023-01-31,2023,1,1,31,2023-01,2023-Q1,Tuesday,January,5,No
2023-02-01,2023,1,2,1,2023-02,2023-Q1,Wednesday,February,5,No
2023-02-02,2023,1,2,2,2023-02,2023-Q1,Thursday,February,5,No
2023-02-03,2023,1,2,3,2023-02,2023-Q1,Friday,February,5,No
2023-02-04,2023,1,2,4,2023-02,2023-Q1,Saturday,February,5,Yes
2023-02-05,2023,1,2,5,2023-02,2023-Q1,Sunday,February,5,Yes
2023-02-06,2023,1,2,6,2023-02,2023-Q1,Monday,February,6,No
2023-02-07,2023,1,2,7,2023-02,2023-Q1,Tuesday,February,6,No
2023-02-08,2023,1,2,8,2023-02,2023-Q1,Wednesday,February,6,No
2023-02-09,2023,1,2,9,2023-02,2023-Q1,Thursday,February,6,No
2023-02-10,2023,1,2,10,2023-02,2023-Q1,Friday,February,6,No
2023-02-11,2023,1,2,11,2023-02,2023-Q1,Saturday,February,6,Yes
2023-02-12,2023,1,2,12,2023-02,2023-Q1,Sunday,February,6,Yes
2023-02-13,2023,1,2,13,2023-02,2023-Q1,Monday,February,7,No
2023-02-14,2023,1,2,14,2023-02,2023-Q1,Tuesday,February,7,No
2023-02-15,2023,1,2,15,2023-02,2023-Q1,Wednesday,February,7,No
2023-02-16,2023,1,2,16,2023-02,2023-Q1,Thursday,February,7,No
2023-02-17,2023,1,2,17,2023-02,2023-Q1,Friday,February,7,No
2023-02-18,2023,1,2,18,2023-02,2023-Q1,Saturday,February,7,Yes
2023-02-19,2023,1,2,19,2023-02,2023-Q1,Sunday,February,7,Yes
2023-02-20,2023,1,2,20,2023-02,2023-Q1,Monday,February,8,No
2023-02-21,2023,1,2,21,2023-02,2023-Q1,Tuesday,February,8,No
2023-02-22,2023,1,2,22,2023-02,2023-Q1,Wednesday,February,8,No
2023-02-23,2023,1,2,23,2023-02,2023-Q1,Thursday,February,8,No
2023-02-24,2023,1,2,24,2023-02,2023-Q1,Friday,February,8,No
2023-02-25,2023,1,2,25,2023-02,2023-Q1,Saturday,February,8,Yes
2023-02-26,2023,1,2,26,2023-02,2023-Q1,Sunday,February,8,Yes
2023-02-27,2023,1,2,27,2023-02,2023-Q1,Monday,February,9,No
2023-02-28,2023,1,2,28,2023-02,2023-Q1,Tuesday,February,9,No
2023-03-01,2023,1,3,1,2023-03,2023-Q1,Wednesday,March,9,No
2023-03-02,2023,1,3,2,2023-03,2023-Q1,Thursday,March,9,No
2023-03-03,2023,1,3,3,2023-03,2023-Q1,Friday,March,9,No
2023-03-04,2023,1,3,4,2023-03,2023-Q1,Saturday,March,9,Yes
2023-03-05,2023,1,3,5,2023-03,2023-Q1,Sunday,March,9,Yes
2023-03-06,2023,1,3,6,2023-03,2023-Q1,Monday,March,10,No
2023-03-07,2023,1,3,7,2023-03,2023-Q1,Tuesday,March,10,No
2023-03-08,2023,1,3,8,2023-03,2023-Q1,Wednesday,March,10,No
2023-03-09,2023,1,3,9,2023-03,2023-Q1,Thursday,March,10,No
2023-03-10,2023,1,3,10,2023-03,2023-Q1,Friday,March,10,No
2023-03-11,2023,1,3,11,2023-03,2023-Q1,Saturday,March,10,Yes
2023-03-12,2023,1,3,12,2023-03,2023-Q1,Sunday,March,10,Yes
2023-03-13,2023,1,3,13,2023-03,2023-Q1,Monday,March,11,No
2023-03-14,2023,1,3,14,2023-03,2023-Q1,Tuesday,March,11,No
2023-03-15,2023,1,3,15,2023-03,2023-Q1,Wednesday,March,11,No
2023-03-16,2023,1,3,16,2023-03,2023-Q1,Thursday,March,11,No
2023-03-17,2023,1,3,17,2023-03,2023-Q1,Friday,March,11,No
2023-03-18,2023,1,3,18,2023-03,2023-Q1,Saturday,March,11,Yes
2023-03-19,2023,1,3,19,2023-03,2023-Q1,Sunday,March,11,Yes
2023-03-20,2023,1,3,20,2023-03,2023-Q1,Monday,March,12,No
2023-03-21,2023,1,3,21,2023-03,2023-Q1,Tuesday,March,12,No
2023-03-22,2023,1,3,22,2023-03,2023-Q1,Wednesday,March,12,No
2023-03-23,2023,1,3,23,2023-03,2023-Q1,Thursday,March,12,No
2023-03-24,2023,1,3,24,2023-03,2023-Q1,Friday,March,12,No
2023-03-25,2023,1,3,25,2023-03,2023-Q1,Saturday,March,12,Yes
2023-03-26,2023,1,3,26,2023-03,2023-Q1,Sunday,March,12,Yes
2023-03-27,2023,1,3,27,2023-03,2023-Q1,Monday,March,13,No
2023-03-28,2023,1,3,28,2023-03,2023-Q1,Tuesday,March,13,No
2023-03-29,2023,1,3,29,2023-03,2023-Q1,Wednesday,March,13,No
2023-03-30,2023,1,3,30,2023-03,2023-Q1,Thursday,March,13,No
2023-03-31,2023,1,3,31,2023-03,2023-Q1,Friday,March,13,No
2023-04-01,2023,2,4,1,2023-04,2023-Q2,Saturday,April,13,Yes
2023-04-02,2023,2,4,2,2023-04,2023-Q2,Sunday,April,13,Yes
2023-04-03,2023,2,4,3,2023-04,2023-Q2,Monday,April,14,No
2023-04-04,2023,2,4,4,2023-04,2023-Q2,Tuesday,April,14,No
2023-04-05,2023,2,4,5,2023-04,2023-Q2,Wednesday,April,14,No
2023-04-06,2023,2,4,6,2023-04,2023-Q2,Thursday,April,14,No
2023-04-07,2023,2,4,7,2023-04,2023-Q2,Friday,April,14,No
2023-04-08,2023,2,4,8,2023-04,2023-Q2,Saturday,April,14,Yes
2023-04-09,2023,2,4,9,2023-04,2023-Q2,Sunday,April,14,Yes
2023-04-10,2023,2,4,10,2023-04,2023-Q2,Monday,April,15,No
2023-04-11,2023,2,4,11,2023-04,2023-Q2,Tuesday,April,15,No
2023-04-12,2023,2,4,12,2023-04,2023-Q2,Wednesday,April,15,No
2023-04-13,2023,2,4,13,2023-04,2023-Q2,Thursday,April,15,No
2023-04-14,2023,2,4,14,2023-04,2023-Q2,Friday,April,15,No
2023-04-15,2023,2,4,15,2023-04,2023-Q2,Saturday,April,15,Yes
2023-04-16,2023,2,4,16,2023-04,2023-Q2,Sunday,April,15,Yes
2023-04-17,2023,2,4,17,2023-04,2023-Q2,Monday,April,16,No
2023-04-18,2023,2,4,18,2023-04,2023-Q2,Tuesday,April,16,No
2023-04-19,2023,2,4,19,2023-04,2023-Q2,Wednesday,April,16,No
2023-04-20,2023,2,4,20,2023-04,2023-Q2,Thursday,April,16,No
2023-04-21,2023,2,4,21,2023-04,2023-Q2,Friday,April,16,No
2023-04-22,2023,2,4,22,2023-04,2023-Q2,Saturday,April,16,Yes
2023-04-23,2023,2,4,23,2023-04,2023-Q2,Sunday,April,16,Yes
2023-04-24,2023,2,4,24,2023-04,2023-Q2,Monday,April,17,No
2023-04-25,2023,2,4,25,2023-04,2023-Q2,Tuesday,April,17,No
2023-04-26,2023,2,4,26,2023-04,2023-Q2,Wednesday,April,17,No
2023-04-27,2023,2,4,27,2023-04,2023-Q2,Thursday,April,17,No
2023-04-28,2023,2,4,28,2023-04,2023-Q2,Friday,April,17,No
2023-04-29,2023,2,4,29,2023-04,2023-Q2,Saturday,April,17,Yes
2023-04-30,2023,2,4,30,2023-04,2023-Q2,Sunday,April,17,Yes
2023-05-01,2023,2,5,1,2023-05,2023-Q2,Monday,May,18,No
2023-05-02,2023,2,5,2,2023-05,2023-Q2,Tuesday,May,18,No
2023-05-03,2023,2,5,3,2023-05,2023-Q2,Wednesday,May,18,No
2023-05-04,2023,2,5,4,2023-05,2023-Q2,Thursday,May,18,No
2023-05-05,2023,2,5,5,2023-05,2023-Q2,Friday,May,18,No
2023-05-06,2023,2,5,6,2023-05,2023-Q2,Saturday,May,18,Yes
2023-05-07,2023,2,5,7,2023-05,2023-Q2,Sunday,May,18,Yes
2023-05-08,2023,2,5,8,2023-05,2023-Q2,Monday,May,19,No
2023-05-09,2023,2,5,9,2023-05,2023-Q2,Tuesday,May,19,No
2023-05-10,2023,2,5,10,2023-05,2023-Q2,Wednesday,May,19,No
2023-05-11,2023,2,5,11,2023-05,2023-Q2,Thursday,May,19,No
2023-05-12,2023,2,5,12,2023-05,2023-Q2,Friday,May,19,No
2023-05-13,2023,2,5,13,2023-05,2023-Q2,Saturday,May,19,Yes
2023-05-14,2023,2,5,14,2023-05,2023-Q2,Sunday,May,19,Yes
2023-05-15,2023,2,5,15,2023-05,2023-Q2,Monday,May,20,No
2023-05-16,2023,2,5,16,2023-05,2023-Q2,Tuesday,May,20,No
2023-05-17,2023,2,5,17,2023-05,2023-Q2,Wednesday,May,20,No
2023-05-18,2023,2,5,18,2023-05,2023-Q2,Thursday,May,20,No
2023-05-19,2023,2,5,19,2023-05,2023-Q2,Friday,May,20,No
2023-05-20,2023,2,5,20,2023-05,2023-Q2,Saturday,May,20,Yes
2023-05-21,2023,2,5,21,2023-05,2023-Q2,Sunday,May,20,Yes
2023-05-22,2023,2,5,22,2023-05,2023-Q2,Monday,May,21,No
2023-05-23,2023,2,5,23,2023-05,2023-Q2,Tuesday,May,21,No
2023-05-24,2023,2,5,24,2023-05,2023-Q2,Wednesday,May,21,No
2023-05-25,2023,2,5,25,2023-05,2023-Q2,Thursday,May,21,No
2023-05-26,2023,2,5,26,2023-05,2023-Q2,Friday,May,21,No
2023-05-27,2023,2,5,27,2023-05,2023-Q2,Saturday,May,21,Yes
2023-05-28,2023,2,5,28,2023-05,2023-Q2,Sunday,May,21,Yes
2023-05-29,2023,2,5,29,2023-05,2023-Q2,Monday,May,22,No
2023-05-30,2023,2,5,30,2023-05,2023-Q2,Tuesday,May,22,No
2023-05-31,2023,2,5,31,2023-05,2023-Q2,Wednesday,May,22,No
2023-06-01,2023,2,6,1,2023-06,2023-Q2,Thursday,June,22,No
2023-06-02,2023,2,6,2,2023-06,2023-Q2,Friday,June,22,No
2023-06-03,2023,2,6,3,2023-06,2023-Q2,Saturday,June,22,Yes
2023-06-04,2023,2,6,4,2023-06,2023-Q2,Sunday,June,22,Yes
2023-06-05,2023,2,6,5,2023-06,2023-Q2,Monday,June,23,No
2023-06-06,2023,2,6,6,2023-06,2023-Q2,Tuesday,June,23,No
2023-06-07,2023,2,6,7,2023-06,2023-Q2,Wednesday,June,23,No
2023-06-08,2023,2,6,8,2023-06,2023-Q2,Thursday,June,23,No
2023-06-09,2023,2,6,9,2023-06,2023-Q2,Friday,June,23,No
2023-06-10,2023,2,6,10,2023-06,2023-Q2,Saturday,June,23,Yes
2023-06-11,2023,2,6,11,2023-06,2023-Q2,Sunday,June,23,Yes
2023-06-12,2023,2,6,12,2023-06,2023-Q2,Monday,June,24,No
2023-06-13,2023,2,6,13,2023-06,2023-Q2,Tuesday,June,24,No
2023-06-14,2023,2,6,14,2023-06,2023-Q2,Wednesday,June,24,No
2023-06-15,2023,2,6,15,2023-06,2023-Q2,Thursday,June,24,No
2023-06-16,2023,2,6,16,2023-06,2023-Q2,Friday,June,24,No
2023-06-17,2023,2,6,17,2023-06,2023-Q2,Saturday,June,24,Yes
2023-06-18,2023,2,6,18,2023-06,2023-Q2,Sunday,June,24,Yes
2023-06-19,2023,2,6,19,2023-06,2023-Q2,Monday,June,25,No
2023-06-20,2023,2,6,20,2023-06,2023-Q2,Tuesday,June,25,No
2023-06-21,2023,2,6,21,2023-06,2023-Q2,Wednesday,June,25,No
2023-06-22,2023,2,6,22,2023-06,2023-Q2,Thursday,June,25,No
2023-06-23,2023,2,6,23,2023-06,2023-Q2,Friday,June,25,No
2023-06-24,2023,2,6,24,2023-06,2023-Q2,Saturday,June,25,Yes
2023-06-25,2023,2,6,25,2023-06,2023-Q2,Sunday,June,25,Yes
2023-06-26,2023,2,6,26,2023-06,2023-Q2,Monday,June,26,No
2023-06-27,2023,2,6,27,2023-06,2023-Q2,Tuesday,June,26,No
2023-06-28,2023,2,6,28,2023-06,2023-Q2,Wednesday,June,26,No
2023-06-29,2023,2,6,29,2023-06,2023-Q2,Thursday,June,26,No
2023-06-30,2023,2,6,30,2023-06,2023-Q2,Friday,June,26,No
2023-07-01,2023,3,7,1,2023-07,2023-Q3,Saturday,July,26,Yes
2023-07-02,2023,3,7,2,2023-07,2023-Q3,Sunday,July,26,Yes
2023-07-03,2023,3,7,3,2023-07,2023-Q3,Monday,July,27,No
2023-07-04,2023,3,7,4,2023-07,2023-Q3,Tuesday,July,27,No
2023-07-05,2023,3,7,5,2023-07,2023-Q3,Wednesday,July,27,No
2023-07-06,2023,3,7,6,2023-07,2023-Q3,Thursday,July,27,No
2023-07-07,2023,3,7,7,2023-07,2023-Q3,Friday,July,27,No
2023-07-08,2023,3,7,8,2023-07,2023-Q3,Saturday,July,27,Yes
2023-07-09,2023,3,7,9,2023-07,2023-Q3,Sunday,July,27,Yes
2023-07-10,2023,3,7,10,2023-07,2023-Q3,Monday,July,28,No
2023-07-11,2023,3,7,11,2023-07,2023-Q3,Tuesday,July,28,No
2023-07-12,2023,3,7,12,2023-07,2023-Q3,Wednesday,July,28,No
2023-07-13,2023,3,7,13,2023-07,2023-Q3,Thursday,July,28,No
2023-07-14,2023,3,7,14,2023-07,2023-Q3,Friday,July,28,No
2023-07-15,2023,3,7,15,2023-07,2023-Q3,Saturday,July,28,Yes
2023-07-16,2023,3,7,16,2023-07,2023-Q3,Sunday,July,28,Yes
2023-07-17,2023,3,7,17,2023-07,2023-Q3,Monday,July,29,No
2023-07-18,2023,3,7,18,2023-07,2023-Q3,Tuesday,July,29,No
2023-07-19,2023,3,7,19,2023-07,2023-Q3,Wednesday,July,29,No
2023-07-20,2023,3,7,20,2023-07,2023-Q3,Thursday,July,29,No
2023-07-21,2023,3,7,21,2023-07,2023-Q3,Friday,July,29,No
2023-07-22,2023,3,7,22,2023-07,2023-Q3,Saturday,July,29,Yes
2023-07-23,2023,3,7,23,2023-07,2023-Q3,Sunday,July,29,Yes
2023-07-24,2023,3,7,24,2023-07,2023-Q3,Monday,July,30,No
2023-07-25,2023,3,7,25,2023-07,2023-Q3,Tuesday,July,30,No
2023-07-26,2023,3,7,26,2023-07,2023-Q3,Wednesday,July,30,No
2023-07-27,2023,3,7,27,2023-07,2023-Q3,Thursday,July,30,No
2023-07-28,2023,3,7,28,2023-07,2023-Q3,Friday,July,30,No
2023-07-29,2023,3,7,29,2023-07,2023-Q3,Saturday,July,30,Yes
2023-07-30,2023,3,7,30,2023-07,2023-Q3,Sunday,July,30,Yes
2023-07-31,2023,3,7,31,2023-07,2023-Q3,Monday,July,31,No
2023-08-01,2023,3,8,1,2023-08,2023-Q3,Tuesday,August,31,No
2023-08-02,2023,3,8,2,2023-08,2023-Q3,Wednesday,August,31,No
2023-08-03,2023,3,8,3,2023-08,2023-Q3,Thursday,August,31,No
2023-08-04,2023,3,8,4,2023-08,2023-Q3,Friday,August,31,No
2023-08-05,2023,3,8,5,2023-08,2023-Q3,Saturday,August,31,Yes
2023-08-06,2023,3,8,6,2023-08,2023-Q3,Sunday,August,31,Yes
2023-08-07,2023,3,8,7,2023-08,2023-Q3,Monday,August,32,No
2023-08-08,2023,3,8,8,2023-08,2023-Q3,Tuesday,August,32,No
2023-08-09,2023,3,8,9,2023-08,2023-Q3,Wednesday,August,32,No
2023-08-10,2023,3,8,10,2023-08,2023-Q3,Thursday,August,32,No
2023-08-11,2023,3,8,11,2023-08,2023-Q3,Friday,August,32,No
2023-08-12,2023,3,8,12,2023-08,2023-Q3,Saturday,August,32,Yes
2023-08-13,2023,3,8,13,2023-08,2023-Q3,Sunday,August,32,Yes
2023-08-14,2023,3,8,14,2023-08,2023-Q3,Monday,August,33,No
2023-08-15,2023,3,8,15,2023-08,2023-Q3,Tuesday,August,33,No
2023-08-16,2023,3,8,16,2023-08,2023-Q3,Wednesday,August,33,No
2023-08-17,2023,3,8,17,2023-08,2023-Q3,Thursday,August,33,No
2023-08-18,2023,3,8,18,2023-08,2023-Q3,Friday,August,33,No
2023-08-19,2023,3,8,19,2023-08,2023-Q3,Saturday,August,33,Yes
2023-08-20,2023,3,8,20,2023-08,2023-Q3,Sunday,August,33,Yes
2023-08-21,2023,3,8,21,2023-08,2023-Q3,Monday,August,34,No
2023-08-22,2023,3,8,22,2023-08,2023-Q3,Tuesday,August,34,No
2023-08-23,2023,3,8,23,2023-08,2023-Q3,Wednesday,August,34,No
2023-08-24,2023,3,8,24,2023-08,2023-Q3,Thursday,August,34,No
2023-08-25,2023,3,8,25,2023-08,2023-Q3,Friday,August,34,No
2023-08-26,2023,3,8,26,2023-08,2023-Q3,Saturday,August,34,Yes
2023-08-27,2023,3,8,27,2023-08,2023-Q3,Sunday,August,34,Yes
2023-08-28,2023,3,8,28,2023-08,2023-Q3,Monday,August,35,No
2023-08-29,2023,3,8,29,2023-08,2023-Q3,Tuesday,August,35,No
2023-08-30,2023,3,8,30,2023-08,2023-Q3,Wednesday,August,35,No
2023-08-31,2023,3,8,31,2023-08,2023-Q3,Thursday,August,35,No
2023-09-01,2023,3,9,1,2023-09,2023-Q3,Friday,September,35,No
2023-09-02,2023,3,9,2,2023-09,2023-Q3,Saturday,September,35,Yes
2023-09-03,2023,3,9,3,2023-09,2023-Q3,Sunday,September,35,Yes
2023-09-04,2023,3,9,4,2023-09,2023-Q3,Monday,September,36,No
2023-09-05,2023,3,9,5,2023-09,2023-Q3,Tuesday,September,36,No
2023-09-06,2023,3,9,6,2023-09,2023-Q3,Wednesday,September,36,No
2023-09-07,2023,3,9,7,2023-09,2023-Q3,Thursday,September,36,No
2023-09-08,2023,3,9,8,2023-09,2023-Q3,Friday,September,36,No
2023-09-09,2023,3,9,9,2023-09,2023-Q3,Saturday,September,36,Yes
2023-09-10,2023,3,9,10,2023-09,2023-Q3,Sunday,September,36,Yes
2023-09-11,2023,3,9,11,2023-09,2023-Q3,Monday,September,37,No
2023-09-12,2023,3,9,12,2023-09,2023-Q3,Tuesday,September,37,No
2023-09-13,2023,3,9,13,2023-09,2023-Q3,Wednesday,September,37,No
2023-09-14,2023,3,9,14,2023-09,2023-Q3,Thursday,September,37,No
2023-09-15,2023,3,9,15,2023-09,2023-Q3,Friday,September,37,No
2023-09-16,2023,3,9,16,2023-09,2023-Q3,Saturday,September,37,Yes
2023-09-17,2023,3,9,17,2023-09,2023-Q3,Sunday,September,37,Yes
2023-09-18,2023,3,9,18,2023-09,2023-Q3,Monday,September,38,No
2023-09-19,2023,3,9,19,2023-09,2023-Q3,Tuesday,September,38,No
2023-09-20,2023,3,9,20,2023-09,2023-Q3,Wednesday,September,38,No
2023-09-21,2023,3,9,21,2023-09,2023-Q3,Thursday,September,38,No
2023-09-22,2023,3,9,22,2023-09,2023-Q3,Friday,September,38,No
2023-09-23,2023,3,9,23,2023-09,2023-Q3,Saturday,September,38,Yes
2023-09-24,2023,3,9,24,2023-09,2023-Q3,Sunday,September,38,Yes
2023-09-25,2023,3,9,25,2023-09,2023-Q3,Monday,September,39,No
2023-09-26,2023,3,9,26,2023-09,2023-Q3,Tuesday,September,39,No
2023-09-27,2023,3,9,27,2023-09,2023-Q3,Wednesday,September,39,No
2023-09-28,2023,3,9,28,2023-09,2023-Q3,Thursday,September,39,No
2023-09-29,2023,3,9,29,2023-09,2023-Q3,Friday,September,39,No
2023-09-30,2023,3,9,30,2023-09,2023-Q3,Saturday,September,39,Yes
2023-10-01,2023,4,10,1,2023-10,2023-Q4,Sunday,October,39,Yes
2023-10-02,2023,4,10,2,2023-10,2023-Q4,Monday,October,40,No
2023-10-03,2023,4,10,3,2023-10,2023-Q4,Tuesday,October,40,No
2023-10-04,2023,4,10,4,2023-10,2023-Q4,Wednesday,October,40,No
2023-10-05,2023,4,10,5,2023-10,2023-Q4,Thursday,October,40,No
2023-10-06,2023,4,10,6,2023-10,2023-Q4,Friday,October,40,No
2023-10-07,2023,4,10,7,2023-10,2023-Q4,Saturday,October,40,Yes
2023-10-08,2023,4,10,8,2023-10,2023-Q4,Sunday,October,40,Yes
2023-10-09,2023,4,10,9,2023-10,2023-Q4,Monday,October,41,No
2023-10-10,2023,4,10,10,2023-10,2023-Q4,Tuesday,October,41,No
2023-10-11,2023,4,10,11,2023-10,2023-Q4,Wednesday,October,41,No
2023-10-12,2023,4,10,12,2023-10,2023-Q4,Thursday,October,41,No
2023-10-13,2023,4,10,13,2023-10,2023-Q4,Friday,October,41,No
2023-10-14,2023,4,10,14,2023-10,2023-Q4,Saturday,October,41,Yes
2023-10-15,2023,4,10,15,2023-10,2023-Q4,Sunday,October,41,Yes
2023-10-16,2023,4,10,16,2023-10,2023-Q4,Monday,October,42,No
2023-10-17,2023,4,10,17,2023-10,2023-Q4,Tuesday,October,42,No
2023-10-18,2023,4,10,18,2023-10,2023-Q4,Wednesday,October,42,No
2023-10-19,2023,4,10,19,2023-10,2023-Q4,Thursday,October,42,No
2023-10-20,2023,4,10,20,2023-10,2023-Q4,Friday,October,42,No
2023-10-21,2023,4,10,21,2023-10,2023-Q4,Saturday,October,42,Yes
2023-10-22,2023,4,10,22,2023-10,2023-Q4,Sunday,October,42,Yes
2023-10-23,2023,4,10,23,2023-10,2023-Q4,Monday,October,43,No
2023-10-24,2023,4,10,24,2023-10,2023-Q4,Tuesday,October,43,No
2023-10-25,2023,4,10,25,2023-10,2023-Q4,Wednesday,October,43,No
2023-10-26,2023,4,10,26,2023-10,2023-Q4,Thursday,October,43,No
2023-10-27,2023,4,10,27,2023-10,2023-Q4,Friday,October,43,No
2023-10-28,2023,4,10,28,2023-10,2023-Q4,Saturday,October,43,Yes
2023-10-29,2023,4,10,29,2023-10,2023-Q4,Sunday,October,43,Yes
2023-10-30,2023,4,10,30,2023-10,2023-Q4,Monday,October,44,No
2023-10-31,2023,4,10,31,2023-10,2023-Q4,Tuesday,October,44,No
2023-11-01,2023,4,11,1,2023-11,2023-Q4,Wednesday,November,44,No
2023-11-02,2023,4,11,2,2023-11,2023-Q4,Thursday,November,44,No
2023-11-03,2023,4,11,3,2023-11,2023-Q4,Friday,November,44,No
2023-11-04,2023,4,11,4,2023-11,2023-Q4,Saturday,November,44,Yes
2023-11-05,2023,4,11,5,2023-11,2023-Q4,Sunday,November,44,Yes
2023-11-06,2023,4,11,6,2023-11,2023-Q4,Monday,November,45,No
2023-11-07,2023,4,11,7,2023-11,2023-Q4,Tuesday,November,45,No
2023-11-08,2023,4,11,8,2023-11,2023-Q4,Wednesday,November,45,No
2023-11-09,2023,4,11,9,2023-11,2023-Q4,Thursday,November,45,No
2023-11-10,2023,4,11,10,2023-11,2023-Q4,Friday,November,45,No
2023-11-11,2023,4,11,11,2023-11,2023-Q4,Saturday,November,45,Yes
2023-11-12,2023,4,11,12,2023-11,2023-Q4,Sunday,November,45,Yes
2023-11-13,2023,4,11,13,2023-11,2023-Q4,Monday,November,46,No
2023-11-14,2023,4,11,14,2023-11,2023-Q4,Tuesday,November,46,No
2023-11-15,2023,4,11,15,2023-11,2023-Q4,Wednesday,November,46,No
2023-11-16,2023,4,11,16,2023-11,2023-Q4,Thursday,November,46,No
2023-11-17,2023,4,11,17,2023-11,2023-Q4,Friday,November,46,No
2023-11-18,2023,4,11,18,2023-11,2023-Q4,Saturday,November,46,Yes
2023-11-19,2023,4,11,19,2023-11,2023-Q4,Sunday,November,46,Yes
2023-11-20,2023,4,11,20,2023-11,2023-Q4,Monday,November,47,No
2023-11-21,2023,4,11,21,2023-11,2023-Q4,Tuesday,November,47,No
2023-11-22,2023,4,11,22,2023-11,2023-Q4,Wednesday,November,47,No
2023-11-23,2023,4,11,23,2023-11,2023-Q4,Thursday,November,47,No
2023-11-24,2023,4,11,24,2023-11,2023-Q4,Friday,November,47,No
2023-11-25,2023,4,11,25,2023-11,2023-Q4,Saturday,November,47,Yes
2023-11-26,2023,4,11,26,2023-11,2023-Q4,Sunday,November,47,Yes
2023-11-27,2023,4,11,27,2023-11,2023-Q4,Monday,November,48,No
2023-11-28,2023,4,11,28,2023-11,2023-Q4,Tuesday,November,48,No
2023-11-29,2023,4,11,29,2023-11,2023-Q4,Wednesday,November,48,No
2023-11-30,2023,4,11,30,2023-11,2023-Q4,Thursday,November,48,No
2023-12-01,2023,4,12,1,2023-12,2023-Q4,Friday,December,48,No
2023-12-02,2023,4,12,2,2023-12,2023-Q4,Saturday,December,48,Yes
2023-12-03,2023,4,12,3,2023-12,2023-Q4,Sunday,December,48,Yes
2023-12-04,2023,4,12,4,2023-12,2023-Q4,Monday,December,49,No
2023-12-05,2023,4,12,5,2023-12,2023-Q4,Tuesday,December,49,No
2023-12-06,2023,4,12,6,2023-12,2023-Q4,Wednesday,December,49,No
2023-12-07,2023,4,12,7,2023-12,2023-Q4,Thursday,December,49,No
2023-12-08,2023,4,12,8,2023-12,2023-Q4,Friday,December,49,No
2023-12-09,2023,4,12,9,2023-12,2023-Q4,Saturday,December,49,Yes
2023-12-10,2023,4,12,10,2023-12,2023-Q4,Sunday,December,49,Yes
2023-12-11,2023,4,12,11,2023-12,2023-Q4,Monday,December,50,No
2023-12-12,2023,4,12,12,2023-12,2023-Q4,Tuesday,December,50,No
2023-12-13,2023,4,12,13,2023-12,2023-Q4,Wednesday,December,50,No
2023-12-14,2023,4,12,14,2023-12,2023-Q4,Thursday,December,50,No
2023-12-15,2023,4,12,15,2023-12,2023-Q4,Friday,December,50,No
2023-12-16,2023,4,12,16,2023-12,2023-Q4,Saturday,December,50,Yes
2023-12-17,2023,4,12,17,2023-12,2023-Q4,Sunday,December,50,Yes
2023-12-18,2023,4,12,18,2023-12,2023-Q4,Monday,December,51,No
2023-12-19,2023,4,12,19,2023-12,2023-Q4,Tuesday,December,51,No
2023-12-20,2023,4,12,20,2023-12,2023-Q4,Wednesday,December,51,No
2023-12-21,2023,4,12,21,2023-12,2023-Q4,Thursday,December,51,No
2023-12-22,2023,4,12,22,2023-12,2023-Q4,Friday,December,51,No
2023-12-23,2023,4,12,23,2023-12,2023-Q4,Saturday,December,51,Yes
2023-12-24,2023,4,12,24,2023-12,2023-Q4,Sunday,December,51,Yes
2023-12-25,2023,4,12,25,2023-12,2023-Q4,Monday,December,52,No
2023-12-26,2023,4,12,26,2023-12,2023-Q4,Tuesday,December,52,No
2023-12-27,2023,4,12,27,2023-12,2023-Q4,Wednesday,December,52,No
2023-12-28,2023,4,12,28,2023-12,2023-Q4,Thursday,December,52,No
2023-12-29,2023,4,12,29,2023-12,2023-Q4,Friday,December,52,No
2023-12-30,2023,4,12,30,2023-12,2023-Q4,Saturday,December,52,Yes
2023-12-31,2023,4,12,31,2023-12,2023-Q4,Sunday,December,52,Yes
2024-01-01,2024,1,1,1,2024-01,2024-Q1,Monday,January,1,No
2024-01-02,2024,1,1,2,2024-01,2024-Q1,Tuesday,January,1,No
2024-01-03,2024,1,1,3,2024-01,2024-Q1,Wednesday,January,1,No
2024-01-04,2024,1,1,4,2024-01,2024-Q1,Thursday,January,1,No
2024-01-05,2024,1,1,5,2024-01,2024-Q1,Friday,January,1,No
2024-01-06,2024,1,1,6,2024-01,2024-Q1,Saturday,January,1,Yes
2024-01-07,2024,1,1,7,2024-01,2024-Q1,Sunday,January,1,Yes
2024-01-08,2024,1,1,8,2024-01,2024-Q1,Monday,January,2,No
2024-01-09,2024,1,1,9,2024-01,2024-Q1,Tuesday,January,2,No
2024-01-10,2024,1,1,10,2024-01,2024-Q1,Wednesday,January,2,No
2024-01-11,2024,1,1,11,2024-01,2024-Q1,Thursday,January,2,No
2024-01-12,2024,1,1,12,2024-01,2024-Q1,Friday,January,2,No
2024-01-13,2024,1,1,13,2024-01,2024-Q1,Saturday,January,2,Yes
2024-01-14,2024,1,1,14,2024-01,2024-Q1,Sunday,January,2,Yes
2024-01-15,2024,1,1,15,2024-01,2024-Q1,Monday,January,3,No
2024-01-16,2024,1,1,16,2024-01,2024-Q1,Tuesday,January,3,No
2024-01-17,2024,1,1,17,2024-01,2024-Q1,Wednesday,January,3,No
2024-01-18,2024,1,1,18,2024-01,2024-Q1,Thursday,January,3,No
2024-01-19,2024,1,1,19,2024-01,2024-Q1,Friday,January,3,No
2024-01-20,2024,1,1,20,2024-01,2024-Q1,Saturday,January,3,Yes
2024-01-21,2024,1,1,21,2024-01,2024-Q1,Sunday,January,3,Yes
2024-01-22,2024,1,1,22,2024-01,2024-Q1,Monday,January,4,No
2024-01-23,2024,1,1,23,2024-01,2024-Q1,Tuesday,January,4,No
2024-01-24,2024,1,1,24,2024-01,2024-Q1,Wednesday,January,4,No
2024-01-25,2024,1,1,25,2024-01,2024-Q1,Thursday,January,4,No
2024-01-26,2024,1,1,26,2024-01,2024-Q1,Friday,January,4,No
2024-01-27,2024,1,1,27,2024-01,2024-Q1,Saturday,January,4,Yes
2024-01-28,2024,1,1,28,2024-01,2024-Q1,Sunday,January,4,Yes
2024-01-29,2024,1,1,29,2024-01,2024-Q1,Monday,January,5,No
2024-01-30,2024,1,1,30,2024-01,2024-Q1,Tuesday,January,5,No
2024-01-31,2024,1,1,31,2024-01,2024-Q1,Wednesday,January,5,No
2024-02-01,2024,1,2,1,2024-02,2024-Q1,Thursday,February,5,No
2024-02-02,2024,1,2,2,2024-02,2024-Q1,Friday,February,5,No
2024-02-03,2024,1,2,3,2024-02,2024-Q1,Saturday,February,5,Yes
2024-02-04,2024,1,2,4,2024-02,2024-Q1,Sunday,February,5,Yes
2024-02-05,2024,1,2,5,2024-02,2024-Q1,Monday,February,6,No
2024-02-06,2024,1,2,6,2024-02,2024-Q1,Tuesday,February,6,No
2024-02-07,2024,1,2,7,2024-02,2024-Q1,Wednesday,February,6,No
2024-02-08,2024,1,2,8,2024-02,2024-Q1,Thursday,February,6,No
2024-02-09,2024,1,2,9,2024-02,2024-Q1,Friday,February,6,No
2024-02-10,2024,1,2,10,2024-02,2024-Q1,Saturday,February,6,Yes
2024-02-11,2024,1,2,11,2024-02,2024-Q1,Sunday,February,6,Yes
2024-02-12,2024,1,2,12,2024-02,2024-Q1,Monday,February,7,No
2024-02-13,2024,1,2,13,2024-02,2024-Q1,Tuesday,February,7,No
2024-02-14,2024,1,2,14,2024-02,2024-Q1,Wednesday,February,7,No
2024-02-15,2024,1,2,15,2024-02,2024-Q1,Thursday,February,7,No
2024-02-16,2024,1,2,16,2024-02,2024-Q1,Friday,February,7,No
2024-02-17,2024,1,2,17,2024-02,2024-Q1,Saturday,February,7,Yes
2024-02-18,2024,1,2,18,2024-02,2024-Q1,Sunday,February,7,Yes
2024-02-19,2024,1,2,19,2024-02,2024-Q1,Monday,February,8,No
2024-02-20,2024,1,2,20,2024-02,2024-Q1,Tuesday,February,8,No
2024-02-21,2024,1,2,21,2024-02,2024-Q1,Wednesday,February,8,No
2024-02-22,2024,1,2,22,2024-02,2024-Q1,Thursday,February,8,No
2024-02-23,2024,1,2,23,2024-02,2024-Q1,Friday,February,8,No
2024-02-24,2024,1,2,24,2024-02,2024-Q1,Saturday,February,8,Yes
2024-02-25,2024,1,2,25,2024-02,2024-Q1,Sunday,February,8,Yes
2024-02-26,2024,1,2,26,2024-02,2024-Q1,Monday,February,9,No
2024-02-27,2024,1,2,27,2024-02,2024-Q1,Tuesday,February,9,No
2024-02-28,2024,1,2,28,2024-02,2024-Q1,Wednesday,February,9,No
2024-02-29,2024,1,2,29,2024-02,2024-Q1,Thursday,February,9,No
2024-03-01,2024,1,3,1,2024-03,2024-Q1,Friday,March,9,No
2024-03-02,2024,1,3,2,2024-03,2024-Q1,Saturday,March,9,Yes
2024-03-03,2024,1,3,3,2024-03,2024-Q1,Sunday,March,9,Yes
2024-03-04,2024,1,3,4,2024-03,2024-Q1,Monday,March,10,No
2024-03-05,2024,1,3,5,2024-03,2024-Q1,Tuesday,March,10,No
2024-03-06,2024,1,3,6,2024-03,2024-Q1,Wednesday,March,10,No
2024-03-07,2024,1,3,7,2024-03,2024-Q1,Thursday,March,10,No
2024-03-08,2024,1,3,8,2024-03,2024-Q1,Friday,March,10,No
2024-03-09,2024,1,3,9,2024-03,2024-Q1,Saturday,March,10,Yes
2024-03-10,2024,1,3,10,2024-03,2024-Q1,Sunday,March,10,Yes
2024-03-11,2024,1,3,11,2024-03,2024-Q1,Monday,March,11,No
2024-03-12,2024,1,3,12,2024-03,2024-Q1,Tuesday,March,11,No
2024-03-13,2024,1,3,13,2024-03,2024-Q1,Wednesday,March,11,No
2024-03-14,2024,1,3,14,2024-03,2024-Q1,Thursday,March,11,No
2024-03-15,2024,1,3,15,2024-03,2024-Q1,Friday,March,11,No
2024-03-16,2024,1,3,16,2024-03,2024-Q1,Saturday,March,11,Yes
2024-03-17,2024,1,3,17,2024-03,2024-Q1,Sunday,March,11,Yes
2024-03-18,2024,1,3,18,2024-03,2024-Q1,Monday,March,12,No
2024-03-19,2024,1,3,19,2024-03,2024-Q1,Tuesday,March,12,No
2024-03-20,2024,1,3,20,2024-03,2024-Q1,Wednesday,March,12,No
2024-03-21,2024,1,3,21,2024-03,2024-Q1,Thursday,March,12,No
2024-03-22,2024,1,3,22,2024-03,2024-Q1,Friday,March,12,No
2024-03-23,2024,1,3,23,2024-03,2024-Q1,Saturday,March,12,Yes
2024-03-24,2024,1,3,24,2024-03,2024-Q1,Sunday,March,12,Yes
2024-03-25,2024,1,3,25,2024-03,2024-Q1,Monday,March,13,No
2024-03-26,2024,1,3,26,2024-03,2024-Q1,Tuesday,March,13,No
2024-03-27,2024,1,3,27,2024-03,2024-Q1,Wednesday,March,13,No
2024-03-28,2024,1,3,28,2024-03,2024-Q1,Thursday,March,13,No
2024-03-29,2024,1,3,29,2024-03,2024-Q1,Friday,March,13,No
2024-03-30,2024,1,3,30,2024-03,2024-Q1,Saturday,March,13,Yes
2024-03-31,2024,1,3,31,2024-03,2024-Q1,Sunday,March,13,Yes
2024-04-01,2024,2,4,1,2024-04,2024-Q2,Monday,April,14,No
2024-04-02,2024,2,4,2,2024-04,2024-Q2,Tuesday,April,14,No
2024-04-03,2024,2,4,3,2024-04,2024-Q2,Wednesday,April,14,No
2024-04-04,2024,2,4,4,2024-04,2024-Q2,Thursday,April,14,No
2024-04-05,2024,2,4,5,2024-04,2024-Q2,Friday,April,14,No
2024-04-06,2024,2,4,6,2024-04,2024-Q2,Saturday,April,14,Yes
2024-04-07,2024,2,4,7,2024-04,2024-Q2,Sunday,April,14,Yes
2024-04-08,2024,2,4,8,2024-04,2024-Q2,Monday,April,15,No
2024-04-09,2024,2,4,9,2024-04,2024-Q2,Tuesday,April,15,No
2024-04-10,2024,2,4,10,2024-04,2024-Q2,Wednesday,April,15,No
2024-04-11,2024,2,4,11,2024-04,2024-Q2,Thursday,April,15,No
2024-04-12,2024,2,4,12,2024-04,2024-Q2,Friday,April,15,No
2024-04-13,2024,2,4,13,2024-04,2024-Q2,Saturday,April,15,Yes
2024-04-14,2024,2,4,14,2024-04,2024-Q2,Sunday,April,15,Yes
2024-04-15,2024,2,4,15,2024-04,2024-Q2,Monday,April,16,No
2024-04-16,2024,2,4,16,2024-04,2024-Q2,Tuesday,April,16,No
2024-04-17,2024,2,4,17,2024-04,2024-Q2,Wednesday,April,16,No
2024-04-18,2024,2,4,18,2024-04,2024-Q2,Thursday,April,16,No
2024-04-19,2024,2,4,19,2024-04,2024-Q2,Friday,April,16,No
2024-04-20,2024,2,4,20,2024-04,2024-Q2,Saturday,April,16,Yes
2024-04-21,2024,2,4,21,2024-04,2024-Q2,Sunday,April,16,Yes
2024-04-22,2024,2,4,22,2024-04,2024-Q2,Monday,April,17,No
2024-04-23,2024,2,4,23,2024-04,2024-Q2,Tuesday,April,17,No
2024-04-24,2024,2,4,24,2024-04,2024-Q2,Wednesday,April,17,No
2024-04-25,2024,2,4,25,2024-04,2024-Q2,Thursday,April,17,No
2024-04-26,2024,2,4,26,2024-04,2024-Q2,Friday,April,17,No
2024-04-27,2024,2,4,27,2024-04,2024-Q2,Saturday,April,17,Yes
2024-04-28,2024,2,4,28,2024-04,2024-Q2,Sunday,April,17,Yes
2024-04-29,2024,2,4,29,2024-04,2024-Q2,Monday,April,18,No
2024-04-30,2024,2,4,30,2024-04,2024-Q2,Tuesday,April,18,No
2024-05-01,2024,2,5,1,2024-05,2024-Q2,Wednesday,May,18,No
2024-05-02,2024,2,5,2,2024-05,2024-Q2,Thursday,May,18,No
2024-05-03,2024,2,5,3,2024-05,2024-Q2,Friday,May,18,No
2024-05-04,2024,2,5,4,2024-05,2024-Q2,Saturday,May,18,Yes
2024-05-05,2024,2,5,5,2024-05,2024-Q2,Sunday,May,18,Yes
2024-05-06,2024,2,5,6,2024-05,2024-Q2,Monday,May,19,No
2024-05-07,2024,2,5,7,2024-05,2024-Q2,Tuesday,May,19,No
2024-05-08,2024,2,5,8,2024-05,2024-Q2,Wednesday,May,19,No
2024-05-09,2024,2,5,9,2024-05,2024-Q2,Thursday,May,19,No
2024-05-10,2024,2,5,10,2024-05,2024-Q2,Friday,May,19,No
2024-05-11,2024,2,5,11,2024-05,2024-Q2,Saturday,May,19,Yes
2024-05-12,2024,2,5,12,2024-05,2024-Q2,Sunday,May,19,Yes
2024-05-13,2024,2,5,13,2024-05,2024-Q2,Monday,May,20,No
2024-05-14,2024,2,5,14,2024-05,2024-Q2,Tuesday,May,20,No
2024-05-15,2024,2,5,15,2024-05,2024-Q2,Wednesday,May,20,No
2024-05-16,2024,2,5,16,2024-05,2024-Q2,Thursday,May,20,No
2024-05-17,2024,2,5,17,2024-05,2024-Q2,Friday,May,20,No
2024-05-18,2024,2,5,18,2024-05,2024-Q2,Saturday,May,20,Yes
2024-05-19,2024,2,5,19,2024-05,2024-Q2,Sunday,May,20,Yes
2024-05-20,2024,2,5,20,2024-05,2024-Q2,Monday,May,21,No
2024-05-21,2024,2,5,21,2024-05,2024-Q2,Tuesday,May,21,No
2024-05-22,2024,2,5,22,2024-05,2024-Q2,Wednesday,May,21,No
2024-05-23,2024,2,5,23,2024-05,2024-Q2,Thursday,May,21,No
2024-05-24,2024,2,5,24,2024-05,2024-Q2,Friday,May,21,No
2024-05-25,2024,2,5,25,2024-05,2024-Q2,Saturday,May,21,Yes
2024-05-26,2024,2,5,26,2024-05,2024-Q2,Sunday,May,21,Yes
2024-05-27,2024,2,5,27,2024-05,2024-Q2,Monday,May,22,No
2024-05-28,2024,2,5,28,2024-05,2024-Q2,Tuesday,May,22,No
2024-05-29,2024,2,5,29,2024-05,2024-Q2,Wednesday,May,22,No
2024-05-30,2024,2,5,30,2024-05,2024-Q2,Thursday,May,22,No
2024-05-31,2024,2,5,31,2024-05,2024-Q2,Friday,May,22,No
2024-06-01,2024,2,6,1,2024-06,2024-Q2,Saturday,June,22,Yes
2024-06-02,2024,2,6,2,2024-06,2024-Q2,Sunday,June,22,Yes
2024-06-03,2024,2,6,3,2024-06,2024-Q2,Monday,June,23,No
2024-06-04,2024,2,6,4,2024-06,2024-Q2,Tuesday,June,23,No
2024-06-05,2024,2,6,5,2024-06,2024-Q2,Wednesday,June,23,No
2024-06-06,2024,2,6,6,2024-06,2024-Q2,Thursday,June,23,No
2024-06-07,2024,2,6,7,2024-06,2024-Q2,Friday,June,23,No
2024-06-08,2024,2,6,8,2024-06,2024-Q2,Saturday,June,23,Yes
2024-06-09,2024,2,6,9,2024-06,2024-Q2,Sunday,June,23,Yes
2024-06-10,2024,2,6,10,2024-06,2024-Q2,Monday,June,24,No
2024-06-11,2024,2,6,11,2024-06,2024-Q2,Tuesday,June,24,No
2024-06-12,2024,2,6,12,2024-06,2024-Q2,Wednesday,June,24,No
2024-06-13,2024,2,6,13,2024-06,2024-Q2,Thursday,June,24,No
2024-06-14,2024,2,6,14,2024-06,2024-Q2,Friday,June,24,No
2024-06-15,2024,2,6,15,2024-06,2024-Q2,Saturday,June,24,Yes
2024-06-16,2024,2,6,16,2024-06,2024-Q2,Sunday,June,24,Yes
2024-06-17,2024,2,6,17,2024-06,2024-Q2,Monday,June,25,No
2024-06-18,2024,2,6,18,2024-06,2024-Q2,Tuesday,June,25,No
2024-06-19,2024,2,6,19,2024-06,2024-Q2,Wednesday,June,25,No
2024-06-20,2024,2,6,20,2024-06,2024-Q2,Thursday,June,25,No
2024-06-21,2024,2,6,21,2024-06,2024-Q2,Friday,June,25,No
2024-06-22,2024,2,6,22,2024-06,2024-Q2,Saturday,June,25,Yes
2024-06-23,2024,2,6,23,2024-06,2024-Q2,Sunday,June,25,Yes
2024-06-24,2024,2,6,24,2024-06,2024-Q2,Monday,June,26,No
2024-06-25,2024,2,6,25,2024-06,2024-Q2,Tuesday,June,26,No
2024-06-26,2024,2,6,26,2024-06,2024-Q2,Wednesday,June,26,No
2024-06-27,2024,2,6,27,2024-06,2024-Q2,Thursday,June,26,No
2024-06-28,2024,2,6,28,2024-06,2024-Q2,Friday,June,26,No
2024-06-29,2024,2,6,29,2024-06,2024-Q2,Saturday,June,26,Yes
2024-06-30,2024,2,6,30,2024-06,2024-Q2,Sunday,June,26,Yes
2024-07-01,2024,3,7,1,2024-07,2024-Q3,Monday,July,27,No
2024-07-02,2024,3,7,2,2024-07,2024-Q3,Tuesday,July,27,No
2024-07-03,2024,3,7,3,2024-07,2024-Q3,Wednesday,July,27,No
2024-07-04,2024,3,7,4,2024-07,2024-Q3,Thursday,July,27,No
2024-07-05,2024,3,7,5,2024-07,2024-Q3,Friday,July,27,No
2024-07-06,2024,3,7,6,2024-07,2024-Q3,Saturday,July,27,Yes
2024-07-07,2024,3,7,7,2024-07,2024-Q3,Sunday,July,27,Yes
2024-07-08,2024,3,7,8,2024-07,2024-Q3,Monday,July,28,No
2024-07-09,2024,3,7,9,2024-07,2024-Q3,Tuesday,July,28,No
2024-07-10,2024,3,7,10,2024-07,2024-Q3,Wednesday,July,28,No
2024-07-11,2024,3,7,11,2024-07,2024-Q3,Thursday,July,28,No
2024-07-12,2024,3,7,12,2024-07,2024-Q3,Friday,July,28,No
2024-07-13,2024,3,7,13,2024-07,2024-Q3,Saturday,July,28,Yes
2024-07-14,2024,3,7,14,2024-07,2024-Q3,Sunday,July,28,Yes
2024-07-15,2024,3,7,15,2024-07,2024-Q3,Monday,July,29,No
2024-07-16,2024,3,7,16,2024-07,2024-Q3,Tuesday,July,29,No
2024-07-17,2024,3,7,17,2024-07,2024-Q3,Wednesday,July,29,No
2024-07-18,2024,3,7,18,2024-07,2024-Q3,Thursday,July,29,No
2024-07-19,2024,3,7,19,2024-07,2024-Q3,Friday,July,29,No
2024-07-20,2024,3,7,20,2024-07,2024-Q3,Saturday,July,29,Yes
2024-07-21,2024,3,7,21,2024-07,2024-Q3,Sunday,July,29,Yes
2024-07-22,2024,3,7,22,2024-07,2024-Q3,Monday,July,30,No
2024-07-23,2024,3,7,23,2024-07,2024-Q3,Tuesday,July,30,No
2024-07-24,2024,3,7,24,2024-07,2024-Q3,Wednesday,July,30,No
2024-07-25,2024,3,7,25,2024-07,2024-Q3,Thursday,July,30,No
2024-07-26,2024,3,7,26,2024-07,2024-Q3,Friday,July,30,No
2024-07-27,2024,3,7,27,2024-07,2024-Q3,Saturday,July,30,Yes
2024-07-28,2024,3,7,28,2024-07,2024-Q3,Sunday,July,30,Yes
2024-07-29,2024,3,7,29,2024-07,2024-Q3,Monday,July,31,No
2024-07-30,2024,3,7,30,2024-07,2024-Q3,Tuesday,July,31,No
2024-07-31,2024,3,7,31,2024-07,2024-Q3,Wednesday,July,31,No
2024-08-01,2024,3,8,1,2024-08,2024-Q3,Thursday,August,31,No
2024-08-02,2024,3,8,2,2024-08,2024-Q3,Friday,August,31,No
2024-08-03,2024,3,8,3,2024-08,2024-Q3,Saturday,August,31,Yes
2024-08-04,2024,3,8,4,2024-08,2024-Q3,Sunday,August,31,Yes
2024-08-05,2024,3,8,5,2024-08,2024-Q3,Monday,August,32,No
2024-08-06,2024,3,8,6,2024-08,2024-Q3,Tuesday,August,32,No
2024-08-07,2024,3,8,7,2024-08,2024-Q3,Wednesday,August,32,No
2024-08-08,2024,3,8,8,2024-08,2024-Q3,Thursday,August,32,No
2024-08-09,2024,3,8,9,2024-08,2024-Q3,Friday,August,32,No
2024-08-10,2024,3,8,10,2024-08,2024-Q3,Saturday,August,32,Yes
2024-08-11,2024,3,8,11,2024-08,2024-Q3,Sunday,August,32,Yes
2024-08-12,2024,3,8,12,2024-08,2024-Q3,Monday,August,33,No
2024-08-13,2024,3,8,13,2024-08,2024-Q3,Tuesday,August,33,No
2024-08-14,2024,3,8,14,2024-08,2024-Q3,Wednesday,August,33,No
2024-08-15,2024,3,8,15,2024-08,2024-Q3,Thursday,August,33,No
2024-08-16,2024,3,8,16,2024-08,2024-Q3,Friday,August,33,No
2024-08-17,2024,3,8,17,2024-08,2024-Q3,Saturday,August,33,Yes
2024-08-18,2024,3,8,18,2024-08,2024-Q3,Sunday,August,33,Yes
2024-08-19,2024,3,8,19,2024-08,2024-Q3,Monday,August,34,No
2024-08-20,2024,3,8,20,2024-08,2024-Q3,Tuesday,August,34,No
2024-08-21,2024,3,8,21,2024-08,2024-Q3,Wednesday,August,34,No
2024-08-22,2024,3,8,22,2024-08,2024-Q3,Thursday,August,34,No
2024-08-23,2024,3,8,23,2024-08,2024-Q3,Friday,August,34,No
2024-08-24,2024,3,8,24,2024-08,2024-Q3,Saturday,August,34,Yes
2024-08-25,2024,3,8,25,2024-08,2024-Q3,Sunday,August,34,Yes
2024-08-26,2024,3,8,26,2024-08,2024-Q3,Monday,August,35,No
2024-08-27,2024,3,8,27,2024-08,2024-Q3,Tuesday,August,35,No
2024-08-28,2024,3,8,28,2024-08,2024-Q3,Wednesday,August,35,No
2024-08-29,2024,3,8,29,2024-08,2024-Q3,Thursday,August,35,No
2024-08-30,2024,3,8,30,2024-08,2024-Q3,Friday,August,35,No
2024-08-31,2024,3,8,31,2024-08,2024-Q3,Saturday,August,35,Yes
2024-09-01,2024,3,9,1,2024-09,2024-Q3,Sunday,September,35,Yes
2024-09-02,2024,3,9,2,2024-09,2024-Q3,Monday,September,36,No
2024-09-03,2024,3,9,3,2024-09,2024-Q3,Tuesday,September,36,No
2024-09-04,2024,3,9,4,2024-09,2024-Q3,Wednesday,September,36,No
2024-09-05,2024,3,9,5,2024-09,2024-Q3,Thursday,September,36,No
2024-09-06,2024,3,9,6,2024-09,2024-Q3,Friday,September,36,No
2024-09-07,2024,3,9,7,2024-09,2024-Q3,Saturday,September,36,Yes
2024-09-08,2024,3,9,8,2024-09,2024-Q3,Sunday,September,36,Yes
2024-09-09,2024,3,9,9,2024-09,2024-Q3,Monday,September,37,No
2024-09-10,2024,3,9,10,2024-09,2024-Q3,Tuesday,September,37,No
2024-09-11,2024,3,9,11,2024-09,2024-Q3,Wednesday,September,37,No
2024-09-12,2024,3,9,12,2024-09,2024-Q3,Thursday,September,37,No
2024-09-13,2024,3,9,13,2024-09,2024-Q3,Friday,September,37,No
2024-09-14,2024,3,9,14,2024-09,2024-Q3,Saturday,September,37,Yes
2024-09-15,2024,3,9,15,2024-09,2024-Q3,Sunday,September,37,Yes
2024-09-16,2024,3,9,16,2024-09,2024-Q3,Monday,September,38,No
2024-09-17,2024,3,9,17,2024-09,2024-Q3,Tuesday,September,38,No
2024-09-18,2024,3,9,18,2024-09,2024-Q3,Wednesday,September,38,No
2024-09-19,2024,3,9,19,2024-09,2024-Q3,Thursday,September,38,No
2024-09-20,2024,3,9,20,2024-09,2024-Q3,Friday,September,38,No
2024-09-21,2024,3,9,21,2024-09,2024-Q3,Saturday,September,38,Yes
2024-09-22,2024,3,9,22,2024-09,2024-Q3,Sunday,September,38,Yes
2024-09-23,2024,3,9,23,2024-09,2024-Q3,Monday,September,39,No
2024-09-24,2024,3,9,24,2024-09,2024-Q3,Tuesday,September,39,No
2024-09-25,2024,3,9,25,2024-09,2024-Q3,Wednesday,September,39,No
2024-09-26,2024,3,9,26,2024-09,2024-Q3,Thursday,September,39,No
2024-09-27,2024,3,9,27,2024-09,2024-Q3,Friday,September,39,No
2024-09-28,2024,3,9,28,2024-09,2024-Q3,Saturday,September,39,Yes
2024-09-29,2024,3,9,29,2024-09,2024-Q3,Sunday,September,39,Yes
2024-09-30,2024,3,9,30,2024-09,2024-Q3,Monday,September,40,No
2024-10-01,2024,4,10,1,2024-10,2024-Q4,Tuesday,October,40,No
2024-10-02,2024,4,10,2,2024-10,2024-Q4,Wednesday,October,40,No
2024-10-03,2024,4,10,3,2024-10,2024-Q4,Thursday,October,40,No
2024-10-04,2024,4,10,4,2024-10,2024-Q4,Friday,October,40,No
2024-10-05,2024,4,10,5,2024-10,2024-Q4,Saturday,October,40,Yes
2024-10-06,2024,4,10,6,2024-10,2024-Q4,Sunday,October,40,Yes
2024-10-07,2024,4,10,7,2024-10,2024-Q4,Monday,October,41,No
2024-10-08,2024,4,10,8,2024-10,2024-Q4,Tuesday,October,41,No
2024-10-09,2024,4,10,9,2024-10,2024-Q4,Wednesday,October,41,No
2024-10-10,2024,4,10,10,2024-10,2024-Q4,Thursday,October,41,No
2024-10-11,2024,4,10,11,2024-10,2024-Q4,Friday,October,41,No
2024-10-12,2024,4,10,12,2024-10,2024-Q4,Saturday,October,41,Yes
2024-10-13,2024,4,10,13,2024-10,2024-Q4,Sunday,October,41,Yes
2024-10-14,2024,4,10,14,2024-10,2024-Q4,Monday,October,42,No
2024-10-15,2024,4,10,15,2024-10,2024-Q4,Tuesday,October,42,No
2024-10-16,2024,4,10,16,2024-10,2024-Q4,Wednesday,October,42,No
2024-10-17,2024,4,10,17,2024-10,2024-Q4,Thursday,October,42,No
2024-10-18,2024,4,10,18,2024-10,2024-Q4,Friday,October,42,No
2024-10-19,2024,4,10,19,2024-10,2024-Q4,Saturday,October,42,Yes
2024-10-20,2024,4,10,20,2024-10,2024-Q4,Sunday,October,42,Yes
2024-10-21,2024,4,10,21,2024-10,2024-Q4,Monday,October,43,No
2024-10-22,2024,4,10,22,2024-10,2024-Q4,Tuesday,October,43,No
2024-10-23,2024,4,10,23,2024-10,2024-Q4,Wednesday,October,43,No
2024-10-24,2024,4,10,24,2024-10,2024-Q4,Thursday,October,43,No
2024-10-25,2024,4,10,25,2024-10,2024-Q4,Friday,October,43,No
2024-10-26,2024,4,10,26,2024-10,2024-Q4,Saturday,October,43,Yes
2024-10-27,2024,4,10,27,2024-10,2024-Q4,Sunday,October,43,Yes
2024-10-28,2024,4,10,28,2024-10,2024-Q4,Monday,October,44,No
2024-10-29,2024,4,10,29,2024-10,2024-Q4,Tuesday,October,44,No
2024-10-30,2024,4,10,30,2024-10,2024-Q4,Wednesday,October,44,No
2024-10-31,2024,4,10,31,2024-10,2024-Q4,Thursday,October,44,No
2024-11-01,2024,4,11,1,2024-11,2024-Q4,Friday,November,44,No
2024-11-02,2024,4,11,2,2024-11,2024-Q4,Saturday,November,44,Yes
2024-11-03,2024,4,11,3,2024-11,2024-Q4,Sunday,November,44,Yes
2024-11-04,2024,4,11,4,2024-11,2024-Q4,Monday,November,45,No
2024-11-05,2024,4,11,5,2024-11,2024-Q4,Tuesday,November,45,No
2024-11-06,2024,4,11,6,2024-11,2024-Q4,Wednesday,November,45,No
2024-11-07,2024,4,11,7,2024-11,2024-Q4,Thursday,November,45,No
2024-11-08,2024,4,11,8,2024-11,2024-Q4,Friday,November,45,No
2024-11-09,2024,4,11,9,2024-11,2024-Q4,Saturday,November,45,Yes
2024-11-10,2024,4,11,10,2024-11,2024-Q4,Sunday,November,45,Yes
2024-11-11,2024,4,11,11,2024-11,2024-Q4,Monday,November,46,No
2024-11-12,2024,4,11,12,2024-11,2024-Q4,Tuesday,November,46,No
2024-11-13,2024,4,11,13,2024-11,2024-Q4,Wednesday,November,46,No
2024-11-14,2024,4,11,14,2024-11,2024-Q4,Thursday,November,46,No
2024-11-15,2024,4,11,15,2024-11,2024-Q4,Friday,November,46,No
2024-11-16,2024,4,11,16,2024-11,2024-Q4,Saturday,November,46,Yes
2024-11-17,2024,4,11,17,2024-11,2024-Q4,Sunday,November,46,Yes
2024-11-18,2024,4,11,18,2024-11,2024-Q4,Monday,November,47,No
2024-11-19,2024,4,11,19,2024-11,2024-Q4,Tuesday,November,47,No
2024-11-20,2024,4,11,20,2024-11,2024-Q4,Wednesday,November,47,No
2024-11-21,2024,4,11,21,2024-11,2024-Q4,Thursday,November,47,No
2024-11-22,2024,4,11,22,2024-11,2024-Q4,Friday,November,47,No
2024-11-23,2024,4,11,23,2024-11,2024-Q4,Saturday,November,47,Yes
2024-11-24,2024,4,11,24,2024-11,2024-Q4,Sunday,November,47,Yes
2024-11-25,2024,4,11,25,2024-11,2024-Q4,Monday,November,48,No
2024-11-26,2024,4,11,26,2024-11,2024-Q4,Tuesday,November,48,No
2024-11-27,2024,4,11,27,2024-11,2024-Q4,Wednesday,November,48,No
2024-11-28,2024,4,11,28,2024-11,2024-Q4,Thursday,November,48,No
2024-11-29,2024,4,11,29,2024-11,2024-Q4,Friday,November,48,No
2024-11-30,2024,4,11,30,2024-11,2024-Q4,Saturday,November,48,Yes
2024-12-01,2024,4,12,1,2024-12,2024-Q4,Sunday,December,48,Yes
2024-12-02,2024,4,12,2,2024-12,2024-Q4,Monday,December,49,No
2024-12-03,2024,4,12,3,2024-12,2024-Q4,Tuesday,December,49,No
2024-12-04,2024,4,12,4,2024-12,2024-Q4,Wednesday,December,49,No
2024-12-05,2024,4,12,5,2024-12,2024-Q4,Thursday,December,49,No
2024-12-06,2024,4,12,6,2024-12,2024-Q4,Friday,December,49,No
2024-12-07,2024,4,12,7,2024-12,2024-Q4,Saturday,December,49,Yes
2024-12-08,2024,4,12,8,2024-12,2024-Q4,Sunday,December,49,Yes
2024-12-09,2024,4,12,9,2024-12,2024-Q4,Monday,December,50,No
2024-12-10,2024,4,12,10,2024-12,2024-Q4,Tuesday,December,50,No
2024-12-11,2024,4,12,11,2024-12,2024-Q4,Wednesday,December,50,No
2024-12-12,2024,4,12,12,2024-12,2024-Q4,Thursday,December,50,No
2024-12-13,2024,4,12,13,2024-12,2024-Q4,Friday,December,50,No
2024-12-14,2024,4,12,14,2024-12,2024-Q4,Saturday,December,50,Yes
2024-12-15,2024,4,12,15,2024-12,2024-Q4,Sunday,December,50,Yes
2024-12-16,2024,4,12,16,2024-12,2024-Q4,Monday,December,51,No
2024-12-17,2024,4,12,17,2024-12,2024-Q4,Tuesday,December,51,No
2024-12-18,2024,4,12,18,2024-12,2024-Q4,Wednesday,December,51,No
2024-12-19,2024,4,12,19,2024-12,2024-Q4,Thursday,December,51,No
2024-12-20,2024,4,12,20,2024-12,2024-Q4,Friday,December,51,No
2024-12-21,2024,4,12,21,2024-12,2024-Q4,Saturday,December,51,Yes
2024-12-22,2024,4,12,22,2024-12,2024-Q4,Sunday,December,51,Yes
2024-12-23,2024,4,12,23,2024-12,2024-Q4,Monday,December,52,No
2024-12-24,2024,4,12,24,2024-12,2024-Q4,Tuesday,December,52,No
2024-12-25,2024,4,12,25,2024-12,2024-Q4,Wednesday,December,52,No
2024-12-26,2024,4,12,26,2024-12,2024-Q4,Thursday,December,52,No
2024-12-27,2024,4,12,27,2024-12,2024-Q4,Friday,December,52,No
2024-12-28,2024,4,12,28,2024-12,2024-Q4,Saturday,December,52,Yes
2024-12-29,2024,4,12,29,2024-12,2024-Q4,Sunday,December,52,Yes
2024-12-30,2024,4,12,30,2024-12,2024-Q4,Monday,December,1,No
2024-12-31,2024,4,12,31,2024-12,2024-Q4,Tuesday,December,1,No
2025-01-01,2025,1,1,1,2025-01,2025-Q1,Wednesday,January,1,No
2025-01-02,2025,1,1,2,2025-01,2025-Q1,Thursday,January,1,No
2025-01-03,2025,1,1,3,2025-01,2025-Q1,Friday,January,1,No
2025-01-04,2025,1,1,4,2025-01,2025-Q1,Saturday,January,1,Yes
2025-01-05,2025,1,1,5,2025-01,2025-Q1,Sunday,January,1,Yes
2025-01-06,2025,1,1,6,2025-01,2025-Q1,Monday,January,2,No
2025-01-07,2025,1,1,7,2025-01,2025-Q1,Tuesday,January,2,No
2025-01-08,2025,1,1,8,2025-01,2025-Q1,Wednesday,January,2,No
2025-01-09,2025,1,1,9,2025-01,2025-Q1,Thursday,January,2,No
2025-01-10,2025,1,1,10,2025-01,2025-Q1,Friday,January,2,No
2025-01-11,2025,1,1,11,2025-01,2025-Q1,Saturday,January,2,Yes
2025-01-12,2025,1,1,12,2025-01,2025-Q1,Sunday,January,2,Yes
2025-01-13,2025,1,1,13,2025-01,2025-Q1,Monday,January,3,No
2025-01-14,2025,1,1,14,2025-01,2025-Q1,Tuesday,January,3,No
2025-01-15,2025,1,1,15,2025-01,2025-Q1,Wednesday,January,3,No
2025-01-16,2025,1,1,16,2025-01,2025-Q1,Thursday,January,3,No
2025-01-17,2025,1,1,17,2025-01,2025-Q1,Friday,January,3,No
2025-01-18,2025,1,1,18,2025-01,2025-Q1,Saturday,January,3,Yes
2025-01-19,2025,1,1,19,2025-01,2025-Q1,Sunday,January,3,Yes
2025-01-20,2025,1,1,20,2025-01,2025-Q1,Monday,January,4,No
2025-01-21,2025,1,1,21,2025-01,2025-Q1,Tuesday,January,4,No
2025-01-22,2025,1,1,22,2025-01,2025-Q1,Wednesday,January,4,No
2025-01-23,2025,1,1,23,2025-01,2025-Q1,Thursday,January,4,No
2025-01-24,2025,1,1,24,2025-01,2025-Q1,Friday,January,4,No
2025-01-25,2025,1,1,25,2025-01,2025-Q1,Saturday,January,4,Yes
2025-01-26,2025,1,1,26,2025-01,2025-Q1,Sunday,January,4,Yes
2025-01-27,2025,1,1,27,2025-01,2025-Q1,Monday,January,5,No
2025-01-28,2025,1,1,28,2025-01,2025-Q1,Tuesday,January,5,No
2025-01-29,2025,1,1,29,2025-01,2025-Q1,Wednesday,January,5,No
2025-01-30,2025,1,1,30,2025-01,2025-Q1,Thursday,January,5,No
2025-01-31,2025,1,1,31,2025-01,2025-Q1,Friday,January,5,No
2025-02-01,2025,1,2,1,2025-02,2025-Q1,Saturday,February,5,Yes
2025-02-02,2025,1,2,2,2025-02,2025-Q1,Sunday,February,5,Yes
2025-02-03,2025,1,2,3,2025-02,2025-Q1,Monday,February,6,No
2025-02-04,2025,1,2,4,2025-02,2025-Q1,Tuesday,February,6,No
2025-02-05,2025,1,2,5,2025-02,2025-Q1,Wednesday,February,6,No
2025-02-06,2025,1,2,6,2025-02,2025-Q1,Thursday,February,6,No
2025-02-07,2025,1,2,7,2025-02,2025-Q1,Friday,February,6,No
2025-02-08,2025,1,2,8,2025-02,2025-Q1,Saturday,February,6,Yes
2025-02-09,2025,1,2,9,2025-02,2025-Q1,Sunday,February,6,Yes
2025-02-10,2025,1,2,10,2025-02,2025-Q1,Monday,February,7,No
2025-02-11,2025,1,2,11,2025-02,2025-Q1,Tuesday,February,7,No
2025-02-12,2025,1,2,12,2025-02,2025-Q1,Wednesday,February,7,No
2025-02-13,2025,1,2,13,2025-02,2025-Q1,Thursday,February,7,No
2025-02-14,2025,1,2,14,2025-02,2025-Q1,Friday,February,7,No
2025-02-15,2025,1,2,15,2025-02,2025-Q1,Saturday,February,7,Yes
2025-02-16,2025,1,2,16,2025-02,2025-Q1,Sunday,February,7,Yes
2025-02-17,2025,1,2,17,2025-02,2025-Q1,Monday,February,8,No
2025-02-18,2025,1,2,18,2025-02,2025-Q1,Tuesday,February,8,No
2025-02-19,2025,1,2,19,2025-02,2025-Q1,Wednesday,February,8,No
2025-02-20,2025,1,2,20,2025-02,2025-Q1,Thursday,February,8,No
2025-02-21,2025,1,2,21,2025-02,2025-Q1,Friday,February,8,No
2025-02-22,2025,1,2,22,2025-02,2025-Q1,Saturday,February,8,Yes
2025-02-23,2025,1,2,23,2025-02,2025-Q1,Sunday,February,8,Yes
2025-02-24,2025,1,2,24,2025-02,2025-Q1,Monday,February,9,No
2025-02-25,2025,1,2,25,2025-02,2025-Q1,Tuesday,February,9,No
2025-02-26,2025,1,2,26,2025-02,2025-Q1,Wednesday,February,9,No
2025-02-27,2025,1,2,27,2025-02,2025-Q1,Thursday,February,9,No
2025-02-28,2025,1,2,28,2025-02,2025-Q1,Friday,February,9,No
2025-03-01,2025,1,3,1,2025-03,2025-Q1,Saturday,March,9,Yes
2025-03-02,2025,1,3,2,2025-03,2025-Q1,Sunday,March,9,Yes
2025-03-03,2025,1,3,3,2025-03,2025-Q1,Monday,March,10,No
2025-03-04,2025,1,3,4,2025-03,2025-Q1,Tuesday,March,10,No
2025-03-05,2025,1,3,5,2025-03,2025-Q1,Wednesday,March,10,No
2025-03-06,2025,1,3,6,2025-03,2025-Q1,Thursday,March,10,No
2025-03-07,2025,1,3,7,2025-03,2025-Q1,Friday,March,10,No
2025-03-08,2025,1,3,8,2025-03,2025-Q1,Saturday,March,10,Yes
2025-03-09,2025,1,3,9,2025-03,2025-Q1,Sunday,March,10,Yes
2025-03-10,2025,1,3,10,2025-03,2025-Q1,Monday,March,11,No
2025-03-11,2025,1,3,11,2025-03,2025-Q1,Tuesday,March,11,No
2025-03-12,2025,1,3,12,2025-03,2025-Q1,Wednesday,March,11,No
2025-03-13,2025,1,3,13,2025-03,2025-Q1,Thursday,March,11,No
2025-03-14,2025,1,3,14,2025-03,2025-Q1,Friday,March,11,No
2025-03-15,2025,1,3,15,2025-03,2025-Q1,Saturday,March,11,Yes
2025-03-16,2025,1,3,16,2025-03,2025-Q1,Sunday,March,11,Yes
2025-03-17,2025,1,3,17,2025-03,2025-Q1,Monday,March,12,No
2025-03-18,2025,1,3,18,2025-03,2025-Q1,Tuesday,March,12,No
2025-03-19,2025,1,3,19,2025-03,2025-Q1,Wednesday,March,12,No
2025-03-20,2025,1,3,20,2025-03,2025-Q1,Thursday,March,12,No
2025-03-21,2025,1,3,21,2025-03,2025-Q1,Friday,March,12,No
2025-03-22,2025,1,3,22,2025-03,2025-Q1,Saturday,March,12,Yes
2025-03-23,2025,1,3,23,2025-03,2025-Q1,Sunday,March,12,Yes
2025-03-24,2025,1,3,24,2025-03,2025-Q1,Monday,March,13,No
2025-03-25,2025,1,3,25,2025-03,2025-Q1,Tuesday,March,13,No
2025-03-26,2025,1,3,26,2025-03,2025-Q1,Wednesday,March,13,No
2025-03-27,2025,1,3,27,2025-03,2025-Q1,Thursday,March,13,No
2025-03-28,2025,1,3,28,2025-03,2025-Q1,Friday,March,13,No
2025-03-29,2025,1,3,29,2025-03,2025-Q1,Saturday,March,13,Yes
2025-03-30,2025,1,3,30,2025-03,2025-Q1,Sunday,March,13,Yes
2025-03-31,2025,1,3,31,2025-03,2025-Q1,Monday,March,14,No
2025-04-01,2025,2,4,1,2025-04,2025-Q2,Tuesday,April,14,No
2025-04-02,2025,2,4,2,2025-04,2025-Q2,Wednesday,April,14,No
2025-04-03,2025,2,4,3,2025-04,2025-Q2,Thursday,April,14,No
2025-04-04,2025,2,4,4,2025-04,2025-Q2,Friday,April,14,No
2025-04-05,2025,2,4,5,2025-04,2025-Q2,Saturday,April,14,Yes
2025-04-06,2025,2,4,6,2025-04,2025-Q2,Sunday,April,14,Yes
2025-04-07,2025,2,4,7,2025-04,2025-Q2,Monday,April,15,No
2025-04-08,2025,2,4,8,2025-04,2025-Q2,Tuesday,April,15,No
2025-04-09,2025,2,4,9,2025-04,2025-Q2,Wednesday,April,15,No
2025-04-10,2025,2,4,10,2025-04,2025-Q2,Thursday,April,15,No
2025-04-11,2025,2,4,11,2025-04,2025-Q2,Friday,April,15,No
2025-04-12,2025,2,4,12,2025-04,2025-Q2,Saturday,April,15,Yes
2025-04-13,2025,2,4,13,2025-04,2025-Q2,Sunday,April,15,Yes
2025-04-14,2025,2,4,14,2025-04,2025-Q2,Monday,April,16,No
2025-04-15,2025,2,4,15,2025-04,2025-Q2,Tuesday,April,16,No
2025-04-16,2025,2,4,16,2025-04,2025-Q2,Wednesday,April,16,No
2025-04-17,2025,2,4,17,2025-04,2025-Q2,Thursday,April,16,No
2025-04-18,2025,2,4,18,2025-04,2025-Q2,Friday,April,16,No
2025-04-19,2025,2,4,19,2025-04,2025-Q2,Saturday,April,16,Yes
2025-04-20,2025,2,4,20,2025-04,2025-Q2,Sunday,April,16,Yes
2025-04-21,2025,2,4,21,2025-04,2025-Q2,Monday,April,17,No
2025-04-22,2025,2,4,22,2025-04,2025-Q2,Tuesday,April,17,No
2025-04-23,2025,2,4,23,2025-04,2025-Q2,Wednesday,April,17,No
2025-04-24,2025,2,4,24,2025-04,2025-Q2,Thursday,April,17,No
2025-04-25,2025,2,4,25,2025-04,2025-Q2,Friday,April,17,No
2025-04-26,2025,2,4,26,2025-04,2025-Q2,Saturday,April,17,Yes
2025-04-27,2025,2,4,27,2025-04,2025-Q2,Sunday,April,17,Yes
2025-04-28,2025,2,4,28,2025-04,2025-Q2,Monday,April,18,No
2025-04-29,2025,2,4,29,2025-04,2025-Q2,Tuesday,April,18,No
2025-04-30,2025,2,4,30,2025-04,2025-Q2,Wednesday,April,18,No
2025-05-01,2025,2,5,1,2025-05,2025-Q2,Thursday,May,18,No
2025-05-02,2025,2,5,2,2025-05,2025-Q2,Friday,May,18,No
2025-05-03,2025,2,5,3,2025-05,2025-Q2,Saturday,May,18,Yes
2025-05-04,2025,2,5,4,2025-05,2025-Q2,Sunday,May,18,Yes
2025-05-05,2025,2,5,5,2025-05,2025-Q2,Monday,May,19,No
2025-05-06,2025,2,5,6,2025-05,2025-Q2,Tuesday,May,19,No
2025-05-07,2025,2,5,7,2025-05,2025-Q2,Wednesday,May,19,No
2025-05-08,2025,2,5,8,2025-05,2025-Q2,Thursday,May,19,No
2025-05-09,2025,2,5,9,2025-05,2025-Q2,Friday,May,19,No
2025-05-10,2025,2,5,10,2025-05,2025-Q2,Saturday,May,19,Yes
2025-05-11,2025,2,5,11,2025-05,2025-Q2,Sunday,May,19,Yes
2025-05-12,2025,2,5,12,2025-05,2025-Q2,Monday,May,20,No
2025-05-13,2025,2,5,13,2025-05,2025-Q2,Tuesday,May,20,No
2025-05-14,2025,2,5,14,2025-05,2025-Q2,Wednesday,May,20,No
2025-05-15,2025,2,5,15,2025-05,2025-Q2,Thursday,May,20,No
2025-05-16,2025,2,5,16,2025-05,2025-Q2,Friday,May,20,No
2025-05-17,2025,2,5,17,2025-05,2025-Q2,Saturday,May,20,Yes
2025-05-18,2025,2,5,18,2025-05,2025-Q2,Sunday,May,20,Yes
2025-05-19,2025,2,5,19,2025-05,2025-Q2,Monday,May,21,No
2025-05-20,2025,2,5,20,2025-05,2025-Q2,Tuesday,May,21,No
2025-05-21,2025,2,5,21,2025-05,2025-Q2,Wednesday,May,21,No
2025-05-22,2025,2,5,22,2025-05,2025-Q2,Thursday,May,21,No
2025-05-23,2025,2,5,23,2025-05,2025-Q2,Friday,May,21,No
2025-05-24,2025,2,5,24,2025-05,2025-Q2,Saturday,May,21,Yes
2025-05-25,2025,2,5,25,2025-05,2025-Q2,Sunday,May,21,Yes
2025-05-26,2025,2,5,26,2025-05,2025-Q2,Monday,May,22,No
2025-05-27,2025,2,5,27,2025-05,2025-Q2,Tuesday,May,22,No
2025-05-28,2025,2,5,28,2025-05,2025-Q2,Wednesday,May,22,No
2025-05-29,2025,2,5,29,2025-05,2025-Q2,Thursday,May,22,No
2025-05-30,2025,2,5,30,2025-05,2025-Q2,Friday,May,22,No
2025-05-31,2025,2,5,31,2025-05,2025-Q2,Saturday,May,22,Yes
2025-06-01,2025,2,6,1,2025-06,2025-Q2,Sunday,June,22,Yes
2025-06-02,2025,2,6,2,2025-06,2025-Q2,Monday,June,23,No
2025-06-03,2025,2,6,3,2025-06,2025-Q2,Tuesday,June,23,No
2025-06-04,2025,2,6,4,2025-06,2025-Q2,Wednesday,June,23,No
2025-06-05,2025,2,6,5,2025-06,2025-Q2,Thursday,June,23,No
2025-06-06,2025,2,6,6,2025-06,2025-Q2,Friday,June,23,No
2025-06-07,2025,2,6,7,2025-06,2025-Q2,Saturday,June,23,Yes
2025-06-08,2025,2,6,8,2025-06,2025-Q2,Sunday,June,23,Yes
2025-06-09,2025,2,6,9,2025-06,2025-Q2,Monday,June,24,No
2025-06-10,2025,2,6,10,2025-06,2025-Q2,Tuesday,June,24,No
2025-06-11,2025,2,6,11,2025-06,2025-Q2,Wednesday,June,24,No
2025-06-12,2025,2,6,12,2025-06,2025-Q2,Thursday,June,24,No
2025-06-13,2025,2,6,13,2025-06,2025-Q2,Friday,June,24,No
2025-06-14,2025,2,6,14,2025-06,2025-Q2,Saturday,June,24,Yes
2025-06-15,2025,2,6,15,2025-06,2025-Q2,Sunday,June,24,Yes
2025-06-16,2025,2,6,16,2025-06,2025-Q2,Monday,June,25,No
2025-06-17,2025,2,6,17,2025-06,2025-Q2,Tuesday,June,25,No
2025-06-18,2025,2,6,18,2025-06,2025-Q2,Wednesday,June,25,No
2025-06-19,2025,2,6,19,2025-06,2025-Q2,Thursday,June,25,No
2025-06-20,2025,2,6,20,2025-06,2025-Q2,Friday,June,25,No
2025-06-21,2025,2,6,21,2025-06,2025-Q2,Saturday,June,25,Yes
2025-06-22,2025,2,6,22,2025-06,2025-Q2,Sunday,June,25,Yes
2025-06-23,2025,2,6,23,2025-06,2025-Q2,Monday,June,26,No
2025-06-24,2025,2,6,24,2025-06,2025-Q2,Tuesday,June,26,No
2025-06-25,2025,2,6,25,2025-06,2025-Q2,Wednesday,June,26,No
2025-06-26,2025,2,6,26,2025-06,2025-Q2,Thursday,June,26,No
2025-06-27,2025,2,6,27,2025-06,2025-Q2,Friday,June,26,No
2025-06-28,2025,2,6,28,2025-06,2025-Q2,Saturday,June,26,Yes
2025-06-29,2025,2,6,29,2025-06,2025-Q2,Sunday,June,26,Yes
2025-06-30,2025,2,6,30,2025-06,2025-Q2,Monday,June,27,No
2025-07-01,2025,3,7,1,2025-07,2025-Q3,Tuesday,July,27,No
2025-07-02,2025,3,7,2,2025-07,2025-Q3,Wednesday,July,27,No
2025-07-03,2025,3,7,3,2025-07,2025-Q3,Thursday,July,27,No
2025-07-04,2025,3,7,4,2025-07,2025-Q3,Friday,July,27,No
2025-07-05,2025,3,7,5,2025-07,2025-Q3,Saturday,July,27,Yes
2025-07-06,2025,3,7,6,2025-07,2025-Q3,Sunday,July,27,Yes
2025-07-07,2025,3,7,7,2025-07,2025-Q3,Monday,July,28,No
2025-07-08,2025,3,7,8,2025-07,2025-Q3,Tuesday,July,28,No
2025-07-09,2025,3,7,9,2025-07,2025-Q3,Wednesday,July,28,No
2025-07-10,2025,3,7,10,2025-07,2025-Q3,Thursday,July,28,No
2025-07-11,2025,3,7,11,2025-07,2025-Q3,Friday,July,28,No
2025-07-12,2025,3,7,12,2025-07,2025-Q3,Saturday,July,28,Yes
2025-07-13,2025,3,7,13,2025-07,2025-Q3,Sunday,July,28,Yes
2025-07-14,2025,3,7,14,2025-07,2025-Q3,Monday,July,29,No
2025-07-15,2025,3,7,15,2025-07,2025-Q3,Tuesday,July,29,No
2025-07-16,2025,3,7,16,2025-07,2025-Q3,Wednesday,July,29,No
2025-07-17,2025,3,7,17,2025-07,2025-Q3,Thursday,July,29,No
2025-07-18,2025,3,7,18,2025-07,2025-Q3,Friday,July,29,No
2025-07-19,2025,3,7,19,2025-07,2025-Q3,Saturday,July,29,Yes
2025-07-20,2025,3,7,20,2025-07,2025-Q3,Sunday,July,29,Yes
2025-07-21,2025,3,7,21,2025-07,2025-Q3,Monday,July,30,No
2025-07-22,2025,3,7,22,2025-07,2025-Q3,Tuesday,July,30,No
2025-07-23,2025,3,7,23,2025-07,2025-Q3,Wednesday,July,30,No
2025-07-24,2025,3,7,24,2025-07,2025-Q3,Thursday,July,30,No
2025-07-25,2025,3,7,25,2025-07,2025-Q3,Friday,July,30,No
2025-07-26,2025,3,7,26,2025-07,2025-Q3,Saturday,July,30,Yes
2025-07-27,2025,3,7,27,2025-07,2025-Q3,Sunday,July,30,Yes
2025-07-28,2025,3,7,28,2025-07,2025-Q3,Monday,July,31,No
2025-07-29,2025,3,7,29,2025-07,2025-Q3,Tuesday,July,31,No
2025-07-30,2025,3,7,30,2025-07,2025-Q3,Wednesday,July,31,No
2025-07-31,2025,3,7,31,2025-07,2025-Q3,Thursday,July,31,No
2025-08-01,2025,3,8,1,2025-08,2025-Q3,Friday,August,31,No
2025-08-02,2025,3,8,2,2025-08,2025-Q3,Saturday,August,31,Yes
2025-08-03,2025,3,8,3,2025-08,2025-Q3,Sunday,August,31,Yes
2025-08-04,2025,3,8,4,2025-08,2025-Q3,Monday,August,32,No
2025-08-05,2025,3,8,5,2025-08,2025-Q3,Tuesday,August,32,No
2025-08-06,2025,3,8,6,2025-08,2025-Q3,Wednesday,August,32,No
2025-08-07,2025,3,8,7,2025-08,2025-Q3,Thursday,August,32,No
2025-08-08,2025,3,8,8,2025-08,2025-Q3,Friday,August,32,No
2025-08-09,2025,3,8,9,2025-08,2025-Q3,Saturday,August,32,Yes
2025-08-10,2025,3,8,10,2025-08,2025-Q3,Sunday,August,32,Yes
2025-08-11,2025,3,8,11,2025-08,2025-Q3,Monday,August,33,No
2025-08-12,2025,3,8,12,2025-08,2025-Q3,Tuesday,August,33,No
2025-08-13,2025,3,8,13,2025-08,2025-Q3,Wednesday,August,33,No
2025-08-14,2025,3,8,14,2025-08,2025-Q3,Thursday,August,33,No
2025-08-15,2025,3,8,15,2025-08,2025-Q3,Friday,August,33,No
2025-08-16,2025,3,8,16,2025-08,2025-Q3,Saturday,August,33,Yes
2025-08-17,2025,3,8,17,2025-08,2025-Q3,Sunday,August,33,Yes
2025-08-18,2025,3,8,18,2025-08,2025-Q3,Monday,August,34,No
2025-08-19,2025,3,8,19,2025-08,2025-Q3,Tuesday,August,34,No
2025-08-20,2025,3,8,20,2025-08,2025-Q3,Wednesday,August,34,No
2025-08-21,2025,3,8,21,2025-08,2025-Q3,Thursday,August,34,No
2025-08-22,2025,3,8,22,2025-08,2025-Q3,Friday,August,34,No
2025-08-23,2025,3,8,23,2025-08,2025-Q3,Saturday,August,34,Yes
2025-08-24,2025,3,8,24,2025-08,2025-Q3,Sunday,August,34,Yes
2025-08-25,2025,3,8,25,2025-08,2025-Q3,Monday,August,35,No
2025-08-26,2025,3,8,26,2025-08,2025-Q3,Tuesday,August,35,No
2025-08-27,2025,3,8,27,2025-08,2025-Q3,Wednesday,August,35,No
2025-08-28,2025,3,8,28,2025-08,2025-Q3,Thursday,August,35,No
2025-08-29,2025,3,8,29,2025-08,2025-Q3,Friday,August,35,No
2025-08-30,2025,3,8,30,2025-08,2025-Q3,Saturday,August,35,Yes
2025-08-31,2025,3,8,31,2025-08,2025-Q3,Sunday,August,35,Yes
2025-09-01,2025,3,9,1,2025-09,2025-Q3,Monday,September,36,No
2025-09-02,2025,3,9,2,2025-09,2025-Q3,Tuesday,September,36,No
2025-09-03,2025,3,9,3,2025-09,2025-Q3,Wednesday,September,36,No
2025-09-04,2025,3,9,4,2025-09,2025-Q3,Thursday,September,36,No
2025-09-05,2025,3,9,5,2025-09,2025-Q3,Friday,September,36,No
2025-09-06,2025,3,9,6,2025-09,2025-Q3,Saturday,September,36,Yes
2025-09-07,2025,3,9,7,2025-09,2025-Q3,Sunday,September,36,Yes
2025-09-08,2025,3,9,8,2025-09,2025-Q3,Monday,September,37,No
2025-09-09,2025,3,9,9,2025-09,2025-Q3,Tuesday,September,37,No
2025-09-10,2025,3,9,10,2025-09,2025-Q3,Wednesday,September,37,No
2025-09-11,2025,3,9,11,2025-09,2025-Q3,Thursday,September,37,No
2025-09-12,2025,3,9,12,2025-09,2025-Q3,Friday,September,37,No
2025-09-13,2025,3,9,13,2025-09,2025-Q3,Saturday,September,37,Yes
2025-09-14,2025,3,9,14,2025-09,2025-Q3,Sunday,September,37,Yes
2025-09-15,2025,3,9,15,2025-09,2025-Q3,Monday,September,38,No
2025-09-16,2025,3,9,16,2025-09,2025-Q3,Tuesday,September,38,No
2025-09-17,2025,3,9,17,2025-09,2025-Q3,Wednesday,September,38,No
2025-09-18,2025,3,9,18,2025-09,2025-Q3,Thursday,September,38,No
2025-09-19,2025,3,9,19,2025-09,2025-Q3,Friday,September,38,No
2025-09-20,2025,3,9,20,2025-09,2025-Q3,Saturday,September,38,Yes
2025-09-21,2025,3,9,21,2025-09,2025-Q3,Sunday,September,38,Yes
2025-09-22,2025,3,9,22,2025-09,2025-Q3,Monday,September,39,No
2025-09-23,2025,3,9,23,2025-09,2025-Q3,Tuesday,September,39,No
2025-09-24,2025,3,9,24,2025-09,2025-Q3,Wednesday,September,39,No
2025-09-25,2025,3,9,25,2025-09,2025-Q3,Thursday,September,39,No
2025-09-26,2025,3,9,26,2025-09,2025-Q3,Friday,September,39,No
2025-09-27,2025,3,9,27,2025-09,2025-Q3,Saturday,September,39,Yes
2025-09-28,2025,3,9,28,2025-09,2025-Q3,Sunday,September,39,Yes
2025-09-29,2025,3,9,29,2025-09,2025-Q3,Monday,September,40,No
2025-09-30,2025,3,9,30,2025-09,2025-Q3,Tuesday,September,40,No
2025-10-01,2025,4,10,1,2025-10,2025-Q4,Wednesday,October,40,No
2025-10-02,2025,4,10,2,2025-10,2025-Q4,Thursday,October,40,No
2025-10-03,2025,4,10,3,2025-10,2025-Q4,Friday,October,40,No
2025-10-04,2025,4,10,4,2025-10,2025-Q4,Saturday,October,40,Yes
2025-10-05,2025,4,10,5,2025-10,2025-Q4,Sunday,October,40,Yes
2025-10-06,2025,4,10,6,2025-10,2025-Q4,Monday,October,41,No
2025-10-07,2025,4,10,7,2025-10,2025-Q4,Tuesday,October,41,No
2025-10-08,2025,4,10,8,2025-10,2025-Q4,Wednesday,October,41,No
2025-10-09,2025,4,10,9,2025-10,2025-Q4,Thursday,October,41,No
2025-10-10,2025,4,10,10,2025-10,2025-Q4,Friday,October,41,No
2025-10-11,2025,4,10,11,2025-10,2025-Q4,Saturday,October,41,Yes
2025-10-12,2025,4,10,12,2025-10,2025-Q4,Sunday,October,41,Yes
2025-10-13,2025,4,10,13,2025-10,2025-Q4,Monday,October,42,No
2025-10-14,2025,4,10,14,2025-10,2025-Q4,Tuesday,October,42,No
2025-10-15,2025,4,10,15,2025-10,2025-Q4,Wednesday,October,42,No
2025-10-16,2025,4,10,16,2025-10,2025-Q4,Thursday,October,42,No
2025-10-17,2025,4,10,17,2025-10,2025-Q4,Friday,October,42,No
2025-10-18,2025,4,10,18,2025-10,2025-Q4,Saturday,October,42,Yes
2025-10-19,2025,4,10,19,2025-10,2025-Q4,Sunday,October,42,Yes
2025-10-20,2025,4,10,20,2025-10,2025-Q4,Monday,October,43,No
2025-10-21,2025,4,10,21,2025-10,2025-Q4,Tuesday,October,43,No
2025-10-22,2025,4,10,22,2025-10,2025-Q4,Wednesday,October,43,No
2025-10-23,2025,4,10,23,2025-10,2025-Q4,Thursday,October,43,No
2025-10-24,2025,4,10,24,2025-10,2025-Q4,Friday,October,43,No
2025-10-25,2025,4,10,25,2025-10,2025-Q4,Saturday,October,43,Yes
2025-10-26,2025,4,10,26,2025-10,2025-Q4,Sunday,October,43,Yes
2025-10-27,2025,4,10,27,2025-10,2025-Q4,Monday,October,44,No
2025-10-28,2025,4,10,28,2025-10,2025-Q4,Tuesday,October,44,No
2025-10-29,2025,4,10,29,2025-10,2025-Q4,Wednesday,October,44,No
2025-10-30,2025,4,10,30,2025-10,2025-Q4,Thursday,October,44,No
2025-10-31,2025,4,10,31,2025-10,2025-Q4,Friday,October,44,No
2025-11-01,2025,4,11,1,2025-11,2025-Q4,Saturday,November,44,Yes
2025-11-02,2025,4,11,2,2025-11,2025-Q4,Sunday,November,44,Yes
2025-11-03,2025,4,11,3,2025-11,2025-Q4,Monday,November,45,No
2025-11-04,2025,4,11,4,2025-11,2025-Q4,Tuesday,November,45,No
2025-11-05,2025,4,11,5,2025-11,2025-Q4,Wednesday,November,45,No
2025-11-06,2025,4,11,6,2025-11,2025-Q4,Thursday,November,45,No
2025-11-07,2025,4,11,7,2025-11,2025-Q4,Friday,November,45,No
2025-11-08,2025,4,11,8,2025-11,2025-Q4,Saturday,November,45,Yes
2025-11-09,2025,4,11,9,2025-11,2025-Q4,Sunday,November,45,Yes
2025-11-10,2025,4,11,10,2025-11,2025-Q4,Monday,November,46,No
2025-11-11,2025,4,11,11,2025-11,2025-Q4,Tuesday,November,46,No
2025-11-12,2025,4,11,12,2025-11,2025-Q4,Wednesday,November,46,No
2025-11-13,2025,4,11,13,2025-11,2025-Q4,Thursday,November,46,No
2025-11-14,2025,4,11,14,2025-11,2025-Q4,Friday,November,46,No
2025-11-15,2025,4,11,15,2025-11,2025-Q4,Saturday,November,46,Yes
2025-11-16,2025,4,11,16,2025-11,2025-Q4,Sunday,November,46,Yes
2025-11-17,2025,4,11,17,2025-11,2025-Q4,Monday,November,47,No
2025-11-18,2025,4,11,18,2025-11,2025-Q4,Tuesday,November,47,No
2025-11-19,2025,4,11,19,2025-11,2025-Q4,Wednesday,November,47,No
2025-11-20,2025,4,11,20,2025-11,2025-Q4,Thursday,November,47,No
2025-11-21,2025,4,11,21,2025-11,2025-Q4,Friday,November,47,No
2025-11-22,2025,4,11,22,2025-11,2025-Q4,Saturday,November,47,Yes
2025-11-23,2025,4,11,23,2025-11,2025-Q4,Sunday,November,47,Yes
2025-11-24,2025,4,11,24,2025-11,2025-Q4,Monday,November,48,No
2025-11-25,2025,4,11,25,2025-11,2025-Q4,Tuesday,November,48,No
2025-11-26,2025,4,11,26,2025-11,2025-Q4,Wednesday,November,48,No
2025-11-27,2025,4,11,27,2025-11,2025-Q4,Thursday,November,48,No
2025-11-28,2025,4,11,28,2025-11,2025-Q4,Friday,November,48,No
2025-11-29,2025,4,11,29,2025-11,2025-Q4,Saturday,November,48,Yes
2025-11-30,2025,4,11,30,2025-11,2025-Q4,Sunday,November,48,Yes
2025-12-01,2025,4,12,1,2025-12,2025-Q4,Monday,December,49,No
2025-12-02,2025,4,12,2,2025-12,2025-Q4,Tuesday,December,49,No
2025-12-03,2025,4,12,3,2025-12,2025-Q4,Wednesday,December,49,No
2025-12-04,2025,4,12,4,2025-12,2025-Q4,Thursday,December,49,No
2025-12-05,2025,4,12,5,2025-12,2025-Q4,Friday,December,49,No
2025-12-06,2025,4,12,6,2025-12,2025-Q4,Saturday,December,49,Yes
2025-12-07,2025,4,12,7,2025-12,2025-Q4,Sunday,December,49,Yes
2025-12-08,2025,4,12,8,2025-12,2025-Q4,Monday,December,50,No
2025-12-09,2025,4,12,9,2025-12,2025-Q4,Tuesday,December,50,No
2025-12-10,2025,4,12,10,2025-12,2025-Q4,Wednesday,December,50,No
2025-12-11,2025,4,12,11,2025-12,2025-Q4,Thursday,December,50,No
2025-12-12,2025,4,12,12,2025-12,2025-Q4,Friday,December,50,No
2025-12-13,2025,4,12,13,2025-12,2025-Q4,Saturday,December,50,Yes
2025-12-14,2025,4,12,14,2025-12,2025-Q4,Sunday,December,50,Yes
2025-12-15,2025,4,12,15,2025-12,2025-Q4,Monday,December,51,No
2025-12-16,2025,4,12,16,2025-12,2025-Q4,Tuesday,December,51,No
2025-12-17,2025,4,12,17,2025-12,2025-Q4,Wednesday,December,51,No
2025-12-18,2025,4,12,18,2025-12,2025-Q4,Thursday,December,51,No
2025-12-19,2025,4,12,19,2025-12,2025-Q4,Friday,December,51,No
2025-12-20,2025,4,12,20,2025-12,2025-Q4,Saturday,December,51,Yes
2025-12-21,2025,4,12,21,2025-12,2025-Q4,Sunday,December,51,Yes
2025-12-22,2025,4,12,22,2025-12,2025-Q4,Monday,December,52,No
2025-12-23,2025,4,12,23,2025-12,2025-Q4,Tuesday,December,52,No
2025-12-24,2025,4,12,24,2025-12,2025-Q4,Wednesday,December,52,No
2025-12-25,2025,4,12,25,2025-12,2025-Q4,Thursday,December,52,No
2025-12-26,2025,4,12,26,2025-12,2025-Q4,Friday,December,52,No
2025-12-27,2025,4,12,27,2025-12,2025-Q4,Saturday,December,52,Yes
2025-12-28,2025,4,12,28,2025-12,2025-Q4,Sunday,December,52,Yes
2025-12-29,2025,4,12,29,2025-12,2025-Q4,Monday,December,1,No
2025-12-30,2025,4,12,30,2025-12,2025-Q4,Tuesday,December,1,No
2025-12-31,2025,4,12,31,2025-12,2025-Q4,Wednesday,December,1,No
2026-01-01,2026,1,1,1,2026-01,2026-Q1,Thursday,January,1,No
2026-01-02,2026,1,1,2,2026-01,2026-Q1,Friday,January,1,No
2026-01-03,2026,1,1,3,2026-01,2026-Q1,Saturday,January,1,Yes
2026-01-04,2026,1,1,4,2026-01,2026-Q1,Sunday,January,1,Yes
2026-01-05,2026,1,1,5,2026-01,2026-Q1,Monday,January,2,No
2026-01-06,2026,1,1,6,2026-01,2026-Q1,Tuesday,January,2,No
2026-01-07,2026,1,1,7,2026-01,2026-Q1,Wednesday,January,2,No
2026-01-08,2026,1,1,8,2026-01,2026-Q1,Thursday,January,2,No
2026-01-09,2026,1,1,9,2026-01,2026-Q1,Friday,January,2,No
2026-01-10,2026,1,1,10,2026-01,2026-Q1,Saturday,January,2,Yes
2026-01-11,2026,1,1,11,2026-01,2026-Q1,Sunday,January,2,Yes
2026-01-12,2026,1,1,12,2026-01,2026-Q1,Monday,January,3,No
2026-01-13,2026,1,1,13,2026-01,2026-Q1,Tuesday,January,3,No
2026-01-14,2026,1,1,14,2026-01,2026-Q1,Wednesday,January,3,No
2026-01-15,2026,1,1,15,2026-01,2026-Q1,Thursday,January,3,No
2026-01-16,2026,1,1,16,2026-01,2026-Q1,Friday,January,3,No
2026-01-17,2026,1,1,17,2026-01,2026-Q1,Saturday,January,3,Yes
2026-01-18,2026,1,1,18,2026-01,2026-Q1,Sunday,January,3,Yes
2026-01-19,2026,1,1,19,2026-01,2026-Q1,Monday,January,4,No
2026-01-20,2026,1,1,20,2026-01,2026-Q1,Tuesday,January,4,No
2026-01-21,2026,1,1,21,2026-01,2026-Q1,Wednesday,January,4,No
2026-01-22,2026,1,1,22,2026-01,2026-Q1,Thursday,January,4,No
2026-01-23,2026,1,1,23,2026-01,2026-Q1,Friday,January,4,No
2026-01-24,2026,1,1,24,2026-01,2026-Q1,Saturday,January,4,Yes
2026-01-25,2026,1,1,25,2026-01,2026-Q1,Sunday,January,4,Yes
2026-01-26,2026,1,1,26,2026-01,2026-Q1,Monday,January,5,No
2026-01-27,2026,1,1,27,2026-01,2026-Q1,Tuesday,January,5,No
2026-01-28,2026,1,1,28,2026-01,2026-Q1,Wednesday,January,5,No
2026-01-29,2026,1,1,29,2026-01,2026-Q1,Thursday,January,5,No
2026-01-30,2026,1,1,30,2026-01,2026-Q1,Friday,January,5,No
2026-01-31,2026,1,1,31,2026-01,2026-Q1,Saturday,January,5,Yes
2026-02-01,2026,1,2,1,2026-02,2026-Q1,Sunday,February,5,Yes
2026-02-02,2026,1,2,2,2026-02,2026-Q1,Monday,February,6,No
2026-02-03,2026,1,2,3,2026-02,2026-Q1,Tuesday,February,6,No
2026-02-04,2026,1,2,4,2026-02,2026-Q1,Wednesday,February,6,No
2026-02-05,2026,1,2,5,2026-02,2026-Q1,Thursday,February,6,No
2026-02-06,2026,1,2,6,2026-02,2026-Q1,Friday,February,6,No
2026-02-07,2026,1,2,7,2026-02,2026-Q1,Saturday,February,6,Yes
2026-02-08,2026,1,2,8,2026-02,2026-Q1,Sunday,February,6,Yes
2026-02-09,2026,1,2,9,2026-02,2026-Q1,Monday,February,7,No
2026-02-10,2026,1,2,10,2026-02,2026-Q1,Tuesday,February,7,No
2026-02-11,2026,1,2,11,2026-02,2026-Q1,Wednesday,February,7,No
2026-02-12,2026,1,2,12,2026-02,2026-Q1,Thursday,February,7,No
2026-02-13,2026,1,2,13,2026-02,2026-Q1,Friday,February,7,No
2026-02-14,2026,1,2,14,2026-02,2026-Q1,Saturday,February,7,Yes
2026-02-15,2026,1,2,15,2026-02,2026-Q1,Sunday,February,7,Yes
2026-02-16,2026,1,2,16,2026-02,2026-Q1,Monday,February,8,No
2026-02-17,2026,1,2,17,2026-02,2026-Q1,Tuesday,February,8,No
2026-02-18,2026,1,2,18,2026-02,2026-Q1,Wednesday,February,8,No
2026-02-19,2026,1,2,19,2026-02,2026-Q1,Thursday,February,8,No
2026-02-20,2026,1,2,20,2026-02,2026-Q1,Friday,February,8,No
2026-02-21,2026,1,2,21,2026-02,2026-Q1,Saturday,February,8,Yes
2026-02-22,2026,1,2,22,2026-02,2026-Q1,Sunday,February,8,Yes
2026-02-23,2026,1,2,23,2026-02,2026-Q1,Monday,February,9,No
2026-02-24,2026,1,2,24,2026-02,2026-Q1,Tuesday,February,9,No
2026-02-25,2026,1,2,25,2026-02,2026-Q1,Wednesday,February,9,No
2026-02-26,2026,1,2,26,2026-02,2026-Q1,Thursday,February,9,No
2026-02-27,2026,1,2,27,2026-02,2026-Q1,Friday,February,9,No
2026-02-28,2026,1,2,28,2026-02,2026-Q1,Saturday,February,9,Yes
2026-03-01,2026,1,3,1,2026-03,2026-Q1,Sunday,March,9,Yes
2026-03-02,2026,1,3,2,2026-03,2026-Q1,Monday,March,10,No
2026-03-03,2026,1,3,3,2026-03,2026-Q1,Tuesday,March,10,No
2026-03-04,2026,1,3,4,2026-03,2026-Q1,Wednesday,March,10,No
2026-03-05,2026,1,3,5,2026-03,2026-Q1,Thursday,March,10,No
2026-03-06,2026,1,3,6,2026-03,2026-Q1,Friday,March,10,No
2026-03-07,2026,1,3,7,2026-03,2026-Q1,Saturday,March,10,Yes
2026-03-08,2026,1,3,8,2026-03,2026-Q1,Sunday,March,10,Yes
2026-03-09,2026,1,3,9,2026-03,2026-Q1,Monday,March,11,No
2026-03-10,2026,1,3,10,2026-03,2026-Q1,Tuesday,March,11,No
2026-03-11,2026,1,3,11,2026-03,2026-Q1,Wednesday,March,11,No
2026-03-12,2026,1,3,12,2026-03,2026-Q1,Thursday,March,11,No
2026-03-13,2026,1,3,13,2026-03,2026-Q1,Friday,March,11,No
2026-03-14,2026,1,3,14,2026-03,2026-Q1,Saturday,March,11,Yes
2026-03-15,2026,1,3,15,2026-03,2026-Q1,Sunday,March,11,Yes
2026-03-16,2026,1,3,16,2026-03,2026-Q1,Monday,March,12,No
2026-03-17,2026,1,3,17,2026-03,2026-Q1,Tuesday,March,12,No
2026-03-18,2026,1,3,18,2026-03,2026-Q1,Wednesday,March,12,No
2026-03-19,2026,1,3,19,2026-03,2026-Q1,Thursday,March,12,No
2026-03-20,2026,1,3,20,2026-03,2026-Q1,Friday,March,12,No
2026-03-21,2026,1,3,21,2026-03,2026-Q1,Saturday,March,12,Yes
2026-03-22,2026,1,3,22,2026-03,2026-Q1,Sunday,March,12,Yes
2026-03-23,2026,1,3,23,2026-03,2026-Q1,Monday,March,13,No
2026-03-24,2026,1,3,24,2026-03,2026-Q1,Tuesday,March,13,No
2026-03-25,2026,1,3,25,2026-03,2026-Q1,Wednesday,March,13,No
2026-03-26,2026,1,3,26,2026-03,2026-Q1,Thursday,March,13,No
2026-03-27,2026,1,3,27,2026-03,2026-Q1,Friday,March,13,No
2026-03-28,2026,1,3,28,2026-03,2026-Q1,Saturday,March,13,Yes
2026-03-29,2026,1,3,29,2026-03,2026-Q1,Sunday,March,13,Yes
2026-03-30,2026,1,3,30,2026-03,2026-Q1,Monday,March,14,No
2026-03-31,2026,1,3,31,2026-03,2026-Q1,Tuesday,March,14,No
2026-04-01,2026,2,4,1,2026-04,2026-Q2,Wednesday,April,14,No
2026-04-02,2026,2,4,2,2026-04,2026-Q2,Thursday,April,14,No
2026-04-03,2026,2,4,3,2026-04,2026-Q2,Friday,April,14,No
2026-04-04,2026,2,4,4,2026-04,2026-Q2,Saturday,April,14,Yes
2026-04-05,2026,2,4,5,2026-04,2026-Q2,Sunday,April,14,Yes
2026-04-06,2026,2,4,6,2026-04,2026-Q2,Monday,April,15,No
2026-04-07,2026,2,4,7,2026-04,2026-Q2,Tuesday,April,15,No
2026-04-08,2026,2,4,8,2026-04,2026-Q2,Wednesday,April,15,No
2026-04-09,2026,2,4,9,2026-04,2026-Q2,Thursday,April,15,No
2026-04-10,2026,2,4,10,2026-04,2026-Q2,Friday,April,15,No
2026-04-11,2026,2,4,11,2026-04,2026-Q2,Saturday,April,15,Yes
2026-04-12,2026,2,4,12,2026-04,2026-Q2,Sunday,April,15,Yes
2026-04-13,2026,2,4,13,2026-04,2026-Q2,Monday,April,16,No
2026-04-14,2026,2,4,14,2026-04,2026-Q2,Tuesday,April,16,No
2026-04-15,2026,2,4,15,2026-04,2026-Q2,Wednesday,April,16,No
2026-04-16,2026,2,4,16,2026-04,2026-Q2,Thursday,April,16,No
2026-04-17,2026,2,4,17,2026-04,2026-Q2,Friday,April,16,No
2026-04-18,2026,2,4,18,2026-04,2026-Q2,Saturday,April,16,Yes
2026-04-19,2026,2,4,19,2026-04,2026-Q2,Sunday,April,16,Yes
2026-04-20,2026,2,4,20,2026-04,2026-Q2,Monday,April,17,No
2026-04-21,2026,2,4,21,2026-04,2026-Q2,Tuesday,April,17,No
2026-04-22,2026,2,4,22,2026-04,2026-Q2,Wednesday,April,17,No
2026-04-23,2026,2,4,23,2026-04,2026-Q2,Thursday,April,17,No
2026-04-24,2026,2,4,24,2026-04,2026-Q2,Friday,April,17,No
2026-04-25,2026,2,4,25,2026-04,2026-Q2,Saturday,April,17,Yes
2026-04-26,2026,2,4,26,2026-04,2026-Q2,Sunday,April,17,Yes
2026-04-27,2026,2,4,27,2026-04,2026-Q2,Monday,April,18,No
2026-04-28,2026,2,4,28,2026-04,2026-Q2,Tuesday,April,18,No
2026-04-29,2026,2,4,29,2026-04,2026-Q2,Wednesday,April,18,No
2026-04-30,2026,2,4,30,2026-04,2026-Q2,Thursday,April,18,No
2026-05-01,2026,2,5,1,2026-05,2026-Q2,Friday,May,18,No
2026-05-02,2026,2,5,2,2026-05,2026-Q2,Saturday,May,18,Yes
2026-05-03,2026,2,5,3,2026-05,2026-Q2,Sunday,May,18,Yes
2026-05-04,2026,2,5,4,2026-05,2026-Q2,Monday,May,19,No
2026-05-05,2026,2,5,5,2026-05,2026-Q2,Tuesday,May,19,No
2026-05-06,2026,2,5,6,2026-05,2026-Q2,Wednesday,May,19,No
2026-05-07,2026,2,5,7,2026-05,2026-Q2,Thursday,May,19,No
2026-05-08,2026,2,5,8,2026-05,2026-Q2,Friday,May,19,No
2026-05-09,2026,2,5,9,2026-05,2026-Q2,Saturday,May,19,Yes
2026-05-10,2026,2,5,10,2026-05,2026-Q2,Sunday,May,19,Yes
2026-05-11,2026,2,5,11,2026-05,2026-Q2,Monday,May,20,No
2026-05-12,2026,2,5,12,2026-05,2026-Q2,Tuesday,May,20,No
2026-05-13,2026,2,5,13,2026-05,2026-Q2,Wednesday,May,20,No
2026-05-14,2026,2,5,14,2026-05,2026-Q2,Thursday,May,20,No
2026-05-15,2026,2,5,15,2026-05,2026-Q2,Friday,May,20,No
2026-05-16,2026,2,5,16,2026-05,2026-Q2,Saturday,May,20,Yes
2026-05-17,2026,2,5,17,2026-05,2026-Q2,Sunday,May,20,Yes
2026-05-18,2026,2,5,18,2026-05,2026-Q2,Monday,May,21,No
2026-05-19,2026,2,5,19,2026-05,2026-Q2,Tuesday,May,21,No
2026-05-20,2026,2,5,20,2026-05,2026-Q2,Wednesday,May,21,No
2026-05-21,2026,2,5,21,2026-05,2026-Q2,Thursday,May,21,No
2026-05-22,2026,2,5,22,2026-05,2026-Q2,Friday,May,21,No
2026-05-23,2026,2,5,23,2026-05,2026-Q2,Saturday,May,21,Yes
2026-05-24,2026,2,5,24,2026-05,2026-Q2,Sunday,May,21,Yes
2026-05-25,2026,2,5,25,2026-05,2026-Q2,Monday,May,22,No
2026-05-26,2026,2,5,26,2026-05,2026-Q2,Tuesday,May,22,No
2026-05-27,2026,2,5,27,2026-05,2026-Q2,Wednesday,May,22,No
2026-05-28,2026,2,5,28,2026-05,2026-Q2,Thursday,May,22,No
2026-05-29,2026,2,5,29,2026-05,2026-Q2,Friday,May,22,No
2026-05-30,2026,2,5,30,2026-05,2026-Q2,Saturday,May,22,Yes
2026-05-31,2026,2,5,31,2026-05,2026-Q2,Sunday,May,22,Yes
2026-06-01,2026,2,6,1,2026-06,2026-Q2,Monday,June,23,No
2026-06-02,2026,2,6,2,2026-06,2026-Q2,Tuesday,June,23,No
2026-06-03,2026,2,6,3,2026-06,2026-Q2,Wednesday,June,23,No
2026-06-04,2026,2,6,4,2026-06,2026-Q2,Thursday,June,23,No
2026-06-05,2026,2,6,5,2026-06,2026-Q2,Friday,June,23,No
2026-06-06,2026,2,6,6,2026-06,2026-Q2,Saturday,June,23,Yes
2026-06-07,2026,2,6,7,2026-06,2026-Q2,Sunday,June,23,Yes
2026-06-08,2026,2,6,8,2026-06,2026-Q2,Monday,June,24,No
2026-06-09,2026,2,6,9,2026-06,2026-Q2,Tuesday,June,24,No
2026-06-10,2026,2,6,10,2026-06,2026-Q2,Wednesday,June,24,No
2026-06-11,2026,2,6,11,2026-06,2026-Q2,Thursday,June,24,No
2026-06-12,2026,2,6,12,2026-06,2026-Q2,Friday,June,24,No
2026-06-13,2026,2,6,13,2026-06,2026-Q2,Saturday,June,24,Yes
2026-06-14,2026,2,6,14,2026-06,2026-Q2,Sunday,June,24,Yes
2026-06-15,2026,2,6,15,2026-06,2026-Q2,Monday,June,25,No
2026-06-16,2026,2,6,16,2026-06,2026-Q2,Tuesday,June,25,No
2026-06-17,2026,2,6,17,2026-06,2026-Q2,Wednesday,June,25,No
2026-06-18,2026,2,6,18,2026-06,2026-Q2,Thursday,June,25,No
2026-06-19,2026,2,6,19,2026-06,2026-Q2,Friday,June,25,No
2026-06-20,2026,2,6,20,2026-06,2026-Q2,Saturday,June,25,Yes
2026-06-21,2026,2,6,21,2026-06,2026-Q2,Sunday,June,25,Yes
2026-06-22,2026,2,6,22,2026-06,2026-Q2,Monday,June,26,No
2026-06-23,2026,2,6,23,2026-06,2026-Q2,Tuesday,June,26,No
2026-06-24,2026,2,6,24,2026-06,2026-Q2,Wednesday,June,26,No
2026-06-25,2026,2,6,25,2026-06,2026-Q2,Thursday,June,26,No
2026-06-26,2026,2,6,26,2026-06,2026-Q2,Friday,June,26,No
2026-06-27,2026,2,6,27,2026-06,2026-Q2,Saturday,June,26,Yes
2026-06-28,2026,2,6,28,2026-06,2026-Q2,Sunday,June,26,Yes
2026-06-29,2026,2,6,29,2026-06,2026-Q2,Monday,June,27,No
2026-06-30,2026,2,6,30,2026-06,2026-Q2,Tuesday,June,27,No
2026-07-01,2026,3,7,1,2026-07,2026-Q3,Wednesday,July,27,No
2026-07-02,2026,3,7,2,2026-07,2026-Q3,Thursday,July,27,No
2026-07-03,2026,3,7,3,2026-07,2026-Q3,Friday,July,27,No
2026-07-04,2026,3,7,4,2026-07,2026-Q3,Saturday,July,27,Yes
2026-07-05,2026,3,7,5,2026-07,2026-Q3,Sunday,July,27,Yes
2026-07-06,2026,3,7,6,2026-07,2026-Q3,Monday,July,28,No
2026-07-07,2026,3,7,7,2026-07,2026-Q3,Tuesday,July,28,No
2026-07-08,2026,3,7,8,2026-07,2026-Q3,Wednesday,July,28,No
2026-07-09,2026,3,7,9,2026-07,2026-Q3,Thursday,July,28,No
2026-07-10,2026,3,7,10,2026-07,2026-Q3,Friday,July,28,No
2026-07-11,2026,3,7,11,2026-07,2026-Q3,Saturday,July,28,Yes
2026-07-12,2026,3,7,12,2026-07,2026-Q3,Sunday,July,28,Yes
2026-07-13,2026,3,7,13,2026-07,2026-Q3,Monday,July,29,No
2026-07-14,2026,3,7,14,2026-07,2026-Q3,Tuesday,July,29,No
2026-07-15,2026,3,7,15,2026-07,2026-Q3,Wednesday,July,29,No
2026-07-16,2026,3,7,16,2026-07,2026-Q3,Thursday,July,29,No
2026-07-17,2026,3,7,17,2026-07,2026-Q3,Friday,July,29,No
2026-07-18,2026,3,7,18,2026-07,2026-Q3,Saturday,July,29,Yes
2026-07-19,2026,3,7,19,2026-07,2026-Q3,Sunday,July,29,Yes
2026-07-20,2026,3,7,20,2026-07,2026-Q3,Monday,July,30,No
2026-07-21,2026,3,7,21,2026-07,2026-Q3,Tuesday,July,30,No
2026-07-22,2026,3,7,22,2026-07,2026-Q3,Wednesday,July,30,No
2026-07-23,2026,3,7,23,2026-07,2026-Q3,Thursday,July,30,No
2026-07-24,2026,3,7,24,2026-07,2026-Q3,Friday,July,30,No
2026-07-25,2026,3,7,25,2026-07,2026-Q3,Saturday,July,30,Yes
2026-07-26,2026,3,7,26,2026-07,2026-Q3,Sunday,July,30,Yes
2026-07-27,2026,3,7,27,2026-07,2026-Q3,Monday,July,31,No
2026-07-28,2026,3,7,28,2026-07,2026-Q3,Tuesday,July,31,No
2026-07-29,2026,3,7,29,2026-07,2026-Q3,Wednesday,July,31,No
2026-07-30,2026,3,7,30,2026-07,2026-Q3,Thursday,July,31,No
2026-07-31,2026,3,7,31,2026-07,2026-Q3,Friday,July,31,No
2026-08-01,2026,3,8,1,2026-08,2026-Q3,Saturday,August,31,Yes
2026-08-02,2026,3,8,2,2026-08,2026-Q3,Sunday,August,31,Yes
2026-08-03,2026,3,8,3,2026-08,2026-Q3,Monday,August,32,No
2026-08-04,2026,3,8,4,2026-08,2026-Q3,Tuesday,August,32,No
2026-08-05,2026,3,8,5,2026-08,2026-Q3,Wednesday,August,32,No
2026-08-06,2026,3,8,6,2026-08,2026-Q3,Thursday,August,32,No
2026-08-07,2026,3,8,7,2026-08,2026-Q3,Friday,August,32,No
2026-08-08,2026,3,8,8,2026-08,2026-Q3,Saturday,August,32,Yes
2026-08-09,2026,3,8,9,2026-08,2026-Q3,Sunday,August,32,Yes
2026-08-10,2026,3,8,10,2026-08,2026-Q3,Monday,August,33,No
2026-08-11,2026,3,8,11,2026-08,2026-Q3,Tuesday,August,33,No
2026-08-12,2026,3,8,12,2026-08,2026-Q3,Wednesday,August,33,No
2026-08-13,2026,3,8,13,2026-08,2026-Q3,Thursday,August,33,No
2026-08-14,2026,3,8,14,2026-08,2026-Q3,Friday,August,33,No
2026-08-15,2026,3,8,15,2026-08,2026-Q3,Saturday,August,33,Yes
2026-08-16,2026,3,8,16,2026-08,2026-Q3,Sunday,August,33,Yes
2026-08-17,2026,3,8,17,2026-08,2026-Q3,Monday,August,34,No
2026-08-18,2026,3,8,18,2026-08,2026-Q3,Tuesday,August,34,No
2026-08-19,2026,3,8,19,2026-08,2026-Q3,Wednesday,August,34,No
2026-08-20,2026,3,8,20,2026-08,2026-Q3,Thursday,August,34,No
2026-08-21,2026,3,8,21,2026-08,2026-Q3,Friday,August,34,No
2026-08-22,2026,3,8,22,2026-08,2026-Q3,Saturday,August,34,Yes
2026-08-23,2026,3,8,23,2026-08,2026-Q3,Sunday,August,34,Yes
2026-08-24,2026,3,8,24,2026-08,2026-Q3,Monday,August,35,No
2026-08-25,2026,3,8,25,2026-08,2026-Q3,Tuesday,August,35,No
2026-08-26,2026,3,8,26,2026-08,2026-Q3,Wednesday,August,35,No
2026-08-27,2026,3,8,27,2026-08,2026-Q3,Thursday,August,35,No
2026-08-28,2026,3,8,28,2026-08,2026-Q3,Friday,August,35,No
2026-08-29,2026,3,8,29,2026-08,2026-Q3,Saturday,August,35,Yes
2026-08-30,2026,3,8,30,2026-08,2026-Q3,Sunday,August,35,Yes
2026-08-31,2026,3,8,31,2026-08,2026-Q3,Monday,August,36,No
2026-09-01,2026,3,9,1,2026-09,2026-Q3,Tuesday,September,36,No
2026-09-02,2026,3,9,2,2026-09,2026-Q3,Wednesday,September,36,No
2026-09-03,2026,3,9,3,2026-09,2026-Q3,Thursday,September,36,No
2026-09-04,2026,3,9,4,2026-09,2026-Q3,Friday,September,36,No
2026-09-05,2026,3,9,5,2026-09,2026-Q3,Saturday,September,36,Yes
2026-09-06,2026,3,9,6,2026-09,2026-Q3,Sunday,September,36,Yes
2026-09-07,2026,3,9,7,2026-09,2026-Q3,Monday,September,37,No
2026-09-08,2026,3,9,8,2026-09,2026-Q3,Tuesday,September,37,No
2026-09-09,2026,3,9,9,2026-09,2026-Q3,Wednesday,September,37,No
2026-09-10,2026,3,9,10,2026-09,2026-Q3,Thursday,September,37,No
2026-09-11,2026,3,9,11,2026-09,2026-Q3,Friday,September,37,No
2026-09-12,2026,3,9,12,2026-09,2026-Q3,Saturday,September,37,Yes
2026-09-13,2026,3,9,13,2026-09,2026-Q3,Sunday,September,37,Yes
2026-09-14,2026,3,9,14,2026-09,2026-Q3,Monday,September,38,No
2026-09-15,2026,3,9,15,2026-09,2026-Q3,Tuesday,September,38,No
2026-09-16,2026,3,9,16,2026-09,2026-Q3,Wednesday,September,38,No
2026-09-17,2026,3,9,17,2026-09,2026-Q3,Thursday,September,38,No
2026-09-18,2026,3,9,18,2026-09,2026-Q3,Friday,September,38,No
2026-09-19,2026,3,9,19,2026-09,2026-Q3,Saturday,September,38,Yes
2026-09-20,2026,3,9,20,2026-09,2026-Q3,Sunday,September,38,Yes
2026-09-21,2026,3,9,21,2026-09,2026-Q3,Monday,September,39,No
2026-09-22,2026,3,9,22,2026-09,2026-Q3,Tuesday,September,39,No
2026-09-23,2026,3,9,23,2026-09,2026-Q3,Wednesday,September,39,No
2026-09-24,2026,3,9,24,2026-09,2026-Q3,Thursday,September,39,No
2026-09-25,2026,3,9,25,2026-09,2026-Q3,Friday,September,39,No
2026-09-26,2026,3,9,26,2026-09,2026-Q3,Saturday,September,39,Yes
2026-09-27,2026,3,9,27,2026-09,2026-Q3,Sunday,September,39,Yes
2026-09-28,2026,3,9,28,2026-09,2026-Q3,Monday,September,40,No
2026-09-29,2026,3,9,29,2026-09,2026-Q3,Tuesday,September,40,No
2026-09-30,2026,3,9,30,2026-09,2026-Q3,Wednesday,September,40,No
2026-10-01,2026,4,10,1,2026-10,2026-Q4,Thursday,October,40,No
2026-10-02,2026,4,10,2,2026-10,2026-Q4,Friday,October,40,No
2026-10-03,2026,4,10,3,2026-10,2026-Q4,Saturday,October,40,Yes
2026-10-04,2026,4,10,4,2026-10,2026-Q4,Sunday,October,40,Yes
2026-10-05,2026,4,10,5,2026-10,2026-Q4,Monday,October,41,No
2026-10-06,2026,4,10,6,2026-10,2026-Q4,Tuesday,October,41,No
2026-10-07,2026,4,10,7,2026-10,2026-Q4,Wednesday,October,41,No
2026-10-08,2026,4,10,8,2026-10,2026-Q4,Thursday,October,41,No
2026-10-09,2026,4,10,9,2026-10,2026-Q4,Friday,October,41,No
2026-10-10,2026,4,10,10,2026-10,2026-Q4,Saturday,October,41,Yes
2026-10-11,2026,4,10,11,2026-10,2026-Q4,Sunday,October,41,Yes
2026-10-12,2026,4,10,12,2026-10,2026-Q4,Monday,October,42,No
2026-10-13,2026,4,10,13,2026-10,2026-Q4,Tuesday,October,42,No
2026-10-14,2026,4,10,14,2026-10,2026-Q4,Wednesday,October,42,No
2026-10-15,2026,4,10,15,2026-10,2026-Q4,Thursday,October,42,No
2026-10-16,2026,4,10,16,2026-10,2026-Q4,Friday,October,42,No
2026-10-17,2026,4,10,17,2026-10,2026-Q4,Saturday,October,42,Yes
2026-10-18,2026,4,10,18,2026-10,2026-Q4,Sunday,October,42,Yes
2026-10-19,2026,4,10,19,2026-10,2026-Q4,Monday,October,43,No
2026-10-20,2026,4,10,20,2026-10,2026-Q4,Tuesday,October,43,No
2026-10-21,2026,4,10,21,2026-10,2026-Q4,Wednesday,October,43,No
2026-10-22,2026,4,10,22,2026-10,2026-Q4,Thursday,October,43,No
2026-10-23,2026,4,10,23,2026-10,2026-Q4,Friday,October,43,No
2026-10-24,2026,4,10,24,2026-10,2026-Q4,Saturday,October,43,Yes
2026-10-25,2026,4,10,25,2026-10,2026-Q4,Sunday,October,43,Yes
2026-10-26,2026,4,10,26,2026-10,2026-Q4,Monday,October,44,No
2026-10-27,2026,4,10,27,2026-10,2026-Q4,Tuesday,October,44,No
2026-10-28,2026,4,10,28,2026-10,2026-Q4,Wednesday,October,44,No
2026-10-29,2026,4,10,29,2026-10,2026-Q4,Thursday,October,44,No
2026-10-30,2026,4,10,30,2026-10,2026-Q4,Friday,October,44,No
2026-10-31,2026,4,10,31,2026-10,2026-Q4,Saturday,October,44,Yes
2026-11-01,2026,4,11,1,2026-11,2026-Q4,Sunday,November,44,Yes
2026-11-02,2026,4,11,2,2026-11,2026-Q4,Monday,November,45,No
2026-11-03,2026,4,11,3,2026-11,2026-Q4,Tuesday,November,45,No
2026-11-04,2026,4,11,4,2026-11,2026-Q4,Wednesday,November,45,No
2026-11-05,2026,4,11,5,2026-11,2026-Q4,Thursday,November,45,No
2026-11-06,2026,4,11,6,2026-11,2026-Q4,Friday,November,45,No
2026-11-07,2026,4,11,7,2026-11,2026-Q4,Saturday,November,45,Yes
2026-11-08,2026,4,11,8,2026-11,2026-Q4,Sunday,November,45,Yes
2026-11-09,2026,4,11,9,2026-11,2026-Q4,Monday,November,46,No
2026-11-10,2026,4,11,10,2026-11,2026-Q4,Tuesday,November,46,No
2026-11-11,2026,4,11,11,2026-11,2026-Q4,Wednesday,November,46,No
2026-11-12,2026,4,11,12,2026-11,2026-Q4,Thursday,November,46,No
2026-11-13,2026,4,11,13,2026-11,2026-Q4,Friday,November,46,No
2026-11-14,2026,4,11,14,2026-11,2026-Q4,Saturday,November,46,Yes
2026-11-15,2026,4,11,15,2026-11,2026-Q4,Sunday,November,46,Yes
2026-11-16,2026,4,11,16,2026-11,2026-Q4,Monday,November,47,No
2026-11-17,2026,4,11,17,2026-11,2026-Q4,Tuesday,November,47,No
2026-11-18,2026,4,11,18,2026-11,2026-Q4,Wednesday,November,47,No
2026-11-19,2026,4,11,19,2026-11,2026-Q4,Thursday,November,47,No
2026-11-20,2026,4,11,20,2026-11,2026-Q4,Friday,November,47,No
2026-11-21,2026,4,11,21,2026-11,2026-Q4,Saturday,November,47,Yes
2026-11-22,2026,4,11,22,2026-11,2026-Q4,Sunday,November,47,Yes
2026-11-23,2026,4,11,23,2026-11,2026-Q4,Monday,November,48,No
2026-11-24,2026,4,11,24,2026-11,2026-Q4,Tuesday,November,48,No
2026-11-25,2026,4,11,25,2026-11,2026-Q4,Wednesday,November,48,No
2026-11-26,2026,4,11,26,2026-11,2026-Q4,Thursday,November,48,No
2026-11-27,2026,4,11,27,2026-11,2026-Q4,Friday,November,48,No
2026-11-28,2026,4,11,28,2026-11,2026-Q4,Saturday,November,48,Yes
2026-11-29,2026,4,11,29,2026-11,2026-Q4,Sunday,November,48,Yes
2026-11-30,2026,4,11,30,2026-11,2026-Q4,Monday,November,49,No
2026-12-01,2026,4,12,1,2026-12,2026-Q4,Tuesday,December,49,No
2026-12-02,2026,4,12,2,2026-12,2026-Q4,Wednesday,December,49,No
2026-12-03,2026,4,12,3,2026-12,2026-Q4,Thursday,December,49,No
2026-12-04,2026,4,12,4,2026-12,2026-Q4,Friday,December,49,No
2026-12-05,2026,4,12,5,2026-12,2026-Q4,Saturday,December,49,Yes
2026-12-06,2026,4,12,6,2026-12,2026-Q4,Sunday,December,49,Yes
2026-12-07,2026,4,12,7,2026-12,2026-Q4,Monday,December,50,No
2026-12-08,2026,4,12,8,2026-12,2026-Q4,Tuesday,December,50,No
2026-12-09,2026,4,12,9,2026-12,2026-Q4,Wednesday,December,50,No
2026-12-10,2026,4,12,10,2026-12,2026-Q4,Thursday,December,50,No
2026-12-11,2026,4,12,11,2026-12,2026-Q4,Friday,December,50,No
2026-12-12,2026,4,12,12,2026-12,2026-Q4,Saturday,December,50,Yes
2026-12-13,2026,4,12,13,2026-12,2026-Q4,Sunday,December,50,Yes
2026-12-14,2026,4,12,14,2026-12,2026-Q4,Monday,December,51,No
2026-12-15,2026,4,12,15,2026-12,2026-Q4,Tuesday,December,51,No
2026-12-16,2026,4,12,16,2026-12,2026-Q4,Wednesday,December,51,No
2026-12-17,2026,4,12,17,2026-12,2026-Q4,Thursday,December,51,No
2026-12-18,2026,4,12,18,2026-12,2026-Q4,Friday,December,51,No
2026-12-19,2026,4,12,19,2026-12,2026-Q4,Saturday,December,51,Yes
2026-12-20,2026,4,12,20,2026-12,2026-Q4,Sunday,December,51,Yes
2026-12-21,2026,4,12,21,2026-12,2026-Q4,Monday,December,52,No
2026-12-22,2026,4,12,22,2026-12,2026-Q4,Tuesday,December,52,No
2026-12-23,2026,4,12,23,2026-12,2026-Q4,Wednesday,December,52,No
2026-12-24,2026,4,12,24,2026-12,2026-Q4,Thursday,December,52,No
2026-12-25,2026,4,12,25,2026-12,2026-Q4,Friday,December,52,No
2026-12-26,2026,4,12,26,2026-12,2026-Q4,Saturday,December,52,Yes
2026-12-27,2026,4,12,27,2026-12,2026-Q4,Sunday,December,52,Yes
2026-12-28,2026,4,12,28,2026-12,2026-Q4,Monday,December,53,No
2026-12-29,2026,4,12,29,2026-12,2026-Q4,Tuesday,December,53,No
2026-12-30,2026,4,12,30,2026-12,2026-Q4,Wednesday,December,53,No
2026-12-31,2026,4,12,31,2026-12,2026-Q4,Thursday,December,53,No
2027-01-01,2027,1,1,1,2027-01,2027-Q1,Friday,January,53,No
2027-01-02,2027,1,1,2,2027-01,2027-Q1,Saturday,January,53,Yes
2027-01-03,2027,1,1,3,2027-01,2027-Q1,Sunday,January,53,Yes
2027-01-04,2027,1,1,4,2027-01,2027-Q1,Monday,January,1,No
2027-01-05,2027,1,1,5,2027-01,2027-Q1,Tuesday,January,1,No
2027-01-06,2027,1,1,6,2027-01,2027-Q1,Wednesday,January,1,No
2027-01-07,2027,1,1,7,2027-01,2027-Q1,Thursday,January,1,No
2027-01-08,2027,1,1,8,2027-01,2027-Q1,Friday,January,1,No
2027-01-09,2027,1,1,9,2027-01,2027-Q1,Saturday,January,1,Yes
2027-01-10,2027,1,1,10,2027-01,2027-Q1,Sunday,January,1,Yes
2027-01-11,2027,1,1,11,2027-01,2027-Q1,Monday,January,2,No
2027-01-12,2027,1,1,12,2027-01,2027-Q1,Tuesday,January,2,No
2027-01-13,2027,1,1,13,2027-01,2027-Q1,Wednesday,January,2,No
2027-01-14,2027,1,1,14,2027-01,2027-Q1,Thursday,January,2,No
2027-01-15,2027,1,1,15,2027-01,2027-Q1,Friday,January,2,No
2027-01-16,2027,1,1,16,2027-01,2027-Q1,Saturday,January,2,Yes
2027-01-17,2027,1,1,17,2027-01,2027-Q1,Sunday,January,2,Yes
2027-01-18,2027,1,1,18,2027-01,2027-Q1,Monday,January,3,No
2027-01-19,2027,1,1,19,2027-01,2027-Q1,Tuesday,January,3,No
2027-01-20,2027,1,1,20,2027-01,2027-Q1,Wednesday,January,3,No
2027-01-21,2027,1,1,21,2027-01,2027-Q1,Thursday,January,3,No
2027-01-22,2027,1,1,22,2027-01,2027-Q1,Friday,January,3,No
2027-01-23,2027,1,1,23,2027-01,2027-Q1,Saturday,January,3,Yes
2027-01-24,2027,1,1,24,2027-01,2027-Q1,Sunday,January,3,Yes
2027-01-25,2027,1,1,25,2027-01,2027-Q1,Monday,January,4,No
2027-01-26,2027,1,1,26,2027-01,2027-Q1,Tuesday,January,4,No
2027-01-27,2027,1,1,27,2027-01,2027-Q1,Wednesday,January,4,No
2027-01-28,2027,1,1,28,2027-01,2027-Q1,Thursday,January,4,No
2027-01-29,2027,1,1,29,2027-01,2027-Q1,Friday,January,4,No
2027-01-30,2027,1,1,30,2027-01,2027-Q1,Saturday,January,4,Yes
2027-01-31,2027,1,1,31,2027-01,2027-Q1,Sunday,January,4,Yes
2027-02-01,2027,1,2,1,2027-02,2027-Q1,Monday,February,5,No
2027-02-02,2027,1,2,2,2027-02,2027-Q1,Tuesday,February,5,No
2027-02-03,2027,1,2,3,2027-02,2027-Q1,Wednesday,February,5,No
2027-02-04,2027,1,2,4,2027-02,2027-Q1,Thursday,February,5,No
2027-02-05,2027,1,2,5,2027-02,2027-Q1,Friday,February,5,No
2027-02-06,2027,1,2,6,2027-02,2027-Q1,Saturday,February,5,Yes
2027-02-07,2027,1,2,7,2027-02,2027-Q1,Sunday,February,5,Yes
2027-02-08,2027,1,2,8,2027-02,2027-Q1,Monday,February,6,No
2027-02-09,2027,1,2,9,2027-02,2027-Q1,Tuesday,February,6,No
2027-02-10,2027,1,2,10,2027-02,2027-Q1,Wednesday,February,6,No
2027-02-11,2027,1,2,11,2027-02,2027-Q1,Thursday,February,6,No
2027-02-12,2027,1,2,12,2027-02,2027-Q1,Friday,February,6,No
2027-02-13,2027,1,2,13,2027-02,2027-Q1,Saturday,February,6,Yes
2027-02-14,2027,1,2,14,2027-02,2027-Q1,Sunday,February,6,Yes
2027-02-15,2027,1,2,15,2027-02,2027-Q1,Monday,February,7,No
2027-02-16,2027,1,2,16,2027-02,2027-Q1,Tuesday,February,7,No
2027-02-17,2027,1,2,17,2027-02,2027-Q1,Wednesday,February,7,No
2027-02-18,2027,1,2,18,2027-02,2027-Q1,Thursday,February,7,No
2027-02-19,2027,1,2,19,2027-02,2027-Q1,Friday,February,7,No
2027-02-20,2027,1,2,20,2027-02,2027-Q1,Saturday,February,7,Yes
2027-02-21,2027,1,2,21,2027-02,2027-Q1,Sunday,February,7,Yes
2027-02-22,2027,1,2,22,2027-02,2027-Q1,Monday,February,8,No
2027-02-23,2027,1,2,23,2027-02,2027-Q1,Tuesday,February,8,No
2027-02-24,2027,1,2,24,2027-02,2027-Q1,Wednesday,February,8,No
2027-02-25,2027,1,2,25,2027-02,2027-Q1,Thursday,February,8,No
2027-02-26,2027,1,2,26,2027-02,2027-Q1,Friday,February,8,No
2027-02-27,2027,1,2,27,2027-02,2027-Q1,Saturday,February,8,Yes
2027-02-28,2027,1,2,28,2027-02,2027-Q1,Sunday,February,8,Yes
2027-03-01,2027,1,3,1,2027-03,2027-Q1,Monday,March,9,No
2027-03-02,2027,1,3,2,2027-03,2027-Q1,Tuesday,March,9,No
2027-03-03,2027,1,3,3,2027-03,2027-Q1,Wednesday,March,9,No
2027-03-04,2027,1,3,4,2027-03,2027-Q1,Thursday,March,9,No
2027-03-05,2027,1,3,5,2027-03,2027-Q1,Friday,March,9,No
2027-03-06,2027,1,3,6,2027-03,2027-Q1,Saturday,March,9,Yes
2027-03-07,2027,1,3,7,2027-03,2027-Q1,Sunday,March,9,Yes
2027-03-08,2027,1,3,8,2027-03,2027-Q1,Monday,March,10,No
2027-03-09,2027,1,3,9,2027-03,2027-Q1,Tuesday,March,10,No
2027-03-10,2027,1,3,10,2027-03,2027-Q1,Wednesday,March,10,No
2027-03-11,2027,1,3,11,2027-03,2027-Q1,Thursday,March,10,No
2027-03-12,2027,1,3,12,2027-03,2027-Q1,Friday,March,10,No
2027-03-13,2027,1,3,13,2027-03,2027-Q1,Saturday,March,10,Yes
2027-03-14,2027,1,3,14,2027-03,2027-Q1,Sunday,March,10,Yes
2027-03-15,2027,1,3,15,2027-03,2027-Q1,Monday,March,11,No
2027-03-16,2027,1,3,16,2027-03,2027-Q1,Tuesday,March,11,No
2027-03-17,2027,1,3,17,2027-03,2027-Q1,Wednesday,March,11,No
2027-03-18,2027,1,3,18,2027-03,2027-Q1,Thursday,March,11,No
2027-03-19,2027,1,3,19,2027-03,2027-Q1,Friday,March,11,No
2027-03-20,2027,1,3,20,2027-03,2027-Q1,Saturday,March,11,Yes
2027-03-21,2027,1,3,21,2027-03,2027-Q1,Sunday,March,11,Yes
2027-03-22,2027,1,3,22,2027-03,2027-Q1,Monday,March,12,No
2027-03-23,2027,1,3,23,2027-03,2027-Q1,Tuesday,March,12,No
2027-03-24,2027,1,3,24,2027-03,2027-Q1,Wednesday,March,12,No
2027-03-25,2027,1,3,25,2027-03,2027-Q1,Thursday,March,12,No
2027-03-26,2027,1,3,26,2027-03,2027-Q1,Friday,March,12,No
2027-03-27,2027,1,3,27,2027-03,2027-Q1,Saturday,March,12,Yes
2027-03-28,2027,1,3,28,2027-03,2027-Q1,Sunday,March,12,Yes
2027-03-29,2027,1,3,29,2027-03,2027-Q1,Monday,March,13,No
2027-03-30,2027,1,3,30,2027-03,2027-Q1,Tuesday,March,13,No
2027-03-31,2027,1,3,31,2027-03,2027-Q1,Wednesday,March,13,No
2027-04-01,2027,2,4,1,2027-04,2027-Q2,Thursday,April,13,No
2027-04-02,2027,2,4,2,2027-04,2027-Q2,Friday,April,13,No
2027-04-03,2027,2,4,3,2027-04,2027-Q2,Saturday,April,13,Yes
2027-04-04,2027,2,4,4,2027-04,2027-Q2,Sunday,April,13,Yes
2027-04-05,2027,2,4,5,2027-04,2027-Q2,Monday,April,14,No
2027-04-06,2027,2,4,6,2027-04,2027-Q2,Tuesday,April,14,No
2027-04-07,2027,2,4,7,2027-04,2027-Q2,Wednesday,April,14,No
2027-04-08,2027,2,4,8,2027-04,2027-Q2,Thursday,April,14,No
2027-04-09,2027,2,4,9,2027-04,2027-Q2,Friday,April,14,No
2027-04-10,2027,2,4,10,2027-04,2027-Q2,Saturday,April,14,Yes
2027-04-11,2027,2,4,11,2027-04,2027-Q2,Sunday,April,14,Yes
2027-04-12,2027,2,4,12,2027-04,2027-Q2,Monday,April,15,No
2027-04-13,2027,2,4,13,2027-04,2027-Q2,Tuesday,April,15,No
2027-04-14,2027,2,4,14,2027-04,2027-Q2,Wednesday,April,15,No
2027-04-15,2027,2,4,15,2027-04,2027-Q2,Thursday,April,15,No
2027-04-16,2027,2,4,16,2027-04,2027-Q2,Friday,April,15,No
2027-04-17,2027,2,4,17,2027-04,2027-Q2,Saturday,April,15,Yes
2027-04-18,2027,2,4,18,2027-04,2027-Q2,Sunday,April,15,Yes
2027-04-19,2027,2,4,19,2027-04,2027-Q2,Monday,April,16,No
2027-04-20,2027,2,4,20,2027-04,2027-Q2,Tuesday,April,16,No
2027-04-21,2027,2,4,21,2027-04,2027-Q2,Wednesday,April,16,No
2027-04-22,2027,2,4,22,2027-04,2027-Q2,Thursday,April,16,No
2027-04-23,2027,2,4,23,2027-04,2027-Q2,Friday,April,16,No
2027-04-24,2027,2,4,24,2027-04,2027-Q2,Saturday,April,16,Yes
2027-04-25,2027,2,4,25,2027-04,2027-Q2,Sunday,April,16,Yes
2027-04-26,2027,2,4,26,2027-04,2027-Q2,Monday,April,17,No
2027-04-27,2027,2,4,27,2027-04,2027-Q2,Tuesday,April,17,No
2027-04-28,2027,2,4,28,2027-04,2027-Q2,Wednesday,April,17,No
2027-04-29,2027,2,4,29,2027-04,2027-Q2,Thursday,April,17,No
2027-04-30,2027,2,4,30,2027-04,2027-Q2,Friday,April,17,No
2027-05-01,2027,2,5,1,2027-05,2027-Q2,Saturday,May,17,Yes
2027-05-02,2027,2,5,2,2027-05,2027-Q2,Sunday,May,17,Yes
2027-05-03,2027,2,5,3,2027-05,2027-Q2,Monday,May,18,No
2027-05-04,2027,2,5,4,2027-05,2027-Q2,Tuesday,May,18,No
2027-05-05,2027,2,5,5,2027-05,2027-Q2,Wednesday,May,18,No
2027-05-06,2027,2,5,6,2027-05,2027-Q2,Thursday,May,18,No
2027-05-07,2027,2,5,7,2027-05,2027-Q2,Friday,May,18,No
2027-05-08,2027,2,5,8,2027-05,2027-Q2,Saturday,May,18,Yes
2027-05-09,2027,2,5,9,2027-05,2027-Q2,Sunday,May,18,Yes
2027-05-10,2027,2,5,10,2027-05,2027-Q2,Monday,May,19,No
2027-05-11,2027,2,5,11,2027-05,2027-Q2,Tuesday,May,19,No
2027-05-12,2027,2,5,12,2027-05,2027-Q2,Wednesday,May,19,No
2027-05-13,2027,2,5,13,2027-05,2027-Q2,Thursday,May,19,No
2027-05-14,2027,2,5,14,2027-05,2027-Q2,Friday,May,19,No
2027-05-15,2027,2,5,15,2027-05,2027-Q2,Saturday,May,19,Yes
2027-05-16,2027,2,5,16,2027-05,2027-Q2,Sunday,May,19,Yes
2027-05-17,2027,2,5,17,2027-05,2027-Q2,Monday,May,20,No
2027-05-18,2027,2,5,18,2027-05,2027-Q2,Tuesday,May,20,No
2027-05-19,2027,2,5,19,2027-05,2027-Q2,Wednesday,May,20,No
2027-05-20,2027,2,5,20,2027-05,2027-Q2,Thursday,May,20,No
2027-05-21,2027,2,5,21,2027-05,2027-Q2,Friday,May,20,No
2027-05-22,2027,2,5,22,2027-05,2027-Q2,Saturday,May,20,Yes
2027-05-23,2027,2,5,23,2027-05,2027-Q2,Sunday,May,20,Yes
2027-05-24,2027,2,5,24,2027-05,2027-Q2,Monday,May,21,No
