attestation_record_id,employee_id,attestation_type,attestation_name,is_mandatory,due_date,completed_date,status,days_overdue,department_id
ATR-000001,EMP-00001,ATT-COI,Conflict of Interest,Yes,2026-03-26,2026-03-15,Completed,0,DPT-006
ATR-000002,EMP-00001,ATT-COC,Code of Conduct Attestation,Yes,2025-10-29,2025-10-11,Completed,0,DPT-006
ATR-000003,EMP-00001,ATT-PRV,Privacy & Data Handling,Yes,2026-02-08,2026-01-22,Completed,0,DPT-006
ATR-000004,EMP-00001,ATT-INS,Insider Trading Window,Yes,2025-12-07,,Overdue,168,DPT-006
ATR-000005,EMP-00003,ATT-COI,Conflict of Interest,Yes,2025-11-30,2025-11-10,Completed,0,DPT-011
ATR-000006,EMP-00003,ATT-COC,Code of Conduct Attestation,Yes,2025-10-08,2025-10-01,Completed,0,DPT-011
ATR-000007,EMP-00003,ATT-PRV,Privacy & Data Handling,Yes,2025-11-13,2025-11-09,Completed,0,DPT-011
ATR-000008,EMP-00003,ATT-INS,Insider Trading Window,Yes,2026-03-12,2026-03-04,Completed,0,DPT-011
ATR-000009,EMP-00004,ATT-COI,Conflict of Interest,Yes,2026-01-22,2026-01-03,Completed,0,DPT-021
ATR-000010,EMP-00004,ATT-COC,Code of Conduct Attestation,Yes,2025-12-04,2025-12-01,Completed,0,DPT-021
ATR-000011,EMP-00004,ATT-PRV,Privacy & Data Handling,Yes,2025-09-06,2025-08-21,Completed,0,DPT-021
ATR-000012,EMP-00004,ATT-INS,Insider Trading Window,Yes,2025-11-27,2025-11-26,Completed,0,DPT-021
ATR-000013,EMP-00006,ATT-COI,Conflict of Interest,Yes,2025-10-07,2025-09-27,Completed,0,DPT-025
ATR-000014,EMP-00006,ATT-COC,Code of Conduct Attestation,Yes,2026-05-06,2026-04-18,Completed,0,DPT-025
ATR-000015,EMP-00006,ATT-PRV,Privacy & Data Handling,Yes,2025-08-26,2025-08-09,Completed,0,DPT-025
ATR-000016,EMP-00006,ATT-INS,Insider Trading Window,Yes,2026-05-11,2026-04-21,Completed,0,DPT-025
ATR-000017,EMP-00009,ATT-COI,Conflict of Interest,Yes,2025-11-28,2025-11-14,Completed,0,DPT-008
ATR-000018,EMP-00009,ATT-COC,Code of Conduct Attestation,Yes,2025-08-07,2025-08-06,Completed,0,DPT-008
ATR-000019,EMP-00009,ATT-PRV,Privacy & Data Handling,Yes,2026-05-04,2026-04-24,Completed,0,DPT-008
ATR-000020,EMP-00009,ATT-INS,Insider Trading Window,Yes,2026-04-18,2026-03-30,Completed,0,DPT-008
ATR-000021,EMP-00010,ATT-COI,Conflict of Interest,Yes,2026-04-12,2026-03-31,Completed,0,DPT-021
ATR-000022,EMP-00010,ATT-COC,Code of Conduct Attestation,Yes,2026-05-07,2026-04-20,Completed,0,DPT-021
ATR-000023,EMP-00010,ATT-PRV,Privacy & Data Handling,Yes,2025-10-03,2026-04-01,Completed,0,DPT-021
ATR-000024,EMP-00010,ATT-INS,Insider Trading Window,Yes,2025-12-13,2026-04-03,Completed,0,DPT-021
ATR-000025,EMP-00012,ATT-COI,Conflict of Interest,Yes,2025-08-04,2025-07-24,Completed,0,DPT-001
ATR-000026,EMP-00012,ATT-COC,Code of Conduct Attestation,Yes,2026-02-09,2026-01-27,Completed,0,DPT-001
ATR-000027,EMP-00012,ATT-PRV,Privacy & Data Handling,Yes,2026-05-09,2026-04-30,Completed,0,DPT-001
ATR-000028,EMP-00012,ATT-INS,Insider Trading Window,Yes,2026-05-08,2026-04-28,Completed,0,DPT-001
ATR-000029,EMP-00013,ATT-COI,Conflict of Interest,Yes,2025-11-25,2025-11-19,Completed,0,DPT-009
ATR-000030,EMP-00013,ATT-COC,Code of Conduct Attestation,Yes,2026-04-27,2026-04-12,Completed,0,DPT-009
ATR-000031,EMP-00013,ATT-PRV,Privacy & Data Handling,Yes,2025-06-28,2025-06-13,Completed,0,DPT-009
ATR-000032,EMP-00013,ATT-INS,Insider Trading Window,Yes,2026-02-03,2026-01-30,Completed,0,DPT-009
ATR-000033,EMP-00014,ATT-COI,Conflict of Interest,Yes,2025-07-15,2025-07-12,Completed,0,DPT-005
ATR-000034,EMP-00014,ATT-COC,Code of Conduct Attestation,Yes,2026-03-11,2026-02-27,Completed,0,DPT-005
ATR-000035,EMP-00014,ATT-PRV,Privacy & Data Handling,Yes,2026-02-26,2026-02-17,Completed,0,DPT-005
ATR-000036,EMP-00014,ATT-INS,Insider Trading Window,Yes,2026-03-03,2026-03-01,Completed,0,DPT-005
ATR-000037,EMP-00015,ATT-COI,Conflict of Interest,Yes,2025-07-09,2026-03-10,Completed,0,DPT-020
ATR-000038,EMP-00015,ATT-COC,Code of Conduct Attestation,Yes,2025-06-03,2026-03-03,Completed,0,DPT-020
ATR-000039,EMP-00015,ATT-PRV,Privacy & Data Handling,Yes,2025-08-24,2026-03-11,Completed,0,DPT-020
ATR-000040,EMP-00015,ATT-INS,Insider Trading Window,Yes,2026-01-21,2026-03-03,Completed,0,DPT-020
ATR-000041,EMP-00016,ATT-COI,Conflict of Interest,Yes,2025-06-17,2025-06-07,Completed,0,DPT-020
ATR-000042,EMP-00016,ATT-COC,Code of Conduct Attestation,Yes,2025-09-25,2025-09-13,Completed,0,DPT-020
ATR-000043,EMP-00016,ATT-PRV,Privacy & Data Handling,Yes,2025-11-18,2025-11-13,Completed,0,DPT-020
ATR-000044,EMP-00016,ATT-INS,Insider Trading Window,Yes,2026-02-05,2026-01-21,Completed,0,DPT-020
ATR-000045,EMP-00017,ATT-COI,Conflict of Interest,Yes,2025-10-28,2025-12-20,Completed,0,DPT-025
ATR-000046,EMP-00017,ATT-COC,Code of Conduct Attestation,Yes,2026-02-18,2026-02-05,Completed,0,DPT-025
ATR-000047,EMP-00017,ATT-PRV,Privacy & Data Handling,Yes,2026-03-06,2026-02-18,Completed,0,DPT-025
ATR-000048,EMP-00017,ATT-INS,Insider Trading Window,Yes,2026-05-04,2026-04-20,Completed,0,DPT-025
ATR-000049,EMP-00018,ATT-COI,Conflict of Interest,Yes,2025-12-19,2025-12-04,Completed,0,DPT-004
ATR-000050,EMP-00018,ATT-COC,Code of Conduct Attestation,Yes,2025-12-27,2025-12-22,Completed,0,DPT-004
ATR-000051,EMP-00018,ATT-PRV,Privacy & Data Handling,Yes,2026-03-11,2026-03-08,Completed,0,DPT-004
ATR-000052,EMP-00018,ATT-INS,Insider Trading Window,Yes,2025-12-05,2025-11-19,Completed,0,DPT-004
ATR-000053,EMP-00019,ATT-COI,Conflict of Interest,Yes,2025-06-24,2025-06-04,Completed,0,DPT-007
ATR-000054,EMP-00019,ATT-COC,Code of Conduct Attestation,Yes,2025-09-12,2025-08-24,Completed,0,DPT-007
ATR-000055,EMP-00019,ATT-PRV,Privacy & Data Handling,Yes,2025-10-13,2025-09-25,Completed,0,DPT-007
ATR-000056,EMP-00019,ATT-INS,Insider Trading Window,Yes,2026-03-25,2026-03-20,Completed,0,DPT-007
ATR-000057,EMP-00020,ATT-COI,Conflict of Interest,Yes,2025-09-06,2025-08-19,Completed,0,DPT-003
ATR-000058,EMP-00020,ATT-COC,Code of Conduct Attestation,Yes,2025-10-09,2025-09-27,Completed,0,DPT-003
ATR-000059,EMP-00020,ATT-PRV,Privacy & Data Handling,Yes,2025-10-01,2025-09-26,Completed,0,DPT-003
ATR-000060,EMP-00020,ATT-INS,Insider Trading Window,Yes,2026-04-21,2026-04-02,Completed,0,DPT-003
ATR-000061,EMP-00021,ATT-COI,Conflict of Interest,Yes,2025-06-15,2025-05-27,Completed,0,DPT-012
ATR-000062,EMP-00021,ATT-COC,Code of Conduct Attestation,Yes,2026-03-17,,Overdue,68,DPT-012
ATR-000063,EMP-00021,ATT-PRV,Privacy & Data Handling,Yes,2025-12-24,2025-12-07,Completed,0,DPT-012
ATR-000064,EMP-00021,ATT-INS,Insider Trading Window,Yes,2026-02-03,2026-01-14,Completed,0,DPT-012
ATR-000065,EMP-00022,ATT-COI,Conflict of Interest,Yes,2025-10-12,2025-10-11,Completed,0,DPT-026
ATR-000066,EMP-00022,ATT-COC,Code of Conduct Attestation,Yes,2025-07-15,2025-08-22,Completed,0,DPT-026
ATR-000067,EMP-00022,ATT-PRV,Privacy & Data Handling,Yes,2025-06-20,2025-08-22,Completed,0,DPT-026
ATR-000068,EMP-00022,ATT-INS,Insider Trading Window,Yes,2026-01-18,2026-01-12,Completed,0,DPT-026
ATR-000069,EMP-00023,ATT-COI,Conflict of Interest,Yes,2026-05-11,2026-05-05,Completed,0,DPT-018
ATR-000070,EMP-00023,ATT-COC,Code of Conduct Attestation,Yes,2025-09-18,2025-09-05,Completed,0,DPT-018
ATR-000071,EMP-00023,ATT-PRV,Privacy & Data Handling,Yes,2025-08-16,2025-08-02,Completed,0,DPT-018
ATR-000072,EMP-00023,ATT-INS,Insider Trading Window,Yes,2026-02-10,2026-02-04,Completed,0,DPT-018
ATR-000073,EMP-00024,ATT-COI,Conflict of Interest,Yes,2025-09-22,2025-12-31,Completed,0,DPT-004
ATR-000074,EMP-00024,ATT-COC,Code of Conduct Attestation,Yes,2025-06-27,2025-12-31,Completed,0,DPT-004
ATR-000075,EMP-00024,ATT-PRV,Privacy & Data Handling,Yes,2026-05-02,2026-04-28,Completed,0,DPT-004
ATR-000076,EMP-00024,ATT-INS,Insider Trading Window,Yes,2026-01-16,2026-01-09,Completed,0,DPT-004
ATR-000077,EMP-00025,ATT-COI,Conflict of Interest,Yes,2025-12-24,2025-12-13,Completed,0,DPT-013
ATR-000078,EMP-00025,ATT-COC,Code of Conduct Attestation,Yes,2025-11-01,2025-10-17,Completed,0,DPT-013
ATR-000079,EMP-00025,ATT-PRV,Privacy & Data Handling,Yes,2025-10-12,2025-10-11,Completed,0,DPT-013
ATR-000080,EMP-00025,ATT-INS,Insider Trading Window,Yes,2026-01-11,2025-12-23,Completed,0,DPT-013
ATR-000081,EMP-00026,ATT-COI,Conflict of Interest,Yes,2026-05-08,2026-05-05,Completed,0,DPT-018
ATR-000082,EMP-00026,ATT-COC,Code of Conduct Attestation,Yes,2025-10-25,2025-10-16,Completed,0,DPT-018
ATR-000083,EMP-00026,ATT-PRV,Privacy & Data Handling,Yes,2026-02-24,2026-02-12,Completed,0,DPT-018
ATR-000084,EMP-00026,ATT-INS,Insider Trading Window,Yes,2026-05-23,2026-05-04,Completed,0,DPT-018
ATR-000085,EMP-00029,ATT-COI,Conflict of Interest,Yes,2025-06-13,2025-05-26,Completed,0,DPT-005
ATR-000086,EMP-00029,ATT-COC,Code of Conduct Attestation,Yes,2025-12-29,2025-12-12,Completed,0,DPT-005
ATR-000087,EMP-00029,ATT-PRV,Privacy & Data Handling,Yes,2026-05-24,2026-05-21,Completed,0,DPT-005
ATR-000088,EMP-00029,ATT-INS,Insider Trading Window,Yes,2026-02-01,2026-01-25,Completed,0,DPT-005
ATR-000089,EMP-00030,ATT-COI,Conflict of Interest,Yes,2025-09-08,2025-09-06,Completed,0,DPT-010
ATR-000090,EMP-00030,ATT-COC,Code of Conduct Attestation,Yes,2025-11-10,2025-10-26,Completed,0,DPT-010
ATR-000091,EMP-00030,ATT-PRV,Privacy & Data Handling,Yes,2026-04-13,2026-03-24,Completed,0,DPT-010
ATR-000092,EMP-00030,ATT-INS,Insider Trading Window,Yes,2026-02-15,2026-02-10,Completed,0,DPT-010
ATR-000093,EMP-00031,ATT-COI,Conflict of Interest,Yes,2025-07-25,2025-07-09,Completed,0,DPT-021
ATR-000094,EMP-00031,ATT-COC,Code of Conduct Attestation,Yes,2026-05-05,2026-05-04,Completed,0,DPT-021
ATR-000095,EMP-00031,ATT-PRV,Privacy & Data Handling,Yes,2025-08-06,2025-07-30,Completed,0,DPT-021
ATR-000096,EMP-00031,ATT-INS,Insider Trading Window,Yes,2026-04-03,2026-03-30,Completed,0,DPT-021
ATR-000097,EMP-00032,ATT-COI,Conflict of Interest,Yes,2026-04-22,2026-04-17,Completed,0,DPT-024
ATR-000098,EMP-00032,ATT-COC,Code of Conduct Attestation,Yes,2025-11-17,2025-10-28,Completed,0,DPT-024
ATR-000099,EMP-00032,ATT-PRV,Privacy & Data Handling,Yes,2026-03-02,2026-02-11,Completed,0,DPT-024
ATR-000100,EMP-00032,ATT-INS,Insider Trading Window,Yes,2026-04-13,2026-04-01,Completed,0,DPT-024
ATR-000101,EMP-00033,ATT-COI,Conflict of Interest,Yes,2025-07-11,2025-06-24,Completed,0,DPT-006
ATR-000102,EMP-00033,ATT-COC,Code of Conduct Attestation,Yes,2025-11-13,2025-11-09,Completed,0,DPT-006
ATR-000103,EMP-00033,ATT-PRV,Privacy & Data Handling,Yes,2026-03-26,2026-03-15,Completed,0,DPT-006
ATR-000104,EMP-00033,ATT-INS,Insider Trading Window,Yes,2026-02-07,2026-01-29,Completed,0,DPT-006
ATR-000105,EMP-00034,ATT-COI,Conflict of Interest,Yes,2026-04-17,2026-03-29,Completed,0,DPT-008
ATR-000106,EMP-00034,ATT-COC,Code of Conduct Attestation,Yes,2025-06-19,2025-06-14,Completed,0,DPT-008
ATR-000107,EMP-00034,ATT-PRV,Privacy & Data Handling,Yes,2025-07-11,2025-06-24,Completed,0,DPT-008
ATR-000108,EMP-00034,ATT-INS,Insider Trading Window,Yes,2026-03-20,2026-03-04,Completed,0,DPT-008
ATR-000109,EMP-00035,ATT-COI,Conflict of Interest,Yes,2025-06-01,2025-05-30,Completed,0,DPT-017
ATR-000110,EMP-00035,ATT-COC,Code of Conduct Attestation,Yes,2025-08-31,2025-08-20,Completed,0,DPT-017
ATR-000111,EMP-00035,ATT-PRV,Privacy & Data Handling,Yes,2025-10-16,2025-10-12,Completed,0,DPT-017
ATR-000112,EMP-00035,ATT-INS,Insider Trading Window,Yes,2026-04-10,2026-03-28,Completed,0,DPT-017
ATR-000113,EMP-00036,ATT-COI,Conflict of Interest,Yes,2026-05-06,2026-04-27,Completed,0,DPT-022
ATR-000114,EMP-00036,ATT-COC,Code of Conduct Attestation,Yes,2025-11-03,2026-03-18,Completed,0,DPT-022
ATR-000115,EMP-00036,ATT-PRV,Privacy & Data Handling,Yes,2025-09-28,2026-03-18,Completed,0,DPT-022
ATR-000116,EMP-00036,ATT-INS,Insider Trading Window,Yes,2026-02-10,2026-03-09,Completed,0,DPT-022
ATR-000117,EMP-00037,ATT-COI,Conflict of Interest,Yes,2026-05-01,2026-04-18,Completed,0,DPT-020
ATR-000118,EMP-00037,ATT-COC,Code of Conduct Attestation,Yes,2026-04-14,2026-04-13,Completed,0,DPT-020
ATR-000119,EMP-00037,ATT-PRV,Privacy & Data Handling,Yes,2025-11-13,2025-10-31,Completed,0,DPT-020
ATR-000120,EMP-00037,ATT-INS,Insider Trading Window,Yes,2026-03-09,2026-02-23,Completed,0,DPT-020
ATR-000121,EMP-00038,ATT-COI,Conflict of Interest,Yes,2026-05-09,2026-05-06,Completed,0,DPT-008
ATR-000122,EMP-00038,ATT-COC,Code of Conduct Attestation,Yes,2026-03-10,2026-03-04,Completed,0,DPT-008
ATR-000123,EMP-00038,ATT-PRV,Privacy & Data Handling,Yes,2026-02-04,2026-01-30,Completed,0,DPT-008
ATR-000124,EMP-00038,ATT-INS,Insider Trading Window,Yes,2025-12-10,2025-12-03,Completed,0,DPT-008
ATR-000125,EMP-00040,ATT-COI,Conflict of Interest,Yes,2026-04-24,2026-04-22,Completed,0,DPT-002
ATR-000126,EMP-00040,ATT-COC,Code of Conduct Attestation,Yes,2025-07-24,2025-07-18,Completed,0,DPT-002
ATR-000127,EMP-00040,ATT-PRV,Privacy & Data Handling,Yes,2026-03-16,2026-03-04,Completed,0,DPT-002
ATR-000128,EMP-00040,ATT-INS,Insider Trading Window,Yes,2026-01-22,2026-01-18,Completed,0,DPT-002
ATR-000129,EMP-00041,ATT-COI,Conflict of Interest,Yes,2025-11-29,,Overdue,176,DPT-004
ATR-000130,EMP-00041,ATT-COC,Code of Conduct Attestation,Yes,2025-06-13,2025-06-11,Completed,0,DPT-004
ATR-000131,EMP-00041,ATT-PRV,Privacy & Data Handling,Yes,2025-12-23,2025-12-22,Completed,0,DPT-004
ATR-000132,EMP-00041,ATT-INS,Insider Trading Window,Yes,2026-03-16,2026-03-03,Completed,0,DPT-004
ATR-000133,EMP-00042,ATT-COI,Conflict of Interest,Yes,2025-11-16,2025-11-14,Completed,0,DPT-007
ATR-000134,EMP-00042,ATT-COC,Code of Conduct Attestation,Yes,2026-03-19,2026-03-14,Completed,0,DPT-007
ATR-000135,EMP-00042,ATT-PRV,Privacy & Data Handling,Yes,2025-07-16,2025-07-02,Completed,0,DPT-007
ATR-000136,EMP-00042,ATT-INS,Insider Trading Window,Yes,2026-05-05,2026-05-03,Completed,0,DPT-007
ATR-000137,EMP-00043,ATT-COI,Conflict of Interest,Yes,2026-02-04,2026-01-22,Completed,0,DPT-009
ATR-000138,EMP-00043,ATT-COC,Code of Conduct Attestation,Yes,2025-10-15,2025-10-14,Completed,0,DPT-009
ATR-000139,EMP-00043,ATT-PRV,Privacy & Data Handling,Yes,2026-05-13,2026-05-06,Completed,0,DPT-009
ATR-000140,EMP-00043,ATT-INS,Insider Trading Window,Yes,2025-12-22,2025-12-06,Completed,0,DPT-009
ATR-000141,EMP-00044,ATT-COI,Conflict of Interest,Yes,2025-08-07,2025-08-01,Completed,0,DPT-023
ATR-000142,EMP-00044,ATT-COC,Code of Conduct Attestation,Yes,2025-07-08,2025-06-18,Completed,0,DPT-023
ATR-000143,EMP-00044,ATT-PRV,Privacy & Data Handling,Yes,2026-05-24,2026-05-14,Completed,0,DPT-023
ATR-000144,EMP-00044,ATT-INS,Insider Trading Window,Yes,2026-03-17,2026-02-26,Completed,0,DPT-023
ATR-000145,EMP-00045,ATT-COI,Conflict of Interest,Yes,2025-12-18,2025-11-30,Completed,0,DPT-023
ATR-000146,EMP-00045,ATT-COC,Code of Conduct Attestation,Yes,2025-09-06,2025-08-20,Completed,0,DPT-023
ATR-000147,EMP-00045,ATT-PRV,Privacy & Data Handling,Yes,2025-11-16,2025-11-06,Completed,0,DPT-023
ATR-000148,EMP-00045,ATT-INS,Insider Trading Window,Yes,2025-11-27,2025-11-22,Completed,0,DPT-023
ATR-000149,EMP-00048,ATT-COI,Conflict of Interest,Yes,2025-08-10,2025-07-24,Completed,0,DPT-002
ATR-000150,EMP-00048,ATT-COC,Code of Conduct Attestation,Yes,2026-01-16,2026-01-04,Completed,0,DPT-002
ATR-000151,EMP-00048,ATT-PRV,Privacy & Data Handling,Yes,2026-04-25,2026-04-08,Completed,0,DPT-002
ATR-000152,EMP-00048,ATT-INS,Insider Trading Window,Yes,2026-01-28,2026-01-19,Completed,0,DPT-002
ATR-000153,EMP-00049,ATT-COI,Conflict of Interest,Yes,2025-10-30,2025-10-16,Completed,0,DPT-005
ATR-000154,EMP-00049,ATT-COC,Code of Conduct Attestation,Yes,2025-08-11,2025-08-02,Completed,0,DPT-005
ATR-000155,EMP-00049,ATT-PRV,Privacy & Data Handling,Yes,2026-03-05,2026-02-25,Completed,0,DPT-005
ATR-000156,EMP-00049,ATT-INS,Insider Trading Window,Yes,2026-01-26,2026-01-22,Completed,0,DPT-005
ATR-000157,EMP-00050,ATT-COI,Conflict of Interest,Yes,2025-09-25,2025-09-09,Completed,0,DPT-005
ATR-000158,EMP-00050,ATT-COC,Code of Conduct Attestation,Yes,2026-04-18,2026-04-03,Completed,0,DPT-005
ATR-000159,EMP-00050,ATT-PRV,Privacy & Data Handling,Yes,2025-07-05,2025-06-15,Completed,0,DPT-005
ATR-000160,EMP-00050,ATT-INS,Insider Trading Window,Yes,2025-12-04,2025-11-27,Completed,0,DPT-005
ATR-000161,EMP-00051,ATT-COI,Conflict of Interest,Yes,2025-07-31,2025-07-29,Completed,0,DPT-021
ATR-000162,EMP-00051,ATT-COC,Code of Conduct Attestation,Yes,2025-12-03,2025-11-26,Completed,0,DPT-021
ATR-000163,EMP-00051,ATT-PRV,Privacy & Data Handling,Yes,2025-09-15,2025-09-10,Completed,0,DPT-021
ATR-000164,EMP-00051,ATT-INS,Insider Trading Window,Yes,2026-02-02,2026-01-21,Completed,0,DPT-021
ATR-000165,EMP-00052,ATT-COI,Conflict of Interest,Yes,2025-08-11,2025-08-18,Completed,0,DPT-023
ATR-000166,EMP-00052,ATT-COC,Code of Conduct Attestation,Yes,2025-11-10,2025-10-24,Completed,0,DPT-023
ATR-000167,EMP-00052,ATT-PRV,Privacy & Data Handling,Yes,2026-02-01,2026-01-22,Completed,0,DPT-023
ATR-000168,EMP-00052,ATT-INS,Insider Trading Window,Yes,2026-05-17,2026-05-15,Completed,0,DPT-023
ATR-000169,EMP-00054,ATT-COI,Conflict of Interest,Yes,2026-01-07,2025-12-26,Completed,0,DPT-008
ATR-000170,EMP-00054,ATT-COC,Code of Conduct Attestation,Yes,2026-04-06,2026-04-03,Completed,0,DPT-008
ATR-000171,EMP-00054,ATT-PRV,Privacy & Data Handling,Yes,2026-03-04,2026-02-16,Completed,0,DPT-008
ATR-000172,EMP-00054,ATT-INS,Insider Trading Window,Yes,2026-03-18,2026-03-02,Completed,0,DPT-008
ATR-000173,EMP-00055,ATT-COI,Conflict of Interest,Yes,2026-04-03,2026-03-23,Completed,0,DPT-007
ATR-000174,EMP-00055,ATT-COC,Code of Conduct Attestation,Yes,2026-01-04,2025-12-29,Completed,0,DPT-007
ATR-000175,EMP-00055,ATT-PRV,Privacy & Data Handling,Yes,2026-03-18,2026-03-11,Completed,0,DPT-007
ATR-000176,EMP-00055,ATT-INS,Insider Trading Window,Yes,2026-01-15,2025-12-30,Completed,0,DPT-007
ATR-000177,EMP-00057,ATT-COI,Conflict of Interest,Yes,2026-03-09,2026-03-06,Completed,0,DPT-002
ATR-000178,EMP-00057,ATT-COC,Code of Conduct Attestation,Yes,2025-06-21,2025-11-28,Completed,0,DPT-002
ATR-000179,EMP-00057,ATT-PRV,Privacy & Data Handling,Yes,2025-08-22,2025-11-20,Completed,0,DPT-002
ATR-000180,EMP-00057,ATT-INS,Insider Trading Window,Yes,2026-04-29,2026-04-15,Completed,0,DPT-002
ATR-000181,EMP-00058,ATT-COI,Conflict of Interest,Yes,2025-11-10,2025-10-29,Completed,0,DPT-003
ATR-000182,EMP-00058,ATT-COC,Code of Conduct Attestation,Yes,2026-04-03,2026-03-29,Completed,0,DPT-003
ATR-000183,EMP-00058,ATT-PRV,Privacy & Data Handling,Yes,2026-03-01,2026-02-16,Completed,0,DPT-003
ATR-000184,EMP-00058,ATT-INS,Insider Trading Window,Yes,2026-02-21,2026-02-03,Completed,0,DPT-003
ATR-000185,EMP-00060,ATT-COI,Conflict of Interest,Yes,2025-12-08,2025-11-24,Completed,0,DPT-001
ATR-000186,EMP-00060,ATT-COC,Code of Conduct Attestation,Yes,2025-06-24,2025-06-13,Completed,0,DPT-001
ATR-000187,EMP-00060,ATT-PRV,Privacy & Data Handling,Yes,2026-03-14,2026-02-25,Completed,0,DPT-001
ATR-000188,EMP-00060,ATT-INS,Insider Trading Window,Yes,2025-12-15,2025-12-13,Completed,0,DPT-001
ATR-000189,EMP-00061,ATT-COI,Conflict of Interest,Yes,2025-08-23,2025-11-21,Completed,0,DPT-001
ATR-000190,EMP-00061,ATT-COC,Code of Conduct Attestation,Yes,2026-04-23,2026-04-13,Completed,0,DPT-001
ATR-000191,EMP-00061,ATT-PRV,Privacy & Data Handling,Yes,2025-09-06,2025-11-19,Completed,0,DPT-001
ATR-000192,EMP-00061,ATT-INS,Insider Trading Window,Yes,2026-04-12,2026-03-24,Completed,0,DPT-001
ATR-000193,EMP-00062,ATT-COI,Conflict of Interest,Yes,2026-04-30,2026-04-13,Completed,0,DPT-014
ATR-000194,EMP-00062,ATT-COC,Code of Conduct Attestation,Yes,2026-03-15,2026-03-02,Completed,0,DPT-014
ATR-000195,EMP-00062,ATT-PRV,Privacy & Data Handling,Yes,2025-12-27,2025-12-19,Completed,0,DPT-014
ATR-000196,EMP-00062,ATT-INS,Insider Trading Window,Yes,2026-02-22,2026-02-14,Completed,0,DPT-014
ATR-000197,EMP-00063,ATT-COI,Conflict of Interest,Yes,2025-09-10,2025-09-03,Completed,0,DPT-001
ATR-000198,EMP-00063,ATT-COC,Code of Conduct Attestation,Yes,2026-03-07,,Overdue,78,DPT-001
ATR-000199,EMP-00063,ATT-PRV,Privacy & Data Handling,Yes,2026-02-23,2026-02-09,Completed,0,DPT-001
ATR-000200,EMP-00063,ATT-INS,Insider Trading Window,Yes,2026-04-10,2026-04-07,Completed,0,DPT-001
ATR-000201,EMP-00064,ATT-COI,Conflict of Interest,Yes,2025-08-10,2025-08-04,Completed,0,DPT-001
ATR-000202,EMP-00064,ATT-COC,Code of Conduct Attestation,Yes,2026-01-16,2025-12-31,Completed,0,DPT-001
ATR-000203,EMP-00064,ATT-PRV,Privacy & Data Handling,Yes,2026-04-03,2026-03-24,Completed,0,DPT-001
ATR-000204,EMP-00064,ATT-INS,Insider Trading Window,Yes,2026-04-09,2026-04-02,Completed,0,DPT-001
ATR-000205,EMP-00065,ATT-COI,Conflict of Interest,Yes,2025-12-08,2026-01-15,Completed,0,DPT-005
ATR-000206,EMP-00065,ATT-COC,Code of Conduct Attestation,Yes,2026-03-27,2026-03-14,Completed,0,DPT-005
ATR-000207,EMP-00065,ATT-PRV,Privacy & Data Handling,Yes,2025-10-01,2026-01-09,Completed,0,DPT-005
ATR-000208,EMP-00065,ATT-INS,Insider Trading Window,Yes,2026-02-26,2026-02-25,Completed,0,DPT-005
ATR-000209,EMP-00066,ATT-COI,Conflict of Interest,Yes,2025-11-29,2025-11-20,Completed,0,DPT-001
ATR-000210,EMP-00066,ATT-COC,Code of Conduct Attestation,Yes,2026-01-07,2025-12-20,Completed,0,DPT-001
ATR-000211,EMP-00066,ATT-PRV,Privacy & Data Handling,Yes,2025-08-24,2025-08-21,Completed,0,DPT-001
ATR-000212,EMP-00066,ATT-INS,Insider Trading Window,Yes,2026-04-27,2026-04-12,Completed,0,DPT-001
ATR-000213,EMP-00067,ATT-COI,Conflict of Interest,Yes,2026-01-15,2025-12-27,Completed,0,DPT-017
ATR-000214,EMP-00067,ATT-COC,Code of Conduct Attestation,Yes,2025-09-17,2025-09-10,Completed,0,DPT-017
ATR-000215,EMP-00067,ATT-PRV,Privacy & Data Handling,Yes,2025-09-25,2025-09-09,Completed,0,DPT-017
ATR-000216,EMP-00067,ATT-INS,Insider Trading Window,Yes,2026-05-21,2026-05-15,Completed,0,DPT-017
ATR-000217,EMP-00068,ATT-COI,Conflict of Interest,Yes,2025-09-26,2026-04-28,Completed,0,DPT-021
ATR-000218,EMP-00068,ATT-COC,Code of Conduct Attestation,Yes,2025-12-07,2026-04-23,Completed,0,DPT-021
ATR-000219,EMP-00068,ATT-PRV,Privacy & Data Handling,Yes,2026-02-25,2026-05-02,Completed,0,DPT-021
ATR-000220,EMP-00068,ATT-INS,Insider Trading Window,Yes,2026-04-04,2026-05-03,Completed,0,DPT-021
ATR-000221,EMP-00070,ATT-COI,Conflict of Interest,Yes,2026-02-20,2026-02-18,Completed,0,DPT-026
ATR-000222,EMP-00070,ATT-COC,Code of Conduct Attestation,Yes,2025-09-04,2025-08-31,Completed,0,DPT-026
ATR-000223,EMP-00070,ATT-PRV,Privacy & Data Handling,Yes,2025-10-30,2025-10-11,Completed,0,DPT-026
ATR-000224,EMP-00070,ATT-INS,Insider Trading Window,Yes,2026-01-08,2026-01-02,Completed,0,DPT-026
ATR-000225,EMP-00071,ATT-COI,Conflict of Interest,Yes,2026-01-02,2025-12-22,Completed,0,DPT-003
ATR-000226,EMP-00071,ATT-COC,Code of Conduct Attestation,Yes,2025-07-31,2025-07-29,Completed,0,DPT-003
ATR-000227,EMP-00071,ATT-PRV,Privacy & Data Handling,Yes,2025-12-16,2025-12-14,Completed,0,DPT-003
ATR-000228,EMP-00071,ATT-INS,Insider Trading Window,Yes,2026-03-21,2026-03-12,Completed,0,DPT-003
ATR-000229,EMP-00072,ATT-COI,Conflict of Interest,Yes,2025-08-13,2025-08-10,Completed,0,DPT-006
ATR-000230,EMP-00072,ATT-COC,Code of Conduct Attestation,Yes,2026-02-16,2026-01-28,Completed,0,DPT-006
ATR-000231,EMP-00072,ATT-PRV,Privacy & Data Handling,Yes,2026-04-17,2026-04-07,Completed,0,DPT-006
ATR-000232,EMP-00072,ATT-INS,Insider Trading Window,Yes,2026-01-01,2025-12-19,Completed,0,DPT-006
ATR-000233,EMP-00073,ATT-COI,Conflict of Interest,Yes,2026-01-17,2026-01-06,Completed,0,DPT-024
ATR-000234,EMP-00073,ATT-COC,Code of Conduct Attestation,Yes,2026-05-22,,Overdue,2,DPT-024
ATR-000235,EMP-00073,ATT-PRV,Privacy & Data Handling,Yes,2026-03-22,2026-03-19,Completed,0,DPT-024
ATR-000236,EMP-00073,ATT-INS,Insider Trading Window,Yes,2026-01-22,2026-01-12,Completed,0,DPT-024
ATR-000237,EMP-00074,ATT-COI,Conflict of Interest,Yes,2025-10-29,2025-10-18,Completed,0,DPT-005
ATR-000238,EMP-00074,ATT-COC,Code of Conduct Attestation,Yes,2025-09-02,2025-08-28,Completed,0,DPT-005
ATR-000239,EMP-00074,ATT-PRV,Privacy & Data Handling,Yes,2025-12-02,2025-11-15,Completed,0,DPT-005
ATR-000240,EMP-00074,ATT-INS,Insider Trading Window,Yes,2026-04-01,2026-03-19,Completed,0,DPT-005
ATR-000241,EMP-00075,ATT-COI,Conflict of Interest,Yes,2026-02-07,2026-02-02,Completed,0,DPT-018
ATR-000242,EMP-00075,ATT-COC,Code of Conduct Attestation,Yes,2026-03-14,2026-03-10,Completed,0,DPT-018
ATR-000243,EMP-00075,ATT-PRV,Privacy & Data Handling,Yes,2026-02-03,2026-01-20,Completed,0,DPT-018
ATR-000244,EMP-00075,ATT-INS,Insider Trading Window,Yes,2026-01-26,2026-01-14,Completed,0,DPT-018
ATR-000245,EMP-00076,ATT-COI,Conflict of Interest,Yes,2025-11-26,2026-04-27,Completed,0,DPT-008
ATR-000246,EMP-00076,ATT-COC,Code of Conduct Attestation,Yes,2026-03-15,2026-04-29,Completed,0,DPT-008
ATR-000247,EMP-00076,ATT-PRV,Privacy & Data Handling,Yes,2026-03-18,2026-04-30,Completed,0,DPT-008
ATR-000248,EMP-00076,ATT-INS,Insider Trading Window,Yes,2025-12-11,2026-04-28,Completed,0,DPT-008
ATR-000249,EMP-00077,ATT-COI,Conflict of Interest,Yes,2025-11-13,2025-10-25,Completed,0,DPT-024
ATR-000250,EMP-00077,ATT-COC,Code of Conduct Attestation,Yes,2026-03-18,2026-02-28,Completed,0,DPT-024
ATR-000251,EMP-00077,ATT-PRV,Privacy & Data Handling,Yes,2026-03-04,2026-02-19,Completed,0,DPT-024
ATR-000252,EMP-00077,ATT-INS,Insider Trading Window,Yes,2026-04-01,2026-03-23,Completed,0,DPT-024
ATR-000253,EMP-00079,ATT-COI,Conflict of Interest,Yes,2026-05-19,2026-04-29,Completed,0,DPT-021
ATR-000254,EMP-00079,ATT-COC,Code of Conduct Attestation,Yes,2025-10-15,2025-09-29,Completed,0,DPT-021
ATR-000255,EMP-00079,ATT-PRV,Privacy & Data Handling,Yes,2025-07-08,2025-06-20,Completed,0,DPT-021
ATR-000256,EMP-00079,ATT-INS,Insider Trading Window,Yes,2026-03-14,2026-03-13,Completed,0,DPT-021
ATR-000257,EMP-00080,ATT-COI,Conflict of Interest,Yes,2026-05-09,2026-04-21,Completed,0,DPT-001
ATR-000258,EMP-00080,ATT-COC,Code of Conduct Attestation,Yes,2026-03-28,2026-03-08,Completed,0,DPT-001
ATR-000259,EMP-00080,ATT-PRV,Privacy & Data Handling,Yes,2025-06-15,2025-06-07,Completed,0,DPT-001
ATR-000260,EMP-00080,ATT-INS,Insider Trading Window,Yes,2026-04-07,2026-04-05,Completed,0,DPT-001
ATR-000261,EMP-00081,ATT-COI,Conflict of Interest,Yes,2026-01-17,2025-12-28,Completed,0,DPT-014
ATR-000262,EMP-00081,ATT-COC,Code of Conduct Attestation,Yes,2025-06-29,2025-09-10,Completed,0,DPT-014
ATR-000263,EMP-00081,ATT-PRV,Privacy & Data Handling,Yes,2025-12-02,2025-11-30,Completed,0,DPT-014
ATR-000264,EMP-00081,ATT-INS,Insider Trading Window,Yes,2025-12-28,2025-12-15,Completed,0,DPT-014
ATR-000265,EMP-00082,ATT-COI,Conflict of Interest,Yes,2026-05-17,2026-05-15,Completed,0,DPT-022
ATR-000266,EMP-00082,ATT-COC,Code of Conduct Attestation,Yes,2025-08-28,2025-08-26,Completed,0,DPT-022
ATR-000267,EMP-00082,ATT-PRV,Privacy & Data Handling,Yes,2025-07-27,2025-07-16,Completed,0,DPT-022
ATR-000268,EMP-00082,ATT-INS,Insider Trading Window,Yes,2026-03-03,2026-02-15,Completed,0,DPT-022
ATR-000269,EMP-00083,ATT-COI,Conflict of Interest,Yes,2026-04-15,2026-04-13,Completed,0,DPT-003
ATR-000270,EMP-00083,ATT-COC,Code of Conduct Attestation,Yes,2025-11-24,2025-11-19,Completed,0,DPT-003
ATR-000271,EMP-00083,ATT-PRV,Privacy & Data Handling,Yes,2025-11-22,2025-11-12,Completed,0,DPT-003
ATR-000272,EMP-00083,ATT-INS,Insider Trading Window,Yes,2026-03-03,2026-02-13,Completed,0,DPT-003
ATR-000273,EMP-00084,ATT-COI,Conflict of Interest,Yes,2025-08-18,2025-08-06,Completed,0,DPT-024
ATR-000274,EMP-00084,ATT-COC,Code of Conduct Attestation,Yes,2025-12-02,2025-11-22,Completed,0,DPT-024
ATR-000275,EMP-00084,ATT-PRV,Privacy & Data Handling,Yes,2025-08-01,2025-07-16,Completed,0,DPT-024
ATR-000276,EMP-00084,ATT-INS,Insider Trading Window,Yes,2026-03-04,2026-02-16,Completed,0,DPT-024
ATR-000277,EMP-00085,ATT-COI,Conflict of Interest,Yes,2025-10-02,2025-09-15,Completed,0,DPT-023
ATR-000278,EMP-00085,ATT-COC,Code of Conduct Attestation,Yes,2026-03-16,2026-02-26,Completed,0,DPT-023
ATR-000279,EMP-00085,ATT-PRV,Privacy & Data Handling,Yes,2025-09-16,2025-09-02,Completed,0,DPT-023
ATR-000280,EMP-00085,ATT-INS,Insider Trading Window,Yes,2026-04-04,2026-03-29,Completed,0,DPT-023
ATR-000281,EMP-00086,ATT-COI,Conflict of Interest,Yes,2026-05-16,2026-05-08,Completed,0,DPT-012
ATR-000282,EMP-00086,ATT-COC,Code of Conduct Attestation,Yes,2025-09-22,2025-09-15,Completed,0,DPT-012
ATR-000283,EMP-00086,ATT-PRV,Privacy & Data Handling,Yes,2026-04-09,2026-03-26,Completed,0,DPT-012
ATR-000284,EMP-00086,ATT-INS,Insider Trading Window,Yes,2026-03-16,2026-03-15,Completed,0,DPT-012
ATR-000285,EMP-00087,ATT-COI,Conflict of Interest,Yes,2025-12-10,2025-11-23,Completed,0,DPT-016
ATR-000286,EMP-00087,ATT-COC,Code of Conduct Attestation,Yes,2025-10-19,2025-10-04,Completed,0,DPT-016
ATR-000287,EMP-00087,ATT-PRV,Privacy & Data Handling,Yes,2026-02-13,2026-02-06,Completed,0,DPT-016
ATR-000288,EMP-00087,ATT-INS,Insider Trading Window,Yes,2026-03-02,2026-03-01,Completed,0,DPT-016
ATR-000289,EMP-00088,ATT-COI,Conflict of Interest,Yes,2025-10-26,2025-10-08,Completed,0,DPT-021
ATR-000290,EMP-00088,ATT-COC,Code of Conduct Attestation,Yes,2026-05-19,2026-05-12,Completed,0,DPT-021
ATR-000291,EMP-00088,ATT-PRV,Privacy & Data Handling,Yes,2026-03-31,2026-03-20,Completed,0,DPT-021
ATR-000292,EMP-00088,ATT-INS,Insider Trading Window,Yes,2025-12-03,2025-11-24,Completed,0,DPT-021
ATR-000293,EMP-00089,ATT-COI,Conflict of Interest,Yes,2026-05-17,2026-05-05,Completed,0,DPT-005
ATR-000294,EMP-00089,ATT-COC,Code of Conduct Attestation,Yes,2026-05-02,2026-04-14,Completed,0,DPT-005
ATR-000295,EMP-00089,ATT-PRV,Privacy & Data Handling,Yes,2025-12-22,2025-12-05,Completed,0,DPT-005
ATR-000296,EMP-00089,ATT-INS,Insider Trading Window,Yes,2026-03-07,2026-02-25,Completed,0,DPT-005
ATR-000297,EMP-00090,ATT-COI,Conflict of Interest,Yes,2025-10-03,2025-10-01,Completed,0,DPT-023
ATR-000298,EMP-00090,ATT-COC,Code of Conduct Attestation,Yes,2026-04-28,2026-04-17,Completed,0,DPT-023
ATR-000299,EMP-00090,ATT-PRV,Privacy & Data Handling,Yes,2026-04-11,2026-03-24,Completed,0,DPT-023
ATR-000300,EMP-00090,ATT-INS,Insider Trading Window,Yes,2026-04-20,2026-04-04,Completed,0,DPT-023
ATR-000301,EMP-00091,ATT-COI,Conflict of Interest,Yes,2025-12-14,2025-12-09,Completed,0,DPT-016
ATR-000302,EMP-00091,ATT-COC,Code of Conduct Attestation,Yes,2025-12-18,2025-12-16,Completed,0,DPT-016
ATR-000303,EMP-00091,ATT-PRV,Privacy & Data Handling,Yes,2025-06-08,2025-05-26,Completed,0,DPT-016
ATR-000304,EMP-00091,ATT-INS,Insider Trading Window,Yes,2026-04-14,2026-04-05,Completed,0,DPT-016
ATR-000305,EMP-00092,ATT-COI,Conflict of Interest,Yes,2026-01-16,2026-01-14,Completed,0,DPT-005
ATR-000306,EMP-00092,ATT-COC,Code of Conduct Attestation,Yes,2026-04-10,2026-03-28,Completed,0,DPT-005
ATR-000307,EMP-00092,ATT-PRV,Privacy & Data Handling,Yes,2025-09-27,2025-09-09,Completed,0,DPT-005
ATR-000308,EMP-00092,ATT-INS,Insider Trading Window,Yes,2026-02-23,2026-02-11,Completed,0,DPT-005
ATR-000309,EMP-00093,ATT-COI,Conflict of Interest,Yes,2025-07-17,2025-07-12,Completed,0,DPT-011
ATR-000310,EMP-00093,ATT-COC,Code of Conduct Attestation,Yes,2025-09-20,2025-09-17,Completed,0,DPT-011
ATR-000311,EMP-00093,ATT-PRV,Privacy & Data Handling,Yes,2026-05-03,2026-04-28,Completed,0,DPT-011
ATR-000312,EMP-00093,ATT-INS,Insider Trading Window,Yes,2026-02-07,2026-02-01,Completed,0,DPT-011
ATR-000313,EMP-00094,ATT-COI,Conflict of Interest,Yes,2026-02-17,2026-02-13,Completed,0,DPT-004
ATR-000314,EMP-00094,ATT-COC,Code of Conduct Attestation,Yes,2026-02-14,2026-02-04,Completed,0,DPT-004
ATR-000315,EMP-00094,ATT-PRV,Privacy & Data Handling,Yes,2026-03-18,2026-03-08,Completed,0,DPT-004
ATR-000316,EMP-00094,ATT-INS,Insider Trading Window,Yes,2026-05-18,2026-05-06,Completed,0,DPT-004
ATR-000317,EMP-00095,ATT-COI,Conflict of Interest,Yes,2025-08-11,2025-07-27,Completed,0,DPT-008
ATR-000318,EMP-00095,ATT-COC,Code of Conduct Attestation,Yes,2025-06-18,2025-06-16,Completed,0,DPT-008
ATR-000319,EMP-00095,ATT-PRV,Privacy & Data Handling,Yes,2025-05-30,2025-05-26,Completed,0,DPT-008
ATR-000320,EMP-00095,ATT-INS,Insider Trading Window,Yes,2026-04-20,2026-04-06,Completed,0,DPT-008
ATR-000321,EMP-00096,ATT-COI,Conflict of Interest,Yes,2025-08-09,2025-07-24,Completed,0,DPT-018
ATR-000322,EMP-00096,ATT-COC,Code of Conduct Attestation,Yes,2025-07-10,2025-07-03,Completed,0,DPT-018
ATR-000323,EMP-00096,ATT-PRV,Privacy & Data Handling,Yes,2026-02-02,2026-01-27,Completed,0,DPT-018
ATR-000324,EMP-00096,ATT-INS,Insider Trading Window,Yes,2026-05-23,2026-05-13,Completed,0,DPT-018
ATR-000325,EMP-00098,ATT-COI,Conflict of Interest,Yes,2025-12-15,2025-11-29,Completed,0,DPT-005
ATR-000326,EMP-00098,ATT-COC,Code of Conduct Attestation,Yes,2026-02-06,2026-01-29,Completed,0,DPT-005
ATR-000327,EMP-00098,ATT-PRV,Privacy & Data Handling,Yes,2025-10-09,2025-09-28,Completed,0,DPT-005
ATR-000328,EMP-00098,ATT-INS,Insider Trading Window,Yes,2026-04-30,2026-04-11,Completed,0,DPT-005
ATR-000329,EMP-00100,ATT-COI,Conflict of Interest,Yes,2026-03-04,2026-02-15,Completed,0,DPT-026
ATR-000330,EMP-00100,ATT-COC,Code of Conduct Attestation,Yes,2025-10-05,2025-12-25,Completed,0,DPT-026
ATR-000331,EMP-00100,ATT-PRV,Privacy & Data Handling,Yes,2026-03-19,2026-03-08,Completed,0,DPT-026
ATR-000332,EMP-00100,ATT-INS,Insider Trading Window,Yes,2026-03-12,2026-03-09,Completed,0,DPT-026
ATR-000333,EMP-00102,ATT-COI,Conflict of Interest,Yes,2025-06-21,2025-06-12,Completed,0,DPT-016
ATR-000334,EMP-00102,ATT-COC,Code of Conduct Attestation,Yes,2025-11-15,2025-10-29,Completed,0,DPT-016
ATR-000335,EMP-00102,ATT-PRV,Privacy & Data Handling,Yes,2025-09-11,2025-08-22,Completed,0,DPT-016
ATR-000336,EMP-00102,ATT-INS,Insider Trading Window,Yes,2025-12-21,2025-12-06,Completed,0,DPT-016
ATR-000337,EMP-00104,ATT-COI,Conflict of Interest,Yes,2026-03-11,2026-03-06,Completed,0,DPT-001
ATR-000338,EMP-00104,ATT-COC,Code of Conduct Attestation,Yes,2026-03-09,2026-02-17,Completed,0,DPT-001
ATR-000339,EMP-00104,ATT-PRV,Privacy & Data Handling,Yes,2025-10-28,2025-10-24,Completed,0,DPT-001
ATR-000340,EMP-00104,ATT-INS,Insider Trading Window,Yes,2025-12-30,2025-12-12,Completed,0,DPT-001
ATR-000341,EMP-00105,ATT-COI,Conflict of Interest,Yes,2025-12-13,2025-11-25,Completed,0,DPT-005
ATR-000342,EMP-00105,ATT-COC,Code of Conduct Attestation,Yes,2025-12-04,2025-11-15,Completed,0,DPT-005
ATR-000343,EMP-00105,ATT-PRV,Privacy & Data Handling,Yes,2025-08-06,2025-07-19,Completed,0,DPT-005
ATR-000344,EMP-00105,ATT-INS,Insider Trading Window,Yes,2026-05-17,2026-05-01,Completed,0,DPT-005
ATR-000345,EMP-00106,ATT-COI,Conflict of Interest,Yes,2025-08-05,2025-07-29,Completed,0,DPT-010
ATR-000346,EMP-00106,ATT-COC,Code of Conduct Attestation,Yes,2025-07-11,2025-07-06,Completed,0,DPT-010
ATR-000347,EMP-00106,ATT-PRV,Privacy & Data Handling,Yes,2025-08-28,2025-08-14,Completed,0,DPT-010
ATR-000348,EMP-00106,ATT-INS,Insider Trading Window,Yes,2026-03-06,2026-02-24,Completed,0,DPT-010
ATR-000349,EMP-00107,ATT-COI,Conflict of Interest,Yes,2025-06-22,2025-06-09,Completed,0,DPT-006
ATR-000350,EMP-00107,ATT-COC,Code of Conduct Attestation,Yes,2025-11-25,2025-11-05,Completed,0,DPT-006
ATR-000351,EMP-00107,ATT-PRV,Privacy & Data Handling,Yes,2025-11-05,2025-10-24,Completed,0,DPT-006
ATR-000352,EMP-00107,ATT-INS,Insider Trading Window,Yes,2026-05-16,2026-05-08,Completed,0,DPT-006
ATR-000353,EMP-00108,ATT-COI,Conflict of Interest,Yes,2025-08-31,2025-08-28,Completed,0,DPT-002
ATR-000354,EMP-00108,ATT-COC,Code of Conduct Attestation,Yes,2026-03-24,2026-03-09,Completed,0,DPT-002
ATR-000355,EMP-00108,ATT-PRV,Privacy & Data Handling,Yes,2026-04-09,2026-04-03,Completed,0,DPT-002
ATR-000356,EMP-00108,ATT-INS,Insider Trading Window,Yes,2026-01-08,2025-12-24,Completed,0,DPT-002
ATR-000357,EMP-00109,ATT-COI,Conflict of Interest,Yes,2026-02-22,2026-02-12,Completed,0,DPT-005
ATR-000358,EMP-00109,ATT-COC,Code of Conduct Attestation,Yes,2026-02-04,2026-01-21,Completed,0,DPT-005
ATR-000359,EMP-00109,ATT-PRV,Privacy & Data Handling,Yes,2026-04-23,2026-04-10,Completed,0,DPT-005
ATR-000360,EMP-00109,ATT-INS,Insider Trading Window,Yes,2025-12-23,2025-12-04,Completed,0,DPT-005
ATR-000361,EMP-00110,ATT-COI,Conflict of Interest,Yes,2026-03-14,2026-02-27,Completed,0,DPT-022
ATR-000362,EMP-00110,ATT-COC,Code of Conduct Attestation,Yes,2026-02-03,2026-01-25,Completed,0,DPT-022
ATR-000363,EMP-00110,ATT-PRV,Privacy & Data Handling,Yes,2025-07-17,2025-11-14,Completed,0,DPT-022
ATR-000364,EMP-00110,ATT-INS,Insider Trading Window,Yes,2026-05-22,2026-05-14,Completed,0,DPT-022
ATR-000365,EMP-00111,ATT-COI,Conflict of Interest,Yes,2026-01-13,2026-01-07,Completed,0,DPT-012
ATR-000366,EMP-00111,ATT-COC,Code of Conduct Attestation,Yes,2025-07-13,2025-08-21,Completed,0,DPT-012
ATR-000367,EMP-00111,ATT-PRV,Privacy & Data Handling,Yes,2025-08-04,2025-08-17,Completed,0,DPT-012
ATR-000368,EMP-00111,ATT-INS,Insider Trading Window,Yes,2026-04-25,2026-04-09,Completed,0,DPT-012
ATR-000369,EMP-00112,ATT-COI,Conflict of Interest,Yes,2026-02-11,2026-01-30,Completed,0,DPT-001
ATR-000370,EMP-00112,ATT-COC,Code of Conduct Attestation,Yes,2025-11-18,2025-11-09,Completed,0,DPT-001
ATR-000371,EMP-00112,ATT-PRV,Privacy & Data Handling,Yes,2025-07-28,2025-07-13,Completed,0,DPT-001
ATR-000372,EMP-00112,ATT-INS,Insider Trading Window,Yes,2026-03-02,2026-02-14,Completed,0,DPT-001
ATR-000373,EMP-00114,ATT-COI,Conflict of Interest,Yes,2025-11-30,2025-11-23,Completed,0,DPT-006
ATR-000374,EMP-00114,ATT-COC,Code of Conduct Attestation,Yes,2025-08-27,2025-08-10,Completed,0,DPT-006
ATR-000375,EMP-00114,ATT-PRV,Privacy & Data Handling,Yes,2025-12-03,2025-11-25,Completed,0,DPT-006
ATR-000376,EMP-00114,ATT-INS,Insider Trading Window,Yes,2026-03-30,2026-03-16,Completed,0,DPT-006
ATR-000377,EMP-00116,ATT-COI,Conflict of Interest,Yes,2025-12-11,2025-11-26,Completed,0,DPT-006
ATR-000378,EMP-00116,ATT-COC,Code of Conduct Attestation,Yes,2025-10-28,2025-10-08,Completed,0,DPT-006
ATR-000379,EMP-00116,ATT-PRV,Privacy & Data Handling,Yes,2025-06-30,2025-06-21,Completed,0,DPT-006
ATR-000380,EMP-00116,ATT-INS,Insider Trading Window,Yes,2026-05-22,2026-05-13,Completed,0,DPT-006
ATR-000381,EMP-00117,ATT-COI,Conflict of Interest,Yes,2025-06-14,2025-06-03,Completed,0,DPT-004
ATR-000382,EMP-00117,ATT-COC,Code of Conduct Attestation,Yes,2025-07-25,2025-07-11,Completed,0,DPT-004
ATR-000383,EMP-00117,ATT-PRV,Privacy & Data Handling,Yes,2026-04-05,2026-03-23,Completed,0,DPT-004
ATR-000384,EMP-00117,ATT-INS,Insider Trading Window,Yes,2025-12-02,2025-11-25,Completed,0,DPT-004
ATR-000385,EMP-00118,ATT-COI,Conflict of Interest,Yes,2025-12-14,2026-03-11,Completed,0,DPT-006
ATR-000386,EMP-00118,ATT-COC,Code of Conduct Attestation,Yes,2025-07-26,2026-03-16,Completed,0,DPT-006
ATR-000387,EMP-00118,ATT-PRV,Privacy & Data Handling,Yes,2025-12-31,2026-03-14,Completed,0,DPT-006
ATR-000388,EMP-00118,ATT-INS,Insider Trading Window,Yes,2026-01-31,2026-03-16,Completed,0,DPT-006
ATR-000389,EMP-00119,ATT-COI,Conflict of Interest,Yes,2025-09-28,2025-09-08,Completed,0,DPT-009
ATR-000390,EMP-00119,ATT-COC,Code of Conduct Attestation,Yes,2026-03-28,2026-03-20,Completed,0,DPT-009
ATR-000391,EMP-00119,ATT-PRV,Privacy & Data Handling,Yes,2025-12-11,2025-11-26,Completed,0,DPT-009
ATR-000392,EMP-00119,ATT-INS,Insider Trading Window,Yes,2025-11-27,2025-11-24,Completed,0,DPT-009
ATR-000393,EMP-00121,ATT-COI,Conflict of Interest,Yes,2025-12-10,2025-11-28,Completed,0,DPT-010
ATR-000394,EMP-00121,ATT-COC,Code of Conduct Attestation,Yes,2025-09-09,2025-08-30,Completed,0,DPT-010
ATR-000395,EMP-00121,ATT-PRV,Privacy & Data Handling,Yes,2025-08-05,2025-07-23,Completed,0,DPT-010
ATR-000396,EMP-00121,ATT-INS,Insider Trading Window,Yes,2025-12-29,2025-12-24,Completed,0,DPT-010
ATR-000397,EMP-00122,ATT-COI,Conflict of Interest,Yes,2025-09-27,2025-09-24,Completed,0,DPT-021
ATR-000398,EMP-00122,ATT-COC,Code of Conduct Attestation,Yes,2026-02-03,2026-01-17,Completed,0,DPT-021
ATR-000399,EMP-00122,ATT-PRV,Privacy & Data Handling,Yes,2026-03-28,2026-03-20,Completed,0,DPT-021
ATR-000400,EMP-00122,ATT-INS,Insider Trading Window,Yes,2025-12-23,2025-12-03,Completed,0,DPT-021
ATR-000401,EMP-00123,ATT-COI,Conflict of Interest,Yes,2026-01-09,2025-12-25,Completed,0,DPT-013
ATR-000402,EMP-00123,ATT-COC,Code of Conduct Attestation,Yes,2026-01-20,2026-01-03,Completed,0,DPT-013
ATR-000403,EMP-00123,ATT-PRV,Privacy & Data Handling,Yes,2026-03-01,2026-02-19,Completed,0,DPT-013
ATR-000404,EMP-00123,ATT-INS,Insider Trading Window,Yes,2026-02-21,2026-02-02,Completed,0,DPT-013
ATR-000405,EMP-00124,ATT-COI,Conflict of Interest,Yes,2025-06-19,2025-06-08,Completed,0,DPT-004
ATR-000406,EMP-00124,ATT-COC,Code of Conduct Attestation,Yes,2025-12-22,2025-12-09,Completed,0,DPT-004
ATR-000407,EMP-00124,ATT-PRV,Privacy & Data Handling,Yes,2025-06-29,2025-06-18,Completed,0,DPT-004
ATR-000408,EMP-00124,ATT-INS,Insider Trading Window,Yes,2026-05-02,2026-04-15,Completed,0,DPT-004
ATR-000409,EMP-00126,ATT-COI,Conflict of Interest,Yes,2025-06-20,2025-05-31,Completed,0,DPT-012
ATR-000410,EMP-00126,ATT-COC,Code of Conduct Attestation,Yes,2026-03-28,2026-03-23,Completed,0,DPT-012
ATR-000411,EMP-00126,ATT-PRV,Privacy & Data Handling,Yes,2025-11-16,2025-11-12,Completed,0,DPT-012
ATR-000412,EMP-00126,ATT-INS,Insider Trading Window,Yes,2026-04-26,2026-04-19,Completed,0,DPT-012
ATR-000413,EMP-00127,ATT-COI,Conflict of Interest,Yes,2026-01-28,2026-01-16,Completed,0,DPT-002
ATR-000414,EMP-00127,ATT-COC,Code of Conduct Attestation,Yes,2026-04-24,2026-04-15,Completed,0,DPT-002
ATR-000415,EMP-00127,ATT-PRV,Privacy & Data Handling,Yes,2026-01-12,2026-01-05,Completed,0,DPT-002
ATR-000416,EMP-00127,ATT-INS,Insider Trading Window,Yes,2026-01-12,2026-01-03,Completed,0,DPT-002
ATR-000417,EMP-00128,ATT-COI,Conflict of Interest,Yes,2026-04-02,2026-03-23,Completed,0,DPT-009
ATR-000418,EMP-00128,ATT-COC,Code of Conduct Attestation,Yes,2025-06-11,2025-06-10,Completed,0,DPT-009
ATR-000419,EMP-00128,ATT-PRV,Privacy & Data Handling,Yes,2025-09-21,2025-09-20,Completed,0,DPT-009
ATR-000420,EMP-00128,ATT-INS,Insider Trading Window,Yes,2026-05-14,2026-04-30,Completed,0,DPT-009
ATR-000421,EMP-00129,ATT-COI,Conflict of Interest,Yes,2026-04-22,2026-04-03,Completed,0,DPT-022
ATR-000422,EMP-00129,ATT-COC,Code of Conduct Attestation,Yes,2025-09-14,2025-09-08,Completed,0,DPT-022
ATR-000423,EMP-00129,ATT-PRV,Privacy & Data Handling,Yes,2026-03-22,2026-03-15,Completed,0,DPT-022
ATR-000424,EMP-00129,ATT-INS,Insider Trading Window,Yes,2026-01-10,2026-01-02,Completed,0,DPT-022
ATR-000425,EMP-00130,ATT-COI,Conflict of Interest,Yes,2026-04-02,2026-03-16,Completed,0,DPT-005
ATR-000426,EMP-00130,ATT-COC,Code of Conduct Attestation,Yes,2025-08-19,2025-08-07,Completed,0,DPT-005
ATR-000427,EMP-00130,ATT-PRV,Privacy & Data Handling,Yes,2025-06-26,2025-06-08,Completed,0,DPT-005
ATR-000428,EMP-00130,ATT-INS,Insider Trading Window,Yes,2026-01-02,2025-12-30,Completed,0,DPT-005
ATR-000429,EMP-00131,ATT-COI,Conflict of Interest,Yes,2025-06-17,2025-06-08,Completed,0,DPT-017
ATR-000430,EMP-00131,ATT-COC,Code of Conduct Attestation,Yes,2026-01-16,2025-12-30,Completed,0,DPT-017
ATR-000431,EMP-00131,ATT-PRV,Privacy & Data Handling,Yes,2025-10-07,2025-09-25,Completed,0,DPT-017
ATR-000432,EMP-00131,ATT-INS,Insider Trading Window,Yes,2026-01-21,2026-01-05,Completed,0,DPT-017
ATR-000433,EMP-00132,ATT-COI,Conflict of Interest,Yes,2025-10-02,2025-09-17,Completed,0,DPT-004
ATR-000434,EMP-00132,ATT-COC,Code of Conduct Attestation,Yes,2026-02-18,2026-02-01,Completed,0,DPT-004
ATR-000435,EMP-00132,ATT-PRV,Privacy & Data Handling,Yes,2025-07-30,2025-07-12,Completed,0,DPT-004
ATR-000436,EMP-00132,ATT-INS,Insider Trading Window,Yes,2026-02-28,2026-02-10,Completed,0,DPT-004
ATR-000437,EMP-00133,ATT-COI,Conflict of Interest,Yes,2026-03-07,2026-03-03,Completed,0,DPT-001
ATR-000438,EMP-00133,ATT-COC,Code of Conduct Attestation,Yes,2026-05-03,2026-04-16,Completed,0,DPT-001
ATR-000439,EMP-00133,ATT-PRV,Privacy & Data Handling,Yes,2026-04-16,2026-03-27,Completed,0,DPT-001
ATR-000440,EMP-00133,ATT-INS,Insider Trading Window,Yes,2026-03-12,2026-02-27,Completed,0,DPT-001
ATR-000441,EMP-00134,ATT-COI,Conflict of Interest,Yes,2025-06-25,2025-06-05,Completed,0,DPT-006
ATR-000442,EMP-00134,ATT-COC,Code of Conduct Attestation,Yes,2026-04-28,2026-04-09,Completed,0,DPT-006
ATR-000443,EMP-00134,ATT-PRV,Privacy & Data Handling,Yes,2025-06-10,2025-06-03,Completed,0,DPT-006
ATR-000444,EMP-00134,ATT-INS,Insider Trading Window,Yes,2026-01-12,2026-01-02,Completed,0,DPT-006
ATR-000445,EMP-00136,ATT-COI,Conflict of Interest,Yes,2025-07-18,2025-08-29,Completed,0,DPT-001
ATR-000446,EMP-00136,ATT-COC,Code of Conduct Attestation,Yes,2026-03-23,2026-03-11,Completed,0,DPT-001
ATR-000447,EMP-00136,ATT-PRV,Privacy & Data Handling,Yes,2025-08-12,2025-09-08,Completed,0,DPT-001
ATR-000448,EMP-00136,ATT-INS,Insider Trading Window,Yes,2026-05-11,2026-05-02,Completed,0,DPT-001
ATR-000449,EMP-00137,ATT-COI,Conflict of Interest,Yes,2025-11-22,2025-11-02,Completed,0,DPT-013
ATR-000450,EMP-00137,ATT-COC,Code of Conduct Attestation,Yes,2025-07-17,2025-07-09,Completed,0,DPT-013
ATR-000451,EMP-00137,ATT-PRV,Privacy & Data Handling,Yes,2026-01-01,2025-12-20,Completed,0,DPT-013
ATR-000452,EMP-00137,ATT-INS,Insider Trading Window,Yes,2025-12-09,2025-11-23,Completed,0,DPT-013
ATR-000453,EMP-00138,ATT-COI,Conflict of Interest,Yes,2025-11-08,2025-10-24,Completed,0,DPT-022
ATR-000454,EMP-00138,ATT-COC,Code of Conduct Attestation,Yes,2025-08-12,2025-08-03,Completed,0,DPT-022
ATR-000455,EMP-00138,ATT-PRV,Privacy & Data Handling,Yes,2025-08-31,2025-08-21,Completed,0,DPT-022
ATR-000456,EMP-00138,ATT-INS,Insider Trading Window,Yes,2026-04-08,2026-04-01,Completed,0,DPT-022
ATR-000457,EMP-00141,ATT-COI,Conflict of Interest,Yes,2026-04-01,2026-03-21,Completed,0,DPT-007
ATR-000458,EMP-00141,ATT-COC,Code of Conduct Attestation,Yes,2026-01-16,,Overdue,128,DPT-007
ATR-000459,EMP-00141,ATT-PRV,Privacy & Data Handling,Yes,2026-02-27,2026-02-12,Completed,0,DPT-007
ATR-000460,EMP-00141,ATT-INS,Insider Trading Window,Yes,2026-01-30,2026-01-24,Completed,0,DPT-007
ATR-000461,EMP-00142,ATT-COI,Conflict of Interest,Yes,2025-08-31,2025-08-24,Completed,0,DPT-004
ATR-000462,EMP-00142,ATT-COC,Code of Conduct Attestation,Yes,2026-04-08,2026-04-02,Completed,0,DPT-004
ATR-000463,EMP-00142,ATT-PRV,Privacy & Data Handling,Yes,2026-02-02,2026-01-18,Completed,0,DPT-004
ATR-000464,EMP-00142,ATT-INS,Insider Trading Window,Yes,2025-12-16,2025-12-14,Completed,0,DPT-004
ATR-000465,EMP-00144,ATT-COI,Conflict of Interest,Yes,2026-04-17,2026-04-12,Completed,0,DPT-009
ATR-000466,EMP-00144,ATT-COC,Code of Conduct Attestation,Yes,2025-10-21,2025-10-15,Completed,0,DPT-009
ATR-000467,EMP-00144,ATT-PRV,Privacy & Data Handling,Yes,2026-02-24,2026-02-14,Completed,0,DPT-009
ATR-000468,EMP-00144,ATT-INS,Insider Trading Window,Yes,2026-03-20,2026-02-28,Completed,0,DPT-009
ATR-000469,EMP-00146,ATT-COI,Conflict of Interest,Yes,2025-06-26,2025-09-15,Completed,0,DPT-020
ATR-000470,EMP-00146,ATT-COC,Code of Conduct Attestation,Yes,2026-01-10,2026-01-07,Completed,0,DPT-020
ATR-000471,EMP-00146,ATT-PRV,Privacy & Data Handling,Yes,2025-12-21,2025-12-01,Completed,0,DPT-020
ATR-000472,EMP-00146,ATT-INS,Insider Trading Window,Yes,2026-03-18,2026-02-26,Completed,0,DPT-020
ATR-000473,EMP-00147,ATT-COI,Conflict of Interest,Yes,2026-02-23,2026-02-11,Completed,0,DPT-009
ATR-000474,EMP-00147,ATT-COC,Code of Conduct Attestation,Yes,2026-01-22,2026-01-12,Completed,0,DPT-009
ATR-000475,EMP-00147,ATT-PRV,Privacy & Data Handling,Yes,2025-08-10,2025-09-07,Completed,0,DPT-009
ATR-000476,EMP-00147,ATT-INS,Insider Trading Window,Yes,2025-12-23,2025-12-15,Completed,0,DPT-009
ATR-000477,EMP-00148,ATT-COI,Conflict of Interest,Yes,2025-08-24,2025-08-23,Completed,0,DPT-009
ATR-000478,EMP-00148,ATT-COC,Code of Conduct Attestation,Yes,2025-08-10,2025-08-04,Completed,0,DPT-009
ATR-000479,EMP-00148,ATT-PRV,Privacy & Data Handling,Yes,2025-09-13,2025-09-09,Completed,0,DPT-009
ATR-000480,EMP-00148,ATT-INS,Insider Trading Window,Yes,2025-12-09,2025-11-22,Completed,0,DPT-009
ATR-000481,EMP-00149,ATT-COI,Conflict of Interest,Yes,2025-12-09,2025-11-22,Completed,0,DPT-017
ATR-000482,EMP-00149,ATT-COC,Code of Conduct Attestation,Yes,2025-06-30,2025-06-28,Completed,0,DPT-017
ATR-000483,EMP-00149,ATT-PRV,Privacy & Data Handling,Yes,2026-02-06,2026-02-05,Completed,0,DPT-017
ATR-000484,EMP-00149,ATT-INS,Insider Trading Window,Yes,2025-12-10,2025-11-23,Completed,0,DPT-017
ATR-000485,EMP-00150,ATT-COI,Conflict of Interest,Yes,2026-04-15,2026-04-10,Completed,0,DPT-003
ATR-000486,EMP-00150,ATT-COC,Code of Conduct Attestation,Yes,2026-02-22,2026-02-04,Completed,0,DPT-003
ATR-000487,EMP-00150,ATT-PRV,Privacy & Data Handling,Yes,2025-09-15,2025-09-05,Completed,0,DPT-003
ATR-000488,EMP-00150,ATT-INS,Insider Trading Window,Yes,2025-12-22,2025-12-20,Completed,0,DPT-003
ATR-000489,EMP-00151,ATT-COI,Conflict of Interest,Yes,2026-03-25,2026-03-07,Completed,0,DPT-001
ATR-000490,EMP-00151,ATT-COC,Code of Conduct Attestation,Yes,2025-12-03,2025-11-28,Completed,0,DPT-001
ATR-000491,EMP-00151,ATT-PRV,Privacy & Data Handling,Yes,2026-05-21,2026-05-01,Completed,0,DPT-001
ATR-000492,EMP-00151,ATT-INS,Insider Trading Window,Yes,2026-01-03,2025-12-17,Completed,0,DPT-001
ATR-000493,EMP-00152,ATT-COI,Conflict of Interest,Yes,2025-10-08,2025-10-01,Completed,0,DPT-003
ATR-000494,EMP-00152,ATT-COC,Code of Conduct Attestation,Yes,2025-12-28,2025-12-13,Completed,0,DPT-003
ATR-000495,EMP-00152,ATT-PRV,Privacy & Data Handling,Yes,2025-09-04,2025-08-23,Completed,0,DPT-003
ATR-000496,EMP-00152,ATT-INS,Insider Trading Window,Yes,2026-02-13,2026-01-27,Completed,0,DPT-003
ATR-000497,EMP-00153,ATT-COI,Conflict of Interest,Yes,2026-04-17,2026-04-15,Completed,0,DPT-016
ATR-000498,EMP-00153,ATT-COC,Code of Conduct Attestation,Yes,2026-02-23,2026-02-21,Completed,0,DPT-016
ATR-000499,EMP-00153,ATT-PRV,Privacy & Data Handling,Yes,2025-07-10,2025-06-24,Completed,0,DPT-016
ATR-000500,EMP-00153,ATT-INS,Insider Trading Window,Yes,2026-01-13,2025-12-28,Completed,0,DPT-016
ATR-000501,EMP-00154,ATT-COI,Conflict of Interest,Yes,2025-08-19,2025-08-17,Completed,0,DPT-005
ATR-000502,EMP-00154,ATT-COC,Code of Conduct Attestation,Yes,2026-03-02,2026-02-11,Completed,0,DPT-005
ATR-000503,EMP-00154,ATT-PRV,Privacy & Data Handling,Yes,2025-08-23,2025-08-22,Completed,0,DPT-005
ATR-000504,EMP-00154,ATT-INS,Insider Trading Window,Yes,2026-04-30,2026-04-18,Completed,0,DPT-005
ATR-000505,EMP-00155,ATT-COI,Conflict of Interest,Yes,2025-07-01,2025-06-24,Completed,0,DPT-004
ATR-000506,EMP-00155,ATT-COC,Code of Conduct Attestation,Yes,2025-10-26,2025-10-20,Completed,0,DPT-004
ATR-000507,EMP-00155,ATT-PRV,Privacy & Data Handling,Yes,2026-02-04,2026-01-19,Completed,0,DPT-004
ATR-000508,EMP-00155,ATT-INS,Insider Trading Window,Yes,2026-01-26,2026-01-08,Completed,0,DPT-004
ATR-000509,EMP-00156,ATT-COI,Conflict of Interest,Yes,2025-09-22,2025-09-15,Completed,0,DPT-003
ATR-000510,EMP-00156,ATT-COC,Code of Conduct Attestation,Yes,2025-06-26,2025-06-13,Completed,0,DPT-003
ATR-000511,EMP-00156,ATT-PRV,Privacy & Data Handling,Yes,2026-05-15,2026-05-06,Completed,0,DPT-003
ATR-000512,EMP-00156,ATT-INS,Insider Trading Window,Yes,2026-01-26,2026-01-11,Completed,0,DPT-003
ATR-000513,EMP-00157,ATT-COI,Conflict of Interest,Yes,2025-06-19,2025-06-08,Completed,0,DPT-003
ATR-000514,EMP-00157,ATT-COC,Code of Conduct Attestation,Yes,2025-12-31,2025-12-19,Completed,0,DPT-003
ATR-000515,EMP-00157,ATT-PRV,Privacy & Data Handling,Yes,2025-07-18,2025-07-15,Completed,0,DPT-003
ATR-000516,EMP-00157,ATT-INS,Insider Trading Window,Yes,2025-12-07,2025-11-17,Completed,0,DPT-003
ATR-000517,EMP-00158,ATT-COI,Conflict of Interest,Yes,2025-09-19,2025-09-14,Completed,0,DPT-024
ATR-000518,EMP-00158,ATT-COC,Code of Conduct Attestation,Yes,2025-12-23,2025-12-06,Completed,0,DPT-024
ATR-000519,EMP-00158,ATT-PRV,Privacy & Data Handling,Yes,2026-04-02,2026-03-25,Completed,0,DPT-024
ATR-000520,EMP-00158,ATT-INS,Insider Trading Window,Yes,2026-02-20,2026-02-06,Completed,0,DPT-024
ATR-000521,EMP-00159,ATT-COI,Conflict of Interest,Yes,2026-05-10,2026-04-27,Completed,0,DPT-001
ATR-000522,EMP-00159,ATT-COC,Code of Conduct Attestation,Yes,2025-08-18,2025-08-10,Completed,0,DPT-001
ATR-000523,EMP-00159,ATT-PRV,Privacy & Data Handling,Yes,2025-09-26,2025-09-18,Completed,0,DPT-001
ATR-000524,EMP-00159,ATT-INS,Insider Trading Window,Yes,2026-04-23,2026-04-03,Completed,0,DPT-001
ATR-000525,EMP-00160,ATT-COI,Conflict of Interest,Yes,2025-07-08,2025-06-25,Completed,0,DPT-007
ATR-000526,EMP-00160,ATT-COC,Code of Conduct Attestation,Yes,2025-08-08,2025-07-19,Completed,0,DPT-007
ATR-000527,EMP-00160,ATT-PRV,Privacy & Data Handling,Yes,2026-01-29,2026-01-10,Completed,0,DPT-007
ATR-000528,EMP-00160,ATT-INS,Insider Trading Window,Yes,2026-02-20,2026-02-11,Completed,0,DPT-007
ATR-000529,EMP-00161,ATT-COI,Conflict of Interest,Yes,2026-04-28,2026-04-26,Completed,0,DPT-001
ATR-000530,EMP-00161,ATT-COC,Code of Conduct Attestation,Yes,2025-12-24,2025-12-16,Completed,0,DPT-001
ATR-000531,EMP-00161,ATT-PRV,Privacy & Data Handling,Yes,2025-07-14,2025-10-06,Completed,0,DPT-001
ATR-000532,EMP-00161,ATT-INS,Insider Trading Window,Yes,2025-12-29,2025-12-15,Completed,0,DPT-001
ATR-000533,EMP-00162,ATT-COI,Conflict of Interest,Yes,2026-04-03,2026-03-26,Completed,0,DPT-020
ATR-000534,EMP-00162,ATT-COC,Code of Conduct Attestation,Yes,2026-03-04,2026-02-24,Completed,0,DPT-020
ATR-000535,EMP-00162,ATT-PRV,Privacy & Data Handling,Yes,2025-10-06,2025-09-25,Completed,0,DPT-020
ATR-000536,EMP-00162,ATT-INS,Insider Trading Window,Yes,2026-02-11,2026-01-30,Completed,0,DPT-020
ATR-000537,EMP-00164,ATT-COI,Conflict of Interest,Yes,2025-07-12,2025-06-25,Completed,0,DPT-006
ATR-000538,EMP-00164,ATT-COC,Code of Conduct Attestation,Yes,2025-07-16,2025-07-06,Completed,0,DPT-006
ATR-000539,EMP-00164,ATT-PRV,Privacy & Data Handling,Yes,2025-06-09,2025-05-28,Completed,0,DPT-006
ATR-000540,EMP-00164,ATT-INS,Insider Trading Window,Yes,2026-04-22,2026-04-05,Completed,0,DPT-006
ATR-000541,EMP-00165,ATT-COI,Conflict of Interest,Yes,2026-01-13,2026-01-11,Completed,0,DPT-020
ATR-000542,EMP-00165,ATT-COC,Code of Conduct Attestation,Yes,2025-07-21,2025-07-18,Completed,0,DPT-020
ATR-000543,EMP-00165,ATT-PRV,Privacy & Data Handling,Yes,2026-02-10,2026-02-08,Completed,0,DPT-020
ATR-000544,EMP-00165,ATT-INS,Insider Trading Window,Yes,2026-02-06,2026-01-18,Completed,0,DPT-020
ATR-000545,EMP-00166,ATT-COI,Conflict of Interest,Yes,2025-09-21,2025-09-17,Completed,0,DPT-018
ATR-000546,EMP-00166,ATT-COC,Code of Conduct Attestation,Yes,2026-01-09,2026-01-02,Completed,0,DPT-018
ATR-000547,EMP-00166,ATT-PRV,Privacy & Data Handling,Yes,2026-03-21,2026-03-19,Completed,0,DPT-018
ATR-000548,EMP-00166,ATT-INS,Insider Trading Window,Yes,2026-04-02,2026-03-25,Completed,0,DPT-018
ATR-000549,EMP-00167,ATT-COI,Conflict of Interest,Yes,2026-01-04,2025-12-16,Completed,0,DPT-005
ATR-000550,EMP-00167,ATT-COC,Code of Conduct Attestation,Yes,2025-11-18,2025-11-09,Completed,0,DPT-005
ATR-000551,EMP-00167,ATT-PRV,Privacy & Data Handling,Yes,2025-11-09,2025-11-02,Completed,0,DPT-005
ATR-000552,EMP-00167,ATT-INS,Insider Trading Window,Yes,2026-02-15,2026-01-28,Completed,0,DPT-005
ATR-000553,EMP-00168,ATT-COI,Conflict of Interest,Yes,2025-08-19,2025-07-31,Completed,0,DPT-002
ATR-000554,EMP-00168,ATT-COC,Code of Conduct Attestation,Yes,2026-02-01,2026-01-25,Completed,0,DPT-002
ATR-000555,EMP-00168,ATT-PRV,Privacy & Data Handling,Yes,2026-03-18,2026-03-03,Completed,0,DPT-002
ATR-000556,EMP-00168,ATT-INS,Insider Trading Window,Yes,2026-03-29,2026-03-19,Completed,0,DPT-002
ATR-000557,EMP-00169,ATT-COI,Conflict of Interest,Yes,2025-11-19,2025-11-02,Completed,0,DPT-006
ATR-000558,EMP-00169,ATT-COC,Code of Conduct Attestation,Yes,2025-07-09,2025-06-28,Completed,0,DPT-006
ATR-000559,EMP-00169,ATT-PRV,Privacy & Data Handling,Yes,2026-05-10,2026-05-06,Completed,0,DPT-006
ATR-000560,EMP-00169,ATT-INS,Insider Trading Window,Yes,2026-02-28,2026-02-15,Completed,0,DPT-006
ATR-000561,EMP-00170,ATT-COI,Conflict of Interest,Yes,2026-04-22,2026-04-16,Completed,0,DPT-005
ATR-000562,EMP-00170,ATT-COC,Code of Conduct Attestation,Yes,2026-05-13,2026-05-04,Completed,0,DPT-005
ATR-000563,EMP-00170,ATT-PRV,Privacy & Data Handling,Yes,2025-06-16,2025-08-12,Completed,0,DPT-005
ATR-000564,EMP-00170,ATT-INS,Insider Trading Window,Yes,2026-01-11,2026-01-04,Completed,0,DPT-005
ATR-000565,EMP-00175,ATT-COI,Conflict of Interest,Yes,2026-03-27,2026-03-11,Completed,0,DPT-016
ATR-000566,EMP-00175,ATT-COC,Code of Conduct Attestation,Yes,2025-09-20,2025-09-11,Completed,0,DPT-016
ATR-000567,EMP-00175,ATT-PRV,Privacy & Data Handling,Yes,2026-02-18,2026-01-30,Completed,0,DPT-016
ATR-000568,EMP-00175,ATT-INS,Insider Trading Window,Yes,2025-12-07,2025-11-28,Completed,0,DPT-016
ATR-000569,EMP-00176,ATT-COI,Conflict of Interest,Yes,2025-09-24,2025-09-16,Completed,0,DPT-003
ATR-000570,EMP-00176,ATT-COC,Code of Conduct Attestation,Yes,2025-07-22,2025-07-03,Completed,0,DPT-003
ATR-000571,EMP-00176,ATT-PRV,Privacy & Data Handling,Yes,2026-05-09,2026-04-25,Completed,0,DPT-003
ATR-000572,EMP-00176,ATT-INS,Insider Trading Window,Yes,2026-01-14,2026-01-08,Completed,0,DPT-003
ATR-000573,EMP-00177,ATT-COI,Conflict of Interest,Yes,2025-11-03,2025-10-14,Completed,0,DPT-013
ATR-000574,EMP-00177,ATT-COC,Code of Conduct Attestation,Yes,2025-10-10,2025-10-06,Completed,0,DPT-013
ATR-000575,EMP-00177,ATT-PRV,Privacy & Data Handling,Yes,2025-08-30,2025-08-10,Completed,0,DPT-013
ATR-000576,EMP-00177,ATT-INS,Insider Trading Window,Yes,2026-01-03,2025-12-14,Completed,0,DPT-013
ATR-000577,EMP-00178,ATT-COI,Conflict of Interest,Yes,2025-10-10,2025-09-21,Completed,0,DPT-023
ATR-000578,EMP-00178,ATT-COC,Code of Conduct Attestation,Yes,2026-01-24,2026-01-08,Completed,0,DPT-023
ATR-000579,EMP-00178,ATT-PRV,Privacy & Data Handling,Yes,2025-10-07,2025-09-27,Completed,0,DPT-023
ATR-000580,EMP-00178,ATT-INS,Insider Trading Window,Yes,2025-12-14,2025-12-02,Completed,0,DPT-023
ATR-000581,EMP-00179,ATT-COI,Conflict of Interest,Yes,2026-01-25,,Overdue,119,DPT-017
ATR-000582,EMP-00179,ATT-COC,Code of Conduct Attestation,Yes,2025-08-02,2025-09-16,Completed,0,DPT-017
ATR-000583,EMP-00179,ATT-PRV,Privacy & Data Handling,Yes,2026-04-29,2026-04-17,Completed,0,DPT-017
ATR-000584,EMP-00179,ATT-INS,Insider Trading Window,Yes,2026-01-11,2026-01-06,Completed,0,DPT-017
ATR-000585,EMP-00180,ATT-COI,Conflict of Interest,Yes,2025-08-24,2025-08-14,Completed,0,DPT-010
ATR-000586,EMP-00180,ATT-COC,Code of Conduct Attestation,Yes,2025-10-22,2025-10-14,Completed,0,DPT-010
ATR-000587,EMP-00180,ATT-PRV,Privacy & Data Handling,Yes,2025-12-13,2025-11-23,Completed,0,DPT-010
ATR-000588,EMP-00180,ATT-INS,Insider Trading Window,Yes,2026-03-16,2026-03-02,Completed,0,DPT-010
ATR-000589,EMP-00181,ATT-COI,Conflict of Interest,Yes,2025-08-12,2025-07-23,Completed,0,DPT-001
ATR-000590,EMP-00181,ATT-COC,Code of Conduct Attestation,Yes,2025-07-16,2025-07-14,Completed,0,DPT-001
ATR-000591,EMP-00181,ATT-PRV,Privacy & Data Handling,Yes,2025-10-21,2025-10-17,Completed,0,DPT-001
ATR-000592,EMP-00181,ATT-INS,Insider Trading Window,Yes,2025-12-12,2025-11-24,Completed,0,DPT-001
ATR-000593,EMP-00183,ATT-COI,Conflict of Interest,Yes,2025-09-12,2025-08-27,Completed,0,DPT-021
ATR-000594,EMP-00183,ATT-COC,Code of Conduct Attestation,Yes,2025-08-23,2025-08-16,Completed,0,DPT-021
ATR-000595,EMP-00183,ATT-PRV,Privacy & Data Handling,Yes,2025-06-06,2025-05-28,Completed,0,DPT-021
ATR-000596,EMP-00183,ATT-INS,Insider Trading Window,Yes,2026-01-09,2025-12-27,Completed,0,DPT-021
ATR-000597,EMP-00186,ATT-COI,Conflict of Interest,Yes,2026-02-19,2026-02-16,Completed,0,DPT-016
ATR-000598,EMP-00186,ATT-COC,Code of Conduct Attestation,Yes,2026-02-26,2026-02-23,Completed,0,DPT-016
ATR-000599,EMP-00186,ATT-PRV,Privacy & Data Handling,Yes,2025-07-18,2025-08-05,Completed,0,DPT-016
ATR-000600,EMP-00186,ATT-INS,Insider Trading Window,Yes,2026-02-15,2026-01-31,Completed,0,DPT-016
ATR-000601,EMP-00187,ATT-COI,Conflict of Interest,Yes,2025-08-24,2025-08-21,Completed,0,DPT-002
ATR-000602,EMP-00187,ATT-COC,Code of Conduct Attestation,Yes,2026-05-14,2026-05-10,Completed,0,DPT-002
ATR-000603,EMP-00187,ATT-PRV,Privacy & Data Handling,Yes,2025-07-19,2025-07-03,Completed,0,DPT-002
ATR-000604,EMP-00187,ATT-INS,Insider Trading Window,Yes,2026-02-25,2026-02-13,Completed,0,DPT-002
ATR-000605,EMP-00188,ATT-COI,Conflict of Interest,Yes,2026-04-30,2026-04-11,Completed,0,DPT-023
ATR-000606,EMP-00188,ATT-COC,Code of Conduct Attestation,Yes,2025-09-11,2025-09-05,Completed,0,DPT-023
ATR-000607,EMP-00188,ATT-PRV,Privacy & Data Handling,Yes,2025-06-25,2025-06-18,Completed,0,DPT-023
ATR-000608,EMP-00188,ATT-INS,Insider Trading Window,Yes,2026-05-05,2026-04-19,Completed,0,DPT-023
ATR-000609,EMP-00190,ATT-COI,Conflict of Interest,Yes,2025-09-13,2025-08-27,Completed,0,DPT-012
ATR-000610,EMP-00190,ATT-COC,Code of Conduct Attestation,Yes,2026-03-02,2026-02-17,Completed,0,DPT-012
ATR-000611,EMP-00190,ATT-PRV,Privacy & Data Handling,Yes,2026-03-25,2026-03-06,Completed,0,DPT-012
ATR-000612,EMP-00190,ATT-INS,Insider Trading Window,Yes,2026-01-14,2026-01-12,Completed,0,DPT-012
ATR-000613,EMP-00191,ATT-COI,Conflict of Interest,Yes,2026-04-04,2026-04-03,Completed,0,DPT-025
ATR-000614,EMP-00191,ATT-COC,Code of Conduct Attestation,Yes,2025-12-23,2025-12-08,Completed,0,DPT-025
ATR-000615,EMP-00191,ATT-PRV,Privacy & Data Handling,Yes,2025-06-10,2025-05-22,Completed,0,DPT-025
ATR-000616,EMP-00191,ATT-INS,Insider Trading Window,Yes,2026-04-11,2026-03-31,Completed,0,DPT-025
ATR-000617,EMP-00192,ATT-COI,Conflict of Interest,Yes,2026-04-17,2026-03-28,Completed,0,DPT-020
ATR-000618,EMP-00192,ATT-COC,Code of Conduct Attestation,Yes,2026-03-20,2026-03-16,Completed,0,DPT-020
ATR-000619,EMP-00192,ATT-PRV,Privacy & Data Handling,Yes,2026-04-26,2026-04-06,Completed,0,DPT-020
ATR-000620,EMP-00192,ATT-INS,Insider Trading Window,Yes,2025-12-17,2025-12-02,Completed,0,DPT-020
ATR-000621,EMP-00195,ATT-COI,Conflict of Interest,Yes,2025-09-12,2025-08-29,Completed,0,DPT-002
ATR-000622,EMP-00195,ATT-COC,Code of Conduct Attestation,Yes,2025-09-13,2025-08-31,Completed,0,DPT-002
ATR-000623,EMP-00195,ATT-PRV,Privacy & Data Handling,Yes,2025-06-20,2025-06-09,Completed,0,DPT-002
ATR-000624,EMP-00195,ATT-INS,Insider Trading Window,Yes,2026-04-16,2026-03-28,Completed,0,DPT-002
ATR-000625,EMP-00196,ATT-COI,Conflict of Interest,Yes,2025-07-10,2025-06-21,Completed,0,DPT-002
ATR-000626,EMP-00196,ATT-COC,Code of Conduct Attestation,Yes,2025-09-15,2025-09-12,Completed,0,DPT-002
ATR-000627,EMP-00196,ATT-PRV,Privacy & Data Handling,Yes,2025-10-18,2025-10-02,Completed,0,DPT-002
ATR-000628,EMP-00196,ATT-INS,Insider Trading Window,Yes,2026-01-28,2026-01-08,Completed,0,DPT-002
ATR-000629,EMP-00197,ATT-COI,Conflict of Interest,Yes,2025-10-07,2025-10-05,Completed,0,DPT-022
ATR-000630,EMP-00197,ATT-COC,Code of Conduct Attestation,Yes,2026-01-18,2026-01-06,Completed,0,DPT-022
ATR-000631,EMP-00197,ATT-PRV,Privacy & Data Handling,Yes,2025-09-06,2025-08-25,Completed,0,DPT-022
ATR-000632,EMP-00197,ATT-INS,Insider Trading Window,Yes,2026-05-11,2026-04-30,Completed,0,DPT-022
ATR-000633,EMP-00198,ATT-COI,Conflict of Interest,Yes,2025-09-14,2025-09-02,Completed,0,DPT-016
ATR-000634,EMP-00198,ATT-COC,Code of Conduct Attestation,Yes,2025-07-28,2025-07-26,Completed,0,DPT-016
ATR-000635,EMP-00198,ATT-PRV,Privacy & Data Handling,Yes,2025-07-15,2025-07-02,Completed,0,DPT-016
ATR-000636,EMP-00198,ATT-INS,Insider Trading Window,Yes,2025-12-05,2025-11-16,Completed,0,DPT-016
ATR-000637,EMP-00199,ATT-COI,Conflict of Interest,Yes,2025-12-24,2025-12-13,Completed,0,DPT-002
ATR-000638,EMP-00199,ATT-COC,Code of Conduct Attestation,Yes,2026-02-09,2026-02-07,Completed,0,DPT-002
ATR-000639,EMP-00199,ATT-PRV,Privacy & Data Handling,Yes,2025-08-01,2025-07-16,Completed,0,DPT-002
ATR-000640,EMP-00199,ATT-INS,Insider Trading Window,Yes,2026-03-15,2026-03-04,Completed,0,DPT-002
ATR-000641,EMP-00200,ATT-COI,Conflict of Interest,Yes,2025-09-18,2025-09-03,Completed,0,DPT-003
ATR-000642,EMP-00200,ATT-COC,Code of Conduct Attestation,Yes,2026-02-19,2026-02-16,Completed,0,DPT-003
ATR-000643,EMP-00200,ATT-PRV,Privacy & Data Handling,Yes,2026-04-02,2026-03-25,Completed,0,DPT-003
ATR-000644,EMP-00200,ATT-INS,Insider Trading Window,Yes,2026-01-31,2026-01-26,Completed,0,DPT-003
ATR-000645,EMP-00201,ATT-COI,Conflict of Interest,Yes,2026-01-14,2026-01-02,Completed,0,DPT-005
ATR-000646,EMP-00201,ATT-COC,Code of Conduct Attestation,Yes,2026-03-20,2026-03-13,Completed,0,DPT-005
ATR-000647,EMP-00201,ATT-PRV,Privacy & Data Handling,Yes,2026-01-08,2025-12-19,Completed,0,DPT-005
ATR-000648,EMP-00201,ATT-INS,Insider Trading Window,Yes,2025-12-02,2025-11-18,Completed,0,DPT-005
ATR-000649,EMP-00202,ATT-COI,Conflict of Interest,Yes,2025-07-15,2025-06-30,Completed,0,DPT-013
ATR-000650,EMP-00202,ATT-COC,Code of Conduct Attestation,Yes,2025-11-08,2025-10-26,Completed,0,DPT-013
ATR-000651,EMP-00202,ATT-PRV,Privacy & Data Handling,Yes,2026-01-23,2026-01-21,Completed,0,DPT-013
ATR-000652,EMP-00202,ATT-INS,Insider Trading Window,Yes,2026-04-30,2026-04-22,Completed,0,DPT-013
ATR-000653,EMP-00204,ATT-COI,Conflict of Interest,Yes,2025-06-08,2025-06-01,Completed,0,DPT-006
ATR-000654,EMP-00204,ATT-COC,Code of Conduct Attestation,Yes,2025-11-09,2025-11-01,Completed,0,DPT-006
ATR-000655,EMP-00204,ATT-PRV,Privacy & Data Handling,Yes,2025-08-17,2025-08-11,Completed,0,DPT-006
ATR-000656,EMP-00204,ATT-INS,Insider Trading Window,Yes,2026-01-14,2026-01-10,Completed,0,DPT-006
ATR-000657,EMP-00205,ATT-COI,Conflict of Interest,Yes,2026-03-29,2026-03-27,Completed,0,DPT-018
ATR-000658,EMP-00205,ATT-COC,Code of Conduct Attestation,Yes,2026-02-09,2026-02-06,Completed,0,DPT-018
ATR-000659,EMP-00205,ATT-PRV,Privacy & Data Handling,Yes,2025-09-17,2025-09-15,Completed,0,DPT-018
ATR-000660,EMP-00205,ATT-INS,Insider Trading Window,Yes,2026-04-27,2026-04-22,Completed,0,DPT-018
ATR-000661,EMP-00206,ATT-COI,Conflict of Interest,Yes,2025-08-22,2025-08-15,Completed,0,DPT-020
ATR-000662,EMP-00206,ATT-COC,Code of Conduct Attestation,Yes,2025-10-13,2025-09-28,Completed,0,DPT-020
ATR-000663,EMP-00206,ATT-PRV,Privacy & Data Handling,Yes,2026-03-18,2026-03-16,Completed,0,DPT-020
ATR-000664,EMP-00206,ATT-INS,Insider Trading Window,Yes,2026-05-01,2026-04-17,Completed,0,DPT-020
ATR-000665,EMP-00207,ATT-COI,Conflict of Interest,Yes,2026-04-02,2026-03-18,Completed,0,DPT-009
ATR-000666,EMP-00207,ATT-COC,Code of Conduct Attestation,Yes,2025-11-12,2025-10-26,Completed,0,DPT-009
ATR-000667,EMP-00207,ATT-PRV,Privacy & Data Handling,Yes,2026-01-25,2026-01-13,Completed,0,DPT-009
ATR-000668,EMP-00207,ATT-INS,Insider Trading Window,Yes,2026-04-07,2026-03-19,Completed,0,DPT-009
ATR-000669,EMP-00208,ATT-COI,Conflict of Interest,Yes,2026-05-09,2026-05-06,Completed,0,DPT-002
ATR-000670,EMP-00208,ATT-COC,Code of Conduct Attestation,Yes,2025-08-25,2025-08-09,Completed,0,DPT-002
ATR-000671,EMP-00208,ATT-PRV,Privacy & Data Handling,Yes,2026-04-18,2026-03-30,Completed,0,DPT-002
ATR-000672,EMP-00208,ATT-INS,Insider Trading Window,Yes,2026-04-04,2026-03-18,Completed,0,DPT-002
ATR-000673,EMP-00209,ATT-COI,Conflict of Interest,Yes,2026-01-25,2026-01-24,Completed,0,DPT-020
ATR-000674,EMP-00209,ATT-COC,Code of Conduct Attestation,Yes,2026-04-14,2026-04-08,Completed,0,DPT-020
ATR-000675,EMP-00209,ATT-PRV,Privacy & Data Handling,Yes,2026-05-02,2026-04-21,Completed,0,DPT-020
ATR-000676,EMP-00209,ATT-INS,Insider Trading Window,Yes,2026-01-18,2025-12-29,Completed,0,DPT-020
ATR-000677,EMP-00210,ATT-COI,Conflict of Interest,Yes,2026-05-15,2026-04-28,Completed,0,DPT-012
ATR-000678,EMP-00210,ATT-COC,Code of Conduct Attestation,Yes,2026-02-05,2026-01-22,Completed,0,DPT-012
ATR-000679,EMP-00210,ATT-PRV,Privacy & Data Handling,Yes,2026-04-14,2026-03-28,Completed,0,DPT-012
ATR-000680,EMP-00210,ATT-INS,Insider Trading Window,Yes,2026-04-14,2026-04-03,Completed,0,DPT-012
ATR-000681,EMP-00211,ATT-COI,Conflict of Interest,Yes,2025-07-14,2025-07-05,Completed,0,DPT-017
ATR-000682,EMP-00211,ATT-COC,Code of Conduct Attestation,Yes,2025-05-29,2025-05-27,Completed,0,DPT-017
ATR-000683,EMP-00211,ATT-PRV,Privacy & Data Handling,Yes,2025-09-24,2025-09-15,Completed,0,DPT-017
ATR-000684,EMP-00211,ATT-INS,Insider Trading Window,Yes,2026-05-15,2026-05-06,Completed,0,DPT-017
ATR-000685,EMP-00212,ATT-COI,Conflict of Interest,Yes,2026-01-23,2026-01-10,Completed,0,DPT-010
ATR-000686,EMP-00212,ATT-COC,Code of Conduct Attestation,Yes,2025-12-17,2025-12-13,Completed,0,DPT-010
ATR-000687,EMP-00212,ATT-PRV,Privacy & Data Handling,Yes,2026-02-03,2026-02-02,Completed,0,DPT-010
ATR-000688,EMP-00212,ATT-INS,Insider Trading Window,Yes,2025-11-28,2025-11-24,Completed,0,DPT-010
ATR-000689,EMP-00213,ATT-COI,Conflict of Interest,Yes,2025-10-12,2025-10-04,Completed,0,DPT-009
ATR-000690,EMP-00213,ATT-COC,Code of Conduct Attestation,Yes,2025-08-12,2025-07-23,Completed,0,DPT-009
ATR-000691,EMP-00213,ATT-PRV,Privacy & Data Handling,Yes,2025-06-07,2025-05-18,Completed,0,DPT-009
ATR-000692,EMP-00213,ATT-INS,Insider Trading Window,Yes,2026-01-20,2026-01-01,Completed,0,DPT-009
ATR-000693,EMP-00214,ATT-COI,Conflict of Interest,Yes,2026-03-03,2026-02-26,Completed,0,DPT-002
ATR-000694,EMP-00214,ATT-COC,Code of Conduct Attestation,Yes,2026-03-16,2026-03-05,Completed,0,DPT-002
ATR-000695,EMP-00214,ATT-PRV,Privacy & Data Handling,Yes,2025-06-21,2025-06-04,Completed,0,DPT-002
ATR-000696,EMP-00214,ATT-INS,Insider Trading Window,Yes,2026-04-06,2026-03-27,Completed,0,DPT-002
ATR-000697,EMP-00215,ATT-COI,Conflict of Interest,Yes,2025-12-24,2025-12-06,Completed,0,DPT-002
ATR-000698,EMP-00215,ATT-COC,Code of Conduct Attestation,Yes,2026-03-08,2026-03-07,Completed,0,DPT-002
ATR-000699,EMP-00215,ATT-PRV,Privacy & Data Handling,Yes,2026-01-13,2026-01-07,Completed,0,DPT-002
ATR-000700,EMP-00215,ATT-INS,Insider Trading Window,Yes,2025-12-29,2025-12-26,Completed,0,DPT-002
ATR-000701,EMP-00216,ATT-COI,Conflict of Interest,Yes,2025-12-25,2025-12-06,Completed,0,DPT-007
ATR-000702,EMP-00216,ATT-COC,Code of Conduct Attestation,Yes,2025-10-16,2025-10-09,Completed,0,DPT-007
ATR-000703,EMP-00216,ATT-PRV,Privacy & Data Handling,Yes,2025-11-15,2025-11-11,Completed,0,DPT-007
ATR-000704,EMP-00216,ATT-INS,Insider Trading Window,Yes,2026-05-17,2026-05-16,Completed,0,DPT-007
ATR-000705,EMP-00217,ATT-COI,Conflict of Interest,Yes,2025-07-23,2025-07-13,Completed,0,DPT-007
ATR-000706,EMP-00217,ATT-COC,Code of Conduct Attestation,Yes,2025-12-15,2025-12-06,Completed,0,DPT-007
ATR-000707,EMP-00217,ATT-PRV,Privacy & Data Handling,Yes,2026-01-01,2025-12-29,Completed,0,DPT-007
ATR-000708,EMP-00217,ATT-INS,Insider Trading Window,Yes,2026-04-01,2026-03-26,Completed,0,DPT-007
ATR-000709,EMP-00218,ATT-COI,Conflict of Interest,Yes,2026-04-12,2026-04-01,Completed,0,DPT-010
ATR-000710,EMP-00218,ATT-COC,Code of Conduct Attestation,Yes,2025-09-21,2025-11-11,Completed,0,DPT-010
ATR-000711,EMP-00218,ATT-PRV,Privacy & Data Handling,Yes,2025-09-28,2025-11-04,Completed,0,DPT-010
ATR-000712,EMP-00218,ATT-INS,Insider Trading Window,Yes,2025-11-25,2025-11-22,Completed,0,DPT-010
ATR-000713,EMP-00220,ATT-COI,Conflict of Interest,Yes,2025-10-03,2025-10-02,Completed,0,DPT-004
ATR-000714,EMP-00220,ATT-COC,Code of Conduct Attestation,Yes,2025-08-03,2025-07-15,Completed,0,DPT-004
ATR-000715,EMP-00220,ATT-PRV,Privacy & Data Handling,Yes,2025-07-23,2025-07-13,Completed,0,DPT-004
ATR-000716,EMP-00220,ATT-INS,Insider Trading Window,Yes,2026-03-09,2026-02-21,Completed,0,DPT-004
ATR-000717,EMP-00222,ATT-COI,Conflict of Interest,Yes,2025-11-22,2025-11-12,Completed,0,DPT-020
ATR-000718,EMP-00222,ATT-COC,Code of Conduct Attestation,Yes,2025-09-13,2025-08-27,Completed,0,DPT-020
ATR-000719,EMP-00222,ATT-PRV,Privacy & Data Handling,Yes,2025-11-22,2025-11-07,Completed,0,DPT-020
ATR-000720,EMP-00222,ATT-INS,Insider Trading Window,Yes,2026-02-21,2026-02-05,Completed,0,DPT-020
ATR-000721,EMP-00223,ATT-COI,Conflict of Interest,Yes,2025-11-16,2025-11-02,Completed,0,DPT-002
ATR-000722,EMP-00223,ATT-COC,Code of Conduct Attestation,Yes,2025-06-09,2025-05-25,Completed,0,DPT-002
ATR-000723,EMP-00223,ATT-PRV,Privacy & Data Handling,Yes,2025-06-09,2025-05-24,Completed,0,DPT-002
ATR-000724,EMP-00223,ATT-INS,Insider Trading Window,Yes,2026-03-14,2026-03-05,Completed,0,DPT-002
ATR-000725,EMP-00224,ATT-COI,Conflict of Interest,Yes,2025-06-19,2025-11-27,Completed,0,DPT-020
ATR-000726,EMP-00224,ATT-COC,Code of Conduct Attestation,Yes,2026-04-17,2026-04-06,Completed,0,DPT-020
ATR-000727,EMP-00224,ATT-PRV,Privacy & Data Handling,Yes,2026-02-03,2026-01-27,Completed,0,DPT-020
ATR-000728,EMP-00224,ATT-INS,Insider Trading Window,Yes,2025-12-15,2025-12-09,Completed,0,DPT-020
ATR-000729,EMP-00225,ATT-COI,Conflict of Interest,Yes,2026-05-17,2026-05-08,Completed,0,DPT-024
ATR-000730,EMP-00225,ATT-COC,Code of Conduct Attestation,Yes,2025-12-29,2025-12-27,Completed,0,DPT-024
ATR-000731,EMP-00225,ATT-PRV,Privacy & Data Handling,Yes,2025-09-26,2025-09-11,Completed,0,DPT-024
ATR-000732,EMP-00225,ATT-INS,Insider Trading Window,Yes,2026-01-08,2025-12-29,Completed,0,DPT-024
ATR-000733,EMP-00226,ATT-COI,Conflict of Interest,Yes,2025-09-08,2026-03-07,Completed,0,DPT-001
ATR-000734,EMP-00226,ATT-COC,Code of Conduct Attestation,Yes,2025-10-23,2026-03-17,Completed,0,DPT-001
ATR-000735,EMP-00226,ATT-PRV,Privacy & Data Handling,Yes,2026-02-24,2026-03-04,Completed,0,DPT-001
ATR-000736,EMP-00226,ATT-INS,Insider Trading Window,Yes,2026-03-03,2026-03-14,Completed,0,DPT-001
ATR-000737,EMP-00227,ATT-COI,Conflict of Interest,Yes,2025-10-11,2025-09-23,Completed,0,DPT-025
ATR-000738,EMP-00227,ATT-COC,Code of Conduct Attestation,Yes,2025-08-13,2025-08-03,Completed,0,DPT-025
ATR-000739,EMP-00227,ATT-PRV,Privacy & Data Handling,Yes,2026-01-15,2025-12-27,Completed,0,DPT-025
ATR-000740,EMP-00227,ATT-INS,Insider Trading Window,Yes,2026-05-05,2026-05-02,Completed,0,DPT-025
ATR-000741,EMP-00228,ATT-COI,Conflict of Interest,Yes,2026-03-31,2026-03-22,Completed,0,DPT-001
ATR-000742,EMP-00228,ATT-COC,Code of Conduct Attestation,Yes,2025-08-11,2025-07-30,Completed,0,DPT-001
ATR-000743,EMP-00228,ATT-PRV,Privacy & Data Handling,Yes,2025-09-04,2025-08-25,Completed,0,DPT-001
ATR-000744,EMP-00228,ATT-INS,Insider Trading Window,Yes,2026-03-08,2026-02-28,Completed,0,DPT-001
ATR-000745,EMP-00229,ATT-COI,Conflict of Interest,Yes,2026-03-16,2026-03-04,Completed,0,DPT-022
ATR-000746,EMP-00229,ATT-COC,Code of Conduct Attestation,Yes,2026-03-04,2026-02-14,Completed,0,DPT-022
ATR-000747,EMP-00229,ATT-PRV,Privacy & Data Handling,Yes,2025-11-18,2025-11-12,Completed,0,DPT-022
ATR-000748,EMP-00229,ATT-INS,Insider Trading Window,Yes,2026-04-24,2026-04-19,Completed,0,DPT-022
ATR-000749,EMP-00230,ATT-COI,Conflict of Interest,Yes,2025-12-24,2025-12-22,Completed,0,DPT-006
ATR-000750,EMP-00230,ATT-COC,Code of Conduct Attestation,Yes,2025-11-08,2025-11-06,Completed,0,DPT-006
ATR-000751,EMP-00230,ATT-PRV,Privacy & Data Handling,Yes,2026-01-23,2026-01-03,Completed,0,DPT-006
ATR-000752,EMP-00230,ATT-INS,Insider Trading Window,Yes,2026-05-14,2026-05-09,Completed,0,DPT-006
ATR-000753,EMP-00231,ATT-COI,Conflict of Interest,Yes,2026-05-12,2026-05-05,Completed,0,DPT-006
ATR-000754,EMP-00231,ATT-COC,Code of Conduct Attestation,Yes,2026-03-21,2026-03-17,Completed,0,DPT-006
ATR-000755,EMP-00231,ATT-PRV,Privacy & Data Handling,Yes,2025-06-02,2025-05-25,Completed,0,DPT-006
ATR-000756,EMP-00231,ATT-INS,Insider Trading Window,Yes,2026-01-25,2026-01-18,Completed,0,DPT-006
ATR-000757,EMP-00232,ATT-COI,Conflict of Interest,Yes,2025-12-24,2025-12-21,Completed,0,DPT-009
ATR-000758,EMP-00232,ATT-COC,Code of Conduct Attestation,Yes,2026-02-06,2026-01-18,Completed,0,DPT-009
ATR-000759,EMP-00232,ATT-PRV,Privacy & Data Handling,Yes,2026-03-04,2026-02-24,Completed,0,DPT-009
ATR-000760,EMP-00232,ATT-INS,Insider Trading Window,Yes,2025-12-12,2025-12-01,Completed,0,DPT-009
ATR-000761,EMP-00233,ATT-COI,Conflict of Interest,Yes,2026-01-24,2026-01-17,Completed,0,DPT-012
ATR-000762,EMP-00233,ATT-COC,Code of Conduct Attestation,Yes,2025-12-09,2025-12-08,Completed,0,DPT-012
ATR-000763,EMP-00233,ATT-PRV,Privacy & Data Handling,Yes,2025-09-17,2025-09-16,Completed,0,DPT-012
ATR-000764,EMP-00233,ATT-INS,Insider Trading Window,Yes,2026-04-04,2026-03-31,Completed,0,DPT-012
ATR-000765,EMP-00234,ATT-COI,Conflict of Interest,Yes,2026-03-04,2026-02-15,Completed,0,DPT-018
ATR-000766,EMP-00234,ATT-COC,Code of Conduct Attestation,Yes,2025-06-21,2025-10-28,Completed,0,DPT-018
ATR-000767,EMP-00234,ATT-PRV,Privacy & Data Handling,Yes,2025-06-17,2025-11-05,Completed,0,DPT-018
ATR-000768,EMP-00234,ATT-INS,Insider Trading Window,Yes,2026-03-19,2026-02-28,Completed,0,DPT-018
ATR-000769,EMP-00235,ATT-COI,Conflict of Interest,Yes,2026-02-14,2026-02-13,Completed,0,DPT-003
ATR-000770,EMP-00235,ATT-COC,Code of Conduct Attestation,Yes,2025-11-19,2025-11-13,Completed,0,DPT-003
ATR-000771,EMP-00235,ATT-PRV,Privacy & Data Handling,Yes,2025-06-18,2025-06-16,Completed,0,DPT-003
ATR-000772,EMP-00235,ATT-INS,Insider Trading Window,Yes,2025-12-21,2025-12-04,Completed,0,DPT-003
ATR-000773,EMP-00236,ATT-COI,Conflict of Interest,Yes,2025-06-30,2025-06-15,Completed,0,DPT-001
ATR-000774,EMP-00236,ATT-COC,Code of Conduct Attestation,Yes,2025-10-26,2025-10-19,Completed,0,DPT-001
ATR-000775,EMP-00236,ATT-PRV,Privacy & Data Handling,Yes,2025-11-23,2025-11-08,Completed,0,DPT-001
ATR-000776,EMP-00236,ATT-INS,Insider Trading Window,Yes,2026-03-27,2026-03-12,Completed,0,DPT-001
ATR-000777,EMP-00237,ATT-COI,Conflict of Interest,Yes,2025-07-14,2025-07-03,Completed,0,DPT-022
ATR-000778,EMP-00237,ATT-COC,Code of Conduct Attestation,Yes,2025-09-28,2025-09-09,Completed,0,DPT-022
ATR-000779,EMP-00237,ATT-PRV,Privacy & Data Handling,Yes,2025-10-06,2025-09-28,Completed,0,DPT-022
ATR-000780,EMP-00237,ATT-INS,Insider Trading Window,Yes,2026-02-04,2026-01-26,Completed,0,DPT-022
ATR-000781,EMP-00239,ATT-COI,Conflict of Interest,Yes,2026-03-11,2026-03-02,Completed,0,DPT-001
ATR-000782,EMP-00239,ATT-COC,Code of Conduct Attestation,Yes,2026-01-29,2026-01-15,Completed,0,DPT-001
ATR-000783,EMP-00239,ATT-PRV,Privacy & Data Handling,Yes,2026-03-14,2026-03-04,Completed,0,DPT-001
ATR-000784,EMP-00239,ATT-INS,Insider Trading Window,Yes,2026-01-21,2026-01-14,Completed,0,DPT-001
ATR-000785,EMP-00242,ATT-COI,Conflict of Interest,Yes,2025-10-05,2025-09-21,Completed,0,DPT-019
ATR-000786,EMP-00242,ATT-COC,Code of Conduct Attestation,Yes,2026-02-11,2026-02-08,Completed,0,DPT-019
ATR-000787,EMP-00242,ATT-PRV,Privacy & Data Handling,Yes,2025-10-09,2025-09-19,Completed,0,DPT-019
ATR-000788,EMP-00242,ATT-INS,Insider Trading Window,Yes,2026-02-19,2026-02-04,Completed,0,DPT-019
ATR-000789,EMP-00243,ATT-COI,Conflict of Interest,Yes,2026-05-24,2026-05-19,Completed,0,DPT-018
ATR-000790,EMP-00243,ATT-COC,Code of Conduct Attestation,Yes,2026-02-12,2026-02-09,Completed,0,DPT-018
ATR-000791,EMP-00243,ATT-PRV,Privacy & Data Handling,Yes,2025-08-16,2025-08-11,Completed,0,DPT-018
ATR-000792,EMP-00243,ATT-INS,Insider Trading Window,Yes,2026-03-10,2026-03-04,Completed,0,DPT-018
ATR-000793,EMP-00244,ATT-COI,Conflict of Interest,Yes,2025-07-11,2026-05-05,Completed,0,DPT-019
ATR-000794,EMP-00244,ATT-COC,Code of Conduct Attestation,Yes,2026-04-05,2026-05-09,Completed,0,DPT-019
ATR-000795,EMP-00244,ATT-PRV,Privacy & Data Handling,Yes,2026-04-14,2026-05-13,Completed,0,DPT-019
ATR-000796,EMP-00244,ATT-INS,Insider Trading Window,Yes,2026-01-15,2026-05-11,Completed,0,DPT-019
ATR-000797,EMP-00245,ATT-COI,Conflict of Interest,Yes,2025-06-16,2025-06-12,Completed,0,DPT-005
ATR-000798,EMP-00245,ATT-COC,Code of Conduct Attestation,Yes,2025-12-30,2025-12-28,Completed,0,DPT-005
ATR-000799,EMP-00245,ATT-PRV,Privacy & Data Handling,Yes,2026-03-05,2026-03-03,Completed,0,DPT-005
ATR-000800,EMP-00245,ATT-INS,Insider Trading Window,Yes,2026-02-22,2026-02-14,Completed,0,DPT-005
ATR-000801,EMP-00246,ATT-COI,Conflict of Interest,Yes,2025-12-18,2025-12-08,Completed,0,DPT-011
ATR-000802,EMP-00246,ATT-COC,Code of Conduct Attestation,Yes,2026-05-18,2026-05-09,Completed,0,DPT-011
ATR-000803,EMP-00246,ATT-PRV,Privacy & Data Handling,Yes,2025-07-09,2025-06-23,Completed,0,DPT-011
ATR-000804,EMP-00246,ATT-INS,Insider Trading Window,Yes,2026-03-25,2026-03-10,Completed,0,DPT-011
ATR-000805,EMP-00247,ATT-COI,Conflict of Interest,Yes,2025-08-24,2025-10-08,Completed,0,DPT-002
ATR-000806,EMP-00247,ATT-COC,Code of Conduct Attestation,Yes,2026-01-10,2025-12-28,Completed,0,DPT-002
ATR-000807,EMP-00247,ATT-PRV,Privacy & Data Handling,Yes,2025-07-25,2025-10-07,Completed,0,DPT-002
ATR-000808,EMP-00247,ATT-INS,Insider Trading Window,Yes,2026-01-23,2026-01-10,Completed,0,DPT-002
ATR-000809,EMP-00248,ATT-COI,Conflict of Interest,Yes,2025-12-04,2025-11-19,Completed,0,DPT-004
ATR-000810,EMP-00248,ATT-COC,Code of Conduct Attestation,Yes,2025-07-26,2025-07-19,Completed,0,DPT-004
ATR-000811,EMP-00248,ATT-PRV,Privacy & Data Handling,Yes,2025-10-06,2025-09-22,Completed,0,DPT-004
ATR-000812,EMP-00248,ATT-INS,Insider Trading Window,Yes,2025-12-01,2025-11-28,Completed,0,DPT-004
ATR-000813,EMP-00249,ATT-COI,Conflict of Interest,Yes,2025-11-19,2025-11-05,Completed,0,DPT-002
ATR-000814,EMP-00249,ATT-COC,Code of Conduct Attestation,Yes,2025-06-12,2025-06-07,Completed,0,DPT-002
ATR-000815,EMP-00249,ATT-PRV,Privacy & Data Handling,Yes,2025-09-08,2025-09-04,Completed,0,DPT-002
ATR-000816,EMP-00249,ATT-INS,Insider Trading Window,Yes,2026-05-04,2026-04-22,Completed,0,DPT-002
ATR-000817,EMP-00250,ATT-COI,Conflict of Interest,Yes,2026-01-02,2025-12-30,Completed,0,DPT-021
ATR-000818,EMP-00250,ATT-COC,Code of Conduct Attestation,Yes,2026-03-06,2026-02-28,Completed,0,DPT-021
ATR-000819,EMP-00250,ATT-PRV,Privacy & Data Handling,Yes,2025-10-27,2025-12-07,Completed,0,DPT-021
ATR-000820,EMP-00250,ATT-INS,Insider Trading Window,Yes,2026-04-27,2026-04-17,Completed,0,DPT-021
ATR-000821,EMP-00251,ATT-COI,Conflict of Interest,Yes,2025-08-15,2025-08-14,Completed,0,DPT-008
ATR-000822,EMP-00251,ATT-COC,Code of Conduct Attestation,Yes,2025-06-30,2025-06-22,Completed,0,DPT-008
ATR-000823,EMP-00251,ATT-PRV,Privacy & Data Handling,Yes,2026-03-30,2026-03-23,Completed,0,DPT-008
ATR-000824,EMP-00251,ATT-INS,Insider Trading Window,Yes,2026-04-25,2026-04-15,Completed,0,DPT-008
ATR-000825,EMP-00252,ATT-COI,Conflict of Interest,Yes,2025-11-03,2025-10-31,Completed,0,DPT-020
ATR-000826,EMP-00252,ATT-COC,Code of Conduct Attestation,Yes,2026-05-04,2026-05-02,Completed,0,DPT-020
ATR-000827,EMP-00252,ATT-PRV,Privacy & Data Handling,Yes,2026-01-04,2026-01-03,Completed,0,DPT-020
ATR-000828,EMP-00252,ATT-INS,Insider Trading Window,Yes,2026-01-14,2025-12-26,Completed,0,DPT-020
ATR-000829,EMP-00253,ATT-COI,Conflict of Interest,Yes,2025-09-03,2025-08-17,Completed,0,DPT-020
ATR-000830,EMP-00253,ATT-COC,Code of Conduct Attestation,Yes,2025-10-28,2025-10-11,Completed,0,DPT-020
ATR-000831,EMP-00253,ATT-PRV,Privacy & Data Handling,Yes,2026-02-06,2026-01-26,Completed,0,DPT-020
ATR-000832,EMP-00253,ATT-INS,Insider Trading Window,Yes,2026-01-17,2025-12-28,Completed,0,DPT-020
ATR-000833,EMP-00255,ATT-COI,Conflict of Interest,Yes,2025-11-03,2025-10-15,Completed,0,DPT-017
ATR-000834,EMP-00255,ATT-COC,Code of Conduct Attestation,Yes,2025-11-29,2025-11-18,Completed,0,DPT-017
ATR-000835,EMP-00255,ATT-PRV,Privacy & Data Handling,Yes,2025-07-31,2025-07-29,Completed,0,DPT-017
ATR-000836,EMP-00255,ATT-INS,Insider Trading Window,Yes,2026-04-28,2026-04-08,Completed,0,DPT-017
ATR-000837,EMP-00256,ATT-COI,Conflict of Interest,Yes,2026-05-10,2026-05-05,Completed,0,DPT-009
ATR-000838,EMP-00256,ATT-COC,Code of Conduct Attestation,Yes,2026-04-23,2026-04-06,Completed,0,DPT-009
ATR-000839,EMP-00256,ATT-PRV,Privacy & Data Handling,Yes,2025-07-03,2025-06-26,Completed,0,DPT-009
ATR-000840,EMP-00256,ATT-INS,Insider Trading Window,Yes,2025-12-27,2025-12-20,Completed,0,DPT-009
ATR-000841,EMP-00257,ATT-COI,Conflict of Interest,Yes,2026-01-20,2026-01-07,Completed,0,DPT-018
ATR-000842,EMP-00257,ATT-COC,Code of Conduct Attestation,Yes,2026-03-10,2026-03-04,Completed,0,DPT-018
ATR-000843,EMP-00257,ATT-PRV,Privacy & Data Handling,Yes,2025-10-11,2025-10-06,Completed,0,DPT-018
ATR-000844,EMP-00257,ATT-INS,Insider Trading Window,Yes,2026-05-02,2026-04-12,Completed,0,DPT-018
ATR-000845,EMP-00258,ATT-COI,Conflict of Interest,Yes,2025-12-31,2025-12-29,Completed,0,DPT-003
ATR-000846,EMP-00258,ATT-COC,Code of Conduct Attestation,Yes,2025-10-10,2025-09-23,Completed,0,DPT-003
ATR-000847,EMP-00258,ATT-PRV,Privacy & Data Handling,Yes,2025-08-26,2025-08-08,Completed,0,DPT-003
ATR-000848,EMP-00258,ATT-INS,Insider Trading Window,Yes,2025-12-28,2025-12-13,Completed,0,DPT-003
ATR-000849,EMP-00259,ATT-COI,Conflict of Interest,Yes,2026-05-01,2026-04-28,Completed,0,DPT-024
ATR-000850,EMP-00259,ATT-COC,Code of Conduct Attestation,Yes,2026-05-14,2026-05-11,Completed,0,DPT-024
ATR-000851,EMP-00259,ATT-PRV,Privacy & Data Handling,Yes,2026-05-07,2026-04-27,Completed,0,DPT-024
ATR-000852,EMP-00259,ATT-INS,Insider Trading Window,Yes,2026-01-15,2026-01-10,Completed,0,DPT-024
ATR-000853,EMP-00260,ATT-COI,Conflict of Interest,Yes,2026-05-10,2026-04-25,Completed,0,DPT-005
ATR-000854,EMP-00260,ATT-COC,Code of Conduct Attestation,Yes,2026-05-17,2026-04-30,Completed,0,DPT-005
ATR-000855,EMP-00260,ATT-PRV,Privacy & Data Handling,Yes,2025-09-16,2025-09-02,Completed,0,DPT-005
ATR-000856,EMP-00260,ATT-INS,Insider Trading Window,Yes,2026-03-14,2026-03-12,Completed,0,DPT-005
ATR-000857,EMP-00262,ATT-COI,Conflict of Interest,Yes,2025-08-16,2025-08-05,Completed,0,DPT-016
ATR-000858,EMP-00262,ATT-COC,Code of Conduct Attestation,Yes,2025-10-02,2025-09-30,Completed,0,DPT-016
ATR-000859,EMP-00262,ATT-PRV,Privacy & Data Handling,Yes,2025-12-23,2025-12-11,Completed,0,DPT-016
ATR-000860,EMP-00262,ATT-INS,Insider Trading Window,Yes,2026-01-05,2025-12-17,Completed,0,DPT-016
ATR-000861,EMP-00265,ATT-COI,Conflict of Interest,Yes,2026-05-04,2026-04-21,Completed,0,DPT-007
ATR-000862,EMP-00265,ATT-COC,Code of Conduct Attestation,Yes,2025-11-11,2025-10-31,Completed,0,DPT-007
ATR-000863,EMP-00265,ATT-PRV,Privacy & Data Handling,Yes,2025-09-06,2025-08-19,Completed,0,DPT-007
ATR-000864,EMP-00265,ATT-INS,Insider Trading Window,Yes,2026-03-14,2026-02-24,Completed,0,DPT-007
ATR-000865,EMP-00266,ATT-COI,Conflict of Interest,Yes,2026-02-20,2026-02-04,Completed,0,DPT-017
ATR-000866,EMP-00266,ATT-COC,Code of Conduct Attestation,Yes,2026-01-23,2026-01-22,Completed,0,DPT-017
ATR-000867,EMP-00266,ATT-PRV,Privacy & Data Handling,Yes,2026-01-08,2026-01-01,Completed,0,DPT-017
ATR-000868,EMP-00266,ATT-INS,Insider Trading Window,Yes,2026-03-28,2026-03-24,Completed,0,DPT-017
ATR-000869,EMP-00267,ATT-COI,Conflict of Interest,Yes,2026-02-24,2026-02-15,Completed,0,DPT-018
ATR-000870,EMP-00267,ATT-COC,Code of Conduct Attestation,Yes,2025-06-23,2025-06-06,Completed,0,DPT-018
ATR-000871,EMP-00267,ATT-PRV,Privacy & Data Handling,Yes,2026-05-17,2026-05-11,Completed,0,DPT-018
ATR-000872,EMP-00267,ATT-INS,Insider Trading Window,Yes,2025-11-30,2025-11-14,Completed,0,DPT-018
ATR-000873,EMP-00268,ATT-COI,Conflict of Interest,Yes,2025-08-29,2025-08-23,Completed,0,DPT-021
ATR-000874,EMP-00268,ATT-COC,Code of Conduct Attestation,Yes,2026-05-17,2026-05-14,Completed,0,DPT-021
ATR-000875,EMP-00268,ATT-PRV,Privacy & Data Handling,Yes,2026-01-16,2026-01-03,Completed,0,DPT-021
ATR-000876,EMP-00268,ATT-INS,Insider Trading Window,Yes,2026-01-10,2026-01-01,Completed,0,DPT-021
ATR-000877,EMP-00269,ATT-COI,Conflict of Interest,Yes,2025-06-20,2025-05-31,Completed,0,DPT-006
ATR-000878,EMP-00269,ATT-COC,Code of Conduct Attestation,Yes,2025-07-16,2025-07-02,Completed,0,DPT-006
ATR-000879,EMP-00269,ATT-PRV,Privacy & Data Handling,Yes,2025-11-17,2025-11-06,Completed,0,DPT-006
ATR-000880,EMP-00269,ATT-INS,Insider Trading Window,Yes,2026-01-30,2026-01-19,Completed,0,DPT-006
ATR-000881,EMP-00270,ATT-COI,Conflict of Interest,Yes,2026-02-23,2026-02-07,Completed,0,DPT-009
ATR-000882,EMP-00270,ATT-COC,Code of Conduct Attestation,Yes,2026-03-02,2026-02-10,Completed,0,DPT-009
ATR-000883,EMP-00270,ATT-PRV,Privacy & Data Handling,Yes,2025-06-16,2025-06-02,Completed,0,DPT-009
ATR-000884,EMP-00270,ATT-INS,Insider Trading Window,Yes,2026-04-27,2026-04-23,Completed,0,DPT-009
ATR-000885,EMP-00271,ATT-COI,Conflict of Interest,Yes,2025-09-02,2025-08-26,Completed,0,DPT-004
ATR-000886,EMP-00271,ATT-COC,Code of Conduct Attestation,Yes,2025-07-21,2025-07-15,Completed,0,DPT-004
ATR-000887,EMP-00271,ATT-PRV,Privacy & Data Handling,Yes,2026-03-27,2026-03-18,Completed,0,DPT-004
ATR-000888,EMP-00271,ATT-INS,Insider Trading Window,Yes,2025-12-22,2025-12-04,Completed,0,DPT-004
ATR-000889,EMP-00272,ATT-COI,Conflict of Interest,Yes,2025-12-17,2025-12-07,Completed,0,DPT-012
ATR-000890,EMP-00272,ATT-COC,Code of Conduct Attestation,Yes,2026-04-03,2026-03-27,Completed,0,DPT-012
ATR-000891,EMP-00272,ATT-PRV,Privacy & Data Handling,Yes,2025-06-21,2025-06-01,Completed,0,DPT-012
ATR-000892,EMP-00272,ATT-INS,Insider Trading Window,Yes,2026-01-25,2026-01-24,Completed,0,DPT-012
ATR-000893,EMP-00273,ATT-COI,Conflict of Interest,Yes,2025-07-21,2025-07-01,Completed,0,DPT-014
ATR-000894,EMP-00273,ATT-COC,Code of Conduct Attestation,Yes,2026-05-16,2026-05-05,Completed,0,DPT-014
ATR-000895,EMP-00273,ATT-PRV,Privacy & Data Handling,Yes,2025-12-23,2025-12-22,Completed,0,DPT-014
ATR-000896,EMP-00273,ATT-INS,Insider Trading Window,Yes,2026-01-17,2026-01-08,Completed,0,DPT-014
ATR-000897,EMP-00275,ATT-COI,Conflict of Interest,Yes,2026-03-11,2026-03-05,Completed,0,DPT-001
ATR-000898,EMP-00275,ATT-COC,Code of Conduct Attestation,Yes,2025-07-25,2025-07-15,Completed,0,DPT-001
ATR-000899,EMP-00275,ATT-PRV,Privacy & Data Handling,Yes,2025-06-09,2025-05-23,Completed,0,DPT-001
ATR-000900,EMP-00275,ATT-INS,Insider Trading Window,Yes,2026-01-18,2026-01-16,Completed,0,DPT-001
ATR-000901,EMP-00276,ATT-COI,Conflict of Interest,Yes,2026-03-12,2026-03-01,Completed,0,DPT-021
ATR-000902,EMP-00276,ATT-COC,Code of Conduct Attestation,Yes,2025-06-30,2025-06-19,Completed,0,DPT-021
ATR-000903,EMP-00276,ATT-PRV,Privacy & Data Handling,Yes,2026-04-04,2026-03-15,Completed,0,DPT-021
ATR-000904,EMP-00276,ATT-INS,Insider Trading Window,Yes,2026-02-11,2026-02-08,Completed,0,DPT-021
ATR-000905,EMP-00278,ATT-COI,Conflict of Interest,Yes,2025-09-12,2025-09-06,Completed,0,DPT-003
ATR-000906,EMP-00278,ATT-COC,Code of Conduct Attestation,Yes,2025-06-14,2025-05-29,Completed,0,DPT-003
ATR-000907,EMP-00278,ATT-PRV,Privacy & Data Handling,Yes,2026-04-09,2026-03-23,Completed,0,DPT-003
ATR-000908,EMP-00278,ATT-INS,Insider Trading Window,Yes,2026-02-14,2026-01-25,Completed,0,DPT-003
ATR-000909,EMP-00279,ATT-COI,Conflict of Interest,Yes,2025-06-19,2025-06-02,Completed,0,DPT-013
ATR-000910,EMP-00279,ATT-COC,Code of Conduct Attestation,Yes,2025-10-23,2025-10-03,Completed,0,DPT-013
ATR-000911,EMP-00279,ATT-PRV,Privacy & Data Handling,Yes,2026-02-16,2026-01-31,Completed,0,DPT-013
ATR-000912,EMP-00279,ATT-INS,Insider Trading Window,Yes,2026-02-26,2026-02-08,Completed,0,DPT-013
ATR-000913,EMP-00281,ATT-COI,Conflict of Interest,Yes,2025-10-20,2025-10-12,Completed,0,DPT-003
ATR-000914,EMP-00281,ATT-COC,Code of Conduct Attestation,Yes,2026-02-05,2026-01-28,Completed,0,DPT-003
ATR-000915,EMP-00281,ATT-PRV,Privacy & Data Handling,Yes,2026-01-26,2026-01-08,Completed,0,DPT-003
ATR-000916,EMP-00281,ATT-INS,Insider Trading Window,Yes,2026-01-09,2026-01-03,Completed,0,DPT-003
ATR-000917,EMP-00283,ATT-COI,Conflict of Interest,Yes,2025-08-23,2025-08-16,Completed,0,DPT-016
ATR-000918,EMP-00283,ATT-COC,Code of Conduct Attestation,Yes,2026-02-27,2026-02-14,Completed,0,DPT-016
ATR-000919,EMP-00283,ATT-PRV,Privacy & Data Handling,Yes,2026-01-09,2025-12-29,Completed,0,DPT-016
ATR-000920,EMP-00283,ATT-INS,Insider Trading Window,Yes,2026-04-22,2026-04-08,Completed,0,DPT-016
ATR-000921,EMP-00285,ATT-COI,Conflict of Interest,Yes,2026-04-09,2026-04-03,Completed,0,DPT-006
ATR-000922,EMP-00285,ATT-COC,Code of Conduct Attestation,Yes,2025-06-13,2025-06-12,Completed,0,DPT-006
ATR-000923,EMP-00285,ATT-PRV,Privacy & Data Handling,Yes,2025-09-11,2025-08-23,Completed,0,DPT-006
ATR-000924,EMP-00285,ATT-INS,Insider Trading Window,Yes,2026-03-30,2026-03-22,Completed,0,DPT-006
ATR-000925,EMP-00286,ATT-COI,Conflict of Interest,Yes,2026-03-20,2026-03-01,Completed,0,DPT-017
ATR-000926,EMP-00286,ATT-COC,Code of Conduct Attestation,Yes,2025-11-14,2025-10-30,Completed,0,DPT-017
ATR-000927,EMP-00286,ATT-PRV,Privacy & Data Handling,Yes,2025-11-11,2025-10-22,Completed,0,DPT-017
ATR-000928,EMP-00286,ATT-INS,Insider Trading Window,Yes,2026-02-16,2026-02-09,Completed,0,DPT-017
ATR-000929,EMP-00288,ATT-COI,Conflict of Interest,Yes,2026-01-24,2026-01-06,Completed,0,DPT-024
ATR-000930,EMP-00288,ATT-COC,Code of Conduct Attestation,Yes,2025-09-04,2025-08-31,Completed,0,DPT-024
ATR-000931,EMP-00288,ATT-PRV,Privacy & Data Handling,Yes,2025-07-10,2025-07-06,Completed,0,DPT-024
ATR-000932,EMP-00288,ATT-INS,Insider Trading Window,Yes,2026-03-22,2026-03-20,Completed,0,DPT-024
ATR-000933,EMP-00289,ATT-COI,Conflict of Interest,Yes,2025-09-18,2025-08-30,Completed,0,DPT-006
ATR-000934,EMP-00289,ATT-COC,Code of Conduct Attestation,Yes,2026-04-29,2026-04-28,Completed,0,DPT-006
ATR-000935,EMP-00289,ATT-PRV,Privacy & Data Handling,Yes,2025-12-18,2025-11-29,Completed,0,DPT-006
ATR-000936,EMP-00289,ATT-INS,Insider Trading Window,Yes,2026-05-21,2026-05-11,Completed,0,DPT-006
ATR-000937,EMP-00290,ATT-COI,Conflict of Interest,Yes,2025-06-05,2025-05-30,Completed,0,DPT-025
ATR-000938,EMP-00290,ATT-COC,Code of Conduct Attestation,Yes,2026-04-13,2026-03-27,Completed,0,DPT-025
ATR-000939,EMP-00290,ATT-PRV,Privacy & Data Handling,Yes,2026-01-19,2026-01-05,Completed,0,DPT-025
ATR-000940,EMP-00290,ATT-INS,Insider Trading Window,Yes,2026-03-08,2026-03-06,Completed,0,DPT-025
ATR-000941,EMP-00291,ATT-COI,Conflict of Interest,Yes,2026-01-25,2026-01-19,Completed,0,DPT-024
ATR-000942,EMP-00291,ATT-COC,Code of Conduct Attestation,Yes,2025-06-10,2025-06-05,Completed,0,DPT-024
ATR-000943,EMP-00291,ATT-PRV,Privacy & Data Handling,Yes,2025-09-17,2025-09-12,Completed,0,DPT-024
ATR-000944,EMP-00291,ATT-INS,Insider Trading Window,Yes,2026-03-05,2026-02-20,Completed,0,DPT-024
ATR-000945,EMP-00292,ATT-COI,Conflict of Interest,Yes,2026-04-21,2026-04-16,Completed,0,DPT-002
ATR-000946,EMP-00292,ATT-COC,Code of Conduct Attestation,Yes,2025-07-21,2025-07-08,Completed,0,DPT-002
ATR-000947,EMP-00292,ATT-PRV,Privacy & Data Handling,Yes,2025-08-07,2025-07-29,Completed,0,DPT-002
ATR-000948,EMP-00292,ATT-INS,Insider Trading Window,Yes,2026-01-23,2026-01-08,Completed,0,DPT-002
ATR-000949,EMP-00293,ATT-COI,Conflict of Interest,Yes,2025-09-25,2026-01-15,Completed,0,DPT-024
ATR-000950,EMP-00293,ATT-COC,Code of Conduct Attestation,Yes,2025-11-08,2026-01-17,Completed,0,DPT-024
ATR-000951,EMP-00293,ATT-PRV,Privacy & Data Handling,Yes,2025-09-03,2026-01-17,Completed,0,DPT-024
ATR-000952,EMP-00293,ATT-INS,Insider Trading Window,Yes,2025-12-02,2026-01-21,Completed,0,DPT-024
ATR-000953,EMP-00294,ATT-COI,Conflict of Interest,Yes,2025-08-24,2025-08-14,Completed,0,DPT-006
ATR-000954,EMP-00294,ATT-COC,Code of Conduct Attestation,Yes,2025-10-21,2025-10-14,Completed,0,DPT-006
ATR-000955,EMP-00294,ATT-PRV,Privacy & Data Handling,Yes,2026-02-23,2026-02-04,Completed,0,DPT-006
ATR-000956,EMP-00294,ATT-INS,Insider Trading Window,Yes,2026-05-01,2026-04-16,Completed,0,DPT-006
ATR-000957,EMP-00296,ATT-COI,Conflict of Interest,Yes,2026-01-30,2026-01-11,Completed,0,DPT-013
ATR-000958,EMP-00296,ATT-COC,Code of Conduct Attestation,Yes,2026-02-07,2026-01-21,Completed,0,DPT-013
ATR-000959,EMP-00296,ATT-PRV,Privacy & Data Handling,Yes,2025-12-11,2025-12-05,Completed,0,DPT-013
ATR-000960,EMP-00296,ATT-INS,Insider Trading Window,Yes,2026-05-12,2026-05-05,Completed,0,DPT-013
ATR-000961,EMP-00297,ATT-COI,Conflict of Interest,Yes,2025-06-08,2025-05-31,Completed,0,DPT-019
ATR-000962,EMP-00297,ATT-COC,Code of Conduct Attestation,Yes,2026-05-17,2026-05-02,Completed,0,DPT-019
ATR-000963,EMP-00297,ATT-PRV,Privacy & Data Handling,Yes,2026-04-26,2026-04-14,Completed,0,DPT-019
ATR-000964,EMP-00297,ATT-INS,Insider Trading Window,Yes,2026-01-15,2026-01-05,Completed,0,DPT-019
ATR-000965,EMP-00298,ATT-COI,Conflict of Interest,Yes,2026-03-29,2026-03-11,Completed,0,DPT-025
ATR-000966,EMP-00298,ATT-COC,Code of Conduct Attestation,Yes,2025-10-14,2025-10-09,Completed,0,DPT-025
ATR-000967,EMP-00298,ATT-PRV,Privacy & Data Handling,Yes,2026-01-03,2025-12-28,Completed,0,DPT-025
ATR-000968,EMP-00298,ATT-INS,Insider Trading Window,Yes,2026-01-27,2026-01-18,Completed,0,DPT-025
ATR-000969,EMP-00299,ATT-COI,Conflict of Interest,Yes,2026-01-15,2025-12-28,Completed,0,DPT-010
ATR-000970,EMP-00299,ATT-COC,Code of Conduct Attestation,Yes,2025-06-03,2025-05-30,Completed,0,DPT-010
ATR-000971,EMP-00299,ATT-PRV,Privacy & Data Handling,Yes,2025-06-25,2025-06-22,Completed,0,DPT-010
ATR-000972,EMP-00299,ATT-INS,Insider Trading Window,Yes,2026-01-17,2026-01-10,Completed,0,DPT-010
ATR-000973,EMP-00300,ATT-COI,Conflict of Interest,Yes,2025-11-14,2025-11-04,Completed,0,DPT-002
ATR-000974,EMP-00300,ATT-COC,Code of Conduct Attestation,Yes,2026-05-14,2026-04-27,Completed,0,DPT-002
ATR-000975,EMP-00300,ATT-PRV,Privacy & Data Handling,Yes,2026-02-23,2026-02-06,Completed,0,DPT-002
ATR-000976,EMP-00300,ATT-INS,Insider Trading Window,Yes,2026-02-20,2026-01-31,Completed,0,DPT-002
ATR-000977,EMP-00301,ATT-COI,Conflict of Interest,Yes,2026-04-19,2026-04-02,Completed,0,DPT-009
ATR-000978,EMP-00301,ATT-COC,Code of Conduct Attestation,Yes,2025-06-15,2026-02-09,Completed,0,DPT-009
ATR-000979,EMP-00301,ATT-PRV,Privacy & Data Handling,Yes,2025-10-18,2026-01-31,Completed,0,DPT-009
ATR-000980,EMP-00301,ATT-INS,Insider Trading Window,Yes,2025-12-26,2026-02-06,Completed,0,DPT-009
ATR-000981,EMP-00302,ATT-COI,Conflict of Interest,Yes,2025-06-09,2025-05-30,Completed,0,DPT-002
ATR-000982,EMP-00302,ATT-COC,Code of Conduct Attestation,Yes,2025-09-23,2025-09-04,Completed,0,DPT-002
ATR-000983,EMP-00302,ATT-PRV,Privacy & Data Handling,Yes,2025-12-09,2025-11-25,Completed,0,DPT-002
ATR-000984,EMP-00302,ATT-INS,Insider Trading Window,Yes,2026-02-03,2026-01-19,Completed,0,DPT-002
ATR-000985,EMP-00304,ATT-COI,Conflict of Interest,Yes,2026-01-27,2026-01-26,Completed,0,DPT-020
ATR-000986,EMP-00304,ATT-COC,Code of Conduct Attestation,Yes,2026-05-23,2026-05-13,Completed,0,DPT-020
ATR-000987,EMP-00304,ATT-PRV,Privacy & Data Handling,Yes,2026-05-05,2026-05-03,Completed,0,DPT-020
ATR-000988,EMP-00304,ATT-INS,Insider Trading Window,Yes,2026-03-05,2026-02-16,Completed,0,DPT-020
ATR-000989,EMP-00305,ATT-COI,Conflict of Interest,Yes,2025-07-20,2025-06-30,Completed,0,DPT-003
ATR-000990,EMP-00305,ATT-COC,Code of Conduct Attestation,Yes,2026-02-19,2026-02-07,Completed,0,DPT-003
ATR-000991,EMP-00305,ATT-PRV,Privacy & Data Handling,Yes,2025-09-29,2025-09-19,Completed,0,DPT-003
ATR-000992,EMP-00305,ATT-INS,Insider Trading Window,Yes,2026-01-05,2025-12-30,Completed,0,DPT-003
ATR-000993,EMP-00306,ATT-COI,Conflict of Interest,Yes,2025-12-25,2025-12-14,Completed,0,DPT-020
ATR-000994,EMP-00306,ATT-COC,Code of Conduct Attestation,Yes,2026-03-09,2026-02-26,Completed,0,DPT-020
ATR-000995,EMP-00306,ATT-PRV,Privacy & Data Handling,Yes,2026-03-29,2026-03-24,Completed,0,DPT-020
ATR-000996,EMP-00306,ATT-INS,Insider Trading Window,Yes,2026-05-14,2026-05-04,Completed,0,DPT-020
ATR-000997,EMP-00307,ATT-COI,Conflict of Interest,Yes,2026-03-07,2026-02-25,Completed,0,DPT-022
ATR-000998,EMP-00307,ATT-COC,Code of Conduct Attestation,Yes,2025-11-03,2025-10-15,Completed,0,DPT-022
ATR-000999,EMP-00307,ATT-PRV,Privacy & Data Handling,Yes,2026-01-18,2026-01-12,Completed,0,DPT-022
ATR-001000,EMP-00307,ATT-INS,Insider Trading Window,Yes,2026-03-04,2026-03-03,Completed,0,DPT-022
ATR-001001,EMP-00308,ATT-COI,Conflict of Interest,Yes,2025-06-09,2025-06-06,Completed,0,DPT-002
ATR-001002,EMP-00308,ATT-COC,Code of Conduct Attestation,Yes,2025-08-25,2025-08-10,Completed,0,DPT-002
ATR-001003,EMP-00308,ATT-PRV,Privacy & Data Handling,Yes,2025-10-09,2025-09-26,Completed,0,DPT-002
ATR-001004,EMP-00308,ATT-INS,Insider Trading Window,Yes,2026-02-15,2026-01-29,Completed,0,DPT-002
ATR-001005,EMP-00309,ATT-COI,Conflict of Interest,Yes,2025-12-06,2025-11-21,Completed,0,DPT-012
ATR-001006,EMP-00309,ATT-COC,Code of Conduct Attestation,Yes,2026-04-05,2026-03-26,Completed,0,DPT-012
ATR-001007,EMP-00309,ATT-PRV,Privacy & Data Handling,Yes,2026-03-22,2026-03-14,Completed,0,DPT-012
ATR-001008,EMP-00309,ATT-INS,Insider Trading Window,Yes,2026-02-18,2026-01-29,Completed,0,DPT-012
ATR-001009,EMP-00310,ATT-COI,Conflict of Interest,Yes,2025-09-02,2025-08-22,Completed,0,DPT-018
ATR-001010,EMP-00310,ATT-COC,Code of Conduct Attestation,Yes,2025-10-23,2025-10-03,Completed,0,DPT-018
ATR-001011,EMP-00310,ATT-PRV,Privacy & Data Handling,Yes,2025-09-09,2025-08-23,Completed,0,DPT-018
ATR-001012,EMP-00310,ATT-INS,Insider Trading Window,Yes,2026-02-18,2026-02-10,Completed,0,DPT-018
ATR-001013,EMP-00311,ATT-COI,Conflict of Interest,Yes,2025-10-12,2025-09-30,Completed,0,DPT-002
ATR-001014,EMP-00311,ATT-COC,Code of Conduct Attestation,Yes,2025-09-16,2025-09-15,Completed,0,DPT-002
ATR-001015,EMP-00311,ATT-PRV,Privacy & Data Handling,Yes,2025-06-29,2025-06-26,Completed,0,DPT-002
ATR-001016,EMP-00311,ATT-INS,Insider Trading Window,Yes,2026-03-19,2026-03-10,Completed,0,DPT-002
ATR-001017,EMP-00312,ATT-COI,Conflict of Interest,Yes,2026-03-18,2026-03-17,Completed,0,DPT-006
ATR-001018,EMP-00312,ATT-COC,Code of Conduct Attestation,Yes,2026-02-11,2026-01-30,Completed,0,DPT-006
ATR-001019,EMP-00312,ATT-PRV,Privacy & Data Handling,Yes,2026-01-21,2026-01-18,Completed,0,DPT-006
ATR-001020,EMP-00312,ATT-INS,Insider Trading Window,Yes,2026-02-08,2026-01-21,Completed,0,DPT-006
ATR-001021,EMP-00313,ATT-COI,Conflict of Interest,Yes,2025-12-04,2026-03-25,Completed,0,DPT-008
ATR-001022,EMP-00313,ATT-COC,Code of Conduct Attestation,Yes,2025-05-31,2026-03-19,Completed,0,DPT-008
ATR-001023,EMP-00313,ATT-PRV,Privacy & Data Handling,Yes,2025-06-11,2026-03-21,Completed,0,DPT-008
ATR-001024,EMP-00313,ATT-INS,Insider Trading Window,Yes,2025-12-27,2026-03-15,Completed,0,DPT-008
ATR-001025,EMP-00314,ATT-COI,Conflict of Interest,Yes,2025-12-10,2026-02-10,Completed,0,DPT-002
ATR-001026,EMP-00314,ATT-COC,Code of Conduct Attestation,Yes,2025-12-23,2026-02-20,Completed,0,DPT-002
ATR-001027,EMP-00314,ATT-PRV,Privacy & Data Handling,Yes,2025-09-21,2026-02-20,Completed,0,DPT-002
ATR-001028,EMP-00314,ATT-INS,Insider Trading Window,Yes,2026-05-12,2026-04-25,Completed,0,DPT-002
ATR-001029,EMP-00316,ATT-COI,Conflict of Interest,Yes,2025-09-06,2025-08-25,Completed,0,DPT-007
ATR-001030,EMP-00316,ATT-COC,Code of Conduct Attestation,Yes,2025-07-10,2025-06-27,Completed,0,DPT-007
ATR-001031,EMP-00316,ATT-PRV,Privacy & Data Handling,Yes,2026-03-11,2026-03-08,Completed,0,DPT-007
ATR-001032,EMP-00316,ATT-INS,Insider Trading Window,Yes,2026-03-01,2026-02-09,Completed,0,DPT-007
ATR-001033,EMP-00317,ATT-COI,Conflict of Interest,Yes,2026-05-12,2026-05-06,Completed,0,DPT-015
ATR-001034,EMP-00317,ATT-COC,Code of Conduct Attestation,Yes,2026-03-03,2026-02-28,Completed,0,DPT-015
ATR-001035,EMP-00317,ATT-PRV,Privacy & Data Handling,Yes,2025-09-10,2025-08-23,Completed,0,DPT-015
ATR-001036,EMP-00317,ATT-INS,Insider Trading Window,Yes,2026-03-22,2026-03-17,Completed,0,DPT-015
ATR-001037,EMP-00320,ATT-COI,Conflict of Interest,Yes,2026-04-05,2026-03-20,Completed,0,DPT-008
ATR-001038,EMP-00320,ATT-COC,Code of Conduct Attestation,Yes,2025-12-10,2025-11-20,Completed,0,DPT-008
ATR-001039,EMP-00320,ATT-PRV,Privacy & Data Handling,Yes,2025-11-10,2025-11-06,Completed,0,DPT-008
ATR-001040,EMP-00320,ATT-INS,Insider Trading Window,Yes,2026-03-22,2026-03-07,Completed,0,DPT-008
ATR-001041,EMP-00321,ATT-COI,Conflict of Interest,Yes,2025-09-06,2025-09-04,Completed,0,DPT-011
ATR-001042,EMP-00321,ATT-COC,Code of Conduct Attestation,Yes,2025-07-29,2025-07-18,Completed,0,DPT-011
ATR-001043,EMP-00321,ATT-PRV,Privacy & Data Handling,Yes,2026-02-10,2026-01-31,Completed,0,DPT-011
ATR-001044,EMP-00321,ATT-INS,Insider Trading Window,Yes,2026-02-19,2026-02-17,Completed,0,DPT-011
ATR-001045,EMP-00322,ATT-COI,Conflict of Interest,Yes,2025-09-20,2025-09-13,Completed,0,DPT-012
ATR-001046,EMP-00322,ATT-COC,Code of Conduct Attestation,Yes,2025-12-22,2025-12-07,Completed,0,DPT-012
ATR-001047,EMP-00322,ATT-PRV,Privacy & Data Handling,Yes,2026-04-25,2026-04-23,Completed,0,DPT-012
ATR-001048,EMP-00322,ATT-INS,Insider Trading Window,Yes,2025-12-21,2025-12-13,Completed,0,DPT-012
ATR-001049,EMP-00323,ATT-COI,Conflict of Interest,Yes,2025-12-22,2026-01-01,Completed,0,DPT-024
ATR-001050,EMP-00323,ATT-COC,Code of Conduct Attestation,Yes,2025-12-21,2026-01-05,Completed,0,DPT-024
ATR-001051,EMP-00323,ATT-PRV,Privacy & Data Handling,Yes,2026-01-04,2025-12-27,Completed,0,DPT-024
ATR-001052,EMP-00323,ATT-INS,Insider Trading Window,Yes,2025-12-14,2026-01-07,Completed,0,DPT-024
ATR-001053,EMP-00324,ATT-COI,Conflict of Interest,Yes,2025-10-06,2025-10-01,Completed,0,DPT-024
ATR-001054,EMP-00324,ATT-COC,Code of Conduct Attestation,Yes,2026-02-28,2026-02-23,Completed,0,DPT-024
ATR-001055,EMP-00324,ATT-PRV,Privacy & Data Handling,Yes,2025-07-06,2025-06-22,Completed,0,DPT-024
ATR-001056,EMP-00324,ATT-INS,Insider Trading Window,Yes,2025-12-03,2025-11-26,Completed,0,DPT-024
ATR-001057,EMP-00325,ATT-COI,Conflict of Interest,Yes,2026-03-18,2026-03-10,Completed,0,DPT-016
ATR-001058,EMP-00325,ATT-COC,Code of Conduct Attestation,Yes,2025-11-25,2025-11-11,Completed,0,DPT-016
ATR-001059,EMP-00325,ATT-PRV,Privacy & Data Handling,Yes,2026-02-17,2026-02-13,Completed,0,DPT-016
ATR-001060,EMP-00325,ATT-INS,Insider Trading Window,Yes,2026-04-26,2026-04-07,Completed,0,DPT-016
ATR-001061,EMP-00326,ATT-COI,Conflict of Interest,Yes,2025-09-11,2025-09-06,Completed,0,DPT-025
ATR-001062,EMP-00326,ATT-COC,Code of Conduct Attestation,Yes,2026-05-02,2026-04-29,Completed,0,DPT-025
ATR-001063,EMP-00326,ATT-PRV,Privacy & Data Handling,Yes,2026-05-12,2026-05-01,Completed,0,DPT-025
ATR-001064,EMP-00326,ATT-INS,Insider Trading Window,Yes,2026-04-23,2026-04-11,Completed,0,DPT-025
ATR-001065,EMP-00327,ATT-COI,Conflict of Interest,Yes,2026-02-07,2026-01-18,Completed,0,DPT-008
ATR-001066,EMP-00327,ATT-COC,Code of Conduct Attestation,Yes,2025-09-09,2025-09-07,Completed,0,DPT-008
ATR-001067,EMP-00327,ATT-PRV,Privacy & Data Handling,Yes,2025-08-23,2025-08-20,Completed,0,DPT-008
ATR-001068,EMP-00327,ATT-INS,Insider Trading Window,Yes,2026-04-13,2026-04-05,Completed,0,DPT-008
ATR-001069,EMP-00329,ATT-COI,Conflict of Interest,Yes,2025-10-24,2025-10-05,Completed,0,DPT-002
ATR-001070,EMP-00329,ATT-COC,Code of Conduct Attestation,Yes,2026-04-04,2026-03-24,Completed,0,DPT-002
ATR-001071,EMP-00329,ATT-PRV,Privacy & Data Handling,Yes,2025-11-11,2025-11-07,Completed,0,DPT-002
ATR-001072,EMP-00329,ATT-INS,Insider Trading Window,Yes,2026-02-01,2026-01-28,Completed,0,DPT-002
ATR-001073,EMP-00330,ATT-COI,Conflict of Interest,Yes,2025-07-08,2025-07-05,Completed,0,DPT-004
ATR-001074,EMP-00330,ATT-COC,Code of Conduct Attestation,Yes,2025-11-21,2025-11-14,Completed,0,DPT-004
ATR-001075,EMP-00330,ATT-PRV,Privacy & Data Handling,Yes,2025-11-05,2025-10-31,Completed,0,DPT-004
ATR-001076,EMP-00330,ATT-INS,Insider Trading Window,Yes,2026-02-22,2026-02-08,Completed,0,DPT-004
ATR-001077,EMP-00331,ATT-COI,Conflict of Interest,Yes,2026-01-27,2026-01-16,Completed,0,DPT-001
ATR-001078,EMP-00331,ATT-COC,Code of Conduct Attestation,Yes,2026-01-23,2026-01-16,Completed,0,DPT-001
ATR-001079,EMP-00331,ATT-PRV,Privacy & Data Handling,Yes,2026-01-07,2026-01-06,Completed,0,DPT-001
ATR-001080,EMP-00331,ATT-INS,Insider Trading Window,Yes,2026-04-15,2026-04-07,Completed,0,DPT-001
ATR-001081,EMP-00332,ATT-COI,Conflict of Interest,Yes,2025-11-21,2025-11-15,Completed,0,DPT-003
ATR-001082,EMP-00332,ATT-COC,Code of Conduct Attestation,Yes,2025-11-15,2025-11-05,Completed,0,DPT-003
ATR-001083,EMP-00332,ATT-PRV,Privacy & Data Handling,Yes,2025-09-03,2025-08-14,Completed,0,DPT-003
ATR-001084,EMP-00332,ATT-INS,Insider Trading Window,Yes,2026-05-15,2026-04-28,Completed,0,DPT-003
ATR-001085,EMP-00333,ATT-COI,Conflict of Interest,Yes,2025-12-18,2025-12-05,Completed,0,DPT-001
ATR-001086,EMP-00333,ATT-COC,Code of Conduct Attestation,Yes,2025-12-10,2025-12-01,Completed,0,DPT-001
ATR-001087,EMP-00333,ATT-PRV,Privacy & Data Handling,Yes,2025-09-02,2025-08-23,Completed,0,DPT-001
ATR-001088,EMP-00333,ATT-INS,Insider Trading Window,Yes,2026-03-12,2026-03-02,Completed,0,DPT-001
ATR-001089,EMP-00334,ATT-COI,Conflict of Interest,Yes,2025-11-13,2025-10-27,Completed,0,DPT-009
ATR-001090,EMP-00334,ATT-COC,Code of Conduct Attestation,Yes,2026-04-05,2026-03-25,Completed,0,DPT-009
ATR-001091,EMP-00334,ATT-PRV,Privacy & Data Handling,Yes,2025-07-03,2025-06-26,Completed,0,DPT-009
ATR-001092,EMP-00334,ATT-INS,Insider Trading Window,Yes,2026-01-26,2026-01-25,Completed,0,DPT-009
ATR-001093,EMP-00335,ATT-COI,Conflict of Interest,Yes,2025-12-10,2025-12-05,Completed,0,DPT-009
ATR-001094,EMP-00335,ATT-COC,Code of Conduct Attestation,Yes,2025-12-25,2025-12-18,Completed,0,DPT-009
ATR-001095,EMP-00335,ATT-PRV,Privacy & Data Handling,Yes,2026-03-28,2026-03-27,Completed,0,DPT-009
ATR-001096,EMP-00335,ATT-INS,Insider Trading Window,Yes,2026-05-21,2026-05-01,Completed,0,DPT-009
ATR-001097,EMP-00336,ATT-COI,Conflict of Interest,Yes,2025-12-19,2025-12-10,Completed,0,DPT-009
ATR-001098,EMP-00336,ATT-COC,Code of Conduct Attestation,Yes,2026-01-19,2026-01-07,Completed,0,DPT-009
ATR-001099,EMP-00336,ATT-PRV,Privacy & Data Handling,Yes,2026-04-07,2026-03-30,Completed,0,DPT-009
ATR-001100,EMP-00336,ATT-INS,Insider Trading Window,Yes,2026-04-03,2026-03-26,Completed,0,DPT-009
ATR-001101,EMP-00337,ATT-COI,Conflict of Interest,Yes,2026-02-19,2026-02-16,Completed,0,DPT-002
ATR-001102,EMP-00337,ATT-COC,Code of Conduct Attestation,Yes,2025-06-13,2025-05-31,Completed,0,DPT-002
ATR-001103,EMP-00337,ATT-PRV,Privacy & Data Handling,Yes,2025-10-11,2025-10-03,Completed,0,DPT-002
ATR-001104,EMP-00337,ATT-INS,Insider Trading Window,Yes,2025-12-07,2025-11-29,Completed,0,DPT-002
ATR-001105,EMP-00338,ATT-COI,Conflict of Interest,Yes,2026-02-04,2026-01-20,Completed,0,DPT-024
ATR-001106,EMP-00338,ATT-COC,Code of Conduct Attestation,Yes,2025-06-08,2025-10-21,Completed,0,DPT-024
ATR-001107,EMP-00338,ATT-PRV,Privacy & Data Handling,Yes,2025-12-15,2025-12-06,Completed,0,DPT-024
ATR-001108,EMP-00338,ATT-INS,Insider Trading Window,Yes,2026-01-08,2025-12-31,Completed,0,DPT-024
ATR-001109,EMP-00339,ATT-COI,Conflict of Interest,Yes,2026-04-13,2026-03-28,Completed,0,DPT-001
ATR-001110,EMP-00339,ATT-COC,Code of Conduct Attestation,Yes,2025-10-08,2025-09-22,Completed,0,DPT-001
ATR-001111,EMP-00339,ATT-PRV,Privacy & Data Handling,Yes,2026-05-17,2026-05-15,Completed,0,DPT-001
ATR-001112,EMP-00339,ATT-INS,Insider Trading Window,Yes,2026-03-16,2026-02-25,Completed,0,DPT-001
ATR-001113,EMP-00340,ATT-COI,Conflict of Interest,Yes,2026-05-04,2026-04-25,Completed,0,DPT-003
ATR-001114,EMP-00340,ATT-COC,Code of Conduct Attestation,Yes,2026-04-03,2026-03-31,Completed,0,DPT-003
ATR-001115,EMP-00340,ATT-PRV,Privacy & Data Handling,Yes,2026-03-19,2026-03-02,Completed,0,DPT-003
ATR-001116,EMP-00340,ATT-INS,Insider Trading Window,Yes,2026-03-13,2026-03-11,Completed,0,DPT-003
ATR-001117,EMP-00341,ATT-COI,Conflict of Interest,Yes,2026-05-08,2026-04-25,Completed,0,DPT-003
ATR-001118,EMP-00341,ATT-COC,Code of Conduct Attestation,Yes,2025-07-31,2025-07-17,Completed,0,DPT-003
ATR-001119,EMP-00341,ATT-PRV,Privacy & Data Handling,Yes,2025-09-10,2025-08-25,Completed,0,DPT-003
ATR-001120,EMP-00341,ATT-INS,Insider Trading Window,Yes,2026-02-18,2026-02-06,Completed,0,DPT-003
ATR-001121,EMP-00342,ATT-COI,Conflict of Interest,Yes,2026-05-16,2026-05-07,Completed,0,DPT-005
ATR-001122,EMP-00342,ATT-COC,Code of Conduct Attestation,Yes,2025-08-13,2025-08-10,Completed,0,DPT-005
ATR-001123,EMP-00342,ATT-PRV,Privacy & Data Handling,Yes,2025-08-10,2025-08-09,Completed,0,DPT-005
ATR-001124,EMP-00342,ATT-INS,Insider Trading Window,Yes,2026-04-24,2026-04-05,Completed,0,DPT-005
ATR-001125,EMP-00343,ATT-COI,Conflict of Interest,Yes,2025-08-31,2025-08-19,Completed,0,DPT-001
ATR-001126,EMP-00343,ATT-COC,Code of Conduct Attestation,Yes,2026-02-08,2026-01-21,Completed,0,DPT-001
ATR-001127,EMP-00343,ATT-PRV,Privacy & Data Handling,Yes,2025-07-22,2025-07-09,Completed,0,DPT-001
ATR-001128,EMP-00343,ATT-INS,Insider Trading Window,Yes,2026-05-14,2026-04-26,Completed,0,DPT-001
ATR-001129,EMP-00344,ATT-COI,Conflict of Interest,Yes,2025-08-01,2026-05-28,Completed,0,DPT-012
ATR-001130,EMP-00344,ATT-COC,Code of Conduct Attestation,Yes,2025-11-14,2026-05-31,Completed,0,DPT-012
ATR-001131,EMP-00344,ATT-PRV,Privacy & Data Handling,Yes,2025-10-03,2026-06-10,Completed,0,DPT-012
ATR-001132,EMP-00344,ATT-INS,Insider Trading Window,Yes,2026-03-20,2026-06-10,Completed,0,DPT-012
ATR-001133,EMP-00346,ATT-COI,Conflict of Interest,Yes,2025-11-01,2025-10-16,Completed,0,DPT-001
ATR-001134,EMP-00346,ATT-COC,Code of Conduct Attestation,Yes,2026-03-07,2026-03-01,Completed,0,DPT-001
ATR-001135,EMP-00346,ATT-PRV,Privacy & Data Handling,Yes,2026-01-09,2026-01-08,Completed,0,DPT-001
ATR-001136,EMP-00346,ATT-INS,Insider Trading Window,Yes,2026-01-21,2026-01-14,Completed,0,DPT-001
ATR-001137,EMP-00347,ATT-COI,Conflict of Interest,Yes,2025-07-28,2026-05-23,Completed,0,DPT-021
ATR-001138,EMP-00347,ATT-COC,Code of Conduct Attestation,Yes,2026-01-26,2026-05-17,Completed,0,DPT-021
ATR-001139,EMP-00347,ATT-PRV,Privacy & Data Handling,Yes,2026-03-14,2026-05-23,Completed,0,DPT-021
ATR-001140,EMP-00347,ATT-INS,Insider Trading Window,Yes,2026-05-06,2026-05-22,Completed,0,DPT-021
ATR-001141,EMP-00351,ATT-COI,Conflict of Interest,Yes,2025-09-08,2025-08-20,Completed,0,DPT-022
ATR-001142,EMP-00351,ATT-COC,Code of Conduct Attestation,Yes,2026-04-06,2026-04-01,Completed,0,DPT-022
ATR-001143,EMP-00351,ATT-PRV,Privacy & Data Handling,Yes,2025-10-16,2025-09-30,Completed,0,DPT-022
ATR-001144,EMP-00351,ATT-INS,Insider Trading Window,Yes,2025-12-16,2025-12-09,Completed,0,DPT-022
ATR-001145,EMP-00352,ATT-COI,Conflict of Interest,Yes,2026-03-23,2026-03-03,Completed,0,DPT-009
ATR-001146,EMP-00352,ATT-COC,Code of Conduct Attestation,Yes,2025-12-15,2026-02-20,Completed,0,DPT-009
ATR-001147,EMP-00352,ATT-PRV,Privacy & Data Handling,Yes,2025-09-17,2026-02-15,Completed,0,DPT-009
ATR-001148,EMP-00352,ATT-INS,Insider Trading Window,Yes,2025-12-23,2026-02-07,Completed,0,DPT-009
ATR-001149,EMP-00353,ATT-COI,Conflict of Interest,Yes,2025-09-28,2025-09-12,Completed,0,DPT-008
ATR-001150,EMP-00353,ATT-COC,Code of Conduct Attestation,Yes,2025-08-16,2025-07-30,Completed,0,DPT-008
ATR-001151,EMP-00353,ATT-PRV,Privacy & Data Handling,Yes,2025-08-27,2025-08-18,Completed,0,DPT-008
ATR-001152,EMP-00353,ATT-INS,Insider Trading Window,Yes,2026-02-22,2026-02-06,Completed,0,DPT-008
ATR-001153,EMP-00354,ATT-COI,Conflict of Interest,Yes,2025-10-22,2025-10-05,Completed,0,DPT-001
ATR-001154,EMP-00354,ATT-COC,Code of Conduct Attestation,Yes,2026-04-12,2026-04-05,Completed,0,DPT-001
ATR-001155,EMP-00354,ATT-PRV,Privacy & Data Handling,Yes,2026-02-27,2026-02-19,Completed,0,DPT-001
ATR-001156,EMP-00354,ATT-INS,Insider Trading Window,Yes,2026-02-26,2026-02-18,Completed,0,DPT-001
ATR-001157,EMP-00356,ATT-COI,Conflict of Interest,Yes,2025-09-29,2025-09-28,Completed,0,DPT-003
ATR-001158,EMP-00356,ATT-COC,Code of Conduct Attestation,Yes,2025-09-04,2025-08-20,Completed,0,DPT-003
ATR-001159,EMP-00356,ATT-PRV,Privacy & Data Handling,Yes,2026-05-01,2026-04-27,Completed,0,DPT-003
ATR-001160,EMP-00356,ATT-INS,Insider Trading Window,Yes,2026-02-25,2026-02-13,Completed,0,DPT-003
ATR-001161,EMP-00357,ATT-COI,Conflict of Interest,Yes,2025-11-15,2025-10-26,Completed,0,DPT-007
ATR-001162,EMP-00357,ATT-COC,Code of Conduct Attestation,Yes,2025-09-10,2025-08-27,Completed,0,DPT-007
ATR-001163,EMP-00357,ATT-PRV,Privacy & Data Handling,Yes,2025-06-11,2025-05-25,Completed,0,DPT-007
ATR-001164,EMP-00357,ATT-INS,Insider Trading Window,Yes,2026-04-13,2026-04-04,Completed,0,DPT-007
ATR-001165,EMP-00359,ATT-COI,Conflict of Interest,Yes,2025-08-07,2025-07-25,Completed,0,DPT-003
ATR-001166,EMP-00359,ATT-COC,Code of Conduct Attestation,Yes,2026-01-24,2026-01-07,Completed,0,DPT-003
ATR-001167,EMP-00359,ATT-PRV,Privacy & Data Handling,Yes,2026-02-14,2026-02-11,Completed,0,DPT-003
ATR-001168,EMP-00359,ATT-INS,Insider Trading Window,Yes,2026-05-10,2026-04-30,Completed,0,DPT-003
ATR-001169,EMP-00360,ATT-COI,Conflict of Interest,Yes,2025-09-13,2025-08-30,Completed,0,DPT-023
ATR-001170,EMP-00360,ATT-COC,Code of Conduct Attestation,Yes,2025-06-17,2025-06-11,Completed,0,DPT-023
ATR-001171,EMP-00360,ATT-PRV,Privacy & Data Handling,Yes,2025-10-05,2025-09-24,Completed,0,DPT-023
ATR-001172,EMP-00360,ATT-INS,Insider Trading Window,Yes,2026-02-25,2026-02-20,Completed,0,DPT-023
ATR-001173,EMP-00361,ATT-COI,Conflict of Interest,Yes,2026-02-28,2026-02-18,Completed,0,DPT-006
ATR-001174,EMP-00361,ATT-COC,Code of Conduct Attestation,Yes,2026-01-12,2025-12-23,Completed,0,DPT-006
ATR-001175,EMP-00361,ATT-PRV,Privacy & Data Handling,Yes,2025-09-09,2025-08-24,Completed,0,DPT-006
ATR-001176,EMP-00361,ATT-INS,Insider Trading Window,Yes,2026-01-11,2025-12-27,Completed,0,DPT-006
ATR-001177,EMP-00362,ATT-COI,Conflict of Interest,Yes,2025-12-15,2025-12-03,Completed,0,DPT-017
ATR-001178,EMP-00362,ATT-COC,Code of Conduct Attestation,Yes,2025-07-13,2025-06-26,Completed,0,DPT-017
ATR-001179,EMP-00362,ATT-PRV,Privacy & Data Handling,Yes,2025-10-15,2025-10-09,Completed,0,DPT-017
ATR-001180,EMP-00362,ATT-INS,Insider Trading Window,Yes,2025-12-04,2025-11-23,Completed,0,DPT-017
ATR-001181,EMP-00363,ATT-COI,Conflict of Interest,Yes,2026-04-28,2026-04-15,Completed,0,DPT-008
ATR-001182,EMP-00363,ATT-COC,Code of Conduct Attestation,Yes,2026-01-26,2026-01-11,Completed,0,DPT-008
ATR-001183,EMP-00363,ATT-PRV,Privacy & Data Handling,Yes,2026-04-19,2026-04-08,Completed,0,DPT-008
ATR-001184,EMP-00363,ATT-INS,Insider Trading Window,Yes,2025-12-06,2025-11-18,Completed,0,DPT-008
ATR-001185,EMP-00366,ATT-COI,Conflict of Interest,Yes,2025-09-22,2025-09-16,Completed,0,DPT-001
ATR-001186,EMP-00366,ATT-COC,Code of Conduct Attestation,Yes,2026-01-22,2026-01-07,Completed,0,DPT-001
ATR-001187,EMP-00366,ATT-PRV,Privacy & Data Handling,Yes,2025-11-04,2025-10-29,Completed,0,DPT-001
ATR-001188,EMP-00366,ATT-INS,Insider Trading Window,Yes,2026-01-08,2025-12-20,Completed,0,DPT-001
ATR-001189,EMP-00367,ATT-COI,Conflict of Interest,Yes,2026-02-07,2026-01-28,Completed,0,DPT-024
ATR-001190,EMP-00367,ATT-COC,Code of Conduct Attestation,Yes,2025-10-09,2025-10-01,Completed,0,DPT-024
ATR-001191,EMP-00367,ATT-PRV,Privacy & Data Handling,Yes,2025-11-20,2025-11-15,Completed,0,DPT-024
ATR-001192,EMP-00367,ATT-INS,Insider Trading Window,Yes,2026-03-31,2026-03-16,Completed,0,DPT-024
ATR-001193,EMP-00370,ATT-COI,Conflict of Interest,Yes,2026-05-02,2026-04-16,Completed,0,DPT-014
ATR-001194,EMP-00370,ATT-COC,Code of Conduct Attestation,Yes,2025-11-08,2025-10-21,Completed,0,DPT-014
ATR-001195,EMP-00370,ATT-PRV,Privacy & Data Handling,Yes,2025-11-01,2025-10-15,Completed,0,DPT-014
ATR-001196,EMP-00370,ATT-INS,Insider Trading Window,Yes,2026-03-22,2026-03-05,Completed,0,DPT-014
ATR-001197,EMP-00371,ATT-COI,Conflict of Interest,Yes,2026-05-22,2026-05-12,Completed,0,DPT-002
ATR-001198,EMP-00371,ATT-COC,Code of Conduct Attestation,Yes,2026-03-21,2026-03-02,Completed,0,DPT-002
ATR-001199,EMP-00371,ATT-PRV,Privacy & Data Handling,Yes,2025-10-31,2025-10-21,Completed,0,DPT-002
ATR-001200,EMP-00371,ATT-INS,Insider Trading Window,Yes,2026-01-15,2026-01-10,Completed,0,DPT-002
ATR-001201,EMP-00372,ATT-COI,Conflict of Interest,Yes,2025-12-28,2025-12-21,Completed,0,DPT-001
ATR-001202,EMP-00372,ATT-COC,Code of Conduct Attestation,Yes,2025-12-01,2025-11-20,Completed,0,DPT-001
ATR-001203,EMP-00372,ATT-PRV,Privacy & Data Handling,Yes,2026-02-14,2026-02-02,Completed,0,DPT-001
ATR-001204,EMP-00372,ATT-INS,Insider Trading Window,Yes,2026-02-24,2026-02-07,Completed,0,DPT-001
ATR-001205,EMP-00374,ATT-COI,Conflict of Interest,Yes,2025-12-28,2025-12-23,Completed,0,DPT-012
ATR-001206,EMP-00374,ATT-COC,Code of Conduct Attestation,Yes,2025-11-17,2025-11-02,Completed,0,DPT-012
ATR-001207,EMP-00374,ATT-PRV,Privacy & Data Handling,Yes,2025-10-08,2025-10-07,Completed,0,DPT-012
ATR-001208,EMP-00374,ATT-INS,Insider Trading Window,Yes,2026-03-18,2026-03-11,Completed,0,DPT-012
ATR-001209,EMP-00376,ATT-COI,Conflict of Interest,Yes,2025-09-24,2025-09-11,Completed,0,DPT-020
ATR-001210,EMP-00376,ATT-COC,Code of Conduct Attestation,Yes,2025-08-31,2025-08-19,Completed,0,DPT-020
ATR-001211,EMP-00376,ATT-PRV,Privacy & Data Handling,Yes,2025-11-14,2025-11-06,Completed,0,DPT-020
ATR-001212,EMP-00376,ATT-INS,Insider Trading Window,Yes,2025-12-01,2025-11-20,Completed,0,DPT-020
ATR-001213,EMP-00377,ATT-COI,Conflict of Interest,Yes,2025-10-20,2025-10-20,Completed,0,DPT-021
ATR-001214,EMP-00377,ATT-COC,Code of Conduct Attestation,Yes,2025-12-09,2025-12-03,Completed,0,DPT-021
ATR-001215,EMP-00377,ATT-PRV,Privacy & Data Handling,Yes,2025-08-18,2025-10-15,Completed,0,DPT-021
ATR-001216,EMP-00377,ATT-INS,Insider Trading Window,Yes,2026-03-20,2026-03-19,Completed,0,DPT-021
ATR-001217,EMP-00378,ATT-COI,Conflict of Interest,Yes,2025-06-17,2025-06-07,Completed,0,DPT-011
ATR-001218,EMP-00378,ATT-COC,Code of Conduct Attestation,Yes,2026-05-05,2026-04-16,Completed,0,DPT-011
ATR-001219,EMP-00378,ATT-PRV,Privacy & Data Handling,Yes,2025-11-24,2025-11-22,Completed,0,DPT-011
ATR-001220,EMP-00378,ATT-INS,Insider Trading Window,Yes,2026-02-03,2026-01-30,Completed,0,DPT-011
ATR-001221,EMP-00379,ATT-COI,Conflict of Interest,Yes,2026-01-25,2026-01-09,Completed,0,DPT-016
ATR-001222,EMP-00379,ATT-COC,Code of Conduct Attestation,Yes,2025-11-30,2025-11-27,Completed,0,DPT-016
ATR-001223,EMP-00379,ATT-PRV,Privacy & Data Handling,Yes,2025-09-05,2025-08-28,Completed,0,DPT-016
ATR-001224,EMP-00379,ATT-INS,Insider Trading Window,Yes,2026-03-25,2026-03-11,Completed,0,DPT-016
ATR-001225,EMP-00380,ATT-COI,Conflict of Interest,Yes,2025-05-30,2025-05-23,Completed,0,DPT-004
ATR-001226,EMP-00380,ATT-COC,Code of Conduct Attestation,Yes,2025-06-14,2025-06-03,Completed,0,DPT-004
ATR-001227,EMP-00380,ATT-PRV,Privacy & Data Handling,Yes,2025-06-07,2025-05-31,Completed,0,DPT-004
ATR-001228,EMP-00380,ATT-INS,Insider Trading Window,Yes,2026-05-21,2026-05-11,Completed,0,DPT-004
ATR-001229,EMP-00381,ATT-COI,Conflict of Interest,Yes,2025-07-17,2025-06-28,Completed,0,DPT-016
ATR-001230,EMP-00381,ATT-COC,Code of Conduct Attestation,Yes,2025-12-02,2025-11-14,Completed,0,DPT-016
ATR-001231,EMP-00381,ATT-PRV,Privacy & Data Handling,Yes,2025-09-13,2025-08-24,Completed,0,DPT-016
ATR-001232,EMP-00381,ATT-INS,Insider Trading Window,Yes,2025-12-01,2025-11-11,Completed,0,DPT-016
ATR-001233,EMP-00384,ATT-COI,Conflict of Interest,Yes,2026-01-16,2026-01-06,Completed,0,DPT-013
ATR-001234,EMP-00384,ATT-COC,Code of Conduct Attestation,Yes,2025-12-30,2025-12-24,Completed,0,DPT-013
ATR-001235,EMP-00384,ATT-PRV,Privacy & Data Handling,Yes,2025-06-10,2025-05-26,Completed,0,DPT-013
ATR-001236,EMP-00384,ATT-INS,Insider Trading Window,Yes,2026-03-08,2026-02-27,Completed,0,DPT-013
ATR-001237,EMP-00385,ATT-COI,Conflict of Interest,Yes,2026-02-02,2026-01-17,Completed,0,DPT-002
ATR-001238,EMP-00385,ATT-COC,Code of Conduct Attestation,Yes,2026-05-18,2026-05-12,Completed,0,DPT-002
ATR-001239,EMP-00385,ATT-PRV,Privacy & Data Handling,Yes,2025-12-06,2025-11-27,Completed,0,DPT-002
ATR-001240,EMP-00385,ATT-INS,Insider Trading Window,Yes,2026-03-23,2026-03-16,Completed,0,DPT-002
ATR-001241,EMP-00389,ATT-COI,Conflict of Interest,Yes,2025-12-11,2025-11-25,Completed,0,DPT-002
ATR-001242,EMP-00389,ATT-COC,Code of Conduct Attestation,Yes,2025-10-17,2025-10-04,Completed,0,DPT-002
ATR-001243,EMP-00389,ATT-PRV,Privacy & Data Handling,Yes,2025-12-03,2025-11-17,Completed,0,DPT-002
ATR-001244,EMP-00389,ATT-INS,Insider Trading Window,Yes,2026-01-30,2026-01-17,Completed,0,DPT-002
ATR-001245,EMP-00390,ATT-COI,Conflict of Interest,Yes,2026-04-15,2026-03-26,Completed,0,DPT-026
ATR-001246,EMP-00390,ATT-COC,Code of Conduct Attestation,Yes,2025-12-26,2026-02-10,Completed,0,DPT-026
ATR-001247,EMP-00390,ATT-PRV,Privacy & Data Handling,Yes,2026-02-25,2026-02-19,Completed,0,DPT-026
ATR-001248,EMP-00390,ATT-INS,Insider Trading Window,Yes,2026-03-26,2026-03-12,Completed,0,DPT-026
ATR-001249,EMP-00391,ATT-COI,Conflict of Interest,Yes,2026-01-25,2026-01-07,Completed,0,DPT-004
ATR-001250,EMP-00391,ATT-COC,Code of Conduct Attestation,Yes,2026-02-05,,Overdue,108,DPT-004
ATR-001251,EMP-00391,ATT-PRV,Privacy & Data Handling,Yes,2026-03-11,2026-02-25,Completed,0,DPT-004
ATR-001252,EMP-00391,ATT-INS,Insider Trading Window,Yes,2025-12-15,2025-11-29,Completed,0,DPT-004
ATR-001253,EMP-00392,ATT-COI,Conflict of Interest,Yes,2026-01-17,2026-01-08,Completed,0,DPT-010
ATR-001254,EMP-00392,ATT-COC,Code of Conduct Attestation,Yes,2026-01-23,2026-01-17,Completed,0,DPT-010
ATR-001255,EMP-00392,ATT-PRV,Privacy & Data Handling,Yes,2026-03-11,2026-02-27,Completed,0,DPT-010
ATR-001256,EMP-00392,ATT-INS,Insider Trading Window,Yes,2025-11-25,2025-11-20,Completed,0,DPT-010
ATR-001257,EMP-00394,ATT-COI,Conflict of Interest,Yes,2025-10-22,2025-10-08,Completed,0,DPT-009
ATR-001258,EMP-00394,ATT-COC,Code of Conduct Attestation,Yes,2025-06-30,2025-06-20,Completed,0,DPT-009
ATR-001259,EMP-00394,ATT-PRV,Privacy & Data Handling,Yes,2026-05-12,2026-05-05,Completed,0,DPT-009
ATR-001260,EMP-00394,ATT-INS,Insider Trading Window,Yes,2026-04-06,2026-03-22,Completed,0,DPT-009
ATR-001261,EMP-00396,ATT-COI,Conflict of Interest,Yes,2025-10-28,2025-10-15,Completed,0,DPT-009
ATR-001262,EMP-00396,ATT-COC,Code of Conduct Attestation,Yes,2026-03-28,2026-03-09,Completed,0,DPT-009
ATR-001263,EMP-00396,ATT-PRV,Privacy & Data Handling,Yes,2026-05-12,2026-05-06,Completed,0,DPT-009
ATR-001264,EMP-00396,ATT-INS,Insider Trading Window,Yes,2026-05-08,2026-04-29,Completed,0,DPT-009
ATR-001265,EMP-00397,ATT-COI,Conflict of Interest,Yes,2026-03-07,2026-02-17,Completed,0,DPT-018
ATR-001266,EMP-00397,ATT-COC,Code of Conduct Attestation,Yes,2025-09-14,2025-08-27,Completed,0,DPT-018
ATR-001267,EMP-00397,ATT-PRV,Privacy & Data Handling,Yes,2026-03-20,2026-03-08,Completed,0,DPT-018
ATR-001268,EMP-00397,ATT-INS,Insider Trading Window,Yes,2026-05-01,2026-04-18,Completed,0,DPT-018
ATR-001269,EMP-00398,ATT-COI,Conflict of Interest,Yes,2026-05-10,2026-04-25,Completed,0,DPT-022
ATR-001270,EMP-00398,ATT-COC,Code of Conduct Attestation,Yes,2025-08-24,2025-08-10,Completed,0,DPT-022
ATR-001271,EMP-00398,ATT-PRV,Privacy & Data Handling,Yes,2025-07-17,2025-08-29,Completed,0,DPT-022
ATR-001272,EMP-00398,ATT-INS,Insider Trading Window,Yes,2025-12-16,2025-12-03,Completed,0,DPT-022
ATR-001273,EMP-00401,ATT-COI,Conflict of Interest,Yes,2025-11-02,2025-10-16,Completed,0,DPT-024
ATR-001274,EMP-00401,ATT-COC,Code of Conduct Attestation,Yes,2025-06-15,2025-06-10,Completed,0,DPT-024
ATR-001275,EMP-00401,ATT-PRV,Privacy & Data Handling,Yes,2025-09-28,2025-09-25,Completed,0,DPT-024
ATR-001276,EMP-00401,ATT-INS,Insider Trading Window,Yes,2025-11-27,2025-11-22,Completed,0,DPT-024
ATR-001277,EMP-00402,ATT-COI,Conflict of Interest,Yes,2025-06-06,2026-03-22,Completed,0,DPT-007
ATR-001278,EMP-00402,ATT-COC,Code of Conduct Attestation,Yes,2025-06-12,2026-04-01,Completed,0,DPT-007
ATR-001279,EMP-00402,ATT-PRV,Privacy & Data Handling,Yes,2025-10-25,2026-03-22,Completed,0,DPT-007
ATR-001280,EMP-00402,ATT-INS,Insider Trading Window,Yes,2026-01-29,2026-04-02,Completed,0,DPT-007
ATR-001281,EMP-00404,ATT-COI,Conflict of Interest,Yes,2025-06-12,2025-06-05,Completed,0,DPT-008
ATR-001282,EMP-00404,ATT-COC,Code of Conduct Attestation,Yes,2026-05-13,2026-04-28,Completed,0,DPT-008
ATR-001283,EMP-00404,ATT-PRV,Privacy & Data Handling,Yes,2025-07-31,2025-07-24,Completed,0,DPT-008
ATR-001284,EMP-00404,ATT-INS,Insider Trading Window,Yes,2026-02-16,2026-02-10,Completed,0,DPT-008
ATR-001285,EMP-00405,ATT-COI,Conflict of Interest,Yes,2025-12-25,2025-12-19,Completed,0,DPT-015
ATR-001286,EMP-00405,ATT-COC,Code of Conduct Attestation,Yes,2026-04-21,2026-04-08,Completed,0,DPT-015
ATR-001287,EMP-00405,ATT-PRV,Privacy & Data Handling,Yes,2025-12-07,2025-11-27,Completed,0,DPT-015
ATR-001288,EMP-00405,ATT-INS,Insider Trading Window,Yes,2026-05-13,2026-05-04,Completed,0,DPT-015
ATR-001289,EMP-00406,ATT-COI,Conflict of Interest,Yes,2026-02-27,2026-02-12,Completed,0,DPT-008
ATR-001290,EMP-00406,ATT-COC,Code of Conduct Attestation,Yes,2025-06-13,2025-05-28,Completed,0,DPT-008
ATR-001291,EMP-00406,ATT-PRV,Privacy & Data Handling,Yes,2025-06-03,2025-05-22,Completed,0,DPT-008
ATR-001292,EMP-00406,ATT-INS,Insider Trading Window,Yes,2026-05-03,2026-04-21,Completed,0,DPT-008
ATR-001293,EMP-00407,ATT-COI,Conflict of Interest,Yes,2025-10-05,2026-02-28,Completed,0,DPT-013
ATR-001294,EMP-00407,ATT-COC,Code of Conduct Attestation,Yes,2026-03-23,2026-03-20,Completed,0,DPT-013
ATR-001295,EMP-00407,ATT-PRV,Privacy & Data Handling,Yes,2026-05-06,2026-04-29,Completed,0,DPT-013
ATR-001296,EMP-00407,ATT-INS,Insider Trading Window,Yes,2026-02-24,2026-02-16,Completed,0,DPT-013
ATR-001297,EMP-00408,ATT-COI,Conflict of Interest,Yes,2026-02-28,2026-02-26,Completed,0,DPT-024
ATR-001298,EMP-00408,ATT-COC,Code of Conduct Attestation,Yes,2025-07-16,2025-07-02,Completed,0,DPT-024
ATR-001299,EMP-00408,ATT-PRV,Privacy & Data Handling,Yes,2025-07-21,2025-07-10,Completed,0,DPT-024
ATR-001300,EMP-00408,ATT-INS,Insider Trading Window,Yes,2026-03-11,2026-02-21,Completed,0,DPT-024
ATR-001301,EMP-00410,ATT-COI,Conflict of Interest,Yes,2026-01-31,2026-01-27,Completed,0,DPT-003
ATR-001302,EMP-00410,ATT-COC,Code of Conduct Attestation,Yes,2025-12-30,2025-12-20,Completed,0,DPT-003
ATR-001303,EMP-00410,ATT-PRV,Privacy & Data Handling,Yes,2025-10-31,2025-10-30,Completed,0,DPT-003
ATR-001304,EMP-00410,ATT-INS,Insider Trading Window,Yes,2025-12-15,2025-12-13,Completed,0,DPT-003
ATR-001305,EMP-00411,ATT-COI,Conflict of Interest,Yes,2025-10-08,2025-10-01,Completed,0,DPT-016
ATR-001306,EMP-00411,ATT-COC,Code of Conduct Attestation,Yes,2025-12-02,2025-11-27,Completed,0,DPT-016
ATR-001307,EMP-00411,ATT-PRV,Privacy & Data Handling,Yes,2025-10-29,2025-10-25,Completed,0,DPT-016
ATR-001308,EMP-00411,ATT-INS,Insider Trading Window,Yes,2026-01-27,2026-01-16,Completed,0,DPT-016
ATR-001309,EMP-00412,ATT-COI,Conflict of Interest,Yes,2026-04-19,2026-03-30,Completed,0,DPT-015
ATR-001310,EMP-00412,ATT-COC,Code of Conduct Attestation,Yes,2025-10-27,2025-10-23,Completed,0,DPT-015
ATR-001311,EMP-00412,ATT-PRV,Privacy & Data Handling,Yes,2026-03-08,2026-03-07,Completed,0,DPT-015
ATR-001312,EMP-00412,ATT-INS,Insider Trading Window,Yes,2026-04-07,2026-04-02,Completed,0,DPT-015
ATR-001313,EMP-00414,ATT-COI,Conflict of Interest,Yes,2025-07-31,2025-07-25,Completed,0,DPT-004
ATR-001314,EMP-00414,ATT-COC,Code of Conduct Attestation,Yes,2026-04-10,2026-04-02,Completed,0,DPT-004
ATR-001315,EMP-00414,ATT-PRV,Privacy & Data Handling,Yes,2025-07-02,2025-06-15,Completed,0,DPT-004
ATR-001316,EMP-00414,ATT-INS,Insider Trading Window,Yes,2026-03-01,2026-02-19,Completed,0,DPT-004
ATR-001317,EMP-00415,ATT-COI,Conflict of Interest,Yes,2026-03-01,2026-02-20,Completed,0,DPT-004
ATR-001318,EMP-00415,ATT-COC,Code of Conduct Attestation,Yes,2025-11-16,2025-11-11,Completed,0,DPT-004
ATR-001319,EMP-00415,ATT-PRV,Privacy & Data Handling,Yes,2025-11-07,2025-10-24,Completed,0,DPT-004
ATR-001320,EMP-00415,ATT-INS,Insider Trading Window,Yes,2025-12-14,2025-12-12,Completed,0,DPT-004
ATR-001321,EMP-00417,ATT-COI,Conflict of Interest,Yes,2025-10-02,2025-09-24,Completed,0,DPT-004
ATR-001322,EMP-00417,ATT-COC,Code of Conduct Attestation,Yes,2025-10-28,2025-10-22,Completed,0,DPT-004
ATR-001323,EMP-00417,ATT-PRV,Privacy & Data Handling,Yes,2026-05-03,2026-04-13,Completed,0,DPT-004
ATR-001324,EMP-00417,ATT-INS,Insider Trading Window,Yes,2026-02-03,2026-01-17,Completed,0,DPT-004
ATR-001325,EMP-00419,ATT-COI,Conflict of Interest,Yes,2025-09-13,2025-12-23,Completed,0,DPT-005
ATR-001326,EMP-00419,ATT-COC,Code of Conduct Attestation,Yes,2026-04-19,2026-04-02,Completed,0,DPT-005
ATR-001327,EMP-00419,ATT-PRV,Privacy & Data Handling,Yes,2025-06-15,2025-12-16,Completed,0,DPT-005
ATR-001328,EMP-00419,ATT-INS,Insider Trading Window,Yes,2026-03-26,2026-03-11,Completed,0,DPT-005
ATR-001329,EMP-00421,ATT-COI,Conflict of Interest,Yes,2025-12-20,2025-12-08,Completed,0,DPT-002
ATR-001330,EMP-00421,ATT-COC,Code of Conduct Attestation,Yes,2025-12-04,2025-11-24,Completed,0,DPT-002
ATR-001331,EMP-00421,ATT-PRV,Privacy & Data Handling,Yes,2025-10-04,2025-09-26,Completed,0,DPT-002
ATR-001332,EMP-00421,ATT-INS,Insider Trading Window,Yes,2026-03-15,2026-02-24,Completed,0,DPT-002
ATR-001333,EMP-00422,ATT-COI,Conflict of Interest,Yes,2025-06-23,2025-12-28,Completed,0,DPT-019
ATR-001334,EMP-00422,ATT-COC,Code of Conduct Attestation,Yes,2025-12-13,2025-12-31,Completed,0,DPT-019
ATR-001335,EMP-00422,ATT-PRV,Privacy & Data Handling,Yes,2025-11-23,2026-01-02,Completed,0,DPT-019
ATR-001336,EMP-00422,ATT-INS,Insider Trading Window,Yes,2026-01-02,2025-12-30,Completed,0,DPT-019
ATR-001337,EMP-00423,ATT-COI,Conflict of Interest,Yes,2025-12-23,2025-12-16,Completed,0,DPT-011
ATR-001338,EMP-00423,ATT-COC,Code of Conduct Attestation,Yes,2026-01-17,2026-01-12,Completed,0,DPT-011
ATR-001339,EMP-00423,ATT-PRV,Privacy & Data Handling,Yes,2026-01-12,2026-01-03,Completed,0,DPT-011
ATR-001340,EMP-00423,ATT-INS,Insider Trading Window,Yes,2026-01-18,2026-01-11,Completed,0,DPT-011
ATR-001341,EMP-00424,ATT-COI,Conflict of Interest,Yes,2025-06-17,2025-06-13,Completed,0,DPT-010
ATR-001342,EMP-00424,ATT-COC,Code of Conduct Attestation,Yes,2026-03-08,2026-02-17,Completed,0,DPT-010
ATR-001343,EMP-00424,ATT-PRV,Privacy & Data Handling,Yes,2025-09-02,2025-08-15,Completed,0,DPT-010
ATR-001344,EMP-00424,ATT-INS,Insider Trading Window,Yes,2026-03-12,2026-02-26,Completed,0,DPT-010
ATR-001345,EMP-00425,ATT-COI,Conflict of Interest,Yes,2025-10-02,2025-09-16,Completed,0,DPT-011
ATR-001346,EMP-00425,ATT-COC,Code of Conduct Attestation,Yes,2025-10-18,2025-10-15,Completed,0,DPT-011
ATR-001347,EMP-00425,ATT-PRV,Privacy & Data Handling,Yes,2025-10-20,2025-10-07,Completed,0,DPT-011
ATR-001348,EMP-00425,ATT-INS,Insider Trading Window,Yes,2026-02-10,2026-02-07,Completed,0,DPT-011
ATR-001349,EMP-00426,ATT-COI,Conflict of Interest,Yes,2026-04-15,2026-03-28,Completed,0,DPT-001
ATR-001350,EMP-00426,ATT-COC,Code of Conduct Attestation,Yes,2025-06-18,2025-08-14,Completed,0,DPT-001
ATR-001351,EMP-00426,ATT-PRV,Privacy & Data Handling,Yes,2026-02-15,2026-02-13,Completed,0,DPT-001
ATR-001352,EMP-00426,ATT-INS,Insider Trading Window,Yes,2026-01-15,2026-01-12,Completed,0,DPT-001
ATR-001353,EMP-00427,ATT-COI,Conflict of Interest,Yes,2025-08-20,2025-08-18,Completed,0,DPT-002
ATR-001354,EMP-00427,ATT-COC,Code of Conduct Attestation,Yes,2025-12-19,2025-12-12,Completed,0,DPT-002
ATR-001355,EMP-00427,ATT-PRV,Privacy & Data Handling,Yes,2025-05-29,2025-05-18,Completed,0,DPT-002
ATR-001356,EMP-00427,ATT-INS,Insider Trading Window,Yes,2026-01-27,2026-01-20,Completed,0,DPT-002
ATR-001357,EMP-00428,ATT-COI,Conflict of Interest,Yes,2025-11-25,2025-11-08,Completed,0,DPT-020
ATR-001358,EMP-00428,ATT-COC,Code of Conduct Attestation,Yes,2026-03-05,2026-03-04,Completed,0,DPT-020
ATR-001359,EMP-00428,ATT-PRV,Privacy & Data Handling,Yes,2025-08-06,2025-07-27,Completed,0,DPT-020
ATR-001360,EMP-00428,ATT-INS,Insider Trading Window,Yes,2025-12-28,2025-12-13,Completed,0,DPT-020
ATR-001361,EMP-00429,ATT-COI,Conflict of Interest,Yes,2026-05-16,2026-05-07,Completed,0,DPT-024
ATR-001362,EMP-00429,ATT-COC,Code of Conduct Attestation,Yes,2025-10-12,2025-10-11,Completed,0,DPT-024
ATR-001363,EMP-00429,ATT-PRV,Privacy & Data Handling,Yes,2026-05-04,2026-04-28,Completed,0,DPT-024
ATR-001364,EMP-00429,ATT-INS,Insider Trading Window,Yes,2025-11-26,2025-11-10,Completed,0,DPT-024
ATR-001365,EMP-00430,ATT-COI,Conflict of Interest,Yes,2026-02-10,2026-02-08,Completed,0,DPT-007
ATR-001366,EMP-00430,ATT-COC,Code of Conduct Attestation,Yes,2025-09-17,2025-09-11,Completed,0,DPT-007
ATR-001367,EMP-00430,ATT-PRV,Privacy & Data Handling,Yes,2025-11-16,2025-11-11,Completed,0,DPT-007
ATR-001368,EMP-00430,ATT-INS,Insider Trading Window,Yes,2026-04-16,2026-04-12,Completed,0,DPT-007
ATR-001369,EMP-00431,ATT-COI,Conflict of Interest,Yes,2026-01-25,2026-01-12,Completed,0,DPT-011
ATR-001370,EMP-00431,ATT-COC,Code of Conduct Attestation,Yes,2025-07-04,2025-06-27,Completed,0,DPT-011
ATR-001371,EMP-00431,ATT-PRV,Privacy & Data Handling,Yes,2026-03-10,2026-03-07,Completed,0,DPT-011
ATR-001372,EMP-00431,ATT-INS,Insider Trading Window,Yes,2025-12-09,2025-12-06,Completed,0,DPT-011
ATR-001373,EMP-00432,ATT-COI,Conflict of Interest,Yes,2026-03-31,2026-03-30,Completed,0,DPT-004
ATR-001374,EMP-00432,ATT-COC,Code of Conduct Attestation,Yes,2026-02-28,2026-02-17,Completed,0,DPT-004
ATR-001375,EMP-00432,ATT-PRV,Privacy & Data Handling,Yes,2025-08-05,2025-07-18,Completed,0,DPT-004
ATR-001376,EMP-00432,ATT-INS,Insider Trading Window,Yes,2026-05-02,2026-05-01,Completed,0,DPT-004
ATR-001377,EMP-00433,ATT-COI,Conflict of Interest,Yes,2026-02-01,2026-01-31,Completed,0,DPT-001
ATR-001378,EMP-00433,ATT-COC,Code of Conduct Attestation,Yes,2025-06-04,2025-06-03,Completed,0,DPT-001
ATR-001379,EMP-00433,ATT-PRV,Privacy & Data Handling,Yes,2026-04-09,2026-03-26,Completed,0,DPT-001
ATR-001380,EMP-00433,ATT-INS,Insider Trading Window,Yes,2026-02-11,2026-01-27,Completed,0,DPT-001
ATR-001381,EMP-00434,ATT-COI,Conflict of Interest,Yes,2026-04-16,2026-04-04,Completed,0,DPT-002
ATR-001382,EMP-00434,ATT-COC,Code of Conduct Attestation,Yes,2025-10-02,2025-09-14,Completed,0,DPT-002
ATR-001383,EMP-00434,ATT-PRV,Privacy & Data Handling,Yes,2025-08-26,2025-08-15,Completed,0,DPT-002
ATR-001384,EMP-00434,ATT-INS,Insider Trading Window,Yes,2026-01-06,2026-01-03,Completed,0,DPT-002
ATR-001385,EMP-00435,ATT-COI,Conflict of Interest,Yes,2026-01-16,2026-01-03,Completed,0,DPT-003
ATR-001386,EMP-00435,ATT-COC,Code of Conduct Attestation,Yes,2025-06-23,2025-06-05,Completed,0,DPT-003
ATR-001387,EMP-00435,ATT-PRV,Privacy & Data Handling,Yes,2025-08-09,2025-07-29,Completed,0,DPT-003
ATR-001388,EMP-00435,ATT-INS,Insider Trading Window,Yes,2026-02-08,2026-01-20,Completed,0,DPT-003
ATR-001389,EMP-00436,ATT-COI,Conflict of Interest,Yes,2025-07-29,2025-07-25,Completed,0,DPT-020
ATR-001390,EMP-00436,ATT-COC,Code of Conduct Attestation,Yes,2026-05-07,2026-04-20,Completed,0,DPT-020
ATR-001391,EMP-00436,ATT-PRV,Privacy & Data Handling,Yes,2025-09-05,2025-08-25,Completed,0,DPT-020
ATR-001392,EMP-00436,ATT-INS,Insider Trading Window,Yes,2026-02-15,2026-02-06,Completed,0,DPT-020
ATR-001393,EMP-00437,ATT-COI,Conflict of Interest,Yes,2025-07-01,2025-06-25,Completed,0,DPT-020
ATR-001394,EMP-00437,ATT-COC,Code of Conduct Attestation,Yes,2026-03-07,2026-02-28,Completed,0,DPT-020
ATR-001395,EMP-00437,ATT-PRV,Privacy & Data Handling,Yes,2026-03-25,2026-03-17,Completed,0,DPT-020
ATR-001396,EMP-00437,ATT-INS,Insider Trading Window,Yes,2026-04-16,2026-04-01,Completed,0,DPT-020
ATR-001397,EMP-00439,ATT-COI,Conflict of Interest,Yes,2025-08-24,2025-08-16,Completed,0,DPT-025
ATR-001398,EMP-00439,ATT-COC,Code of Conduct Attestation,Yes,2025-09-07,2025-08-26,Completed,0,DPT-025
ATR-001399,EMP-00439,ATT-PRV,Privacy & Data Handling,Yes,2025-10-21,2025-10-16,Completed,0,DPT-025
ATR-001400,EMP-00439,ATT-INS,Insider Trading Window,Yes,2026-01-23,2026-01-13,Completed,0,DPT-025
ATR-001401,EMP-00440,ATT-COI,Conflict of Interest,Yes,2025-10-23,2025-10-05,Completed,0,DPT-001
ATR-001402,EMP-00440,ATT-COC,Code of Conduct Attestation,Yes,2026-03-29,2026-03-25,Completed,0,DPT-001
ATR-001403,EMP-00440,ATT-PRV,Privacy & Data Handling,Yes,2025-12-14,2025-12-02,Completed,0,DPT-001
ATR-001404,EMP-00440,ATT-INS,Insider Trading Window,Yes,2025-12-15,2025-12-10,Completed,0,DPT-001
ATR-001405,EMP-00441,ATT-COI,Conflict of Interest,Yes,2025-06-05,2025-05-21,Completed,0,DPT-004
ATR-001406,EMP-00441,ATT-COC,Code of Conduct Attestation,Yes,2025-07-05,2025-06-15,Completed,0,DPT-004
ATR-001407,EMP-00441,ATT-PRV,Privacy & Data Handling,Yes,2025-11-13,2025-10-24,Completed,0,DPT-004
ATR-001408,EMP-00441,ATT-INS,Insider Trading Window,Yes,2026-03-09,2026-02-23,Completed,0,DPT-004
ATR-001409,EMP-00442,ATT-COI,Conflict of Interest,Yes,2026-03-13,2026-03-10,Completed,0,DPT-026
ATR-001410,EMP-00442,ATT-COC,Code of Conduct Attestation,Yes,2025-07-31,2025-07-25,Completed,0,DPT-026
ATR-001411,EMP-00442,ATT-PRV,Privacy & Data Handling,Yes,2025-08-10,2025-07-29,Completed,0,DPT-026
ATR-001412,EMP-00442,ATT-INS,Insider Trading Window,Yes,2026-01-11,2025-12-22,Completed,0,DPT-026
ATR-001413,EMP-00443,ATT-COI,Conflict of Interest,Yes,2026-03-13,2026-03-06,Completed,0,DPT-017
ATR-001414,EMP-00443,ATT-COC,Code of Conduct Attestation,Yes,2026-02-23,2026-02-17,Completed,0,DPT-017
ATR-001415,EMP-00443,ATT-PRV,Privacy & Data Handling,Yes,2026-02-22,2026-02-20,Completed,0,DPT-017
ATR-001416,EMP-00443,ATT-INS,Insider Trading Window,Yes,2026-04-29,2026-04-21,Completed,0,DPT-017
ATR-001417,EMP-00444,ATT-COI,Conflict of Interest,Yes,2025-12-25,2025-12-08,Completed,0,DPT-001
ATR-001418,EMP-00444,ATT-COC,Code of Conduct Attestation,Yes,2025-12-28,2025-12-16,Completed,0,DPT-001
ATR-001419,EMP-00444,ATT-PRV,Privacy & Data Handling,Yes,2025-08-23,2025-10-26,Completed,0,DPT-001
ATR-001420,EMP-00444,ATT-INS,Insider Trading Window,Yes,2026-01-10,2026-01-04,Completed,0,DPT-001
ATR-001421,EMP-00445,ATT-COI,Conflict of Interest,Yes,2025-10-20,2025-10-02,Completed,0,DPT-003
ATR-001422,EMP-00445,ATT-COC,Code of Conduct Attestation,Yes,2026-02-18,2026-01-30,Completed,0,DPT-003
ATR-001423,EMP-00445,ATT-PRV,Privacy & Data Handling,Yes,2025-11-13,2025-11-06,Completed,0,DPT-003
ATR-001424,EMP-00445,ATT-INS,Insider Trading Window,Yes,2026-04-26,2026-04-08,Completed,0,DPT-003
ATR-001425,EMP-00446,ATT-COI,Conflict of Interest,Yes,2025-07-29,2025-07-19,Completed,0,DPT-009
ATR-001426,EMP-00446,ATT-COC,Code of Conduct Attestation,Yes,2025-11-23,2025-11-14,Completed,0,DPT-009
ATR-001427,EMP-00446,ATT-PRV,Privacy & Data Handling,Yes,2025-08-20,2025-08-11,Completed,0,DPT-009
ATR-001428,EMP-00446,ATT-INS,Insider Trading Window,Yes,2025-12-23,2025-12-11,Completed,0,DPT-009
ATR-001429,EMP-00447,ATT-COI,Conflict of Interest,Yes,2025-08-07,2025-07-29,Completed,0,DPT-003
ATR-001430,EMP-00447,ATT-COC,Code of Conduct Attestation,Yes,2025-09-07,2025-09-03,Completed,0,DPT-003
ATR-001431,EMP-00447,ATT-PRV,Privacy & Data Handling,Yes,2025-11-25,2025-11-23,Completed,0,DPT-003
ATR-001432,EMP-00447,ATT-INS,Insider Trading Window,Yes,2026-02-19,2026-02-14,Completed,0,DPT-003
ATR-001433,EMP-00450,ATT-COI,Conflict of Interest,Yes,2025-08-14,2025-08-02,Completed,0,DPT-001
ATR-001434,EMP-00450,ATT-COC,Code of Conduct Attestation,Yes,2026-01-22,2026-01-09,Completed,0,DPT-001
ATR-001435,EMP-00450,ATT-PRV,Privacy & Data Handling,Yes,2026-04-22,2026-04-19,Completed,0,DPT-001
ATR-001436,EMP-00450,ATT-INS,Insider Trading Window,Yes,2026-04-22,2026-04-05,Completed,0,DPT-001
ATR-001437,EMP-00451,ATT-COI,Conflict of Interest,Yes,2026-01-28,2026-01-26,Completed,0,DPT-020
ATR-001438,EMP-00451,ATT-COC,Code of Conduct Attestation,Yes,2025-09-14,2025-09-09,Completed,0,DPT-020
ATR-001439,EMP-00451,ATT-PRV,Privacy & Data Handling,Yes,2026-03-28,2026-03-21,Completed,0,DPT-020
ATR-001440,EMP-00451,ATT-INS,Insider Trading Window,Yes,2026-04-18,2026-03-29,Completed,0,DPT-020
ATR-001441,EMP-00452,ATT-COI,Conflict of Interest,Yes,2026-03-28,2026-03-22,Completed,0,DPT-006
ATR-001442,EMP-00452,ATT-COC,Code of Conduct Attestation,Yes,2025-07-12,2025-06-25,Completed,0,DPT-006
ATR-001443,EMP-00452,ATT-PRV,Privacy & Data Handling,Yes,2025-11-13,2025-11-11,Completed,0,DPT-006
ATR-001444,EMP-00452,ATT-INS,Insider Trading Window,Yes,2026-03-20,2026-03-11,Completed,0,DPT-006
ATR-001445,EMP-00453,ATT-COI,Conflict of Interest,Yes,2026-02-04,2026-01-15,Completed,0,DPT-004
ATR-001446,EMP-00453,ATT-COC,Code of Conduct Attestation,Yes,2025-06-07,2025-05-27,Completed,0,DPT-004
ATR-001447,EMP-00453,ATT-PRV,Privacy & Data Handling,Yes,2025-09-15,2025-08-28,Completed,0,DPT-004
ATR-001448,EMP-00453,ATT-INS,Insider Trading Window,Yes,2025-12-16,2025-11-30,Completed,0,DPT-004
ATR-001449,EMP-00454,ATT-COI,Conflict of Interest,Yes,2025-07-06,2025-06-29,Completed,0,DPT-021
ATR-001450,EMP-00454,ATT-COC,Code of Conduct Attestation,Yes,2025-09-06,2025-09-02,Completed,0,DPT-021
ATR-001451,EMP-00454,ATT-PRV,Privacy & Data Handling,Yes,2025-10-13,2025-10-09,Completed,0,DPT-021
ATR-001452,EMP-00454,ATT-INS,Insider Trading Window,Yes,2026-01-10,2026-01-06,Completed,0,DPT-021
ATR-001453,EMP-00455,ATT-COI,Conflict of Interest,Yes,2026-05-05,2026-04-29,Completed,0,DPT-024
ATR-001454,EMP-00455,ATT-COC,Code of Conduct Attestation,Yes,2026-03-30,2026-03-21,Completed,0,DPT-024
ATR-001455,EMP-00455,ATT-PRV,Privacy & Data Handling,Yes,2026-04-12,2026-03-28,Completed,0,DPT-024
ATR-001456,EMP-00455,ATT-INS,Insider Trading Window,Yes,2026-03-15,2026-03-14,Completed,0,DPT-024
ATR-001457,EMP-00456,ATT-COI,Conflict of Interest,Yes,2026-04-09,2026-03-31,Completed,0,DPT-021
ATR-001458,EMP-00456,ATT-COC,Code of Conduct Attestation,Yes,2025-11-15,2025-11-05,Completed,0,DPT-021
ATR-001459,EMP-00456,ATT-PRV,Privacy & Data Handling,Yes,2026-03-03,2026-02-12,Completed,0,DPT-021
ATR-001460,EMP-00456,ATT-INS,Insider Trading Window,Yes,2026-01-17,2026-01-04,Completed,0,DPT-021
ATR-001461,EMP-00457,ATT-COI,Conflict of Interest,Yes,2026-03-18,2026-03-16,Completed,0,DPT-003
ATR-001462,EMP-00457,ATT-COC,Code of Conduct Attestation,Yes,2025-07-07,2025-06-30,Completed,0,DPT-003
ATR-001463,EMP-00457,ATT-PRV,Privacy & Data Handling,Yes,2025-07-10,2025-06-21,Completed,0,DPT-003
ATR-001464,EMP-00457,ATT-INS,Insider Trading Window,Yes,2026-02-13,2026-02-04,Completed,0,DPT-003
ATR-001465,EMP-00459,ATT-COI,Conflict of Interest,Yes,2025-08-07,2025-07-30,Completed,0,DPT-004
ATR-001466,EMP-00459,ATT-COC,Code of Conduct Attestation,Yes,2026-04-08,2026-04-07,Completed,0,DPT-004
ATR-001467,EMP-00459,ATT-PRV,Privacy & Data Handling,Yes,2025-09-08,2025-08-28,Completed,0,DPT-004
ATR-001468,EMP-00459,ATT-INS,Insider Trading Window,Yes,2025-12-03,2025-11-15,Completed,0,DPT-004
ATR-001469,EMP-00460,ATT-COI,Conflict of Interest,Yes,2026-01-18,2025-12-31,Completed,0,DPT-001
ATR-001470,EMP-00460,ATT-COC,Code of Conduct Attestation,Yes,2025-12-31,2025-12-25,Completed,0,DPT-001
ATR-001471,EMP-00460,ATT-PRV,Privacy & Data Handling,Yes,2025-09-04,2025-08-25,Completed,0,DPT-001
ATR-001472,EMP-00460,ATT-INS,Insider Trading Window,Yes,2026-05-24,2026-05-14,Completed,0,DPT-001
ATR-001473,EMP-00461,ATT-COI,Conflict of Interest,Yes,2025-07-31,2025-07-28,Completed,0,DPT-021
ATR-001474,EMP-00461,ATT-COC,Code of Conduct Attestation,Yes,2026-04-16,2026-04-02,Completed,0,DPT-021
ATR-001475,EMP-00461,ATT-PRV,Privacy & Data Handling,Yes,2025-08-03,2025-07-21,Completed,0,DPT-021
ATR-001476,EMP-00461,ATT-INS,Insider Trading Window,Yes,2026-03-28,2026-03-23,Completed,0,DPT-021
ATR-001477,EMP-00462,ATT-COI,Conflict of Interest,Yes,2026-05-18,2026-05-04,Completed,0,DPT-007
ATR-001478,EMP-00462,ATT-COC,Code of Conduct Attestation,Yes,2026-05-07,2026-05-06,Completed,0,DPT-007
ATR-001479,EMP-00462,ATT-PRV,Privacy & Data Handling,Yes,2025-07-27,2025-07-24,Completed,0,DPT-007
ATR-001480,EMP-00462,ATT-INS,Insider Trading Window,Yes,2026-02-19,2026-02-11,Completed,0,DPT-007
ATR-001481,EMP-00463,ATT-COI,Conflict of Interest,Yes,2026-03-01,2026-02-16,Completed,0,DPT-004
ATR-001482,EMP-00463,ATT-COC,Code of Conduct Attestation,Yes,2025-09-06,2025-08-23,Completed,0,DPT-004
ATR-001483,EMP-00463,ATT-PRV,Privacy & Data Handling,Yes,2025-06-06,2025-06-04,Completed,0,DPT-004
ATR-001484,EMP-00463,ATT-INS,Insider Trading Window,Yes,2026-02-04,2026-01-21,Completed,0,DPT-004
ATR-001485,EMP-00465,ATT-COI,Conflict of Interest,Yes,2026-04-22,2026-04-12,Completed,0,DPT-010
ATR-001486,EMP-00465,ATT-COC,Code of Conduct Attestation,Yes,2026-05-19,2026-05-14,Completed,0,DPT-010
ATR-001487,EMP-00465,ATT-PRV,Privacy & Data Handling,Yes,2025-09-15,2025-09-05,Completed,0,DPT-010
ATR-001488,EMP-00465,ATT-INS,Insider Trading Window,Yes,2026-02-22,2026-02-12,Completed,0,DPT-010
ATR-001489,EMP-00466,ATT-COI,Conflict of Interest,Yes,2025-06-11,2025-06-06,Completed,0,DPT-015
ATR-001490,EMP-00466,ATT-COC,Code of Conduct Attestation,Yes,2025-06-04,2025-05-24,Completed,0,DPT-015
ATR-001491,EMP-00466,ATT-PRV,Privacy & Data Handling,Yes,2025-08-16,2025-08-08,Completed,0,DPT-015
ATR-001492,EMP-00466,ATT-INS,Insider Trading Window,Yes,2025-12-24,2025-12-09,Completed,0,DPT-015
ATR-001493,EMP-00467,ATT-COI,Conflict of Interest,Yes,2026-05-10,2026-04-28,Completed,0,DPT-013
ATR-001494,EMP-00467,ATT-COC,Code of Conduct Attestation,Yes,2026-01-25,2026-01-15,Completed,0,DPT-013
ATR-001495,EMP-00467,ATT-PRV,Privacy & Data Handling,Yes,2026-01-19,2025-12-30,Completed,0,DPT-013
ATR-001496,EMP-00467,ATT-INS,Insider Trading Window,Yes,2025-12-28,2025-12-22,Completed,0,DPT-013
ATR-001497,EMP-00469,ATT-COI,Conflict of Interest,Yes,2026-03-28,2026-03-10,Completed,0,DPT-010
ATR-001498,EMP-00469,ATT-COC,Code of Conduct Attestation,Yes,2025-09-08,2025-09-01,Completed,0,DPT-010
ATR-001499,EMP-00469,ATT-PRV,Privacy & Data Handling,Yes,2025-06-06,2025-05-26,Completed,0,DPT-010
ATR-001500,EMP-00469,ATT-INS,Insider Trading Window,Yes,2025-12-01,2025-11-21,Completed,0,DPT-010
ATR-001501,EMP-00470,ATT-COI,Conflict of Interest,Yes,2026-01-26,2026-01-21,Completed,0,DPT-004
ATR-001502,EMP-00470,ATT-COC,Code of Conduct Attestation,Yes,2025-09-26,2025-09-21,Completed,0,DPT-004
ATR-001503,EMP-00470,ATT-PRV,Privacy & Data Handling,Yes,2025-12-04,2025-11-18,Completed,0,DPT-004
ATR-001504,EMP-00470,ATT-INS,Insider Trading Window,Yes,2026-02-03,2026-01-23,Completed,0,DPT-004
ATR-001505,EMP-00472,ATT-COI,Conflict of Interest,Yes,2025-08-26,2025-08-08,Completed,0,DPT-001
ATR-001506,EMP-00472,ATT-COC,Code of Conduct Attestation,Yes,2025-11-15,2025-11-14,Completed,0,DPT-001
ATR-001507,EMP-00472,ATT-PRV,Privacy & Data Handling,Yes,2026-05-11,2026-05-06,Completed,0,DPT-001
ATR-001508,EMP-00472,ATT-INS,Insider Trading Window,Yes,2026-04-27,2026-04-12,Completed,0,DPT-001
ATR-001509,EMP-00473,ATT-COI,Conflict of Interest,Yes,2025-05-30,2025-05-19,Completed,0,DPT-024
ATR-001510,EMP-00473,ATT-COC,Code of Conduct Attestation,Yes,2026-01-20,2026-01-01,Completed,0,DPT-024
ATR-001511,EMP-00473,ATT-PRV,Privacy & Data Handling,Yes,2025-12-22,2025-12-15,Completed,0,DPT-024
ATR-001512,EMP-00473,ATT-INS,Insider Trading Window,Yes,2026-01-06,2025-12-25,Completed,0,DPT-024
ATR-001513,EMP-00474,ATT-COI,Conflict of Interest,Yes,2026-03-06,2026-02-25,Completed,0,DPT-016
ATR-001514,EMP-00474,ATT-COC,Code of Conduct Attestation,Yes,2025-11-21,2025-11-20,Completed,0,DPT-016
ATR-001515,EMP-00474,ATT-PRV,Privacy & Data Handling,Yes,2025-12-15,2025-12-08,Completed,0,DPT-016
ATR-001516,EMP-00474,ATT-INS,Insider Trading Window,Yes,2026-03-05,2026-02-21,Completed,0,DPT-016
ATR-001517,EMP-00475,ATT-COI,Conflict of Interest,Yes,2025-05-31,2025-05-14,Completed,0,DPT-017
ATR-001518,EMP-00475,ATT-COC,Code of Conduct Attestation,Yes,2025-06-08,2025-05-24,Completed,0,DPT-017
ATR-001519,EMP-00475,ATT-PRV,Privacy & Data Handling,Yes,2026-02-16,2026-02-08,Completed,0,DPT-017
ATR-001520,EMP-00475,ATT-INS,Insider Trading Window,Yes,2026-01-24,2026-01-08,Completed,0,DPT-017
ATR-001521,EMP-00477,ATT-COI,Conflict of Interest,Yes,2026-03-06,2026-06-02,Completed,0,DPT-006
ATR-001522,EMP-00477,ATT-COC,Code of Conduct Attestation,Yes,2025-07-10,2026-05-30,Completed,0,DPT-006
ATR-001523,EMP-00477,ATT-PRV,Privacy & Data Handling,Yes,2026-02-24,2026-06-08,Completed,0,DPT-006
ATR-001524,EMP-00477,ATT-INS,Insider Trading Window,Yes,2025-12-23,2026-06-09,Completed,0,DPT-006
ATR-001525,EMP-00478,ATT-COI,Conflict of Interest,Yes,2025-08-12,2025-07-26,Completed,0,DPT-020
ATR-001526,EMP-00478,ATT-COC,Code of Conduct Attestation,Yes,2025-11-29,2025-11-26,Completed,0,DPT-020
ATR-001527,EMP-00478,ATT-PRV,Privacy & Data Handling,Yes,2025-09-28,2025-09-19,Completed,0,DPT-020
ATR-001528,EMP-00478,ATT-INS,Insider Trading Window,Yes,2026-03-02,2026-02-24,Completed,0,DPT-020
ATR-001529,EMP-00479,ATT-COI,Conflict of Interest,Yes,2025-11-04,,Overdue,201,DPT-018
ATR-001530,EMP-00479,ATT-COC,Code of Conduct Attestation,Yes,2026-04-22,2026-04-06,Completed,0,DPT-018
ATR-001531,EMP-00479,ATT-PRV,Privacy & Data Handling,Yes,2026-05-12,2026-04-25,Completed,0,DPT-018
ATR-001532,EMP-00479,ATT-INS,Insider Trading Window,Yes,2026-05-11,2026-05-02,Completed,0,DPT-018
ATR-001533,EMP-00480,ATT-COI,Conflict of Interest,Yes,2026-02-10,2026-02-04,Completed,0,DPT-012
ATR-001534,EMP-00480,ATT-COC,Code of Conduct Attestation,Yes,2025-08-05,2025-07-29,Completed,0,DPT-012
ATR-001535,EMP-00480,ATT-PRV,Privacy & Data Handling,Yes,2025-06-13,2025-05-27,Completed,0,DPT-012
ATR-001536,EMP-00480,ATT-INS,Insider Trading Window,Yes,2025-12-04,2025-11-21,Completed,0,DPT-012
ATR-001537,EMP-00483,ATT-COI,Conflict of Interest,Yes,2026-04-29,2026-04-10,Completed,0,DPT-017
ATR-001538,EMP-00483,ATT-COC,Code of Conduct Attestation,Yes,2025-12-10,2025-12-07,Completed,0,DPT-017
ATR-001539,EMP-00483,ATT-PRV,Privacy & Data Handling,Yes,2025-11-28,2025-11-16,Completed,0,DPT-017
ATR-001540,EMP-00483,ATT-INS,Insider Trading Window,Yes,2025-12-29,2025-12-21,Completed,0,DPT-017
ATR-001541,EMP-00484,ATT-COI,Conflict of Interest,Yes,2025-10-28,2025-10-08,Completed,0,DPT-017
ATR-001542,EMP-00484,ATT-COC,Code of Conduct Attestation,Yes,2025-12-08,2025-12-02,Completed,0,DPT-017
ATR-001543,EMP-00484,ATT-PRV,Privacy & Data Handling,Yes,2025-10-23,2025-10-04,Completed,0,DPT-017
ATR-001544,EMP-00484,ATT-INS,Insider Trading Window,Yes,2026-04-01,2026-03-12,Completed,0,DPT-017
ATR-001545,EMP-00485,ATT-COI,Conflict of Interest,Yes,2026-01-08,2026-01-03,Completed,0,DPT-012
ATR-001546,EMP-00485,ATT-COC,Code of Conduct Attestation,Yes,2025-08-16,2025-08-01,Completed,0,DPT-012
ATR-001547,EMP-00485,ATT-PRV,Privacy & Data Handling,Yes,2026-05-13,2026-04-24,Completed,0,DPT-012
ATR-001548,EMP-00485,ATT-INS,Insider Trading Window,Yes,2026-03-29,2026-03-25,Completed,0,DPT-012
ATR-001549,EMP-00486,ATT-COI,Conflict of Interest,Yes,2025-05-30,2025-05-12,Completed,0,DPT-021
ATR-001550,EMP-00486,ATT-COC,Code of Conduct Attestation,Yes,2026-04-27,2026-04-21,Completed,0,DPT-021
ATR-001551,EMP-00486,ATT-PRV,Privacy & Data Handling,Yes,2026-04-20,2026-04-17,Completed,0,DPT-021
ATR-001552,EMP-00486,ATT-INS,Insider Trading Window,Yes,2026-01-03,2025-12-25,Completed,0,DPT-021
ATR-001553,EMP-00487,ATT-COI,Conflict of Interest,Yes,2025-09-01,2025-08-13,Completed,0,DPT-004
ATR-001554,EMP-00487,ATT-COC,Code of Conduct Attestation,Yes,2026-04-21,2026-04-02,Completed,0,DPT-004
ATR-001555,EMP-00487,ATT-PRV,Privacy & Data Handling,Yes,2025-07-09,2025-06-25,Completed,0,DPT-004
ATR-001556,EMP-00487,ATT-INS,Insider Trading Window,Yes,2026-04-26,2026-04-13,Completed,0,DPT-004
ATR-001557,EMP-00489,ATT-COI,Conflict of Interest,Yes,2025-12-13,2025-12-12,Completed,0,DPT-009
ATR-001558,EMP-00489,ATT-COC,Code of Conduct Attestation,Yes,2026-02-18,2026-02-12,Completed,0,DPT-009
ATR-001559,EMP-00489,ATT-PRV,Privacy & Data Handling,Yes,2025-10-13,2025-10-01,Completed,0,DPT-009
ATR-001560,EMP-00489,ATT-INS,Insider Trading Window,Yes,2026-01-24,2026-01-20,Completed,0,DPT-009
ATR-001561,EMP-00491,ATT-COI,Conflict of Interest,Yes,2025-09-02,2025-08-21,Completed,0,DPT-002
ATR-001562,EMP-00491,ATT-COC,Code of Conduct Attestation,Yes,2026-03-14,2026-03-10,Completed,0,DPT-002
ATR-001563,EMP-00491,ATT-PRV,Privacy & Data Handling,Yes,2026-03-05,2026-02-24,Completed,0,DPT-002
ATR-001564,EMP-00491,ATT-INS,Insider Trading Window,Yes,2026-02-24,2026-02-14,Completed,0,DPT-002
ATR-001565,EMP-00492,ATT-COI,Conflict of Interest,Yes,2025-12-16,2025-11-26,Completed,0,DPT-011
ATR-001566,EMP-00492,ATT-COC,Code of Conduct Attestation,Yes,2026-01-31,2026-01-13,Completed,0,DPT-011
ATR-001567,EMP-00492,ATT-PRV,Privacy & Data Handling,Yes,2025-06-01,2025-05-24,Completed,0,DPT-011
ATR-001568,EMP-00492,ATT-INS,Insider Trading Window,Yes,2026-02-21,2026-02-11,Completed,0,DPT-011
ATR-001569,EMP-00493,ATT-COI,Conflict of Interest,Yes,2026-03-15,2026-03-14,Completed,0,DPT-023
ATR-001570,EMP-00493,ATT-COC,Code of Conduct Attestation,Yes,2026-02-17,2026-02-16,Completed,0,DPT-023
ATR-001571,EMP-00493,ATT-PRV,Privacy & Data Handling,Yes,2025-10-30,2025-10-18,Completed,0,DPT-023
ATR-001572,EMP-00493,ATT-INS,Insider Trading Window,Yes,2025-12-03,2025-11-21,Completed,0,DPT-023
ATR-001573,EMP-00494,ATT-COI,Conflict of Interest,Yes,2026-03-04,2026-02-22,Completed,0,DPT-004
ATR-001574,EMP-00494,ATT-COC,Code of Conduct Attestation,Yes,2025-06-11,2025-05-26,Completed,0,DPT-004
ATR-001575,EMP-00494,ATT-PRV,Privacy & Data Handling,Yes,2025-07-21,2025-07-14,Completed,0,DPT-004
ATR-001576,EMP-00494,ATT-INS,Insider Trading Window,Yes,2025-11-30,2025-11-28,Completed,0,DPT-004
ATR-001577,EMP-00495,ATT-COI,Conflict of Interest,Yes,2025-06-09,2025-06-06,Completed,0,DPT-002
ATR-001578,EMP-00495,ATT-COC,Code of Conduct Attestation,Yes,2025-11-17,2025-11-09,Completed,0,DPT-002
ATR-001579,EMP-00495,ATT-PRV,Privacy & Data Handling,Yes,2025-09-29,2025-09-19,Completed,0,DPT-002
ATR-001580,EMP-00495,ATT-INS,Insider Trading Window,Yes,2026-01-28,2026-01-17,Completed,0,DPT-002
ATR-001581,EMP-00496,ATT-COI,Conflict of Interest,Yes,2026-01-01,2025-12-18,Completed,0,DPT-018
ATR-001582,EMP-00496,ATT-COC,Code of Conduct Attestation,Yes,2025-11-09,2025-10-20,Completed,0,DPT-018
ATR-001583,EMP-00496,ATT-PRV,Privacy & Data Handling,Yes,2026-03-26,2026-03-12,Completed,0,DPT-018
ATR-001584,EMP-00496,ATT-INS,Insider Trading Window,Yes,2026-04-27,2026-04-13,Completed,0,DPT-018
ATR-001585,EMP-00498,ATT-COI,Conflict of Interest,Yes,2026-01-06,2025-12-22,Completed,0,DPT-023
ATR-001586,EMP-00498,ATT-COC,Code of Conduct Attestation,Yes,2025-08-28,2025-08-08,Completed,0,DPT-023
ATR-001587,EMP-00498,ATT-PRV,Privacy & Data Handling,Yes,2025-06-18,2025-06-10,Completed,0,DPT-023
ATR-001588,EMP-00498,ATT-INS,Insider Trading Window,Yes,2026-04-06,2026-03-26,Completed,0,DPT-023
ATR-001589,EMP-00499,ATT-COI,Conflict of Interest,Yes,2026-04-16,2026-04-08,Completed,0,DPT-010
ATR-001590,EMP-00499,ATT-COC,Code of Conduct Attestation,Yes,2025-09-13,2025-09-06,Completed,0,DPT-010
ATR-001591,EMP-00499,ATT-PRV,Privacy & Data Handling,Yes,2025-10-28,2025-10-17,Completed,0,DPT-010
ATR-001592,EMP-00499,ATT-INS,Insider Trading Window,Yes,2026-05-18,2026-04-29,Completed,0,DPT-010
ATR-001593,EMP-00501,ATT-COI,Conflict of Interest,Yes,2026-04-27,2026-04-23,Completed,0,DPT-021
ATR-001594,EMP-00501,ATT-COC,Code of Conduct Attestation,Yes,2025-10-11,2025-10-08,Completed,0,DPT-021
ATR-001595,EMP-00501,ATT-PRV,Privacy & Data Handling,Yes,2025-12-05,2025-11-21,Completed,0,DPT-021
ATR-001596,EMP-00501,ATT-INS,Insider Trading Window,Yes,2025-12-05,2025-12-01,Completed,0,DPT-021
ATR-001597,EMP-00502,ATT-COI,Conflict of Interest,Yes,2025-11-08,2025-10-26,Completed,0,DPT-003
ATR-001598,EMP-00502,ATT-COC,Code of Conduct Attestation,Yes,2025-10-19,2025-10-06,Completed,0,DPT-003
ATR-001599,EMP-00502,ATT-PRV,Privacy & Data Handling,Yes,2025-09-27,2025-09-17,Completed,0,DPT-003
ATR-001600,EMP-00502,ATT-INS,Insider Trading Window,Yes,2026-03-03,2026-02-25,Completed,0,DPT-003
ATR-001601,EMP-00503,ATT-COI,Conflict of Interest,Yes,2025-06-26,2025-06-07,Completed,0,DPT-018
ATR-001602,EMP-00503,ATT-COC,Code of Conduct Attestation,Yes,2025-10-03,2025-09-21,Completed,0,DPT-018
ATR-001603,EMP-00503,ATT-PRV,Privacy & Data Handling,Yes,2026-02-09,2026-01-25,Completed,0,DPT-018
ATR-001604,EMP-00503,ATT-INS,Insider Trading Window,Yes,2026-04-05,2026-03-30,Completed,0,DPT-018
ATR-001605,EMP-00504,ATT-COI,Conflict of Interest,Yes,2026-02-18,2026-02-09,Completed,0,DPT-007
ATR-001606,EMP-00504,ATT-COC,Code of Conduct Attestation,Yes,2026-03-18,2026-02-28,Completed,0,DPT-007
ATR-001607,EMP-00504,ATT-PRV,Privacy & Data Handling,Yes,2026-02-13,2026-01-25,Completed,0,DPT-007
ATR-001608,EMP-00504,ATT-INS,Insider Trading Window,Yes,2025-12-19,2025-12-06,Completed,0,DPT-007
ATR-001609,EMP-00505,ATT-COI,Conflict of Interest,Yes,2026-02-27,2026-05-02,Completed,0,DPT-003
ATR-001610,EMP-00505,ATT-COC,Code of Conduct Attestation,Yes,2026-03-05,2026-05-02,Completed,0,DPT-003
ATR-001611,EMP-00505,ATT-PRV,Privacy & Data Handling,Yes,2025-07-04,2026-04-26,Completed,0,DPT-003
ATR-001612,EMP-00505,ATT-INS,Insider Trading Window,Yes,2026-04-20,2026-04-25,Completed,0,DPT-003
ATR-001613,EMP-00506,ATT-COI,Conflict of Interest,Yes,2025-06-07,2025-05-27,Completed,0,DPT-009
ATR-001614,EMP-00506,ATT-COC,Code of Conduct Attestation,Yes,2025-08-19,2025-08-03,Completed,0,DPT-009
ATR-001615,EMP-00506,ATT-PRV,Privacy & Data Handling,Yes,2026-01-17,2026-01-10,Completed,0,DPT-009
ATR-001616,EMP-00506,ATT-INS,Insider Trading Window,Yes,2026-04-16,2026-04-15,Completed,0,DPT-009
ATR-001617,EMP-00508,ATT-COI,Conflict of Interest,Yes,2026-04-02,2026-03-14,Completed,0,DPT-009
ATR-001618,EMP-00508,ATT-COC,Code of Conduct Attestation,Yes,2025-09-15,2025-08-27,Completed,0,DPT-009
ATR-001619,EMP-00508,ATT-PRV,Privacy & Data Handling,Yes,2025-10-06,2025-10-04,Completed,0,DPT-009
ATR-001620,EMP-00508,ATT-INS,Insider Trading Window,Yes,2026-04-08,2026-03-25,Completed,0,DPT-009
ATR-001621,EMP-00509,ATT-COI,Conflict of Interest,Yes,2026-02-04,2026-01-17,Completed,0,DPT-005
ATR-001622,EMP-00509,ATT-COC,Code of Conduct Attestation,Yes,2025-12-20,2025-12-12,Completed,0,DPT-005
ATR-001623,EMP-00509,ATT-PRV,Privacy & Data Handling,Yes,2025-09-14,2025-09-03,Completed,0,DPT-005
ATR-001624,EMP-00509,ATT-INS,Insider Trading Window,Yes,2026-04-05,2026-04-03,Completed,0,DPT-005
ATR-001625,EMP-00511,ATT-COI,Conflict of Interest,Yes,2026-03-10,2026-02-19,Completed,0,DPT-018
ATR-001626,EMP-00511,ATT-COC,Code of Conduct Attestation,Yes,2026-05-09,2026-04-26,Completed,0,DPT-018
ATR-001627,EMP-00511,ATT-PRV,Privacy & Data Handling,Yes,2026-03-25,2026-03-09,Completed,0,DPT-018
ATR-001628,EMP-00511,ATT-INS,Insider Trading Window,Yes,2026-04-18,2026-04-17,Completed,0,DPT-018
ATR-001629,EMP-00512,ATT-COI,Conflict of Interest,Yes,2026-02-20,2026-02-17,Completed,0,DPT-026
ATR-001630,EMP-00512,ATT-COC,Code of Conduct Attestation,Yes,2025-09-24,2025-09-04,Completed,0,DPT-026
ATR-001631,EMP-00512,ATT-PRV,Privacy & Data Handling,Yes,2025-08-14,2025-08-12,Completed,0,DPT-026
ATR-001632,EMP-00512,ATT-INS,Insider Trading Window,Yes,2026-04-26,2026-04-08,Completed,0,DPT-026
ATR-001633,EMP-00513,ATT-COI,Conflict of Interest,Yes,2025-10-22,2025-10-19,Completed,0,DPT-006
ATR-001634,EMP-00513,ATT-COC,Code of Conduct Attestation,Yes,2026-02-14,2026-02-09,Completed,0,DPT-006
ATR-001635,EMP-00513,ATT-PRV,Privacy & Data Handling,Yes,2025-09-04,2025-08-31,Completed,0,DPT-006
ATR-001636,EMP-00513,ATT-INS,Insider Trading Window,Yes,2026-05-05,2026-04-23,Completed,0,DPT-006
ATR-001637,EMP-00515,ATT-COI,Conflict of Interest,Yes,2026-02-12,2026-02-11,Completed,0,DPT-003
ATR-001638,EMP-00515,ATT-COC,Code of Conduct Attestation,Yes,2025-07-13,2025-06-27,Completed,0,DPT-003
ATR-001639,EMP-00515,ATT-PRV,Privacy & Data Handling,Yes,2025-09-30,2025-09-11,Completed,0,DPT-003
ATR-001640,EMP-00515,ATT-INS,Insider Trading Window,Yes,2025-12-09,2025-11-19,Completed,0,DPT-003
ATR-001641,EMP-00517,ATT-COI,Conflict of Interest,Yes,2026-04-14,2026-03-26,Completed,0,DPT-006
ATR-001642,EMP-00517,ATT-COC,Code of Conduct Attestation,Yes,2025-11-26,2025-11-24,Completed,0,DPT-006
ATR-001643,EMP-00517,ATT-PRV,Privacy & Data Handling,Yes,2025-07-15,2025-07-24,Completed,0,DPT-006
ATR-001644,EMP-00517,ATT-INS,Insider Trading Window,Yes,2025-12-26,2025-12-11,Completed,0,DPT-006
ATR-001645,EMP-00518,ATT-COI,Conflict of Interest,Yes,2025-09-11,2025-09-02,Completed,0,DPT-022
ATR-001646,EMP-00518,ATT-COC,Code of Conduct Attestation,Yes,2025-07-22,2025-07-17,Completed,0,DPT-022
ATR-001647,EMP-00518,ATT-PRV,Privacy & Data Handling,Yes,2025-11-11,2025-11-10,Completed,0,DPT-022
ATR-001648,EMP-00518,ATT-INS,Insider Trading Window,Yes,2026-02-09,2026-01-21,Completed,0,DPT-022
ATR-001649,EMP-00519,ATT-COI,Conflict of Interest,Yes,2026-05-06,2026-04-20,Completed,0,DPT-001
ATR-001650,EMP-00519,ATT-COC,Code of Conduct Attestation,Yes,2026-03-11,2026-03-02,Completed,0,DPT-001
ATR-001651,EMP-00519,ATT-PRV,Privacy & Data Handling,Yes,2026-04-21,2026-04-12,Completed,0,DPT-001
ATR-001652,EMP-00519,ATT-INS,Insider Trading Window,Yes,2026-02-23,2026-02-04,Completed,0,DPT-001
ATR-001653,EMP-00520,ATT-COI,Conflict of Interest,Yes,2025-06-06,2025-06-05,Completed,0,DPT-001
ATR-001654,EMP-00520,ATT-COC,Code of Conduct Attestation,Yes,2025-12-22,2025-12-19,Completed,0,DPT-001
ATR-001655,EMP-00520,ATT-PRV,Privacy & Data Handling,Yes,2025-09-27,2025-09-11,Completed,0,DPT-001
ATR-001656,EMP-00520,ATT-INS,Insider Trading Window,Yes,2026-01-08,2026-01-05,Completed,0,DPT-001
ATR-001657,EMP-00521,ATT-COI,Conflict of Interest,Yes,2025-09-06,2025-08-23,Completed,0,DPT-006
ATR-001658,EMP-00521,ATT-COC,Code of Conduct Attestation,Yes,2025-09-08,2025-08-20,Completed,0,DPT-006
ATR-001659,EMP-00521,ATT-PRV,Privacy & Data Handling,Yes,2025-07-19,2025-09-03,Completed,0,DPT-006
ATR-001660,EMP-00521,ATT-INS,Insider Trading Window,Yes,2026-01-21,2026-01-09,Completed,0,DPT-006
ATR-001661,EMP-00522,ATT-COI,Conflict of Interest,Yes,2025-06-08,2025-06-07,Completed,0,DPT-018
ATR-001662,EMP-00522,ATT-COC,Code of Conduct Attestation,Yes,2025-08-03,2025-07-22,Completed,0,DPT-018
ATR-001663,EMP-00522,ATT-PRV,Privacy & Data Handling,Yes,2025-06-13,2025-06-03,Completed,0,DPT-018
ATR-001664,EMP-00522,ATT-INS,Insider Trading Window,Yes,2026-01-11,2026-01-04,Completed,0,DPT-018
ATR-001665,EMP-00523,ATT-COI,Conflict of Interest,Yes,2025-12-25,2025-12-17,Completed,0,DPT-002
ATR-001666,EMP-00523,ATT-COC,Code of Conduct Attestation,Yes,2025-08-09,2025-08-04,Completed,0,DPT-002
ATR-001667,EMP-00523,ATT-PRV,Privacy & Data Handling,Yes,2025-11-20,2025-11-09,Completed,0,DPT-002
ATR-001668,EMP-00523,ATT-INS,Insider Trading Window,Yes,2026-01-12,2026-01-06,Completed,0,DPT-002
ATR-001669,EMP-00525,ATT-COI,Conflict of Interest,Yes,2026-04-24,2026-04-06,Completed,0,DPT-023
ATR-001670,EMP-00525,ATT-COC,Code of Conduct Attestation,Yes,2025-08-21,2025-08-01,Completed,0,DPT-023
ATR-001671,EMP-00525,ATT-PRV,Privacy & Data Handling,Yes,2025-09-04,2025-08-28,Completed,0,DPT-023
ATR-001672,EMP-00525,ATT-INS,Insider Trading Window,Yes,2026-03-09,2026-02-17,Completed,0,DPT-023
ATR-001673,EMP-00526,ATT-COI,Conflict of Interest,Yes,2025-08-04,2025-07-24,Completed,0,DPT-022
ATR-001674,EMP-00526,ATT-COC,Code of Conduct Attestation,Yes,2026-03-09,2026-02-26,Completed,0,DPT-022
ATR-001675,EMP-00526,ATT-PRV,Privacy & Data Handling,Yes,2026-02-08,2026-01-20,Completed,0,DPT-022
ATR-001676,EMP-00526,ATT-INS,Insider Trading Window,Yes,2025-12-23,2025-12-18,Completed,0,DPT-022
ATR-001677,EMP-00527,ATT-COI,Conflict of Interest,Yes,2025-10-03,2025-09-26,Completed,0,DPT-002
ATR-001678,EMP-00527,ATT-COC,Code of Conduct Attestation,Yes,2025-07-04,2025-06-16,Completed,0,DPT-002
ATR-001679,EMP-00527,ATT-PRV,Privacy & Data Handling,Yes,2026-04-06,2026-04-05,Completed,0,DPT-002
ATR-001680,EMP-00527,ATT-INS,Insider Trading Window,Yes,2026-04-18,2026-04-04,Completed,0,DPT-002
ATR-001681,EMP-00529,ATT-COI,Conflict of Interest,Yes,2025-12-23,2025-12-09,Completed,0,DPT-010
ATR-001682,EMP-00529,ATT-COC,Code of Conduct Attestation,Yes,2026-01-15,2025-12-26,Completed,0,DPT-010
ATR-001683,EMP-00529,ATT-PRV,Privacy & Data Handling,Yes,2025-08-20,2025-08-07,Completed,0,DPT-010
ATR-001684,EMP-00529,ATT-INS,Insider Trading Window,Yes,2026-01-18,2026-01-17,Completed,0,DPT-010
ATR-001685,EMP-00530,ATT-COI,Conflict of Interest,Yes,2025-08-31,2025-08-20,Completed,0,DPT-011
ATR-001686,EMP-00530,ATT-COC,Code of Conduct Attestation,Yes,2026-03-19,2026-03-06,Completed,0,DPT-011
ATR-001687,EMP-00530,ATT-PRV,Privacy & Data Handling,Yes,2025-12-04,2025-11-27,Completed,0,DPT-011
ATR-001688,EMP-00530,ATT-INS,Insider Trading Window,Yes,2025-12-18,2025-11-28,Completed,0,DPT-011
ATR-001689,EMP-00531,ATT-COI,Conflict of Interest,Yes,2026-01-22,2026-01-18,Completed,0,DPT-005
ATR-001690,EMP-00531,ATT-COC,Code of Conduct Attestation,Yes,2025-05-30,2025-05-24,Completed,0,DPT-005
ATR-001691,EMP-00531,ATT-PRV,Privacy & Data Handling,Yes,2025-06-20,2025-06-09,Completed,0,DPT-005
ATR-001692,EMP-00531,ATT-INS,Insider Trading Window,Yes,2026-01-15,2026-01-04,Completed,0,DPT-005
ATR-001693,EMP-00532,ATT-COI,Conflict of Interest,Yes,2025-08-18,2025-08-14,Completed,0,DPT-007
ATR-001694,EMP-00532,ATT-COC,Code of Conduct Attestation,Yes,2025-12-12,2025-11-28,Completed,0,DPT-007
ATR-001695,EMP-00532,ATT-PRV,Privacy & Data Handling,Yes,2025-07-07,2025-07-06,Completed,0,DPT-007
ATR-001696,EMP-00532,ATT-INS,Insider Trading Window,Yes,2026-01-28,2026-01-18,Completed,0,DPT-007
ATR-001697,EMP-00533,ATT-COI,Conflict of Interest,Yes,2025-06-13,2025-06-03,Completed,0,DPT-020
ATR-001698,EMP-00533,ATT-COC,Code of Conduct Attestation,Yes,2025-11-10,2025-10-31,Completed,0,DPT-020
ATR-001699,EMP-00533,ATT-PRV,Privacy & Data Handling,Yes,2026-04-03,2026-03-21,Completed,0,DPT-020
ATR-001700,EMP-00533,ATT-INS,Insider Trading Window,Yes,2026-02-27,2026-02-10,Completed,0,DPT-020
ATR-001701,EMP-00535,ATT-COI,Conflict of Interest,Yes,2026-04-24,2026-04-11,Completed,0,DPT-001
ATR-001702,EMP-00535,ATT-COC,Code of Conduct Attestation,Yes,2026-03-17,2026-03-01,Completed,0,DPT-001
ATR-001703,EMP-00535,ATT-PRV,Privacy & Data Handling,Yes,2026-04-30,2026-04-23,Completed,0,DPT-001
ATR-001704,EMP-00535,ATT-INS,Insider Trading Window,Yes,2026-02-04,2026-01-16,Completed,0,DPT-001
ATR-001705,EMP-00536,ATT-COI,Conflict of Interest,Yes,2025-08-08,2025-07-21,Completed,0,DPT-012
ATR-001706,EMP-00536,ATT-COC,Code of Conduct Attestation,Yes,2025-12-22,2025-12-08,Completed,0,DPT-012
ATR-001707,EMP-00536,ATT-PRV,Privacy & Data Handling,Yes,2025-10-21,2025-10-05,Completed,0,DPT-012
ATR-001708,EMP-00536,ATT-INS,Insider Trading Window,Yes,2025-12-29,2025-12-19,Completed,0,DPT-012
ATR-001709,EMP-00537,ATT-COI,Conflict of Interest,Yes,2026-01-01,2025-12-26,Completed,0,DPT-017
ATR-001710,EMP-00537,ATT-COC,Code of Conduct Attestation,Yes,2025-11-09,2025-11-02,Completed,0,DPT-017
ATR-001711,EMP-00537,ATT-PRV,Privacy & Data Handling,Yes,2025-12-07,2025-11-29,Completed,0,DPT-017
ATR-001712,EMP-00537,ATT-INS,Insider Trading Window,Yes,2026-04-28,2026-04-20,Completed,0,DPT-017
ATR-001713,EMP-00538,ATT-COI,Conflict of Interest,Yes,2025-08-11,2025-08-09,Completed,0,DPT-002
ATR-001714,EMP-00538,ATT-COC,Code of Conduct Attestation,Yes,2026-03-17,2026-03-09,Completed,0,DPT-002
ATR-001715,EMP-00538,ATT-PRV,Privacy & Data Handling,Yes,2026-05-18,2026-05-16,Completed,0,DPT-002
ATR-001716,EMP-00538,ATT-INS,Insider Trading Window,Yes,2026-01-31,2026-01-27,Completed,0,DPT-002
ATR-001717,EMP-00539,ATT-COI,Conflict of Interest,Yes,2025-06-09,2025-05-31,Completed,0,DPT-007
ATR-001718,EMP-00539,ATT-COC,Code of Conduct Attestation,Yes,2026-02-04,2026-01-18,Completed,0,DPT-007
ATR-001719,EMP-00539,ATT-PRV,Privacy & Data Handling,Yes,2025-11-16,2025-10-28,Completed,0,DPT-007
ATR-001720,EMP-00539,ATT-INS,Insider Trading Window,Yes,2026-01-21,2026-01-04,Completed,0,DPT-007
ATR-001721,EMP-00541,ATT-COI,Conflict of Interest,Yes,2025-07-21,2025-07-01,Completed,0,DPT-014
ATR-001722,EMP-00541,ATT-COC,Code of Conduct Attestation,Yes,2025-07-14,2025-07-07,Completed,0,DPT-014
ATR-001723,EMP-00541,ATT-PRV,Privacy & Data Handling,Yes,2025-10-09,2025-10-05,Completed,0,DPT-014
ATR-001724,EMP-00541,ATT-INS,Insider Trading Window,Yes,2025-12-20,2025-12-01,Completed,0,DPT-014
ATR-001725,EMP-00542,ATT-COI,Conflict of Interest,Yes,2026-03-11,2026-03-08,Completed,0,DPT-020
ATR-001726,EMP-00542,ATT-COC,Code of Conduct Attestation,Yes,2026-02-20,2026-02-17,Completed,0,DPT-020
ATR-001727,EMP-00542,ATT-PRV,Privacy & Data Handling,Yes,2026-04-11,2026-04-02,Completed,0,DPT-020
ATR-001728,EMP-00542,ATT-INS,Insider Trading Window,Yes,2026-04-01,2026-03-18,Completed,0,DPT-020
ATR-001729,EMP-00543,ATT-COI,Conflict of Interest,Yes,2026-03-15,2026-02-25,Completed,0,DPT-002
ATR-001730,EMP-00543,ATT-COC,Code of Conduct Attestation,Yes,2025-10-25,2025-10-07,Completed,0,DPT-002
ATR-001731,EMP-00543,ATT-PRV,Privacy & Data Handling,Yes,2025-08-24,2025-08-11,Completed,0,DPT-002
ATR-001732,EMP-00543,ATT-INS,Insider Trading Window,Yes,2026-04-22,2026-04-14,Completed,0,DPT-002
ATR-001733,EMP-00544,ATT-COI,Conflict of Interest,Yes,2025-06-04,2026-05-22,Completed,0,DPT-001
ATR-001734,EMP-00544,ATT-COC,Code of Conduct Attestation,Yes,2025-07-03,2026-06-02,Completed,0,DPT-001
ATR-001735,EMP-00544,ATT-PRV,Privacy & Data Handling,Yes,2025-08-03,2026-05-29,Completed,0,DPT-001
ATR-001736,EMP-00544,ATT-INS,Insider Trading Window,Yes,2026-01-21,2026-05-31,Completed,0,DPT-001
ATR-001737,EMP-00545,ATT-COI,Conflict of Interest,Yes,2026-01-11,2026-02-05,Completed,0,DPT-023
ATR-001738,EMP-00545,ATT-COC,Code of Conduct Attestation,Yes,2025-11-18,2026-02-04,Completed,0,DPT-023
ATR-001739,EMP-00545,ATT-PRV,Privacy & Data Handling,Yes,2026-03-27,2026-03-20,Completed,0,DPT-023
ATR-001740,EMP-00545,ATT-INS,Insider Trading Window,Yes,2026-01-17,2026-01-29,Completed,0,DPT-023
ATR-001741,EMP-00547,ATT-COI,Conflict of Interest,Yes,2026-02-20,2026-02-06,Completed,0,DPT-004
ATR-001742,EMP-00547,ATT-COC,Code of Conduct Attestation,Yes,2026-05-03,2026-04-28,Completed,0,DPT-004
ATR-001743,EMP-00547,ATT-PRV,Privacy & Data Handling,Yes,2025-06-11,2025-05-30,Completed,0,DPT-004
ATR-001744,EMP-00547,ATT-INS,Insider Trading Window,Yes,2026-01-30,2026-01-18,Completed,0,DPT-004
ATR-001745,EMP-00548,ATT-COI,Conflict of Interest,Yes,2025-07-01,2025-06-26,Completed,0,DPT-009
ATR-001746,EMP-00548,ATT-COC,Code of Conduct Attestation,Yes,2026-04-26,,Overdue,28,DPT-009
ATR-001747,EMP-00548,ATT-PRV,Privacy & Data Handling,Yes,2025-12-17,2025-11-27,Completed,0,DPT-009
ATR-001748,EMP-00548,ATT-INS,Insider Trading Window,Yes,2025-12-10,2025-12-07,Completed,0,DPT-009
ATR-001749,EMP-00549,ATT-COI,Conflict of Interest,Yes,2025-12-02,2026-04-15,Completed,0,DPT-018
ATR-001750,EMP-00549,ATT-COC,Code of Conduct Attestation,Yes,2026-02-23,2026-04-14,Completed,0,DPT-018
ATR-001751,EMP-00549,ATT-PRV,Privacy & Data Handling,Yes,2026-04-05,2026-04-18,Completed,0,DPT-018
ATR-001752,EMP-00549,ATT-INS,Insider Trading Window,Yes,2025-12-29,2026-04-20,Completed,0,DPT-018
ATR-001753,EMP-00550,ATT-COI,Conflict of Interest,Yes,2025-12-17,2025-12-14,Completed,0,DPT-012
ATR-001754,EMP-00550,ATT-COC,Code of Conduct Attestation,Yes,2026-03-17,2026-03-16,Completed,0,DPT-012
ATR-001755,EMP-00550,ATT-PRV,Privacy & Data Handling,Yes,2025-07-04,2025-08-11,Completed,0,DPT-012
ATR-001756,EMP-00550,ATT-INS,Insider Trading Window,Yes,2026-04-12,2026-03-29,Completed,0,DPT-012
ATR-001757,EMP-00551,ATT-COI,Conflict of Interest,Yes,2026-05-11,2026-05-02,Completed,0,DPT-020
ATR-001758,EMP-00551,ATT-COC,Code of Conduct Attestation,Yes,2025-05-29,2025-05-16,Completed,0,DPT-020
ATR-001759,EMP-00551,ATT-PRV,Privacy & Data Handling,Yes,2025-05-29,2025-05-20,Completed,0,DPT-020
ATR-001760,EMP-00551,ATT-INS,Insider Trading Window,Yes,2026-04-09,,Overdue,45,DPT-020
ATR-001761,EMP-00552,ATT-COI,Conflict of Interest,Yes,2026-03-16,2026-02-25,Completed,0,DPT-009
ATR-001762,EMP-00552,ATT-COC,Code of Conduct Attestation,Yes,2026-03-07,2026-03-06,Completed,0,DPT-009
ATR-001763,EMP-00552,ATT-PRV,Privacy & Data Handling,Yes,2026-04-12,2026-04-08,Completed,0,DPT-009
ATR-001764,EMP-00552,ATT-INS,Insider Trading Window,Yes,2026-04-22,2026-04-20,Completed,0,DPT-009
ATR-001765,EMP-00554,ATT-COI,Conflict of Interest,Yes,2026-04-08,2026-04-06,Completed,0,DPT-018
ATR-001766,EMP-00554,ATT-COC,Code of Conduct Attestation,Yes,2025-12-31,2025-12-12,Completed,0,DPT-018
ATR-001767,EMP-00554,ATT-PRV,Privacy & Data Handling,Yes,2026-02-09,2026-02-02,Completed,0,DPT-018
ATR-001768,EMP-00554,ATT-INS,Insider Trading Window,Yes,2025-11-28,2025-11-22,Completed,0,DPT-018
ATR-001769,EMP-00555,ATT-COI,Conflict of Interest,Yes,2025-06-29,2025-06-22,Completed,0,DPT-005
ATR-001770,EMP-00555,ATT-COC,Code of Conduct Attestation,Yes,2025-09-21,2025-09-14,Completed,0,DPT-005
ATR-001771,EMP-00555,ATT-PRV,Privacy & Data Handling,Yes,2025-06-01,2025-05-16,Completed,0,DPT-005
ATR-001772,EMP-00555,ATT-INS,Insider Trading Window,Yes,2026-03-30,2026-03-17,Completed,0,DPT-005
ATR-001773,EMP-00556,ATT-COI,Conflict of Interest,Yes,2025-06-29,2025-12-30,Completed,0,DPT-014
ATR-001774,EMP-00556,ATT-COC,Code of Conduct Attestation,Yes,2025-09-22,2025-12-19,Completed,0,DPT-014
ATR-001775,EMP-00556,ATT-PRV,Privacy & Data Handling,Yes,2025-11-09,2025-12-27,Completed,0,DPT-014
ATR-001776,EMP-00556,ATT-INS,Insider Trading Window,Yes,2025-12-25,2025-12-19,Completed,0,DPT-014
ATR-001777,EMP-00558,ATT-COI,Conflict of Interest,Yes,2025-10-12,2025-10-07,Completed,0,DPT-017
ATR-001778,EMP-00558,ATT-COC,Code of Conduct Attestation,Yes,2025-12-18,2025-12-07,Completed,0,DPT-017
ATR-001779,EMP-00558,ATT-PRV,Privacy & Data Handling,Yes,2026-03-22,2026-03-19,Completed,0,DPT-017
ATR-001780,EMP-00558,ATT-INS,Insider Trading Window,Yes,2026-04-01,2026-03-31,Completed,0,DPT-017
ATR-001781,EMP-00559,ATT-COI,Conflict of Interest,Yes,2026-02-15,2026-01-26,Completed,0,DPT-013
ATR-001782,EMP-00559,ATT-COC,Code of Conduct Attestation,Yes,2025-10-08,2025-10-04,Completed,0,DPT-013
ATR-001783,EMP-00559,ATT-PRV,Privacy & Data Handling,Yes,2025-12-22,2025-12-10,Completed,0,DPT-013
ATR-001784,EMP-00559,ATT-INS,Insider Trading Window,Yes,2026-03-16,2026-03-03,Completed,0,DPT-013
ATR-001785,EMP-00560,ATT-COI,Conflict of Interest,Yes,2025-12-19,2025-12-02,Completed,0,DPT-001
ATR-001786,EMP-00560,ATT-COC,Code of Conduct Attestation,Yes,2025-07-16,2025-06-28,Completed,0,DPT-001
ATR-001787,EMP-00560,ATT-PRV,Privacy & Data Handling,Yes,2025-08-01,2025-07-31,Completed,0,DPT-001
ATR-001788,EMP-00560,ATT-INS,Insider Trading Window,Yes,2026-04-19,2026-04-16,Completed,0,DPT-001
ATR-001789,EMP-00561,ATT-COI,Conflict of Interest,Yes,2025-07-02,2025-07-01,Completed,0,DPT-001
ATR-001790,EMP-00561,ATT-COC,Code of Conduct Attestation,Yes,2025-07-06,2025-06-28,Completed,0,DPT-001
ATR-001791,EMP-00561,ATT-PRV,Privacy & Data Handling,Yes,2025-08-19,2025-08-12,Completed,0,DPT-001
ATR-001792,EMP-00561,ATT-INS,Insider Trading Window,Yes,2026-02-25,2026-02-15,Completed,0,DPT-001
ATR-001793,EMP-00562,ATT-COI,Conflict of Interest,Yes,2026-03-25,2026-03-05,Completed,0,DPT-007
ATR-001794,EMP-00562,ATT-COC,Code of Conduct Attestation,Yes,2025-06-15,2025-06-09,Completed,0,DPT-007
ATR-001795,EMP-00562,ATT-PRV,Privacy & Data Handling,Yes,2026-05-03,2026-05-02,Completed,0,DPT-007
ATR-001796,EMP-00562,ATT-INS,Insider Trading Window,Yes,2026-02-22,2026-02-21,Completed,0,DPT-007
ATR-001797,EMP-00563,ATT-COI,Conflict of Interest,Yes,2025-10-20,2025-10-16,Completed,0,DPT-015
ATR-001798,EMP-00563,ATT-COC,Code of Conduct Attestation,Yes,2026-04-13,2026-03-29,Completed,0,DPT-015
ATR-001799,EMP-00563,ATT-PRV,Privacy & Data Handling,Yes,2025-11-07,2025-11-05,Completed,0,DPT-015
ATR-001800,EMP-00563,ATT-INS,Insider Trading Window,Yes,2026-02-17,2026-02-14,Completed,0,DPT-015
ATR-001801,EMP-00564,ATT-COI,Conflict of Interest,Yes,2025-09-07,2025-08-26,Completed,0,DPT-009
ATR-001802,EMP-00564,ATT-COC,Code of Conduct Attestation,Yes,2025-08-17,2025-08-13,Completed,0,DPT-009
ATR-001803,EMP-00564,ATT-PRV,Privacy & Data Handling,Yes,2025-08-16,2025-08-15,Completed,0,DPT-009
ATR-001804,EMP-00564,ATT-INS,Insider Trading Window,Yes,2025-12-14,2025-11-26,Completed,0,DPT-009
ATR-001805,EMP-00565,ATT-COI,Conflict of Interest,Yes,2025-10-08,2025-10-07,Completed,0,DPT-001
ATR-001806,EMP-00565,ATT-COC,Code of Conduct Attestation,Yes,2025-06-19,2025-06-13,Completed,0,DPT-001
ATR-001807,EMP-00565,ATT-PRV,Privacy & Data Handling,Yes,2026-04-01,2026-03-13,Completed,0,DPT-001
ATR-001808,EMP-00565,ATT-INS,Insider Trading Window,Yes,2026-05-05,2026-04-29,Completed,0,DPT-001
ATR-001809,EMP-00566,ATT-COI,Conflict of Interest,Yes,2025-07-18,2025-07-15,Completed,0,DPT-006
ATR-001810,EMP-00566,ATT-COC,Code of Conduct Attestation,Yes,2025-09-19,2025-09-07,Completed,0,DPT-006
ATR-001811,EMP-00566,ATT-PRV,Privacy & Data Handling,Yes,2026-01-17,2026-01-03,Completed,0,DPT-006
ATR-001812,EMP-00566,ATT-INS,Insider Trading Window,Yes,2026-02-22,2026-02-08,Completed,0,DPT-006
ATR-001813,EMP-00567,ATT-COI,Conflict of Interest,Yes,2025-09-10,2025-08-22,Completed,0,DPT-021
ATR-001814,EMP-00567,ATT-COC,Code of Conduct Attestation,Yes,2025-10-26,2025-10-25,Completed,0,DPT-021
ATR-001815,EMP-00567,ATT-PRV,Privacy & Data Handling,Yes,2026-05-07,2026-04-26,Completed,0,DPT-021
ATR-001816,EMP-00567,ATT-INS,Insider Trading Window,Yes,2026-01-05,2026-01-01,Completed,0,DPT-021
ATR-001817,EMP-00568,ATT-COI,Conflict of Interest,Yes,2026-03-17,2026-03-04,Completed,0,DPT-016
ATR-001818,EMP-00568,ATT-COC,Code of Conduct Attestation,Yes,2026-04-01,2026-03-28,Completed,0,DPT-016
ATR-001819,EMP-00568,ATT-PRV,Privacy & Data Handling,Yes,2026-04-17,2026-04-14,Completed,0,DPT-016
ATR-001820,EMP-00568,ATT-INS,Insider Trading Window,Yes,2026-05-03,2026-04-15,Completed,0,DPT-016
ATR-001821,EMP-00569,ATT-COI,Conflict of Interest,Yes,2026-02-13,2026-02-12,Completed,0,DPT-006
ATR-001822,EMP-00569,ATT-COC,Code of Conduct Attestation,Yes,2025-06-23,2025-06-20,Completed,0,DPT-006
ATR-001823,EMP-00569,ATT-PRV,Privacy & Data Handling,Yes,2025-08-27,2025-08-17,Completed,0,DPT-006
ATR-001824,EMP-00569,ATT-INS,Insider Trading Window,Yes,2026-01-16,2026-01-03,Completed,0,DPT-006
ATR-001825,EMP-00570,ATT-COI,Conflict of Interest,Yes,2025-10-16,2025-10-06,Completed,0,DPT-002
ATR-001826,EMP-00570,ATT-COC,Code of Conduct Attestation,Yes,2026-05-04,2026-04-26,Completed,0,DPT-002
ATR-001827,EMP-00570,ATT-PRV,Privacy & Data Handling,Yes,2025-08-05,2025-07-24,Completed,0,DPT-002
ATR-001828,EMP-00570,ATT-INS,Insider Trading Window,Yes,2026-02-06,2026-01-26,Completed,0,DPT-002
ATR-001829,EMP-00571,ATT-COI,Conflict of Interest,Yes,2025-11-08,2025-11-04,Completed,0,DPT-019
ATR-001830,EMP-00571,ATT-COC,Code of Conduct Attestation,Yes,2025-09-22,2025-09-18,Completed,0,DPT-019
ATR-001831,EMP-00571,ATT-PRV,Privacy & Data Handling,Yes,2026-04-30,2026-04-14,Completed,0,DPT-019
ATR-001832,EMP-00571,ATT-INS,Insider Trading Window,Yes,2026-01-27,2026-01-20,Completed,0,DPT-019
ATR-001833,EMP-00572,ATT-COI,Conflict of Interest,Yes,2026-01-21,2026-01-07,Completed,0,DPT-009
ATR-001834,EMP-00572,ATT-COC,Code of Conduct Attestation,Yes,2026-03-03,2026-02-16,Completed,0,DPT-009
ATR-001835,EMP-00572,ATT-PRV,Privacy & Data Handling,Yes,2025-10-31,2025-10-25,Completed,0,DPT-009
ATR-001836,EMP-00572,ATT-INS,Insider Trading Window,Yes,2026-04-28,2026-04-17,Completed,0,DPT-009
ATR-001837,EMP-00573,ATT-COI,Conflict of Interest,Yes,2025-10-21,2026-05-03,Completed,0,DPT-026
ATR-001838,EMP-00573,ATT-COC,Code of Conduct Attestation,Yes,2025-08-20,2026-05-06,Completed,0,DPT-026
ATR-001839,EMP-00573,ATT-PRV,Privacy & Data Handling,Yes,2025-07-19,2026-05-08,Completed,0,DPT-026
ATR-001840,EMP-00573,ATT-INS,Insider Trading Window,Yes,2025-12-30,2026-05-01,Completed,0,DPT-026
ATR-001841,EMP-00574,ATT-COI,Conflict of Interest,Yes,2025-09-10,2025-09-02,Completed,0,DPT-011
ATR-001842,EMP-00574,ATT-COC,Code of Conduct Attestation,Yes,2026-03-12,2026-03-03,Completed,0,DPT-011
ATR-001843,EMP-00574,ATT-PRV,Privacy & Data Handling,Yes,2026-02-16,2026-02-04,Completed,0,DPT-011
ATR-001844,EMP-00574,ATT-INS,Insider Trading Window,Yes,2026-05-01,2026-04-18,Completed,0,DPT-011
ATR-001845,EMP-00575,ATT-COI,Conflict of Interest,Yes,2026-05-23,2026-05-05,Completed,0,DPT-001
ATR-001846,EMP-00575,ATT-COC,Code of Conduct Attestation,Yes,2025-06-07,2026-04-26,Completed,0,DPT-001
ATR-001847,EMP-00575,ATT-PRV,Privacy & Data Handling,Yes,2025-09-23,2026-04-18,Completed,0,DPT-001
ATR-001848,EMP-00575,ATT-INS,Insider Trading Window,Yes,2026-01-29,2026-04-19,Completed,0,DPT-001
ATR-001849,EMP-00576,ATT-COI,Conflict of Interest,Yes,2026-01-13,2026-01-04,Completed,0,DPT-002
ATR-001850,EMP-00576,ATT-COC,Code of Conduct Attestation,Yes,2025-12-14,2025-12-11,Completed,0,DPT-002
ATR-001851,EMP-00576,ATT-PRV,Privacy & Data Handling,Yes,2026-04-02,2026-03-14,Completed,0,DPT-002
ATR-001852,EMP-00576,ATT-INS,Insider Trading Window,Yes,2026-05-07,2026-04-26,Completed,0,DPT-002
ATR-001853,EMP-00577,ATT-COI,Conflict of Interest,Yes,2026-02-21,2026-02-05,Completed,0,DPT-021
ATR-001854,EMP-00577,ATT-COC,Code of Conduct Attestation,Yes,2026-03-14,2026-03-06,Completed,0,DPT-021
ATR-001855,EMP-00577,ATT-PRV,Privacy & Data Handling,Yes,2026-03-07,2026-02-21,Completed,0,DPT-021
ATR-001856,EMP-00577,ATT-INS,Insider Trading Window,Yes,2025-12-04,2025-11-18,Completed,0,DPT-021
ATR-001857,EMP-00578,ATT-COI,Conflict of Interest,Yes,2026-02-28,2026-02-18,Completed,0,DPT-018
ATR-001858,EMP-00578,ATT-COC,Code of Conduct Attestation,Yes,2026-04-19,2026-04-07,Completed,0,DPT-018
ATR-001859,EMP-00578,ATT-PRV,Privacy & Data Handling,Yes,2026-01-15,2026-01-10,Completed,0,DPT-018
ATR-001860,EMP-00578,ATT-INS,Insider Trading Window,Yes,2026-01-07,2025-12-21,Completed,0,DPT-018
ATR-001861,EMP-00579,ATT-COI,Conflict of Interest,Yes,2026-02-14,2026-02-10,Completed,0,DPT-005
ATR-001862,EMP-00579,ATT-COC,Code of Conduct Attestation,Yes,2026-05-11,2026-05-02,Completed,0,DPT-005
ATR-001863,EMP-00579,ATT-PRV,Privacy & Data Handling,Yes,2025-11-19,2025-11-17,Completed,0,DPT-005
ATR-001864,EMP-00579,ATT-INS,Insider Trading Window,Yes,2026-02-03,2026-01-19,Completed,0,DPT-005
ATR-001865,EMP-00580,ATT-COI,Conflict of Interest,Yes,2026-02-18,2026-02-06,Completed,0,DPT-001
ATR-001866,EMP-00580,ATT-COC,Code of Conduct Attestation,Yes,2025-06-23,2025-06-11,Completed,0,DPT-001
ATR-001867,EMP-00580,ATT-PRV,Privacy & Data Handling,Yes,2025-09-08,2025-08-21,Completed,0,DPT-001
ATR-001868,EMP-00580,ATT-INS,Insider Trading Window,Yes,2026-01-21,2026-01-14,Completed,0,DPT-001
ATR-001869,EMP-00581,ATT-COI,Conflict of Interest,Yes,2025-12-14,2025-12-05,Completed,0,DPT-016
ATR-001870,EMP-00581,ATT-COC,Code of Conduct Attestation,Yes,2025-05-31,2025-12-04,Completed,0,DPT-016
ATR-001871,EMP-00581,ATT-PRV,Privacy & Data Handling,Yes,2026-03-06,2026-02-21,Completed,0,DPT-016
ATR-001872,EMP-00581,ATT-INS,Insider Trading Window,Yes,2026-01-21,2026-01-17,Completed,0,DPT-016
ATR-001873,EMP-00582,ATT-COI,Conflict of Interest,Yes,2026-04-26,2026-04-07,Completed,0,DPT-011
ATR-001874,EMP-00582,ATT-COC,Code of Conduct Attestation,Yes,2025-10-12,2025-09-28,Completed,0,DPT-011
ATR-001875,EMP-00582,ATT-PRV,Privacy & Data Handling,Yes,2025-12-27,2025-12-17,Completed,0,DPT-011
ATR-001876,EMP-00582,ATT-INS,Insider Trading Window,Yes,2026-05-17,2026-05-11,Completed,0,DPT-011
ATR-001877,EMP-00583,ATT-COI,Conflict of Interest,Yes,2026-05-16,2026-04-28,Completed,0,DPT-004
ATR-001878,EMP-00583,ATT-COC,Code of Conduct Attestation,Yes,2025-07-18,2025-06-30,Completed,0,DPT-004
ATR-001879,EMP-00583,ATT-PRV,Privacy & Data Handling,Yes,2025-10-31,2025-10-18,Completed,0,DPT-004
ATR-001880,EMP-00583,ATT-INS,Insider Trading Window,Yes,2025-12-08,2025-11-18,Completed,0,DPT-004
ATR-001881,EMP-00584,ATT-COI,Conflict of Interest,Yes,2025-06-16,2025-06-01,Completed,0,DPT-018
ATR-001882,EMP-00584,ATT-COC,Code of Conduct Attestation,Yes,2026-01-03,2025-12-16,Completed,0,DPT-018
ATR-001883,EMP-00584,ATT-PRV,Privacy & Data Handling,Yes,2025-09-10,2025-08-23,Completed,0,DPT-018
ATR-001884,EMP-00584,ATT-INS,Insider Trading Window,Yes,2026-01-30,2026-01-18,Completed,0,DPT-018
ATR-001885,EMP-00585,ATT-COI,Conflict of Interest,Yes,2026-03-05,2026-02-20,Completed,0,DPT-010
ATR-001886,EMP-00585,ATT-COC,Code of Conduct Attestation,Yes,2025-10-27,2025-10-07,Completed,0,DPT-010
ATR-001887,EMP-00585,ATT-PRV,Privacy & Data Handling,Yes,2025-08-06,2025-07-28,Completed,0,DPT-010
ATR-001888,EMP-00585,ATT-INS,Insider Trading Window,Yes,2026-04-16,2026-04-05,Completed,0,DPT-010
ATR-001889,EMP-00586,ATT-COI,Conflict of Interest,Yes,2025-09-07,2025-08-26,Completed,0,DPT-009
ATR-001890,EMP-00586,ATT-COC,Code of Conduct Attestation,Yes,2026-02-11,2026-02-02,Completed,0,DPT-009
ATR-001891,EMP-00586,ATT-PRV,Privacy & Data Handling,Yes,2026-01-06,2025-12-17,Completed,0,DPT-009
ATR-001892,EMP-00586,ATT-INS,Insider Trading Window,Yes,2026-02-26,2026-02-24,Completed,0,DPT-009
ATR-001893,EMP-00587,ATT-COI,Conflict of Interest,Yes,2025-07-06,2025-10-28,Completed,0,DPT-004
ATR-001894,EMP-00587,ATT-COC,Code of Conduct Attestation,Yes,2025-11-11,2025-10-25,Completed,0,DPT-004
ATR-001895,EMP-00587,ATT-PRV,Privacy & Data Handling,Yes,2025-11-19,2025-11-01,Completed,0,DPT-004
ATR-001896,EMP-00587,ATT-INS,Insider Trading Window,Yes,2026-04-06,2026-03-19,Completed,0,DPT-004
ATR-001897,EMP-00589,ATT-COI,Conflict of Interest,Yes,2025-10-29,2025-10-16,Completed,0,DPT-011
ATR-001898,EMP-00589,ATT-COC,Code of Conduct Attestation,Yes,2025-07-20,2025-07-15,Completed,0,DPT-011
ATR-001899,EMP-00589,ATT-PRV,Privacy & Data Handling,Yes,2025-11-09,2025-11-06,Completed,0,DPT-011
ATR-001900,EMP-00589,ATT-INS,Insider Trading Window,Yes,2026-01-09,2025-12-24,Completed,0,DPT-011
ATR-001901,EMP-00590,ATT-COI,Conflict of Interest,Yes,2026-03-26,2026-03-18,Completed,0,DPT-019
ATR-001902,EMP-00590,ATT-COC,Code of Conduct Attestation,Yes,2025-08-27,2025-08-20,Completed,0,DPT-019
ATR-001903,EMP-00590,ATT-PRV,Privacy & Data Handling,Yes,2026-04-29,2026-04-17,Completed,0,DPT-019
ATR-001904,EMP-00590,ATT-INS,Insider Trading Window,Yes,2026-05-04,2026-05-03,Completed,0,DPT-019
ATR-001905,EMP-00591,ATT-COI,Conflict of Interest,Yes,2025-12-01,2025-11-22,Completed,0,DPT-001
ATR-001906,EMP-00591,ATT-COC,Code of Conduct Attestation,Yes,2025-10-12,2025-10-01,Completed,0,DPT-001
ATR-001907,EMP-00591,ATT-PRV,Privacy & Data Handling,Yes,2026-02-09,2026-02-01,Completed,0,DPT-001
ATR-001908,EMP-00591,ATT-INS,Insider Trading Window,Yes,2026-05-10,2026-05-07,Completed,0,DPT-001
ATR-001909,EMP-00593,ATT-COI,Conflict of Interest,Yes,2025-12-26,2025-12-08,Completed,0,DPT-014
ATR-001910,EMP-00593,ATT-COC,Code of Conduct Attestation,Yes,2025-07-20,2025-07-17,Completed,0,DPT-014
ATR-001911,EMP-00593,ATT-PRV,Privacy & Data Handling,Yes,2025-06-11,2025-05-23,Completed,0,DPT-014
ATR-001912,EMP-00593,ATT-INS,Insider Trading Window,Yes,2025-12-13,2025-12-12,Completed,0,DPT-014
ATR-001913,EMP-00594,ATT-COI,Conflict of Interest,Yes,2025-09-10,2025-09-05,Completed,0,DPT-005
ATR-001914,EMP-00594,ATT-COC,Code of Conduct Attestation,Yes,2025-07-31,2025-07-19,Completed,0,DPT-005
ATR-001915,EMP-00594,ATT-PRV,Privacy & Data Handling,Yes,2025-06-16,2025-06-05,Completed,0,DPT-005
ATR-001916,EMP-00594,ATT-INS,Insider Trading Window,Yes,2026-03-16,2026-03-13,Completed,0,DPT-005
ATR-001917,EMP-00595,ATT-COI,Conflict of Interest,Yes,2026-01-03,2025-12-18,Completed,0,DPT-026
ATR-001918,EMP-00595,ATT-COC,Code of Conduct Attestation,Yes,2025-12-16,2025-12-03,Completed,0,DPT-026
ATR-001919,EMP-00595,ATT-PRV,Privacy & Data Handling,Yes,2025-08-27,2025-08-07,Completed,0,DPT-026
ATR-001920,EMP-00595,ATT-INS,Insider Trading Window,Yes,2026-03-02,2026-02-19,Completed,0,DPT-026
ATR-001921,EMP-00596,ATT-COI,Conflict of Interest,Yes,2026-03-03,2026-02-24,Completed,0,DPT-001
ATR-001922,EMP-00596,ATT-COC,Code of Conduct Attestation,Yes,2026-03-15,2026-03-14,Completed,0,DPT-001
ATR-001923,EMP-00596,ATT-PRV,Privacy & Data Handling,Yes,2026-01-21,2026-01-02,Completed,0,DPT-001
ATR-001924,EMP-00596,ATT-INS,Insider Trading Window,Yes,2026-05-07,2026-05-01,Completed,0,DPT-001
ATR-001925,EMP-00597,ATT-COI,Conflict of Interest,Yes,2025-11-09,2025-11-01,Completed,0,DPT-001
ATR-001926,EMP-00597,ATT-COC,Code of Conduct Attestation,Yes,2025-11-07,2025-10-27,Completed,0,DPT-001
ATR-001927,EMP-00597,ATT-PRV,Privacy & Data Handling,Yes,2025-10-29,2025-10-17,Completed,0,DPT-001
ATR-001928,EMP-00597,ATT-INS,Insider Trading Window,Yes,2026-01-01,2025-12-20,Completed,0,DPT-001
ATR-001929,EMP-00598,ATT-COI,Conflict of Interest,Yes,2026-05-09,2026-05-04,Completed,0,DPT-026
ATR-001930,EMP-00598,ATT-COC,Code of Conduct Attestation,Yes,2025-06-13,2025-06-06,Completed,0,DPT-026
ATR-001931,EMP-00598,ATT-PRV,Privacy & Data Handling,Yes,2025-12-01,2025-11-17,Completed,0,DPT-026
ATR-001932,EMP-00598,ATT-INS,Insider Trading Window,Yes,2026-01-01,2025-12-25,Completed,0,DPT-026
ATR-001933,EMP-00599,ATT-COI,Conflict of Interest,Yes,2025-09-21,2025-09-11,Completed,0,DPT-021
ATR-001934,EMP-00599,ATT-COC,Code of Conduct Attestation,Yes,2025-06-08,2025-06-06,Completed,0,DPT-021
ATR-001935,EMP-00599,ATT-PRV,Privacy & Data Handling,Yes,2025-10-15,2025-09-29,Completed,0,DPT-021
ATR-001936,EMP-00599,ATT-INS,Insider Trading Window,Yes,2026-03-23,2026-03-04,Completed,0,DPT-021
ATR-001937,EMP-00600,ATT-COI,Conflict of Interest,Yes,2025-12-10,2025-11-24,Completed,0,DPT-023
ATR-001938,EMP-00600,ATT-COC,Code of Conduct Attestation,Yes,2025-12-16,2025-12-12,Completed,0,DPT-023
ATR-001939,EMP-00600,ATT-PRV,Privacy & Data Handling,Yes,2025-10-08,2025-09-24,Completed,0,DPT-023
ATR-001940,EMP-00600,ATT-INS,Insider Trading Window,Yes,2026-01-29,2026-01-12,Completed,0,DPT-023
ATR-001941,EMP-00602,ATT-COI,Conflict of Interest,Yes,2026-01-03,2025-12-19,Completed,0,DPT-022
ATR-001942,EMP-00602,ATT-COC,Code of Conduct Attestation,Yes,2026-05-07,2026-05-01,Completed,0,DPT-022
ATR-001943,EMP-00602,ATT-PRV,Privacy & Data Handling,Yes,2026-03-03,2026-02-26,Completed,0,DPT-022
ATR-001944,EMP-00602,ATT-INS,Insider Trading Window,Yes,2025-12-03,2025-11-15,Completed,0,DPT-022
ATR-001945,EMP-00604,ATT-COI,Conflict of Interest,Yes,2026-05-16,2026-05-04,Completed,0,DPT-020
ATR-001946,EMP-00604,ATT-COC,Code of Conduct Attestation,Yes,2025-06-28,2025-06-11,Completed,0,DPT-020
ATR-001947,EMP-00604,ATT-PRV,Privacy & Data Handling,Yes,2025-08-30,2025-08-24,Completed,0,DPT-020
ATR-001948,EMP-00604,ATT-INS,Insider Trading Window,Yes,2026-03-02,2026-02-18,Completed,0,DPT-020
ATR-001949,EMP-00605,ATT-COI,Conflict of Interest,Yes,2025-07-29,2025-07-13,Completed,0,DPT-011
ATR-001950,EMP-00605,ATT-COC,Code of Conduct Attestation,Yes,2026-01-23,2026-01-13,Completed,0,DPT-011
ATR-001951,EMP-00605,ATT-PRV,Privacy & Data Handling,Yes,2025-06-25,2025-06-15,Completed,0,DPT-011
ATR-001952,EMP-00605,ATT-INS,Insider Trading Window,Yes,2026-04-20,2026-04-14,Completed,0,DPT-011
ATR-001953,EMP-00608,ATT-COI,Conflict of Interest,Yes,2025-08-06,2025-07-18,Completed,0,DPT-020
ATR-001954,EMP-00608,ATT-COC,Code of Conduct Attestation,Yes,2026-05-07,2026-04-21,Completed,0,DPT-020
ATR-001955,EMP-00608,ATT-PRV,Privacy & Data Handling,Yes,2026-03-16,2026-03-01,Completed,0,DPT-020
ATR-001956,EMP-00608,ATT-INS,Insider Trading Window,Yes,2025-12-26,2025-12-08,Completed,0,DPT-020
ATR-001957,EMP-00609,ATT-COI,Conflict of Interest,Yes,2026-05-20,2026-05-14,Completed,0,DPT-002
ATR-001958,EMP-00609,ATT-COC,Code of Conduct Attestation,Yes,2025-08-10,2025-07-21,Completed,0,DPT-002
ATR-001959,EMP-00609,ATT-PRV,Privacy & Data Handling,Yes,2025-07-07,2025-06-25,Completed,0,DPT-002
ATR-001960,EMP-00609,ATT-INS,Insider Trading Window,Yes,2026-01-09,2026-01-02,Completed,0,DPT-002
ATR-001961,EMP-00610,ATT-COI,Conflict of Interest,Yes,2025-10-25,2025-10-19,Completed,0,DPT-020
ATR-001962,EMP-00610,ATT-COC,Code of Conduct Attestation,Yes,2025-07-05,2025-06-17,Completed,0,DPT-020
ATR-001963,EMP-00610,ATT-PRV,Privacy & Data Handling,Yes,2025-10-18,2025-10-12,Completed,0,DPT-020
ATR-001964,EMP-00610,ATT-INS,Insider Trading Window,Yes,2026-05-19,2026-05-17,Completed,0,DPT-020
ATR-001965,EMP-00611,ATT-COI,Conflict of Interest,Yes,2025-07-30,2025-07-23,Completed,0,DPT-021
ATR-001966,EMP-00611,ATT-COC,Code of Conduct Attestation,Yes,2026-03-10,2026-03-04,Completed,0,DPT-021
ATR-001967,EMP-00611,ATT-PRV,Privacy & Data Handling,Yes,2026-01-25,2026-01-19,Completed,0,DPT-021
ATR-001968,EMP-00611,ATT-INS,Insider Trading Window,Yes,2026-03-27,2026-03-25,Completed,0,DPT-021
ATR-001969,EMP-00612,ATT-COI,Conflict of Interest,Yes,2026-04-01,2026-03-24,Completed,0,DPT-016
ATR-001970,EMP-00612,ATT-COC,Code of Conduct Attestation,Yes,2025-07-10,2025-06-23,Completed,0,DPT-016
ATR-001971,EMP-00612,ATT-PRV,Privacy & Data Handling,Yes,2025-12-27,2025-12-26,Completed,0,DPT-016
ATR-001972,EMP-00612,ATT-INS,Insider Trading Window,Yes,2026-01-25,2026-01-22,Completed,0,DPT-016
ATR-001973,EMP-00613,ATT-COI,Conflict of Interest,Yes,2026-03-05,2026-02-20,Completed,0,DPT-012
ATR-001974,EMP-00613,ATT-COC,Code of Conduct Attestation,Yes,2026-04-15,2026-04-01,Completed,0,DPT-012
ATR-001975,EMP-00613,ATT-PRV,Privacy & Data Handling,Yes,2026-01-19,2026-01-16,Completed,0,DPT-012
ATR-001976,EMP-00613,ATT-INS,Insider Trading Window,Yes,2026-02-07,2026-01-20,Completed,0,DPT-012
ATR-001977,EMP-00614,ATT-COI,Conflict of Interest,Yes,2025-08-04,2025-07-24,Completed,0,DPT-021
ATR-001978,EMP-00614,ATT-COC,Code of Conduct Attestation,Yes,2025-12-12,2025-12-02,Completed,0,DPT-021
ATR-001979,EMP-00614,ATT-PRV,Privacy & Data Handling,Yes,2026-05-06,2026-04-30,Completed,0,DPT-021
ATR-001980,EMP-00614,ATT-INS,Insider Trading Window,Yes,2026-01-23,2026-01-05,Completed,0,DPT-021
ATR-001981,EMP-00615,ATT-COI,Conflict of Interest,Yes,2025-06-04,2025-05-17,Completed,0,DPT-023
ATR-001982,EMP-00615,ATT-COC,Code of Conduct Attestation,Yes,2025-08-15,2025-07-26,Completed,0,DPT-023
ATR-001983,EMP-00615,ATT-PRV,Privacy & Data Handling,Yes,2025-08-25,2025-08-21,Completed,0,DPT-023
ATR-001984,EMP-00615,ATT-INS,Insider Trading Window,Yes,2026-04-09,2026-04-04,Completed,0,DPT-023
ATR-001985,EMP-00616,ATT-COI,Conflict of Interest,Yes,2025-09-07,2025-08-31,Completed,0,DPT-025
ATR-001986,EMP-00616,ATT-COC,Code of Conduct Attestation,Yes,2025-11-26,2025-11-21,Completed,0,DPT-025
ATR-001987,EMP-00616,ATT-PRV,Privacy & Data Handling,Yes,2026-04-13,2026-03-25,Completed,0,DPT-025
ATR-001988,EMP-00616,ATT-INS,Insider Trading Window,Yes,2026-02-12,2026-02-07,Completed,0,DPT-025
ATR-001989,EMP-00617,ATT-COI,Conflict of Interest,Yes,2025-06-20,2025-06-06,Completed,0,DPT-009
ATR-001990,EMP-00617,ATT-COC,Code of Conduct Attestation,Yes,2026-01-07,2025-12-30,Completed,0,DPT-009
ATR-001991,EMP-00617,ATT-PRV,Privacy & Data Handling,Yes,2025-08-04,2025-07-16,Completed,0,DPT-009
ATR-001992,EMP-00617,ATT-INS,Insider Trading Window,Yes,2026-05-10,2026-04-27,Completed,0,DPT-009
ATR-001993,EMP-00618,ATT-COI,Conflict of Interest,Yes,2025-10-06,2025-09-21,Completed,0,DPT-019
ATR-001994,EMP-00618,ATT-COC,Code of Conduct Attestation,Yes,2025-06-29,2025-06-25,Completed,0,DPT-019
ATR-001995,EMP-00618,ATT-PRV,Privacy & Data Handling,Yes,2026-03-17,2026-03-04,Completed,0,DPT-019
ATR-001996,EMP-00618,ATT-INS,Insider Trading Window,Yes,2026-04-10,2026-04-04,Completed,0,DPT-019
ATR-001997,EMP-00619,ATT-COI,Conflict of Interest,Yes,2025-12-17,2025-12-14,Completed,0,DPT-017
ATR-001998,EMP-00619,ATT-COC,Code of Conduct Attestation,Yes,2025-08-26,2025-09-27,Completed,0,DPT-017
ATR-001999,EMP-00619,ATT-PRV,Privacy & Data Handling,Yes,2025-10-10,2025-10-01,Completed,0,DPT-017
ATR-002000,EMP-00619,ATT-INS,Insider Trading Window,Yes,2026-01-07,2025-12-24,Completed,0,DPT-017
ATR-002001,EMP-00620,ATT-COI,Conflict of Interest,Yes,2025-09-26,2025-09-21,Completed,0,DPT-001
ATR-002002,EMP-00620,ATT-COC,Code of Conduct Attestation,Yes,2025-09-16,2025-08-29,Completed,0,DPT-001
ATR-002003,EMP-00620,ATT-PRV,Privacy & Data Handling,Yes,2025-11-21,2025-11-18,Completed,0,DPT-001
ATR-002004,EMP-00620,ATT-INS,Insider Trading Window,Yes,2026-05-03,2026-04-21,Completed,0,DPT-001
ATR-002005,EMP-00621,ATT-COI,Conflict of Interest,Yes,2025-11-27,2025-11-10,Completed,0,DPT-020
ATR-002006,EMP-00621,ATT-COC,Code of Conduct Attestation,Yes,2025-07-10,2025-06-21,Completed,0,DPT-020
ATR-002007,EMP-00621,ATT-PRV,Privacy & Data Handling,Yes,2025-10-28,2025-10-13,Completed,0,DPT-020
ATR-002008,EMP-00621,ATT-INS,Insider Trading Window,Yes,2026-02-24,2026-02-13,Completed,0,DPT-020
ATR-002009,EMP-00622,ATT-COI,Conflict of Interest,Yes,2025-12-21,2026-01-05,Completed,0,DPT-016
ATR-002010,EMP-00622,ATT-COC,Code of Conduct Attestation,Yes,2026-02-17,2026-02-14,Completed,0,DPT-016
ATR-002011,EMP-00622,ATT-PRV,Privacy & Data Handling,Yes,2025-06-09,,Overdue,349,DPT-016
ATR-002012,EMP-00622,ATT-INS,Insider Trading Window,Yes,2025-11-30,2026-01-07,Completed,0,DPT-016
ATR-002013,EMP-00624,ATT-COI,Conflict of Interest,Yes,2026-01-30,2026-01-12,Completed,0,DPT-025
ATR-002014,EMP-00624,ATT-COC,Code of Conduct Attestation,Yes,2025-07-25,2025-07-23,Completed,0,DPT-025
ATR-002015,EMP-00624,ATT-PRV,Privacy & Data Handling,Yes,2025-11-12,2025-10-23,Completed,0,DPT-025
ATR-002016,EMP-00624,ATT-INS,Insider Trading Window,Yes,2025-11-27,2025-11-14,Completed,0,DPT-025
ATR-002017,EMP-00626,ATT-COI,Conflict of Interest,Yes,2025-12-23,2025-12-22,Completed,0,DPT-007
ATR-002018,EMP-00626,ATT-COC,Code of Conduct Attestation,Yes,2025-11-15,2025-10-29,Completed,0,DPT-007
ATR-002019,EMP-00626,ATT-PRV,Privacy & Data Handling,Yes,2025-08-26,2025-08-20,Completed,0,DPT-007
ATR-002020,EMP-00626,ATT-INS,Insider Trading Window,Yes,2026-02-03,2026-01-23,Completed,0,DPT-007
ATR-002021,EMP-00627,ATT-COI,Conflict of Interest,Yes,2026-02-01,2026-01-25,Completed,0,DPT-016
ATR-002022,EMP-00627,ATT-COC,Code of Conduct Attestation,Yes,2026-04-11,2026-03-29,Completed,0,DPT-016
ATR-002023,EMP-00627,ATT-PRV,Privacy & Data Handling,Yes,2025-07-05,2025-06-18,Completed,0,DPT-016
ATR-002024,EMP-00627,ATT-INS,Insider Trading Window,Yes,2026-03-28,2026-03-09,Completed,0,DPT-016
ATR-002025,EMP-00628,ATT-COI,Conflict of Interest,Yes,2025-06-27,2025-06-19,Completed,0,DPT-023
ATR-002026,EMP-00628,ATT-COC,Code of Conduct Attestation,Yes,2025-10-03,2025-09-26,Completed,0,DPT-023
ATR-002027,EMP-00628,ATT-PRV,Privacy & Data Handling,Yes,2025-12-20,2025-12-15,Completed,0,DPT-023
ATR-002028,EMP-00628,ATT-INS,Insider Trading Window,Yes,2026-02-09,2026-02-04,Completed,0,DPT-023
ATR-002029,EMP-00629,ATT-COI,Conflict of Interest,Yes,2025-11-28,2025-11-12,Completed,0,DPT-001
ATR-002030,EMP-00629,ATT-COC,Code of Conduct Attestation,Yes,2025-12-13,2025-11-23,Completed,0,DPT-001
ATR-002031,EMP-00629,ATT-PRV,Privacy & Data Handling,Yes,2025-06-13,2025-06-01,Completed,0,DPT-001
ATR-002032,EMP-00629,ATT-INS,Insider Trading Window,Yes,2026-03-12,2026-03-01,Completed,0,DPT-001
ATR-002033,EMP-00630,ATT-COI,Conflict of Interest,Yes,2026-01-26,2026-01-24,Completed,0,DPT-006
ATR-002034,EMP-00630,ATT-COC,Code of Conduct Attestation,Yes,2025-06-20,2025-11-07,Completed,0,DPT-006
ATR-002035,EMP-00630,ATT-PRV,Privacy & Data Handling,Yes,2026-04-18,2026-04-13,Completed,0,DPT-006
ATR-002036,EMP-00630,ATT-INS,Insider Trading Window,Yes,2026-01-25,2026-01-21,Completed,0,DPT-006
ATR-002037,EMP-00632,ATT-COI,Conflict of Interest,Yes,2026-02-14,2026-02-13,Completed,0,DPT-003
ATR-002038,EMP-00632,ATT-COC,Code of Conduct Attestation,Yes,2025-10-22,2025-10-21,Completed,0,DPT-003
ATR-002039,EMP-00632,ATT-PRV,Privacy & Data Handling,Yes,2025-08-04,2025-07-22,Completed,0,DPT-003
ATR-002040,EMP-00632,ATT-INS,Insider Trading Window,Yes,2026-03-31,2026-03-14,Completed,0,DPT-003
ATR-002041,EMP-00633,ATT-COI,Conflict of Interest,Yes,2026-02-25,2026-02-14,Completed,0,DPT-023
ATR-002042,EMP-00633,ATT-COC,Code of Conduct Attestation,Yes,2025-07-03,2025-06-18,Completed,0,DPT-023
ATR-002043,EMP-00633,ATT-PRV,Privacy & Data Handling,Yes,2025-11-19,2025-10-30,Completed,0,DPT-023
ATR-002044,EMP-00633,ATT-INS,Insider Trading Window,Yes,2026-05-07,2026-04-26,Completed,0,DPT-023
ATR-002045,EMP-00634,ATT-COI,Conflict of Interest,Yes,2026-03-06,2026-02-21,Completed,0,DPT-001
ATR-002046,EMP-00634,ATT-COC,Code of Conduct Attestation,Yes,2026-01-02,2025-12-20,Completed,0,DPT-001
ATR-002047,EMP-00634,ATT-PRV,Privacy & Data Handling,Yes,2025-09-14,2025-09-06,Completed,0,DPT-001
ATR-002048,EMP-00634,ATT-INS,Insider Trading Window,Yes,2025-12-06,2025-12-01,Completed,0,DPT-001
ATR-002049,EMP-00636,ATT-COI,Conflict of Interest,Yes,2025-07-24,2025-07-18,Completed,0,DPT-025
ATR-002050,EMP-00636,ATT-COC,Code of Conduct Attestation,Yes,2025-07-13,2025-07-07,Completed,0,DPT-025
ATR-002051,EMP-00636,ATT-PRV,Privacy & Data Handling,Yes,2025-10-08,2025-10-01,Completed,0,DPT-025
ATR-002052,EMP-00636,ATT-INS,Insider Trading Window,Yes,2025-12-31,2025-12-20,Completed,0,DPT-025
ATR-002053,EMP-00637,ATT-COI,Conflict of Interest,Yes,2025-10-13,2025-10-04,Completed,0,DPT-016
ATR-002054,EMP-00637,ATT-COC,Code of Conduct Attestation,Yes,2025-10-29,2025-10-26,Completed,0,DPT-016
ATR-002055,EMP-00637,ATT-PRV,Privacy & Data Handling,Yes,2025-06-24,2025-07-31,Completed,0,DPT-016
ATR-002056,EMP-00637,ATT-INS,Insider Trading Window,Yes,2026-05-06,2026-04-25,Completed,0,DPT-016
ATR-002057,EMP-00639,ATT-COI,Conflict of Interest,Yes,2025-07-24,2025-07-09,Completed,0,DPT-006
ATR-002058,EMP-00639,ATT-COC,Code of Conduct Attestation,Yes,2025-08-04,2025-07-28,Completed,0,DPT-006
ATR-002059,EMP-00639,ATT-PRV,Privacy & Data Handling,Yes,2026-04-20,2026-04-04,Completed,0,DPT-006
ATR-002060,EMP-00639,ATT-INS,Insider Trading Window,Yes,2026-05-13,2026-04-29,Completed,0,DPT-006
ATR-002061,EMP-00642,ATT-COI,Conflict of Interest,Yes,2026-04-08,2026-03-31,Completed,0,DPT-009
ATR-002062,EMP-00642,ATT-COC,Code of Conduct Attestation,Yes,2025-08-13,2025-08-05,Completed,0,DPT-009
ATR-002063,EMP-00642,ATT-PRV,Privacy & Data Handling,Yes,2025-12-01,2025-11-17,Completed,0,DPT-009
ATR-002064,EMP-00642,ATT-INS,Insider Trading Window,Yes,2026-02-06,2026-02-02,Completed,0,DPT-009
ATR-002065,EMP-00643,ATT-COI,Conflict of Interest,Yes,2025-11-17,,Overdue,188,DPT-017
ATR-002066,EMP-00643,ATT-COC,Code of Conduct Attestation,Yes,2025-07-08,2025-06-24,Completed,0,DPT-017
ATR-002067,EMP-00643,ATT-PRV,Privacy & Data Handling,Yes,2026-04-24,2026-04-19,Completed,0,DPT-017
ATR-002068,EMP-00643,ATT-INS,Insider Trading Window,Yes,2025-11-30,2025-11-10,Completed,0,DPT-017
ATR-002069,EMP-00645,ATT-COI,Conflict of Interest,Yes,2026-05-14,2026-05-06,Completed,0,DPT-011
ATR-002070,EMP-00645,ATT-COC,Code of Conduct Attestation,Yes,2026-01-02,2025-12-23,Completed,0,DPT-011
ATR-002071,EMP-00645,ATT-PRV,Privacy & Data Handling,Yes,2025-10-10,2025-09-28,Completed,0,DPT-011
ATR-002072,EMP-00645,ATT-INS,Insider Trading Window,Yes,2026-02-24,2026-02-19,Completed,0,DPT-011
ATR-002073,EMP-00646,ATT-COI,Conflict of Interest,Yes,2025-06-11,2025-06-03,Completed,0,DPT-013
ATR-002074,EMP-00646,ATT-COC,Code of Conduct Attestation,Yes,2026-03-09,2026-03-07,Completed,0,DPT-013
ATR-002075,EMP-00646,ATT-PRV,Privacy & Data Handling,Yes,2026-03-13,2026-03-02,Completed,0,DPT-013
ATR-002076,EMP-00646,ATT-INS,Insider Trading Window,Yes,2026-02-24,2026-02-10,Completed,0,DPT-013
ATR-002077,EMP-00647,ATT-COI,Conflict of Interest,Yes,2026-04-13,2026-04-10,Completed,0,DPT-026
ATR-002078,EMP-00647,ATT-COC,Code of Conduct Attestation,Yes,2025-10-14,2025-10-11,Completed,0,DPT-026
ATR-002079,EMP-00647,ATT-PRV,Privacy & Data Handling,Yes,2025-12-09,2025-11-30,Completed,0,DPT-026
ATR-002080,EMP-00647,ATT-INS,Insider Trading Window,Yes,2026-02-28,2026-02-09,Completed,0,DPT-026
ATR-002081,EMP-00648,ATT-COI,Conflict of Interest,Yes,2025-10-16,2025-10-07,Completed,0,DPT-007
ATR-002082,EMP-00648,ATT-COC,Code of Conduct Attestation,Yes,2025-07-14,2025-06-28,Completed,0,DPT-007
ATR-002083,EMP-00648,ATT-PRV,Privacy & Data Handling,Yes,2025-11-25,2025-11-09,Completed,0,DPT-007
ATR-002084,EMP-00648,ATT-INS,Insider Trading Window,Yes,2026-04-01,2026-03-31,Completed,0,DPT-007
ATR-002085,EMP-00649,ATT-COI,Conflict of Interest,Yes,2026-02-14,2026-01-29,Completed,0,DPT-019
ATR-002086,EMP-00649,ATT-COC,Code of Conduct Attestation,Yes,2026-05-14,2026-04-28,Completed,0,DPT-019
ATR-002087,EMP-00649,ATT-PRV,Privacy & Data Handling,Yes,2025-12-27,2025-12-13,Completed,0,DPT-019
ATR-002088,EMP-00649,ATT-INS,Insider Trading Window,Yes,2026-05-03,2026-04-26,Completed,0,DPT-019
ATR-002089,EMP-00650,ATT-COI,Conflict of Interest,Yes,2025-08-17,2025-08-16,Completed,0,DPT-021
ATR-002090,EMP-00650,ATT-COC,Code of Conduct Attestation,Yes,2025-10-20,2025-10-03,Completed,0,DPT-021
ATR-002091,EMP-00650,ATT-PRV,Privacy & Data Handling,Yes,2025-10-07,2025-09-23,Completed,0,DPT-021
ATR-002092,EMP-00650,ATT-INS,Insider Trading Window,Yes,2026-01-17,2026-01-14,Completed,0,DPT-021
ATR-002093,EMP-00652,ATT-COI,Conflict of Interest,Yes,2026-04-15,2026-04-07,Completed,0,DPT-021
ATR-002094,EMP-00652,ATT-COC,Code of Conduct Attestation,Yes,2025-10-19,,Overdue,217,DPT-021
ATR-002095,EMP-00652,ATT-PRV,Privacy & Data Handling,Yes,2026-04-13,2026-04-08,Completed,0,DPT-021
ATR-002096,EMP-00652,ATT-INS,Insider Trading Window,Yes,2026-03-09,2026-02-18,Completed,0,DPT-021
ATR-002097,EMP-00653,ATT-COI,Conflict of Interest,Yes,2026-04-07,2026-03-26,Completed,0,DPT-021
ATR-002098,EMP-00653,ATT-COC,Code of Conduct Attestation,Yes,2026-03-14,2026-03-08,Completed,0,DPT-021
ATR-002099,EMP-00653,ATT-PRV,Privacy & Data Handling,Yes,2026-03-11,2026-02-23,Completed,0,DPT-021
ATR-002100,EMP-00653,ATT-INS,Insider Trading Window,Yes,2026-04-03,2026-04-02,Completed,0,DPT-021
ATR-002101,EMP-00656,ATT-COI,Conflict of Interest,Yes,2025-10-15,2025-10-13,Completed,0,DPT-013
ATR-002102,EMP-00656,ATT-COC,Code of Conduct Attestation,Yes,2026-05-16,2026-05-15,Completed,0,DPT-013
ATR-002103,EMP-00656,ATT-PRV,Privacy & Data Handling,Yes,2026-02-07,2026-01-19,Completed,0,DPT-013
ATR-002104,EMP-00656,ATT-INS,Insider Trading Window,Yes,2025-11-28,2025-11-08,Completed,0,DPT-013
ATR-002105,EMP-00658,ATT-COI,Conflict of Interest,Yes,2026-01-21,2026-01-03,Completed,0,DPT-021
ATR-002106,EMP-00658,ATT-COC,Code of Conduct Attestation,Yes,2025-11-19,2025-11-18,Completed,0,DPT-021
ATR-002107,EMP-00658,ATT-PRV,Privacy & Data Handling,Yes,2025-12-26,2025-12-22,Completed,0,DPT-021
ATR-002108,EMP-00658,ATT-INS,Insider Trading Window,Yes,2026-01-23,2026-01-17,Completed,0,DPT-021
ATR-002109,EMP-00659,ATT-COI,Conflict of Interest,Yes,2026-02-18,2026-02-17,Completed,0,DPT-002
ATR-002110,EMP-00659,ATT-COC,Code of Conduct Attestation,Yes,2026-04-15,2026-04-11,Completed,0,DPT-002
ATR-002111,EMP-00659,ATT-PRV,Privacy & Data Handling,Yes,2025-06-10,2025-05-28,Completed,0,DPT-002
ATR-002112,EMP-00659,ATT-INS,Insider Trading Window,Yes,2026-04-16,2026-04-03,Completed,0,DPT-002
ATR-002113,EMP-00660,ATT-COI,Conflict of Interest,Yes,2026-03-25,2026-03-08,Completed,0,DPT-002
ATR-002114,EMP-00660,ATT-COC,Code of Conduct Attestation,Yes,2025-07-28,2026-01-25,Completed,0,DPT-002
ATR-002115,EMP-00660,ATT-PRV,Privacy & Data Handling,Yes,2026-01-01,2026-01-22,Completed,0,DPT-002
ATR-002116,EMP-00660,ATT-INS,Insider Trading Window,Yes,2026-03-30,2026-03-18,Completed,0,DPT-002
ATR-002117,EMP-00661,ATT-COI,Conflict of Interest,Yes,2025-10-22,2025-10-04,Completed,0,DPT-012
ATR-002118,EMP-00661,ATT-COC,Code of Conduct Attestation,Yes,2026-02-27,2026-02-07,Completed,0,DPT-012
ATR-002119,EMP-00661,ATT-PRV,Privacy & Data Handling,Yes,2025-08-19,2025-08-07,Completed,0,DPT-012
ATR-002120,EMP-00661,ATT-INS,Insider Trading Window,Yes,2026-04-11,2026-04-05,Completed,0,DPT-012
ATR-002121,EMP-00662,ATT-COI,Conflict of Interest,Yes,2026-02-15,2026-02-14,Completed,0,DPT-020
ATR-002122,EMP-00662,ATT-COC,Code of Conduct Attestation,Yes,2026-01-24,2026-01-18,Completed,0,DPT-020
ATR-002123,EMP-00662,ATT-PRV,Privacy & Data Handling,Yes,2025-12-24,2025-12-14,Completed,0,DPT-020
ATR-002124,EMP-00662,ATT-INS,Insider Trading Window,Yes,2026-01-09,2026-01-01,Completed,0,DPT-020
ATR-002125,EMP-00663,ATT-COI,Conflict of Interest,Yes,2025-11-07,2025-10-25,Completed,0,DPT-023
ATR-002126,EMP-00663,ATT-COC,Code of Conduct Attestation,Yes,2026-02-22,2026-02-12,Completed,0,DPT-023
ATR-002127,EMP-00663,ATT-PRV,Privacy & Data Handling,Yes,2025-10-17,2025-10-05,Completed,0,DPT-023
ATR-002128,EMP-00663,ATT-INS,Insider Trading Window,Yes,2025-11-26,2025-11-10,Completed,0,DPT-023
ATR-002129,EMP-00664,ATT-COI,Conflict of Interest,Yes,2026-01-14,2026-01-10,Completed,0,DPT-025
ATR-002130,EMP-00664,ATT-COC,Code of Conduct Attestation,Yes,2025-10-09,2025-09-29,Completed,0,DPT-025
ATR-002131,EMP-00664,ATT-PRV,Privacy & Data Handling,Yes,2026-05-14,2026-05-01,Completed,0,DPT-025
ATR-002132,EMP-00664,ATT-INS,Insider Trading Window,Yes,2026-04-05,2026-03-28,Completed,0,DPT-025
ATR-002133,EMP-00665,ATT-COI,Conflict of Interest,Yes,2025-07-03,2025-06-23,Completed,0,DPT-002
ATR-002134,EMP-00665,ATT-COC,Code of Conduct Attestation,Yes,2025-10-15,2025-09-25,Completed,0,DPT-002
ATR-002135,EMP-00665,ATT-PRV,Privacy & Data Handling,Yes,2026-02-25,2026-02-19,Completed,0,DPT-002
ATR-002136,EMP-00665,ATT-INS,Insider Trading Window,Yes,2026-02-22,2026-02-08,Completed,0,DPT-002
ATR-002137,EMP-00666,ATT-COI,Conflict of Interest,Yes,2026-03-13,2026-03-06,Completed,0,DPT-012
ATR-002138,EMP-00666,ATT-COC,Code of Conduct Attestation,Yes,2025-08-19,2025-08-09,Completed,0,DPT-012
ATR-002139,EMP-00666,ATT-PRV,Privacy & Data Handling,Yes,2026-03-21,2026-03-02,Completed,0,DPT-012
ATR-002140,EMP-00666,ATT-INS,Insider Trading Window,Yes,2026-04-16,2026-04-12,Completed,0,DPT-012
ATR-002141,EMP-00667,ATT-COI,Conflict of Interest,Yes,2026-02-14,2026-02-05,Completed,0,DPT-014
ATR-002142,EMP-00667,ATT-COC,Code of Conduct Attestation,Yes,2025-08-20,2025-08-18,Completed,0,DPT-014
ATR-002143,EMP-00667,ATT-PRV,Privacy & Data Handling,Yes,2026-05-15,2026-05-03,Completed,0,DPT-014
ATR-002144,EMP-00667,ATT-INS,Insider Trading Window,Yes,2026-01-13,2026-01-10,Completed,0,DPT-014
ATR-002145,EMP-00668,ATT-COI,Conflict of Interest,Yes,2025-10-15,2025-10-08,Completed,0,DPT-002
ATR-002146,EMP-00668,ATT-COC,Code of Conduct Attestation,Yes,2025-11-25,2025-11-11,Completed,0,DPT-002
ATR-002147,EMP-00668,ATT-PRV,Privacy & Data Handling,Yes,2025-06-20,2025-06-05,Completed,0,DPT-002
ATR-002148,EMP-00668,ATT-INS,Insider Trading Window,Yes,2026-05-05,2026-04-24,Completed,0,DPT-002
ATR-002149,EMP-00669,ATT-COI,Conflict of Interest,Yes,2025-06-14,2025-06-02,Completed,0,DPT-020
ATR-002150,EMP-00669,ATT-COC,Code of Conduct Attestation,Yes,2025-07-27,2025-07-17,Completed,0,DPT-020
ATR-002151,EMP-00669,ATT-PRV,Privacy & Data Handling,Yes,2026-02-20,2026-02-14,Completed,0,DPT-020
ATR-002152,EMP-00669,ATT-INS,Insider Trading Window,Yes,2026-01-20,2026-01-05,Completed,0,DPT-020
ATR-002153,EMP-00671,ATT-COI,Conflict of Interest,Yes,2025-07-10,2025-06-20,Completed,0,DPT-007
ATR-002154,EMP-00671,ATT-COC,Code of Conduct Attestation,Yes,2025-10-10,2025-09-21,Completed,0,DPT-007
ATR-002155,EMP-00671,ATT-PRV,Privacy & Data Handling,Yes,2025-08-07,2025-07-19,Completed,0,DPT-007
ATR-002156,EMP-00671,ATT-INS,Insider Trading Window,Yes,2026-03-26,2026-03-06,Completed,0,DPT-007
ATR-002157,EMP-00672,ATT-COI,Conflict of Interest,Yes,2025-09-13,2025-09-12,Completed,0,DPT-016
ATR-002158,EMP-00672,ATT-COC,Code of Conduct Attestation,Yes,2025-09-21,2025-09-07,Completed,0,DPT-016
ATR-002159,EMP-00672,ATT-PRV,Privacy & Data Handling,Yes,2025-10-02,2025-09-29,Completed,0,DPT-016
ATR-002160,EMP-00672,ATT-INS,Insider Trading Window,Yes,2026-05-16,2026-04-29,Completed,0,DPT-016
ATR-002161,EMP-00674,ATT-COI,Conflict of Interest,Yes,2026-04-15,2026-04-01,Completed,0,DPT-010
ATR-002162,EMP-00674,ATT-COC,Code of Conduct Attestation,Yes,2025-11-01,2025-10-22,Completed,0,DPT-010
ATR-002163,EMP-00674,ATT-PRV,Privacy & Data Handling,Yes,2025-07-14,2025-07-07,Completed,0,DPT-010
ATR-002164,EMP-00674,ATT-INS,Insider Trading Window,Yes,2026-05-17,2026-05-13,Completed,0,DPT-010
ATR-002165,EMP-00675,ATT-COI,Conflict of Interest,Yes,2025-07-16,2025-07-09,Completed,0,DPT-013
ATR-002166,EMP-00675,ATT-COC,Code of Conduct Attestation,Yes,2025-12-07,2025-11-26,Completed,0,DPT-013
ATR-002167,EMP-00675,ATT-PRV,Privacy & Data Handling,Yes,2025-06-08,2025-05-22,Completed,0,DPT-013
ATR-002168,EMP-00675,ATT-INS,Insider Trading Window,Yes,2026-02-18,2026-02-12,Completed,0,DPT-013
ATR-002169,EMP-00676,ATT-COI,Conflict of Interest,Yes,2025-11-13,2025-11-06,Completed,0,DPT-012
ATR-002170,EMP-00676,ATT-COC,Code of Conduct Attestation,Yes,2025-12-25,2025-12-06,Completed,0,DPT-012
ATR-002171,EMP-00676,ATT-PRV,Privacy & Data Handling,Yes,2025-10-04,2025-09-22,Completed,0,DPT-012
ATR-002172,EMP-00676,ATT-INS,Insider Trading Window,Yes,2025-12-29,2025-12-24,Completed,0,DPT-012
ATR-002173,EMP-00677,ATT-COI,Conflict of Interest,Yes,2026-03-25,2026-03-09,Completed,0,DPT-005
ATR-002174,EMP-00677,ATT-COC,Code of Conduct Attestation,Yes,2025-08-01,2025-10-05,Completed,0,DPT-005
ATR-002175,EMP-00677,ATT-PRV,Privacy & Data Handling,Yes,2025-07-18,2025-10-05,Completed,0,DPT-005
ATR-002176,EMP-00677,ATT-INS,Insider Trading Window,Yes,2026-04-01,2026-03-15,Completed,0,DPT-005
ATR-002177,EMP-00678,ATT-COI,Conflict of Interest,Yes,2025-11-06,2025-10-31,Completed,0,DPT-003
ATR-002178,EMP-00678,ATT-COC,Code of Conduct Attestation,Yes,2026-05-04,2026-04-21,Completed,0,DPT-003
ATR-002179,EMP-00678,ATT-PRV,Privacy & Data Handling,Yes,2026-05-14,2026-05-11,Completed,0,DPT-003
ATR-002180,EMP-00678,ATT-INS,Insider Trading Window,Yes,2026-04-25,2026-04-10,Completed,0,DPT-003
ATR-002181,EMP-00679,ATT-COI,Conflict of Interest,Yes,2026-02-10,2026-02-14,Completed,0,DPT-012
ATR-002182,EMP-00679,ATT-COC,Code of Conduct Attestation,Yes,2025-07-03,2026-02-16,Completed,0,DPT-012
ATR-002183,EMP-00679,ATT-PRV,Privacy & Data Handling,Yes,2025-07-23,2026-02-21,Completed,0,DPT-012
ATR-002184,EMP-00679,ATT-INS,Insider Trading Window,Yes,2026-01-27,2026-02-24,Completed,0,DPT-012
ATR-002185,EMP-00680,ATT-COI,Conflict of Interest,Yes,2025-11-02,2025-10-18,Completed,0,DPT-015
ATR-002186,EMP-00680,ATT-COC,Code of Conduct Attestation,Yes,2026-03-04,2026-02-21,Completed,0,DPT-015
ATR-002187,EMP-00680,ATT-PRV,Privacy & Data Handling,Yes,2026-01-28,2026-01-11,Completed,0,DPT-015
ATR-002188,EMP-00680,ATT-INS,Insider Trading Window,Yes,2026-04-27,2026-04-07,Completed,0,DPT-015
ATR-002189,EMP-00681,ATT-COI,Conflict of Interest,Yes,2025-07-11,2025-08-01,Completed,0,DPT-020
ATR-002190,EMP-00681,ATT-COC,Code of Conduct Attestation,Yes,2025-09-06,2025-08-25,Completed,0,DPT-020
ATR-002191,EMP-00681,ATT-PRV,Privacy & Data Handling,Yes,2025-12-22,2025-12-08,Completed,0,DPT-020
ATR-002192,EMP-00681,ATT-INS,Insider Trading Window,Yes,2025-12-22,2025-12-04,Completed,0,DPT-020
ATR-002193,EMP-00682,ATT-COI,Conflict of Interest,Yes,2026-02-03,2026-01-22,Completed,0,DPT-022
ATR-002194,EMP-00682,ATT-COC,Code of Conduct Attestation,Yes,2026-02-28,2026-02-10,Completed,0,DPT-022
ATR-002195,EMP-00682,ATT-PRV,Privacy & Data Handling,Yes,2026-01-30,2026-01-10,Completed,0,DPT-022
ATR-002196,EMP-00682,ATT-INS,Insider Trading Window,Yes,2026-04-15,2026-03-28,Completed,0,DPT-022
ATR-002197,EMP-00683,ATT-COI,Conflict of Interest,Yes,2026-02-04,2026-01-22,Completed,0,DPT-003
ATR-002198,EMP-00683,ATT-COC,Code of Conduct Attestation,Yes,2025-08-27,2025-08-10,Completed,0,DPT-003
ATR-002199,EMP-00683,ATT-PRV,Privacy & Data Handling,Yes,2026-05-18,2026-05-16,Completed,0,DPT-003
ATR-002200,EMP-00683,ATT-INS,Insider Trading Window,Yes,2026-02-11,2026-01-23,Completed,0,DPT-003
ATR-002201,EMP-00684,ATT-COI,Conflict of Interest,Yes,2025-06-26,2025-06-06,Completed,0,DPT-002
ATR-002202,EMP-00684,ATT-COC,Code of Conduct Attestation,Yes,2025-09-25,2025-09-09,Completed,0,DPT-002
ATR-002203,EMP-00684,ATT-PRV,Privacy & Data Handling,Yes,2025-06-24,2025-06-12,Completed,0,DPT-002
ATR-002204,EMP-00684,ATT-INS,Insider Trading Window,Yes,2026-03-30,2026-03-16,Completed,0,DPT-002
ATR-002205,EMP-00686,ATT-COI,Conflict of Interest,Yes,2026-02-10,2026-01-21,Completed,0,DPT-004
ATR-002206,EMP-00686,ATT-COC,Code of Conduct Attestation,Yes,2025-11-26,2025-11-13,Completed,0,DPT-004
ATR-002207,EMP-00686,ATT-PRV,Privacy & Data Handling,Yes,2025-07-12,2025-06-26,Completed,0,DPT-004
ATR-002208,EMP-00686,ATT-INS,Insider Trading Window,Yes,2026-04-17,2026-03-28,Completed,0,DPT-004
ATR-002209,EMP-00687,ATT-COI,Conflict of Interest,Yes,2026-04-10,2026-04-03,Completed,0,DPT-003
ATR-002210,EMP-00687,ATT-COC,Code of Conduct Attestation,Yes,2026-02-06,2026-01-20,Completed,0,DPT-003
ATR-002211,EMP-00687,ATT-PRV,Privacy & Data Handling,Yes,2025-07-10,2025-06-27,Completed,0,DPT-003
ATR-002212,EMP-00687,ATT-INS,Insider Trading Window,Yes,2026-02-04,2026-01-26,Completed,0,DPT-003
ATR-002213,EMP-00688,ATT-COI,Conflict of Interest,Yes,2026-04-30,2026-04-16,Completed,0,DPT-024
ATR-002214,EMP-00688,ATT-COC,Code of Conduct Attestation,Yes,2025-11-23,2025-11-16,Completed,0,DPT-024
ATR-002215,EMP-00688,ATT-PRV,Privacy & Data Handling,Yes,2026-02-01,2026-01-14,Completed,0,DPT-024
ATR-002216,EMP-00688,ATT-INS,Insider Trading Window,Yes,2026-05-03,2026-04-22,Completed,0,DPT-024
ATR-002217,EMP-00690,ATT-COI,Conflict of Interest,Yes,2026-05-07,2026-04-18,Completed,0,DPT-023
ATR-002218,EMP-00690,ATT-COC,Code of Conduct Attestation,Yes,2025-08-27,2025-08-19,Completed,0,DPT-023
ATR-002219,EMP-00690,ATT-PRV,Privacy & Data Handling,Yes,2026-01-12,2025-12-26,Completed,0,DPT-023
ATR-002220,EMP-00690,ATT-INS,Insider Trading Window,Yes,2026-05-20,2026-05-13,Completed,0,DPT-023
ATR-002221,EMP-00691,ATT-COI,Conflict of Interest,Yes,2025-06-04,2025-05-19,Completed,0,DPT-020
ATR-002222,EMP-00691,ATT-COC,Code of Conduct Attestation,Yes,2025-11-14,2025-10-31,Completed,0,DPT-020
ATR-002223,EMP-00691,ATT-PRV,Privacy & Data Handling,Yes,2026-03-30,2026-03-10,Completed,0,DPT-020
ATR-002224,EMP-00691,ATT-INS,Insider Trading Window,Yes,2025-12-28,2025-12-27,Completed,0,DPT-020
ATR-002225,EMP-00692,ATT-COI,Conflict of Interest,Yes,2025-08-19,2025-08-08,Completed,0,DPT-010
ATR-002226,EMP-00692,ATT-COC,Code of Conduct Attestation,Yes,2025-11-11,2025-10-26,Completed,0,DPT-010
ATR-002227,EMP-00692,ATT-PRV,Privacy & Data Handling,Yes,2025-06-13,2025-05-28,Completed,0,DPT-010
ATR-002228,EMP-00692,ATT-INS,Insider Trading Window,Yes,2026-02-09,2026-01-25,Completed,0,DPT-010
ATR-002229,EMP-00694,ATT-COI,Conflict of Interest,Yes,2025-11-28,2025-11-16,Completed,0,DPT-017
ATR-002230,EMP-00694,ATT-COC,Code of Conduct Attestation,Yes,2026-01-29,2026-01-15,Completed,0,DPT-017
ATR-002231,EMP-00694,ATT-PRV,Privacy & Data Handling,Yes,2025-06-28,2025-06-20,Completed,0,DPT-017
ATR-002232,EMP-00694,ATT-INS,Insider Trading Window,Yes,2026-03-27,2026-03-22,Completed,0,DPT-017
ATR-002233,EMP-00695,ATT-COI,Conflict of Interest,Yes,2025-08-15,2025-08-13,Completed,0,DPT-015
ATR-002234,EMP-00695,ATT-COC,Code of Conduct Attestation,Yes,2026-04-23,,Overdue,31,DPT-015
ATR-002235,EMP-00695,ATT-PRV,Privacy & Data Handling,Yes,2026-02-03,2026-02-02,Completed,0,DPT-015
ATR-002236,EMP-00695,ATT-INS,Insider Trading Window,Yes,2026-04-27,2026-04-12,Completed,0,DPT-015
ATR-002237,EMP-00696,ATT-COI,Conflict of Interest,Yes,2026-04-08,2026-03-29,Completed,0,DPT-006
ATR-002238,EMP-00696,ATT-COC,Code of Conduct Attestation,Yes,2025-07-15,2025-07-13,Completed,0,DPT-006
ATR-002239,EMP-00696,ATT-PRV,Privacy & Data Handling,Yes,2026-05-18,2026-05-17,Completed,0,DPT-006
ATR-002240,EMP-00696,ATT-INS,Insider Trading Window,Yes,2026-01-04,2025-12-19,Completed,0,DPT-006
ATR-002241,EMP-00697,ATT-COI,Conflict of Interest,Yes,2026-05-22,2026-05-03,Completed,0,DPT-025
ATR-002242,EMP-00697,ATT-COC,Code of Conduct Attestation,Yes,2025-09-27,2025-09-13,Completed,0,DPT-025
ATR-002243,EMP-00697,ATT-PRV,Privacy & Data Handling,Yes,2026-05-05,2026-04-20,Completed,0,DPT-025
ATR-002244,EMP-00697,ATT-INS,Insider Trading Window,Yes,2026-02-25,2026-02-16,Completed,0,DPT-025
ATR-002245,EMP-00698,ATT-COI,Conflict of Interest,Yes,2025-07-29,2025-07-28,Completed,0,DPT-012
ATR-002246,EMP-00698,ATT-COC,Code of Conduct Attestation,Yes,2025-06-15,2025-06-05,Completed,0,DPT-012
ATR-002247,EMP-00698,ATT-PRV,Privacy & Data Handling,Yes,2025-10-24,2025-10-21,Completed,0,DPT-012
ATR-002248,EMP-00698,ATT-INS,Insider Trading Window,Yes,2026-03-26,2026-03-06,Completed,0,DPT-012
ATR-002249,EMP-00701,ATT-COI,Conflict of Interest,Yes,2025-10-26,2025-10-15,Completed,0,DPT-007
ATR-002250,EMP-00701,ATT-COC,Code of Conduct Attestation,Yes,2026-01-09,2025-12-31,Completed,0,DPT-007
ATR-002251,EMP-00701,ATT-PRV,Privacy & Data Handling,Yes,2025-09-25,2025-09-19,Completed,0,DPT-007
ATR-002252,EMP-00701,ATT-INS,Insider Trading Window,Yes,2025-12-22,2025-12-09,Completed,0,DPT-007
ATR-002253,EMP-00702,ATT-COI,Conflict of Interest,Yes,2025-06-19,2025-06-17,Completed,0,DPT-019
ATR-002254,EMP-00702,ATT-COC,Code of Conduct Attestation,Yes,2025-12-17,2025-11-29,Completed,0,DPT-019
ATR-002255,EMP-00702,ATT-PRV,Privacy & Data Handling,Yes,2026-02-07,2026-02-05,Completed,0,DPT-019
ATR-002256,EMP-00702,ATT-INS,Insider Trading Window,Yes,2026-01-22,2026-01-18,Completed,0,DPT-019
ATR-002257,EMP-00703,ATT-COI,Conflict of Interest,Yes,2026-01-21,2026-01-03,Completed,0,DPT-011
ATR-002258,EMP-00703,ATT-COC,Code of Conduct Attestation,Yes,2025-12-13,2025-11-28,Completed,0,DPT-011
ATR-002259,EMP-00703,ATT-PRV,Privacy & Data Handling,Yes,2025-10-08,2025-09-26,Completed,0,DPT-011
ATR-002260,EMP-00703,ATT-INS,Insider Trading Window,Yes,2026-04-25,2026-04-07,Completed,0,DPT-011
ATR-002261,EMP-00704,ATT-COI,Conflict of Interest,Yes,2025-07-27,2025-07-25,Completed,0,DPT-003
ATR-002262,EMP-00704,ATT-COC,Code of Conduct Attestation,Yes,2025-12-23,2025-12-11,Completed,0,DPT-003
ATR-002263,EMP-00704,ATT-PRV,Privacy & Data Handling,Yes,2026-04-04,2026-03-29,Completed,0,DPT-003
ATR-002264,EMP-00704,ATT-INS,Insider Trading Window,Yes,2026-05-19,2026-05-09,Completed,0,DPT-003
ATR-002265,EMP-00705,ATT-COI,Conflict of Interest,Yes,2025-08-09,2025-08-05,Completed,0,DPT-020
ATR-002266,EMP-00705,ATT-COC,Code of Conduct Attestation,Yes,2025-06-06,2025-06-03,Completed,0,DPT-020
ATR-002267,EMP-00705,ATT-PRV,Privacy & Data Handling,Yes,2025-06-15,2025-05-29,Completed,0,DPT-020
ATR-002268,EMP-00705,ATT-INS,Insider Trading Window,Yes,2025-11-28,2025-11-21,Completed,0,DPT-020
ATR-002269,EMP-00707,ATT-COI,Conflict of Interest,Yes,2026-03-13,2026-03-28,Completed,0,DPT-001
ATR-002270,EMP-00707,ATT-COC,Code of Conduct Attestation,Yes,2026-03-06,2026-03-24,Completed,0,DPT-001
ATR-002271,EMP-00707,ATT-PRV,Privacy & Data Handling,Yes,2025-10-05,2026-03-31,Completed,0,DPT-001
ATR-002272,EMP-00707,ATT-INS,Insider Trading Window,Yes,2026-01-30,2026-03-30,Completed,0,DPT-001
ATR-002273,EMP-00708,ATT-COI,Conflict of Interest,Yes,2025-07-06,2025-10-26,Completed,0,DPT-001
ATR-002274,EMP-00708,ATT-COC,Code of Conduct Attestation,Yes,2026-05-09,2026-05-03,Completed,0,DPT-001
ATR-002275,EMP-00708,ATT-PRV,Privacy & Data Handling,Yes,2025-11-01,2025-10-28,Completed,0,DPT-001
ATR-002276,EMP-00708,ATT-INS,Insider Trading Window,Yes,2026-04-07,2026-04-04,Completed,0,DPT-001
ATR-002277,EMP-00709,ATT-COI,Conflict of Interest,Yes,2026-01-05,2025-12-30,Completed,0,DPT-021
ATR-002278,EMP-00709,ATT-COC,Code of Conduct Attestation,Yes,2026-01-23,2026-01-20,Completed,0,DPT-021
ATR-002279,EMP-00709,ATT-PRV,Privacy & Data Handling,Yes,2026-03-01,2026-02-26,Completed,0,DPT-021
ATR-002280,EMP-00709,ATT-INS,Insider Trading Window,Yes,2026-03-17,2026-03-10,Completed,0,DPT-021
ATR-002281,EMP-00710,ATT-COI,Conflict of Interest,Yes,2026-05-24,2026-05-23,Completed,0,DPT-015
ATR-002282,EMP-00710,ATT-COC,Code of Conduct Attestation,Yes,2026-04-14,2026-03-31,Completed,0,DPT-015
ATR-002283,EMP-00710,ATT-PRV,Privacy & Data Handling,Yes,2026-02-25,2026-02-18,Completed,0,DPT-015
ATR-002284,EMP-00710,ATT-INS,Insider Trading Window,Yes,2026-04-03,2026-03-14,Completed,0,DPT-015
ATR-002285,EMP-00711,ATT-COI,Conflict of Interest,Yes,2025-08-03,2025-07-19,Completed,0,DPT-007
ATR-002286,EMP-00711,ATT-COC,Code of Conduct Attestation,Yes,2025-12-11,2025-11-23,Completed,0,DPT-007
ATR-002287,EMP-00711,ATT-PRV,Privacy & Data Handling,Yes,2025-05-31,2025-05-23,Completed,0,DPT-007
ATR-002288,EMP-00711,ATT-INS,Insider Trading Window,Yes,2026-05-08,2026-05-06,Completed,0,DPT-007
ATR-002289,EMP-00712,ATT-COI,Conflict of Interest,Yes,2026-02-23,2026-02-18,Completed,0,DPT-020
ATR-002290,EMP-00712,ATT-COC,Code of Conduct Attestation,Yes,2025-08-24,2025-08-04,Completed,0,DPT-020
ATR-002291,EMP-00712,ATT-PRV,Privacy & Data Handling,Yes,2026-01-19,2026-01-18,Completed,0,DPT-020
ATR-002292,EMP-00712,ATT-INS,Insider Trading Window,Yes,2026-01-14,2025-12-27,Completed,0,DPT-020
ATR-002293,EMP-00713,ATT-COI,Conflict of Interest,Yes,2026-04-09,2026-04-02,Completed,0,DPT-026
ATR-002294,EMP-00713,ATT-COC,Code of Conduct Attestation,Yes,2025-10-25,2025-10-20,Completed,0,DPT-026
ATR-002295,EMP-00713,ATT-PRV,Privacy & Data Handling,Yes,2025-07-22,2025-07-11,Completed,0,DPT-026
ATR-002296,EMP-00713,ATT-INS,Insider Trading Window,Yes,2026-02-27,2026-02-26,Completed,0,DPT-026
ATR-002297,EMP-00714,ATT-COI,Conflict of Interest,Yes,2026-05-06,2026-04-16,Completed,0,DPT-006
ATR-002298,EMP-00714,ATT-COC,Code of Conduct Attestation,Yes,2026-04-02,2026-03-25,Completed,0,DPT-006
ATR-002299,EMP-00714,ATT-PRV,Privacy & Data Handling,Yes,2025-06-14,2025-05-30,Completed,0,DPT-006
ATR-002300,EMP-00714,ATT-INS,Insider Trading Window,Yes,2026-02-02,2026-01-31,Completed,0,DPT-006
ATR-002301,EMP-00715,ATT-COI,Conflict of Interest,Yes,2025-11-03,2025-10-28,Completed,0,DPT-021
ATR-002302,EMP-00715,ATT-COC,Code of Conduct Attestation,Yes,2025-10-16,2025-10-14,Completed,0,DPT-021
ATR-002303,EMP-00715,ATT-PRV,Privacy & Data Handling,Yes,2025-09-11,2025-08-24,Completed,0,DPT-021
ATR-002304,EMP-00715,ATT-INS,Insider Trading Window,Yes,2025-12-05,2025-11-25,Completed,0,DPT-021
ATR-002305,EMP-00716,ATT-COI,Conflict of Interest,Yes,2026-02-22,2026-03-18,Completed,0,DPT-009
ATR-002306,EMP-00716,ATT-COC,Code of Conduct Attestation,Yes,2026-03-14,2026-03-12,Completed,0,DPT-009
ATR-002307,EMP-00716,ATT-PRV,Privacy & Data Handling,Yes,2025-06-19,2026-03-16,Completed,0,DPT-009
ATR-002308,EMP-00716,ATT-INS,Insider Trading Window,Yes,2026-03-09,2026-03-14,Completed,0,DPT-009
ATR-002309,EMP-00717,ATT-COI,Conflict of Interest,Yes,2026-01-13,2026-01-09,Completed,0,DPT-016
ATR-002310,EMP-00717,ATT-COC,Code of Conduct Attestation,Yes,2025-07-12,2025-12-10,Completed,0,DPT-016
ATR-002311,EMP-00717,ATT-PRV,Privacy & Data Handling,Yes,2026-03-18,2026-03-12,Completed,0,DPT-016
ATR-002312,EMP-00717,ATT-INS,Insider Trading Window,Yes,2026-04-16,2026-04-02,Completed,0,DPT-016
ATR-002313,EMP-00718,ATT-COI,Conflict of Interest,Yes,2026-01-07,2025-12-25,Completed,0,DPT-002
ATR-002314,EMP-00718,ATT-COC,Code of Conduct Attestation,Yes,2026-02-21,2026-02-02,Completed,0,DPT-002
ATR-002315,EMP-00718,ATT-PRV,Privacy & Data Handling,Yes,2025-12-28,2025-12-21,Completed,0,DPT-002
ATR-002316,EMP-00718,ATT-INS,Insider Trading Window,Yes,2026-05-21,2026-05-02,Completed,0,DPT-002
ATR-002317,EMP-00720,ATT-COI,Conflict of Interest,Yes,2026-04-24,2026-04-06,Completed,0,DPT-001
ATR-002318,EMP-00720,ATT-COC,Code of Conduct Attestation,Yes,2025-06-04,2025-05-29,Completed,0,DPT-001
ATR-002319,EMP-00720,ATT-PRV,Privacy & Data Handling,Yes,2025-10-19,2025-10-08,Completed,0,DPT-001
ATR-002320,EMP-00720,ATT-INS,Insider Trading Window,Yes,2025-12-15,2025-11-30,Completed,0,DPT-001
ATR-002321,EMP-00721,ATT-COI,Conflict of Interest,Yes,2025-10-03,2025-09-15,Completed,0,DPT-001
ATR-002322,EMP-00721,ATT-COC,Code of Conduct Attestation,Yes,2026-01-10,2026-01-08,Completed,0,DPT-001
ATR-002323,EMP-00721,ATT-PRV,Privacy & Data Handling,Yes,2026-05-20,2026-05-18,Completed,0,DPT-001
ATR-002324,EMP-00721,ATT-INS,Insider Trading Window,Yes,2026-03-11,2026-03-05,Completed,0,DPT-001
ATR-002325,EMP-00722,ATT-COI,Conflict of Interest,Yes,2026-04-19,2026-04-18,Completed,0,DPT-009
ATR-002326,EMP-00722,ATT-COC,Code of Conduct Attestation,Yes,2025-07-19,2025-07-10,Completed,0,DPT-009
ATR-002327,EMP-00722,ATT-PRV,Privacy & Data Handling,Yes,2026-01-19,2026-01-16,Completed,0,DPT-009
ATR-002328,EMP-00722,ATT-INS,Insider Trading Window,Yes,2026-01-27,2026-01-07,Completed,0,DPT-009
ATR-002329,EMP-00724,ATT-COI,Conflict of Interest,Yes,2025-10-23,2025-10-07,Completed,0,DPT-023
ATR-002330,EMP-00724,ATT-COC,Code of Conduct Attestation,Yes,2025-08-08,2025-07-20,Completed,0,DPT-023
ATR-002331,EMP-00724,ATT-PRV,Privacy & Data Handling,Yes,2025-07-16,2025-07-05,Completed,0,DPT-023
ATR-002332,EMP-00724,ATT-INS,Insider Trading Window,Yes,2026-04-27,2026-04-19,Completed,0,DPT-023
ATR-002333,EMP-00725,ATT-COI,Conflict of Interest,Yes,2025-11-25,2025-11-13,Completed,0,DPT-024
ATR-002334,EMP-00725,ATT-COC,Code of Conduct Attestation,Yes,2026-04-22,2026-04-19,Completed,0,DPT-024
ATR-002335,EMP-00725,ATT-PRV,Privacy & Data Handling,Yes,2025-11-29,2025-11-12,Completed,0,DPT-024
ATR-002336,EMP-00725,ATT-INS,Insider Trading Window,Yes,2026-05-02,2026-04-21,Completed,0,DPT-024
ATR-002337,EMP-00726,ATT-COI,Conflict of Interest,Yes,2025-12-04,2025-11-17,Completed,0,DPT-020
ATR-002338,EMP-00726,ATT-COC,Code of Conduct Attestation,Yes,2026-02-12,2026-02-01,Completed,0,DPT-020
ATR-002339,EMP-00726,ATT-PRV,Privacy & Data Handling,Yes,2025-07-17,2025-07-10,Completed,0,DPT-020
ATR-002340,EMP-00726,ATT-INS,Insider Trading Window,Yes,2026-01-31,2026-01-27,Completed,0,DPT-020
ATR-002341,EMP-00727,ATT-COI,Conflict of Interest,Yes,2025-06-10,2025-05-26,Completed,0,DPT-004
ATR-002342,EMP-00727,ATT-COC,Code of Conduct Attestation,Yes,2025-08-29,2025-08-28,Completed,0,DPT-004
ATR-002343,EMP-00727,ATT-PRV,Privacy & Data Handling,Yes,2025-07-18,2025-07-13,Completed,0,DPT-004
ATR-002344,EMP-00727,ATT-INS,Insider Trading Window,Yes,2026-04-21,2026-04-14,Completed,0,DPT-004
ATR-002345,EMP-00728,ATT-COI,Conflict of Interest,Yes,2026-03-24,2026-03-04,Completed,0,DPT-002
ATR-002346,EMP-00728,ATT-COC,Code of Conduct Attestation,Yes,2025-07-14,2025-10-29,Completed,0,DPT-002
ATR-002347,EMP-00728,ATT-PRV,Privacy & Data Handling,Yes,2025-10-09,2025-11-06,Completed,0,DPT-002
ATR-002348,EMP-00728,ATT-INS,Insider Trading Window,Yes,2026-02-08,2026-01-20,Completed,0,DPT-002
ATR-002349,EMP-00730,ATT-COI,Conflict of Interest,Yes,2025-08-03,2025-10-23,Completed,0,DPT-018
ATR-002350,EMP-00730,ATT-COC,Code of Conduct Attestation,Yes,2025-10-15,2025-10-29,Completed,0,DPT-018
ATR-002351,EMP-00730,ATT-PRV,Privacy & Data Handling,Yes,2025-08-07,2025-10-28,Completed,0,DPT-018
ATR-002352,EMP-00730,ATT-INS,Insider Trading Window,Yes,2026-04-02,2026-03-15,Completed,0,DPT-018
ATR-002353,EMP-00731,ATT-COI,Conflict of Interest,Yes,2025-12-27,2025-12-20,Completed,0,DPT-023
ATR-002354,EMP-00731,ATT-COC,Code of Conduct Attestation,Yes,2025-10-17,2025-10-13,Completed,0,DPT-023
ATR-002355,EMP-00731,ATT-PRV,Privacy & Data Handling,Yes,2025-11-24,2025-11-10,Completed,0,DPT-023
ATR-002356,EMP-00731,ATT-INS,Insider Trading Window,Yes,2026-04-12,2026-04-04,Completed,0,DPT-023
ATR-002357,EMP-00732,ATT-COI,Conflict of Interest,Yes,2025-10-19,2025-10-08,Completed,0,DPT-019
ATR-002358,EMP-00732,ATT-COC,Code of Conduct Attestation,Yes,2025-09-07,2025-08-22,Completed,0,DPT-019
ATR-002359,EMP-00732,ATT-PRV,Privacy & Data Handling,Yes,2025-06-08,2025-05-28,Completed,0,DPT-019
ATR-002360,EMP-00732,ATT-INS,Insider Trading Window,Yes,2026-02-02,2026-01-22,Completed,0,DPT-019
ATR-002361,EMP-00735,ATT-COI,Conflict of Interest,Yes,2025-07-12,2026-03-03,Completed,0,DPT-010
ATR-002362,EMP-00735,ATT-COC,Code of Conduct Attestation,Yes,2026-01-13,2026-02-27,Completed,0,DPT-010
ATR-002363,EMP-00735,ATT-PRV,Privacy & Data Handling,Yes,2025-07-19,2026-03-02,Completed,0,DPT-010
ATR-002364,EMP-00735,ATT-INS,Insider Trading Window,Yes,2026-03-23,2026-03-15,Completed,0,DPT-010
ATR-002365,EMP-00737,ATT-COI,Conflict of Interest,Yes,2025-10-16,2025-10-08,Completed,0,DPT-020
ATR-002366,EMP-00737,ATT-COC,Code of Conduct Attestation,Yes,2026-01-01,2025-12-22,Completed,0,DPT-020
ATR-002367,EMP-00737,ATT-PRV,Privacy & Data Handling,Yes,2025-09-30,2025-09-15,Completed,0,DPT-020
ATR-002368,EMP-00737,ATT-INS,Insider Trading Window,Yes,2026-01-18,2026-01-12,Completed,0,DPT-020
ATR-002369,EMP-00738,ATT-COI,Conflict of Interest,Yes,2026-05-09,2026-05-07,Completed,0,DPT-021
ATR-002370,EMP-00738,ATT-COC,Code of Conduct Attestation,Yes,2025-07-01,2025-06-30,Completed,0,DPT-021
ATR-002371,EMP-00738,ATT-PRV,Privacy & Data Handling,Yes,2025-11-29,2025-11-20,Completed,0,DPT-021
ATR-002372,EMP-00738,ATT-INS,Insider Trading Window,Yes,2026-01-24,2026-01-06,Completed,0,DPT-021
ATR-002373,EMP-00739,ATT-COI,Conflict of Interest,Yes,2026-03-27,2026-03-07,Completed,0,DPT-006
ATR-002374,EMP-00739,ATT-COC,Code of Conduct Attestation,Yes,2025-11-22,2025-11-13,Completed,0,DPT-006
ATR-002375,EMP-00739,ATT-PRV,Privacy & Data Handling,Yes,2026-04-12,2026-04-07,Completed,0,DPT-006
ATR-002376,EMP-00739,ATT-INS,Insider Trading Window,Yes,2025-12-03,2025-12-02,Completed,0,DPT-006
ATR-002377,EMP-00740,ATT-COI,Conflict of Interest,Yes,2026-05-11,2026-04-25,Completed,0,DPT-004
ATR-002378,EMP-00740,ATT-COC,Code of Conduct Attestation,Yes,2025-10-18,2025-10-04,Completed,0,DPT-004
ATR-002379,EMP-00740,ATT-PRV,Privacy & Data Handling,Yes,2026-02-12,2026-02-08,Completed,0,DPT-004
ATR-002380,EMP-00740,ATT-INS,Insider Trading Window,Yes,2026-05-23,2026-05-11,Completed,0,DPT-004
ATR-002381,EMP-00741,ATT-COI,Conflict of Interest,Yes,2025-12-16,2025-12-08,Completed,0,DPT-007
ATR-002382,EMP-00741,ATT-COC,Code of Conduct Attestation,Yes,2026-04-14,2026-04-07,Completed,0,DPT-007
ATR-002383,EMP-00741,ATT-PRV,Privacy & Data Handling,Yes,2025-08-18,2025-08-30,Completed,0,DPT-007
ATR-002384,EMP-00741,ATT-INS,Insider Trading Window,Yes,2026-03-11,2026-03-03,Completed,0,DPT-007
ATR-002385,EMP-00742,ATT-COI,Conflict of Interest,Yes,2026-04-05,2026-03-19,Completed,0,DPT-023
ATR-002386,EMP-00742,ATT-COC,Code of Conduct Attestation,Yes,2026-02-19,2026-02-09,Completed,0,DPT-023
ATR-002387,EMP-00742,ATT-PRV,Privacy & Data Handling,Yes,2026-04-03,2026-03-31,Completed,0,DPT-023
ATR-002388,EMP-00742,ATT-INS,Insider Trading Window,Yes,2026-04-18,2026-03-31,Completed,0,DPT-023
ATR-002389,EMP-00743,ATT-COI,Conflict of Interest,Yes,2026-01-13,2026-01-28,Completed,0,DPT-020
ATR-002390,EMP-00743,ATT-COC,Code of Conduct Attestation,Yes,2025-12-31,2026-01-27,Completed,0,DPT-020
ATR-002391,EMP-00743,ATT-PRV,Privacy & Data Handling,Yes,2025-09-30,2026-01-25,Completed,0,DPT-020
ATR-002392,EMP-00743,ATT-INS,Insider Trading Window,Yes,2026-05-06,2026-04-19,Completed,0,DPT-020
ATR-002393,EMP-00744,ATT-COI,Conflict of Interest,Yes,2025-10-05,2025-09-30,Completed,0,DPT-001
ATR-002394,EMP-00744,ATT-COC,Code of Conduct Attestation,Yes,2025-05-30,2025-05-29,Completed,0,DPT-001
ATR-002395,EMP-00744,ATT-PRV,Privacy & Data Handling,Yes,2026-02-22,2026-02-02,Completed,0,DPT-001
ATR-002396,EMP-00744,ATT-INS,Insider Trading Window,Yes,2026-01-17,2026-01-07,Completed,0,DPT-001
ATR-002397,EMP-00745,ATT-COI,Conflict of Interest,Yes,2025-09-27,2025-09-21,Completed,0,DPT-004
ATR-002398,EMP-00745,ATT-COC,Code of Conduct Attestation,Yes,2025-12-19,2025-12-18,Completed,0,DPT-004
ATR-002399,EMP-00745,ATT-PRV,Privacy & Data Handling,Yes,2026-03-12,2026-03-11,Completed,0,DPT-004
ATR-002400,EMP-00745,ATT-INS,Insider Trading Window,Yes,2026-04-13,2026-04-02,Completed,0,DPT-004
ATR-002401,EMP-00746,ATT-COI,Conflict of Interest,Yes,2026-01-19,2026-01-05,Completed,0,DPT-016
ATR-002402,EMP-00746,ATT-COC,Code of Conduct Attestation,Yes,2026-04-13,2026-04-10,Completed,0,DPT-016
ATR-002403,EMP-00746,ATT-PRV,Privacy & Data Handling,Yes,2025-08-20,2025-08-14,Completed,0,DPT-016
ATR-002404,EMP-00746,ATT-INS,Insider Trading Window,Yes,2025-12-11,2025-11-24,Completed,0,DPT-016
ATR-002405,EMP-00748,ATT-COI,Conflict of Interest,Yes,2026-05-03,2026-04-27,Completed,0,DPT-019
ATR-002406,EMP-00748,ATT-COC,Code of Conduct Attestation,Yes,2025-12-19,2025-12-06,Completed,0,DPT-019
ATR-002407,EMP-00748,ATT-PRV,Privacy & Data Handling,Yes,2025-05-30,2025-11-26,Completed,0,DPT-019
ATR-002408,EMP-00748,ATT-INS,Insider Trading Window,Yes,2026-04-06,2026-03-18,Completed,0,DPT-019
ATR-002409,EMP-00749,ATT-COI,Conflict of Interest,Yes,2025-10-29,,Overdue,207,DPT-005
ATR-002410,EMP-00749,ATT-COC,Code of Conduct Attestation,Yes,2025-09-19,2026-04-09,Completed,0,DPT-005
ATR-002411,EMP-00749,ATT-PRV,Privacy & Data Handling,Yes,2025-07-08,2026-04-16,Completed,0,DPT-005
ATR-002412,EMP-00749,ATT-INS,Insider Trading Window,Yes,2026-04-01,2026-04-10,Completed,0,DPT-005
ATR-002413,EMP-00751,ATT-COI,Conflict of Interest,Yes,2026-05-02,2026-04-24,Completed,0,DPT-005
ATR-002414,EMP-00751,ATT-COC,Code of Conduct Attestation,Yes,2026-02-19,2026-02-18,Completed,0,DPT-005
ATR-002415,EMP-00751,ATT-PRV,Privacy & Data Handling,Yes,2025-07-12,2025-07-23,Completed,0,DPT-005
ATR-002416,EMP-00751,ATT-INS,Insider Trading Window,Yes,2026-05-08,2026-04-25,Completed,0,DPT-005
ATR-002417,EMP-00752,ATT-COI,Conflict of Interest,Yes,2025-12-28,2025-12-10,Completed,0,DPT-023
ATR-002418,EMP-00752,ATT-COC,Code of Conduct Attestation,Yes,2025-12-13,2025-11-26,Completed,0,DPT-023
ATR-002419,EMP-00752,ATT-PRV,Privacy & Data Handling,Yes,2025-12-06,2025-11-26,Completed,0,DPT-023
ATR-002420,EMP-00752,ATT-INS,Insider Trading Window,Yes,2026-04-04,2026-03-18,Completed,0,DPT-023
ATR-002421,EMP-00753,ATT-COI,Conflict of Interest,Yes,2025-07-19,2025-07-13,Completed,0,DPT-020
ATR-002422,EMP-00753,ATT-COC,Code of Conduct Attestation,Yes,2026-03-16,2026-03-06,Completed,0,DPT-020
ATR-002423,EMP-00753,ATT-PRV,Privacy & Data Handling,Yes,2025-10-06,2025-09-20,Completed,0,DPT-020
ATR-002424,EMP-00753,ATT-INS,Insider Trading Window,Yes,2026-04-02,2026-03-30,Completed,0,DPT-020
ATR-002425,EMP-00754,ATT-COI,Conflict of Interest,Yes,2026-01-26,2026-01-15,Completed,0,DPT-010
ATR-002426,EMP-00754,ATT-COC,Code of Conduct Attestation,Yes,2026-04-09,2026-03-30,Completed,0,DPT-010
ATR-002427,EMP-00754,ATT-PRV,Privacy & Data Handling,Yes,2025-09-18,2025-09-13,Completed,0,DPT-010
ATR-002428,EMP-00754,ATT-INS,Insider Trading Window,Yes,2026-04-18,2026-04-15,Completed,0,DPT-010
ATR-002429,EMP-00755,ATT-COI,Conflict of Interest,Yes,2025-09-20,2025-09-04,Completed,0,DPT-003
ATR-002430,EMP-00755,ATT-COC,Code of Conduct Attestation,Yes,2025-11-11,2025-11-10,Completed,0,DPT-003
ATR-002431,EMP-00755,ATT-PRV,Privacy & Data Handling,Yes,2025-09-19,2025-09-15,Completed,0,DPT-003
ATR-002432,EMP-00755,ATT-INS,Insider Trading Window,Yes,2025-12-14,2025-11-25,Completed,0,DPT-003
ATR-002433,EMP-00756,ATT-COI,Conflict of Interest,Yes,2026-01-26,2026-01-14,Completed,0,DPT-020
ATR-002434,EMP-00756,ATT-COC,Code of Conduct Attestation,Yes,2026-03-26,,Overdue,59,DPT-020
ATR-002435,EMP-00756,ATT-PRV,Privacy & Data Handling,Yes,2026-03-04,2026-02-26,Completed,0,DPT-020
ATR-002436,EMP-00756,ATT-INS,Insider Trading Window,Yes,2026-03-27,2026-03-15,Completed,0,DPT-020
ATR-002437,EMP-00758,ATT-COI,Conflict of Interest,Yes,2026-04-29,2026-04-09,Completed,0,DPT-009
ATR-002438,EMP-00758,ATT-COC,Code of Conduct Attestation,Yes,2026-03-19,2026-04-10,Completed,0,DPT-009
ATR-002439,EMP-00758,ATT-PRV,Privacy & Data Handling,Yes,2025-06-20,2026-04-09,Completed,0,DPT-009
ATR-002440,EMP-00758,ATT-INS,Insider Trading Window,Yes,2025-12-24,2026-04-09,Completed,0,DPT-009
ATR-002441,EMP-00759,ATT-COI,Conflict of Interest,Yes,2026-03-04,2026-02-27,Completed,0,DPT-019
ATR-002442,EMP-00759,ATT-COC,Code of Conduct Attestation,Yes,2025-09-08,2025-09-02,Completed,0,DPT-019
ATR-002443,EMP-00759,ATT-PRV,Privacy & Data Handling,Yes,2026-01-28,2026-01-08,Completed,0,DPT-019
ATR-002444,EMP-00759,ATT-INS,Insider Trading Window,Yes,2026-03-23,2026-03-21,Completed,0,DPT-019
ATR-002445,EMP-00760,ATT-COI,Conflict of Interest,Yes,2025-12-23,2025-12-07,Completed,0,DPT-022
ATR-002446,EMP-00760,ATT-COC,Code of Conduct Attestation,Yes,2025-06-16,2025-05-27,Completed,0,DPT-022
ATR-002447,EMP-00760,ATT-PRV,Privacy & Data Handling,Yes,2025-10-11,2025-10-02,Completed,0,DPT-022
ATR-002448,EMP-00760,ATT-INS,Insider Trading Window,Yes,2026-04-08,2026-04-06,Completed,0,DPT-022
ATR-002449,EMP-00761,ATT-COI,Conflict of Interest,Yes,2025-06-21,2025-08-26,Completed,0,DPT-016
ATR-002450,EMP-00761,ATT-COC,Code of Conduct Attestation,Yes,2025-05-31,2025-08-28,Completed,0,DPT-016
ATR-002451,EMP-00761,ATT-PRV,Privacy & Data Handling,Yes,2026-02-24,2026-02-19,Completed,0,DPT-016
ATR-002452,EMP-00761,ATT-INS,Insider Trading Window,Yes,2026-04-02,2026-03-23,Completed,0,DPT-016
ATR-002453,EMP-00762,ATT-COI,Conflict of Interest,Yes,2026-04-10,2026-04-02,Completed,0,DPT-001
ATR-002454,EMP-00762,ATT-COC,Code of Conduct Attestation,Yes,2025-07-26,2025-07-20,Completed,0,DPT-001
ATR-002455,EMP-00762,ATT-PRV,Privacy & Data Handling,Yes,2026-02-06,2026-01-24,Completed,0,DPT-001
ATR-002456,EMP-00762,ATT-INS,Insider Trading Window,Yes,2026-02-07,2026-01-24,Completed,0,DPT-001
ATR-002457,EMP-00764,ATT-COI,Conflict of Interest,Yes,2025-06-17,2025-06-10,Completed,0,DPT-014
ATR-002458,EMP-00764,ATT-COC,Code of Conduct Attestation,Yes,2025-06-09,2025-05-20,Completed,0,DPT-014
ATR-002459,EMP-00764,ATT-PRV,Privacy & Data Handling,Yes,2025-07-31,2025-07-28,Completed,0,DPT-014
ATR-002460,EMP-00764,ATT-INS,Insider Trading Window,Yes,2025-12-22,2025-12-13,Completed,0,DPT-014
ATR-002461,EMP-00766,ATT-COI,Conflict of Interest,Yes,2025-10-10,2025-09-22,Completed,0,DPT-012
ATR-002462,EMP-00766,ATT-COC,Code of Conduct Attestation,Yes,2025-12-25,2025-12-17,Completed,0,DPT-012
ATR-002463,EMP-00766,ATT-PRV,Privacy & Data Handling,Yes,2025-06-14,2025-06-10,Completed,0,DPT-012
ATR-002464,EMP-00766,ATT-INS,Insider Trading Window,Yes,2026-02-12,2026-01-24,Completed,0,DPT-012
ATR-002465,EMP-00767,ATT-COI,Conflict of Interest,Yes,2026-05-07,2026-04-30,Completed,0,DPT-012
ATR-002466,EMP-00767,ATT-COC,Code of Conduct Attestation,Yes,2026-01-17,2026-01-07,Completed,0,DPT-012
ATR-002467,EMP-00767,ATT-PRV,Privacy & Data Handling,Yes,2025-10-01,2025-09-16,Completed,0,DPT-012
ATR-002468,EMP-00767,ATT-INS,Insider Trading Window,Yes,2026-01-31,2026-01-13,Completed,0,DPT-012
ATR-002469,EMP-00769,ATT-COI,Conflict of Interest,Yes,2025-11-18,2025-11-01,Completed,0,DPT-020
ATR-002470,EMP-00769,ATT-COC,Code of Conduct Attestation,Yes,2026-05-20,2026-05-15,Completed,0,DPT-020
ATR-002471,EMP-00769,ATT-PRV,Privacy & Data Handling,Yes,2026-04-19,2026-03-31,Completed,0,DPT-020
ATR-002472,EMP-00769,ATT-INS,Insider Trading Window,Yes,2026-03-24,2026-03-06,Completed,0,DPT-020
ATR-002473,EMP-00770,ATT-COI,Conflict of Interest,Yes,2026-01-24,2026-01-07,Completed,0,DPT-014
ATR-002474,EMP-00770,ATT-COC,Code of Conduct Attestation,Yes,2025-07-27,2025-07-16,Completed,0,DPT-014
ATR-002475,EMP-00770,ATT-PRV,Privacy & Data Handling,Yes,2026-03-30,2026-03-22,Completed,0,DPT-014
ATR-002476,EMP-00770,ATT-INS,Insider Trading Window,Yes,2026-03-17,2026-03-15,Completed,0,DPT-014
ATR-002477,EMP-00771,ATT-COI,Conflict of Interest,Yes,2025-08-05,2026-01-17,Completed,0,DPT-006
ATR-002478,EMP-00771,ATT-COC,Code of Conduct Attestation,Yes,2025-09-26,2026-01-25,Completed,0,DPT-006
ATR-002479,EMP-00771,ATT-PRV,Privacy & Data Handling,Yes,2025-08-16,2026-01-24,Completed,0,DPT-006
ATR-002480,EMP-00771,ATT-INS,Insider Trading Window,Yes,2026-03-27,2026-03-26,Completed,0,DPT-006
ATR-002481,EMP-00772,ATT-COI,Conflict of Interest,Yes,2025-07-04,2025-06-18,Completed,0,DPT-023
ATR-002482,EMP-00772,ATT-COC,Code of Conduct Attestation,Yes,2026-01-11,2026-01-07,Completed,0,DPT-023
ATR-002483,EMP-00772,ATT-PRV,Privacy & Data Handling,Yes,2025-10-06,2025-10-05,Completed,0,DPT-023
ATR-002484,EMP-00772,ATT-INS,Insider Trading Window,Yes,2025-12-21,2025-12-12,Completed,0,DPT-023
ATR-002485,EMP-00773,ATT-COI,Conflict of Interest,Yes,2026-04-25,2026-04-12,Completed,0,DPT-001
ATR-002486,EMP-00773,ATT-COC,Code of Conduct Attestation,Yes,2025-09-02,2025-09-01,Completed,0,DPT-001
ATR-002487,EMP-00773,ATT-PRV,Privacy & Data Handling,Yes,2025-05-29,2025-05-26,Completed,0,DPT-001
ATR-002488,EMP-00773,ATT-INS,Insider Trading Window,Yes,2026-04-03,2026-03-30,Completed,0,DPT-001
ATR-002489,EMP-00775,ATT-COI,Conflict of Interest,Yes,2026-02-03,2026-01-27,Completed,0,DPT-005
ATR-002490,EMP-00775,ATT-COC,Code of Conduct Attestation,Yes,2026-02-13,2026-02-05,Completed,0,DPT-005
ATR-002491,EMP-00775,ATT-PRV,Privacy & Data Handling,Yes,2026-03-29,2026-03-13,Completed,0,DPT-005
ATR-002492,EMP-00775,ATT-INS,Insider Trading Window,Yes,2026-02-09,2026-02-01,Completed,0,DPT-005
ATR-002493,EMP-00776,ATT-COI,Conflict of Interest,Yes,2025-07-07,2025-07-05,Completed,0,DPT-001
ATR-002494,EMP-00776,ATT-COC,Code of Conduct Attestation,Yes,2025-06-07,2025-05-30,Completed,0,DPT-001
ATR-002495,EMP-00776,ATT-PRV,Privacy & Data Handling,Yes,2025-06-14,2025-05-30,Completed,0,DPT-001
ATR-002496,EMP-00776,ATT-INS,Insider Trading Window,Yes,2025-11-30,2025-11-19,Completed,0,DPT-001
ATR-002497,EMP-00777,ATT-COI,Conflict of Interest,Yes,2025-10-13,2025-10-06,Completed,0,DPT-020
ATR-002498,EMP-00777,ATT-COC,Code of Conduct Attestation,Yes,2026-04-12,2026-04-08,Completed,0,DPT-020
ATR-002499,EMP-00777,ATT-PRV,Privacy & Data Handling,Yes,2025-09-11,2025-08-23,Completed,0,DPT-020
ATR-002500,EMP-00777,ATT-INS,Insider Trading Window,Yes,2026-03-22,2026-03-07,Completed,0,DPT-020
ATR-002501,EMP-00778,ATT-COI,Conflict of Interest,Yes,2025-08-31,2025-10-05,Completed,0,DPT-002
ATR-002502,EMP-00778,ATT-COC,Code of Conduct Attestation,Yes,2026-05-04,2026-04-18,Completed,0,DPT-002
ATR-002503,EMP-00778,ATT-PRV,Privacy & Data Handling,Yes,2026-01-08,2025-12-30,Completed,0,DPT-002
ATR-002504,EMP-00778,ATT-INS,Insider Trading Window,Yes,2025-12-23,2025-12-04,Completed,0,DPT-002
ATR-002505,EMP-00780,ATT-COI,Conflict of Interest,Yes,2025-09-19,2025-09-07,Completed,0,DPT-004
ATR-002506,EMP-00780,ATT-COC,Code of Conduct Attestation,Yes,2025-08-23,2025-08-17,Completed,0,DPT-004
ATR-002507,EMP-00780,ATT-PRV,Privacy & Data Handling,Yes,2025-11-01,2025-10-16,Completed,0,DPT-004
ATR-002508,EMP-00780,ATT-INS,Insider Trading Window,Yes,2025-12-09,2025-11-23,Completed,0,DPT-004
ATR-002509,EMP-00781,ATT-COI,Conflict of Interest,Yes,2026-03-29,2026-03-12,Completed,0,DPT-024
ATR-002510,EMP-00781,ATT-COC,Code of Conduct Attestation,Yes,2025-11-03,2025-10-21,Completed,0,DPT-024
ATR-002511,EMP-00781,ATT-PRV,Privacy & Data Handling,Yes,2026-02-07,2026-01-22,Completed,0,DPT-024
ATR-002512,EMP-00781,ATT-INS,Insider Trading Window,Yes,2026-04-17,2026-03-29,Completed,0,DPT-024
ATR-002513,EMP-00782,ATT-COI,Conflict of Interest,Yes,2025-08-14,2025-08-04,Completed,0,DPT-005
ATR-002514,EMP-00782,ATT-COC,Code of Conduct Attestation,Yes,2026-05-13,2026-05-03,Completed,0,DPT-005
ATR-002515,EMP-00782,ATT-PRV,Privacy & Data Handling,Yes,2026-03-11,2026-02-25,Completed,0,DPT-005
ATR-002516,EMP-00782,ATT-INS,Insider Trading Window,Yes,2026-03-21,2026-03-04,Completed,0,DPT-005
ATR-002517,EMP-00783,ATT-COI,Conflict of Interest,Yes,2025-07-12,2025-07-11,Completed,0,DPT-013
ATR-002518,EMP-00783,ATT-COC,Code of Conduct Attestation,Yes,2026-03-09,2026-02-17,Completed,0,DPT-013
ATR-002519,EMP-00783,ATT-PRV,Privacy & Data Handling,Yes,2025-11-21,2025-11-15,Completed,0,DPT-013
ATR-002520,EMP-00783,ATT-INS,Insider Trading Window,Yes,2026-01-01,2025-12-16,Completed,0,DPT-013
ATR-002521,EMP-00784,ATT-COI,Conflict of Interest,Yes,2025-11-08,2025-11-05,Completed,0,DPT-006
ATR-002522,EMP-00784,ATT-COC,Code of Conduct Attestation,Yes,2025-06-06,2025-05-23,Completed,0,DPT-006
ATR-002523,EMP-00784,ATT-PRV,Privacy & Data Handling,Yes,2026-03-27,2026-03-25,Completed,0,DPT-006
ATR-002524,EMP-00784,ATT-INS,Insider Trading Window,Yes,2026-01-20,2025-12-31,Completed,0,DPT-006
ATR-002525,EMP-00786,ATT-COI,Conflict of Interest,Yes,2025-06-03,2025-05-18,Completed,0,DPT-026
ATR-002526,EMP-00786,ATT-COC,Code of Conduct Attestation,Yes,2025-12-01,2025-11-16,Completed,0,DPT-026
ATR-002527,EMP-00786,ATT-PRV,Privacy & Data Handling,Yes,2026-04-22,2026-04-14,Completed,0,DPT-026
ATR-002528,EMP-00786,ATT-INS,Insider Trading Window,Yes,2026-01-18,2026-01-16,Completed,0,DPT-026
ATR-002529,EMP-00788,ATT-COI,Conflict of Interest,Yes,2026-03-28,2026-03-22,Completed,0,DPT-008
ATR-002530,EMP-00788,ATT-COC,Code of Conduct Attestation,Yes,2025-11-23,2025-11-05,Completed,0,DPT-008
ATR-002531,EMP-00788,ATT-PRV,Privacy & Data Handling,Yes,2026-01-09,2025-12-23,Completed,0,DPT-008
ATR-002532,EMP-00788,ATT-INS,Insider Trading Window,Yes,2026-03-22,2026-03-08,Completed,0,DPT-008
ATR-002533,EMP-00791,ATT-COI,Conflict of Interest,Yes,2025-09-26,2025-12-22,Completed,0,DPT-006
ATR-002534,EMP-00791,ATT-COC,Code of Conduct Attestation,Yes,2026-01-10,2025-12-26,Completed,0,DPT-006
ATR-002535,EMP-00791,ATT-PRV,Privacy & Data Handling,Yes,2026-03-31,2026-03-29,Completed,0,DPT-006
ATR-002536,EMP-00791,ATT-INS,Insider Trading Window,Yes,2026-01-13,2026-01-04,Completed,0,DPT-006
ATR-002537,EMP-00792,ATT-COI,Conflict of Interest,Yes,2025-10-07,2025-09-21,Completed,0,DPT-011
ATR-002538,EMP-00792,ATT-COC,Code of Conduct Attestation,Yes,2025-07-12,2025-07-05,Completed,0,DPT-011
ATR-002539,EMP-00792,ATT-PRV,Privacy & Data Handling,Yes,2025-11-16,2025-11-05,Completed,0,DPT-011
ATR-002540,EMP-00792,ATT-INS,Insider Trading Window,Yes,2026-03-17,2026-03-06,Completed,0,DPT-011
ATR-002541,EMP-00793,ATT-COI,Conflict of Interest,Yes,2026-01-29,2026-01-24,Completed,0,DPT-003
ATR-002542,EMP-00793,ATT-COC,Code of Conduct Attestation,Yes,2025-10-02,2026-01-21,Completed,0,DPT-003
ATR-002543,EMP-00793,ATT-PRV,Privacy & Data Handling,Yes,2025-09-21,2026-01-15,Completed,0,DPT-003
ATR-002544,EMP-00793,ATT-INS,Insider Trading Window,Yes,2026-01-23,2026-01-16,Completed,0,DPT-003
ATR-002545,EMP-00794,ATT-COI,Conflict of Interest,Yes,2025-11-15,2025-10-26,Completed,0,DPT-001
ATR-002546,EMP-00794,ATT-COC,Code of Conduct Attestation,Yes,2025-08-23,2025-08-10,Completed,0,DPT-001
ATR-002547,EMP-00794,ATT-PRV,Privacy & Data Handling,Yes,2026-02-25,2026-02-20,Completed,0,DPT-001
ATR-002548,EMP-00794,ATT-INS,Insider Trading Window,Yes,2026-05-20,2026-05-18,Completed,0,DPT-001
ATR-002549,EMP-00795,ATT-COI,Conflict of Interest,Yes,2026-01-11,2025-12-30,Completed,0,DPT-010
ATR-002550,EMP-00795,ATT-COC,Code of Conduct Attestation,Yes,2025-09-02,2025-08-16,Completed,0,DPT-010
ATR-002551,EMP-00795,ATT-PRV,Privacy & Data Handling,Yes,2025-11-19,2025-11-12,Completed,0,DPT-010
ATR-002552,EMP-00795,ATT-INS,Insider Trading Window,Yes,2025-12-19,2025-11-29,Completed,0,DPT-010
ATR-002553,EMP-00796,ATT-COI,Conflict of Interest,Yes,2025-11-13,2025-11-12,Completed,0,DPT-005
ATR-002554,EMP-00796,ATT-COC,Code of Conduct Attestation,Yes,2025-12-18,2025-12-06,Completed,0,DPT-005
ATR-002555,EMP-00796,ATT-PRV,Privacy & Data Handling,Yes,2025-09-21,2025-09-02,Completed,0,DPT-005
ATR-002556,EMP-00796,ATT-INS,Insider Trading Window,Yes,2026-04-26,2026-04-18,Completed,0,DPT-005
ATR-002557,EMP-00797,ATT-COI,Conflict of Interest,Yes,2026-03-08,2026-02-27,Completed,0,DPT-006
ATR-002558,EMP-00797,ATT-COC,Code of Conduct Attestation,Yes,2025-10-21,2025-11-29,Completed,0,DPT-006
ATR-002559,EMP-00797,ATT-PRV,Privacy & Data Handling,Yes,2026-05-20,2026-05-03,Completed,0,DPT-006
ATR-002560,EMP-00797,ATT-INS,Insider Trading Window,Yes,2026-04-03,2026-03-18,Completed,0,DPT-006
ATR-002561,EMP-00799,ATT-COI,Conflict of Interest,Yes,2025-09-16,2025-09-13,Completed,0,DPT-009
ATR-002562,EMP-00799,ATT-COC,Code of Conduct Attestation,Yes,2025-08-30,2025-08-25,Completed,0,DPT-009
ATR-002563,EMP-00799,ATT-PRV,Privacy & Data Handling,Yes,2026-03-26,2026-03-13,Completed,0,DPT-009
ATR-002564,EMP-00799,ATT-INS,Insider Trading Window,Yes,2025-12-16,2025-11-26,Completed,0,DPT-009
ATR-002565,EMP-00800,ATT-COI,Conflict of Interest,Yes,2025-10-05,2025-09-17,Completed,0,DPT-011
ATR-002566,EMP-00800,ATT-COC,Code of Conduct Attestation,Yes,2025-08-04,2025-07-26,Completed,0,DPT-011
ATR-002567,EMP-00800,ATT-PRV,Privacy & Data Handling,Yes,2025-09-08,2025-09-01,Completed,0,DPT-011
ATR-002568,EMP-00800,ATT-INS,Insider Trading Window,Yes,2026-02-07,2026-01-23,Completed,0,DPT-011
ATR-002569,EMP-00801,ATT-COI,Conflict of Interest,Yes,2026-03-16,2026-03-02,Completed,0,DPT-011
ATR-002570,EMP-00801,ATT-COC,Code of Conduct Attestation,Yes,2026-04-21,2026-04-05,Completed,0,DPT-011
ATR-002571,EMP-00801,ATT-PRV,Privacy & Data Handling,Yes,2025-09-13,2025-10-20,Completed,0,DPT-011
ATR-002572,EMP-00801,ATT-INS,Insider Trading Window,Yes,2026-05-12,2026-04-25,Completed,0,DPT-011
ATR-002573,EMP-00802,ATT-COI,Conflict of Interest,Yes,2026-03-13,2026-03-08,Completed,0,DPT-023
ATR-002574,EMP-00802,ATT-COC,Code of Conduct Attestation,Yes,2026-02-23,2026-02-13,Completed,0,DPT-023
ATR-002575,EMP-00802,ATT-PRV,Privacy & Data Handling,Yes,2025-09-11,2025-09-03,Completed,0,DPT-023
ATR-002576,EMP-00802,ATT-INS,Insider Trading Window,Yes,2026-02-06,2026-02-05,Completed,0,DPT-023
ATR-002577,EMP-00803,ATT-COI,Conflict of Interest,Yes,2025-12-09,2025-12-06,Completed,0,DPT-018
ATR-002578,EMP-00803,ATT-COC,Code of Conduct Attestation,Yes,2025-08-17,2025-08-02,Completed,0,DPT-018
ATR-002579,EMP-00803,ATT-PRV,Privacy & Data Handling,Yes,2026-02-08,2026-01-19,Completed,0,DPT-018
ATR-002580,EMP-00803,ATT-INS,Insider Trading Window,Yes,2026-04-08,2026-04-05,Completed,0,DPT-018
ATR-002581,EMP-00804,ATT-COI,Conflict of Interest,Yes,2026-04-15,2026-04-02,Completed,0,DPT-023
ATR-002582,EMP-00804,ATT-COC,Code of Conduct Attestation,Yes,2026-02-17,2026-01-30,Completed,0,DPT-023
ATR-002583,EMP-00804,ATT-PRV,Privacy & Data Handling,Yes,2025-08-28,2025-08-14,Completed,0,DPT-023
ATR-002584,EMP-00804,ATT-INS,Insider Trading Window,Yes,2026-03-11,2026-03-06,Completed,0,DPT-023
ATR-002585,EMP-00805,ATT-COI,Conflict of Interest,Yes,2026-01-10,2025-12-29,Completed,0,DPT-020
ATR-002586,EMP-00805,ATT-COC,Code of Conduct Attestation,Yes,2025-06-16,2025-06-13,Completed,0,DPT-020
ATR-002587,EMP-00805,ATT-PRV,Privacy & Data Handling,Yes,2026-02-10,2026-01-23,Completed,0,DPT-020
ATR-002588,EMP-00805,ATT-INS,Insider Trading Window,Yes,2025-12-21,2025-12-05,Completed,0,DPT-020
ATR-002589,EMP-00806,ATT-COI,Conflict of Interest,Yes,2026-04-23,2026-04-04,Completed,0,DPT-005
ATR-002590,EMP-00806,ATT-COC,Code of Conduct Attestation,Yes,2025-07-16,,Overdue,312,DPT-005
ATR-002591,EMP-00806,ATT-PRV,Privacy & Data Handling,Yes,2026-01-16,2026-01-09,Completed,0,DPT-005
ATR-002592,EMP-00806,ATT-INS,Insider Trading Window,Yes,2026-03-29,2026-03-22,Completed,0,DPT-005
ATR-002593,EMP-00807,ATT-COI,Conflict of Interest,Yes,2025-12-09,2025-11-19,Completed,0,DPT-005
ATR-002594,EMP-00807,ATT-COC,Code of Conduct Attestation,Yes,2026-03-08,2026-02-18,Completed,0,DPT-005
ATR-002595,EMP-00807,ATT-PRV,Privacy & Data Handling,Yes,2026-01-07,2025-12-31,Completed,0,DPT-005
ATR-002596,EMP-00807,ATT-INS,Insider Trading Window,Yes,2026-04-11,2026-03-27,Completed,0,DPT-005
ATR-002597,EMP-00808,ATT-COI,Conflict of Interest,Yes,2025-09-09,2025-08-26,Completed,0,DPT-001
ATR-002598,EMP-00808,ATT-COC,Code of Conduct Attestation,Yes,2025-12-20,2025-12-02,Completed,0,DPT-001
ATR-002599,EMP-00808,ATT-PRV,Privacy & Data Handling,Yes,2025-08-03,2025-07-22,Completed,0,DPT-001
ATR-002600,EMP-00808,ATT-INS,Insider Trading Window,Yes,2026-05-05,2026-04-25,Completed,0,DPT-001
ATR-002601,EMP-00809,ATT-COI,Conflict of Interest,Yes,2026-03-27,2026-03-10,Completed,0,DPT-020
ATR-002602,EMP-00809,ATT-COC,Code of Conduct Attestation,Yes,2025-09-22,2025-09-11,Completed,0,DPT-020
ATR-002603,EMP-00809,ATT-PRV,Privacy & Data Handling,Yes,2025-11-12,2025-11-06,Completed,0,DPT-020
ATR-002604,EMP-00809,ATT-INS,Insider Trading Window,Yes,2026-01-12,2026-01-05,Completed,0,DPT-020
ATR-002605,EMP-00810,ATT-COI,Conflict of Interest,Yes,2025-09-29,2025-09-18,Completed,0,DPT-001
ATR-002606,EMP-00810,ATT-COC,Code of Conduct Attestation,Yes,2025-09-01,2025-08-14,Completed,0,DPT-001
ATR-002607,EMP-00810,ATT-PRV,Privacy & Data Handling,Yes,2025-12-21,2025-12-03,Completed,0,DPT-001
ATR-002608,EMP-00810,ATT-INS,Insider Trading Window,Yes,2025-12-15,2025-12-11,Completed,0,DPT-001
ATR-002609,EMP-00811,ATT-COI,Conflict of Interest,Yes,2026-04-10,2026-03-28,Completed,0,DPT-002
ATR-002610,EMP-00811,ATT-COC,Code of Conduct Attestation,Yes,2026-02-16,2026-02-05,Completed,0,DPT-002
ATR-002611,EMP-00811,ATT-PRV,Privacy & Data Handling,Yes,2025-08-07,2025-07-25,Completed,0,DPT-002
ATR-002612,EMP-00811,ATT-INS,Insider Trading Window,Yes,2026-05-11,2026-05-06,Completed,0,DPT-002
ATR-002613,EMP-00812,ATT-COI,Conflict of Interest,Yes,2026-05-07,2026-04-21,Completed,0,DPT-006
ATR-002614,EMP-00812,ATT-COC,Code of Conduct Attestation,Yes,2025-10-13,2025-10-06,Completed,0,DPT-006
ATR-002615,EMP-00812,ATT-PRV,Privacy & Data Handling,Yes,2025-11-29,2025-11-15,Completed,0,DPT-006
ATR-002616,EMP-00812,ATT-INS,Insider Trading Window,Yes,2025-12-13,2025-12-08,Completed,0,DPT-006
ATR-002617,EMP-00813,ATT-COI,Conflict of Interest,Yes,2026-02-14,2026-01-29,Completed,0,DPT-004
ATR-002618,EMP-00813,ATT-COC,Code of Conduct Attestation,Yes,2025-10-22,2025-10-11,Completed,0,DPT-004
ATR-002619,EMP-00813,ATT-PRV,Privacy & Data Handling,Yes,2026-02-09,2026-02-07,Completed,0,DPT-004
ATR-002620,EMP-00813,ATT-INS,Insider Trading Window,Yes,2026-02-17,2026-02-04,Completed,0,DPT-004
ATR-002621,EMP-00814,ATT-COI,Conflict of Interest,Yes,2026-05-02,2026-04-28,Completed,0,DPT-002
ATR-002622,EMP-00814,ATT-COC,Code of Conduct Attestation,Yes,2026-02-19,2026-02-15,Completed,0,DPT-002
ATR-002623,EMP-00814,ATT-PRV,Privacy & Data Handling,Yes,2025-08-19,2025-12-17,Completed,0,DPT-002
ATR-002624,EMP-00814,ATT-INS,Insider Trading Window,Yes,2026-03-24,2026-03-21,Completed,0,DPT-002
ATR-002625,EMP-00815,ATT-COI,Conflict of Interest,Yes,2025-10-16,2025-10-10,Completed,0,DPT-016
ATR-002626,EMP-00815,ATT-COC,Code of Conduct Attestation,Yes,2025-06-20,2025-05-31,Completed,0,DPT-016
ATR-002627,EMP-00815,ATT-PRV,Privacy & Data Handling,Yes,2026-04-12,2026-04-07,Completed,0,DPT-016
ATR-002628,EMP-00815,ATT-INS,Insider Trading Window,Yes,2026-05-14,2026-04-28,Completed,0,DPT-016
ATR-002629,EMP-00816,ATT-COI,Conflict of Interest,Yes,2026-03-22,2026-03-06,Completed,0,DPT-021
ATR-002630,EMP-00816,ATT-COC,Code of Conduct Attestation,Yes,2026-05-10,2026-04-23,Completed,0,DPT-021
ATR-002631,EMP-00816,ATT-PRV,Privacy & Data Handling,Yes,2025-08-26,2025-08-12,Completed,0,DPT-021
ATR-002632,EMP-00816,ATT-INS,Insider Trading Window,Yes,2025-12-14,2025-11-24,Completed,0,DPT-021
ATR-002633,EMP-00818,ATT-COI,Conflict of Interest,Yes,2025-09-30,2025-09-22,Completed,0,DPT-006
ATR-002634,EMP-00818,ATT-COC,Code of Conduct Attestation,Yes,2025-08-24,2025-08-05,Completed,0,DPT-006
ATR-002635,EMP-00818,ATT-PRV,Privacy & Data Handling,Yes,2026-04-13,2026-04-09,Completed,0,DPT-006
ATR-002636,EMP-00818,ATT-INS,Insider Trading Window,Yes,2025-12-17,2025-11-28,Completed,0,DPT-006
ATR-002637,EMP-00819,ATT-COI,Conflict of Interest,Yes,2025-11-24,2025-11-11,Completed,0,DPT-003
ATR-002638,EMP-00819,ATT-COC,Code of Conduct Attestation,Yes,2025-11-02,2025-10-21,Completed,0,DPT-003
ATR-002639,EMP-00819,ATT-PRV,Privacy & Data Handling,Yes,2025-08-22,2025-08-15,Completed,0,DPT-003
ATR-002640,EMP-00819,ATT-INS,Insider Trading Window,Yes,2026-01-26,2026-01-10,Completed,0,DPT-003
ATR-002641,EMP-00820,ATT-COI,Conflict of Interest,Yes,2025-08-08,2025-08-04,Completed,0,DPT-021
ATR-002642,EMP-00820,ATT-COC,Code of Conduct Attestation,Yes,2025-09-03,2025-08-18,Completed,0,DPT-021
ATR-002643,EMP-00820,ATT-PRV,Privacy & Data Handling,Yes,2026-02-11,2026-01-28,Completed,0,DPT-021
ATR-002644,EMP-00820,ATT-INS,Insider Trading Window,Yes,2026-05-02,2026-04-23,Completed,0,DPT-021
ATR-002645,EMP-00821,ATT-COI,Conflict of Interest,Yes,2025-10-24,,Overdue,212,DPT-004
ATR-002646,EMP-00821,ATT-COC,Code of Conduct Attestation,Yes,2026-02-10,2026-01-22,Completed,0,DPT-004
ATR-002647,EMP-00821,ATT-PRV,Privacy & Data Handling,Yes,2025-08-10,2025-07-25,Completed,0,DPT-004
ATR-002648,EMP-00821,ATT-INS,Insider Trading Window,Yes,2026-05-10,2026-05-06,Completed,0,DPT-004
ATR-002649,EMP-00822,ATT-COI,Conflict of Interest,Yes,2025-10-06,2025-09-25,Completed,0,DPT-008
ATR-002650,EMP-00822,ATT-COC,Code of Conduct Attestation,Yes,2025-10-04,2025-09-28,Completed,0,DPT-008
ATR-002651,EMP-00822,ATT-PRV,Privacy & Data Handling,Yes,2026-02-17,2026-02-10,Completed,0,DPT-008
ATR-002652,EMP-00822,ATT-INS,Insider Trading Window,Yes,2026-01-25,2026-01-13,Completed,0,DPT-008
ATR-002653,EMP-00823,ATT-COI,Conflict of Interest,Yes,2025-08-19,2025-08-04,Completed,0,DPT-012
ATR-002654,EMP-00823,ATT-COC,Code of Conduct Attestation,Yes,2025-07-23,2025-07-21,Completed,0,DPT-012
ATR-002655,EMP-00823,ATT-PRV,Privacy & Data Handling,Yes,2025-12-04,2025-11-21,Completed,0,DPT-012
ATR-002656,EMP-00823,ATT-INS,Insider Trading Window,Yes,2026-01-25,2026-01-24,Completed,0,DPT-012
ATR-002657,EMP-00825,ATT-COI,Conflict of Interest,Yes,2025-07-02,2025-06-20,Completed,0,DPT-017
ATR-002658,EMP-00825,ATT-COC,Code of Conduct Attestation,Yes,2025-10-01,2025-09-18,Completed,0,DPT-017
ATR-002659,EMP-00825,ATT-PRV,Privacy & Data Handling,Yes,2026-05-15,2026-04-30,Completed,0,DPT-017
ATR-002660,EMP-00825,ATT-INS,Insider Trading Window,Yes,2026-01-14,2026-01-11,Completed,0,DPT-017
ATR-002661,EMP-00826,ATT-COI,Conflict of Interest,Yes,2025-12-30,2025-12-25,Completed,0,DPT-021
ATR-002662,EMP-00826,ATT-COC,Code of Conduct Attestation,Yes,2026-03-30,2026-03-14,Completed,0,DPT-021
ATR-002663,EMP-00826,ATT-PRV,Privacy & Data Handling,Yes,2026-03-07,2026-02-26,Completed,0,DPT-021
ATR-002664,EMP-00826,ATT-INS,Insider Trading Window,Yes,2025-12-09,2025-12-03,Completed,0,DPT-021
ATR-002665,EMP-00827,ATT-COI,Conflict of Interest,Yes,2026-01-25,2026-01-23,Completed,0,DPT-002
ATR-002666,EMP-00827,ATT-COC,Code of Conduct Attestation,Yes,2025-10-09,2025-09-21,Completed,0,DPT-002
ATR-002667,EMP-00827,ATT-PRV,Privacy & Data Handling,Yes,2026-03-06,2026-02-24,Completed,0,DPT-002
ATR-002668,EMP-00827,ATT-INS,Insider Trading Window,Yes,2026-01-21,2026-01-02,Completed,0,DPT-002
ATR-002669,EMP-00828,ATT-COI,Conflict of Interest,Yes,2025-06-13,2025-06-02,Completed,0,DPT-001
ATR-002670,EMP-00828,ATT-COC,Code of Conduct Attestation,Yes,2026-05-03,2026-04-29,Completed,0,DPT-001
ATR-002671,EMP-00828,ATT-PRV,Privacy & Data Handling,Yes,2025-07-23,2025-07-08,Completed,0,DPT-001
ATR-002672,EMP-00828,ATT-INS,Insider Trading Window,Yes,2026-01-18,2026-01-16,Completed,0,DPT-001
ATR-002673,EMP-00829,ATT-COI,Conflict of Interest,Yes,2026-01-29,2026-01-18,Completed,0,DPT-009
ATR-002674,EMP-00829,ATT-COC,Code of Conduct Attestation,Yes,2025-08-06,2025-07-29,Completed,0,DPT-009
ATR-002675,EMP-00829,ATT-PRV,Privacy & Data Handling,Yes,2025-09-02,2025-08-24,Completed,0,DPT-009
ATR-002676,EMP-00829,ATT-INS,Insider Trading Window,Yes,2026-01-13,2026-01-07,Completed,0,DPT-009
ATR-002677,EMP-00830,ATT-COI,Conflict of Interest,Yes,2026-01-27,2026-01-16,Completed,0,DPT-021
ATR-002678,EMP-00830,ATT-COC,Code of Conduct Attestation,Yes,2025-10-29,2025-10-17,Completed,0,DPT-021
ATR-002679,EMP-00830,ATT-PRV,Privacy & Data Handling,Yes,2025-09-09,2025-08-25,Completed,0,DPT-021
ATR-002680,EMP-00830,ATT-INS,Insider Trading Window,Yes,2026-03-16,2026-03-12,Completed,0,DPT-021
ATR-002681,EMP-00831,ATT-COI,Conflict of Interest,Yes,2025-12-19,2025-11-30,Completed,0,DPT-012
ATR-002682,EMP-00831,ATT-COC,Code of Conduct Attestation,Yes,2025-08-26,2025-08-12,Completed,0,DPT-012
ATR-002683,EMP-00831,ATT-PRV,Privacy & Data Handling,Yes,2026-05-08,2026-04-19,Completed,0,DPT-012
ATR-002684,EMP-00831,ATT-INS,Insider Trading Window,Yes,2026-01-03,2025-12-17,Completed,0,DPT-012
ATR-002685,EMP-00832,ATT-COI,Conflict of Interest,Yes,2025-09-28,2025-09-26,Completed,0,DPT-007
ATR-002686,EMP-00832,ATT-COC,Code of Conduct Attestation,Yes,2026-05-09,2026-04-25,Completed,0,DPT-007
ATR-002687,EMP-00832,ATT-PRV,Privacy & Data Handling,Yes,2025-12-26,2025-12-23,Completed,0,DPT-007
ATR-002688,EMP-00832,ATT-INS,Insider Trading Window,Yes,2026-03-05,2026-02-18,Completed,0,DPT-007
ATR-002689,EMP-00835,ATT-COI,Conflict of Interest,Yes,2025-11-29,2025-11-23,Completed,0,DPT-019
ATR-002690,EMP-00835,ATT-COC,Code of Conduct Attestation,Yes,2026-03-16,2026-03-04,Completed,0,DPT-019
ATR-002691,EMP-00835,ATT-PRV,Privacy & Data Handling,Yes,2025-10-05,2025-10-03,Completed,0,DPT-019
ATR-002692,EMP-00835,ATT-INS,Insider Trading Window,Yes,2026-05-18,2026-05-12,Completed,0,DPT-019
ATR-002693,EMP-00836,ATT-COI,Conflict of Interest,Yes,2026-02-17,2026-01-29,Completed,0,DPT-009
ATR-002694,EMP-00836,ATT-COC,Code of Conduct Attestation,Yes,2025-10-14,2025-10-06,Completed,0,DPT-009
ATR-002695,EMP-00836,ATT-PRV,Privacy & Data Handling,Yes,2025-09-12,2025-08-25,Completed,0,DPT-009
ATR-002696,EMP-00836,ATT-INS,Insider Trading Window,Yes,2026-05-23,2026-05-13,Completed,0,DPT-009
ATR-002697,EMP-00837,ATT-COI,Conflict of Interest,Yes,2025-12-31,2025-12-25,Completed,0,DPT-004
ATR-002698,EMP-00837,ATT-COC,Code of Conduct Attestation,Yes,2026-05-11,2026-04-21,Completed,0,DPT-004
ATR-002699,EMP-00837,ATT-PRV,Privacy & Data Handling,Yes,2025-12-07,2025-12-05,Completed,0,DPT-004
ATR-002700,EMP-00837,ATT-INS,Insider Trading Window,Yes,2025-12-28,2025-12-17,Completed,0,DPT-004
ATR-002701,EMP-00838,ATT-COI,Conflict of Interest,Yes,2025-11-21,,Overdue,184,DPT-003
ATR-002702,EMP-00838,ATT-COC,Code of Conduct Attestation,Yes,2025-12-20,2025-12-14,Completed,0,DPT-003
ATR-002703,EMP-00838,ATT-PRV,Privacy & Data Handling,Yes,2025-11-22,2025-11-06,Completed,0,DPT-003
ATR-002704,EMP-00838,ATT-INS,Insider Trading Window,Yes,2026-01-21,2026-01-18,Completed,0,DPT-003
ATR-002705,EMP-00839,ATT-COI,Conflict of Interest,Yes,2025-12-26,2025-12-06,Completed,0,DPT-021
ATR-002706,EMP-00839,ATT-COC,Code of Conduct Attestation,Yes,2025-09-21,2025-09-16,Completed,0,DPT-021
ATR-002707,EMP-00839,ATT-PRV,Privacy & Data Handling,Yes,2025-06-21,2025-06-08,Completed,0,DPT-021
ATR-002708,EMP-00839,ATT-INS,Insider Trading Window,Yes,2026-01-23,2026-01-11,Completed,0,DPT-021
ATR-002709,EMP-00842,ATT-COI,Conflict of Interest,Yes,2025-09-06,2025-10-06,Completed,0,DPT-001
ATR-002710,EMP-00842,ATT-COC,Code of Conduct Attestation,Yes,2025-10-16,2025-10-13,Completed,0,DPT-001
ATR-002711,EMP-00842,ATT-PRV,Privacy & Data Handling,Yes,2026-05-15,2026-05-03,Completed,0,DPT-001
ATR-002712,EMP-00842,ATT-INS,Insider Trading Window,Yes,2026-03-07,2026-02-18,Completed,0,DPT-001
ATR-002713,EMP-00844,ATT-COI,Conflict of Interest,Yes,2026-02-16,2026-05-10,Completed,0,DPT-001
ATR-002714,EMP-00844,ATT-COC,Code of Conduct Attestation,Yes,2026-03-12,2026-05-10,Completed,0,DPT-001
ATR-002715,EMP-00844,ATT-PRV,Privacy & Data Handling,Yes,2026-01-08,2026-05-06,Completed,0,DPT-001
ATR-002716,EMP-00844,ATT-INS,Insider Trading Window,Yes,2026-03-06,2026-05-09,Completed,0,DPT-001
ATR-002717,EMP-00846,ATT-COI,Conflict of Interest,Yes,2025-08-17,2025-08-14,Completed,0,DPT-006
ATR-002718,EMP-00846,ATT-COC,Code of Conduct Attestation,Yes,2025-09-03,2025-08-24,Completed,0,DPT-006
ATR-002719,EMP-00846,ATT-PRV,Privacy & Data Handling,Yes,2025-09-17,2025-09-05,Completed,0,DPT-006
ATR-002720,EMP-00846,ATT-INS,Insider Trading Window,Yes,2026-05-12,2026-04-28,Completed,0,DPT-006
ATR-002721,EMP-00847,ATT-COI,Conflict of Interest,Yes,2025-10-22,2025-10-04,Completed,0,DPT-017
ATR-002722,EMP-00847,ATT-COC,Code of Conduct Attestation,Yes,2026-04-29,2026-04-14,Completed,0,DPT-017
ATR-002723,EMP-00847,ATT-PRV,Privacy & Data Handling,Yes,2025-08-16,2025-08-15,Completed,0,DPT-017
ATR-002724,EMP-00847,ATT-INS,Insider Trading Window,Yes,2026-01-14,2026-01-03,Completed,0,DPT-017
ATR-002725,EMP-00848,ATT-COI,Conflict of Interest,Yes,2026-04-24,2026-04-14,Completed,0,DPT-006
ATR-002726,EMP-00848,ATT-COC,Code of Conduct Attestation,Yes,2025-11-01,2025-10-28,Completed,0,DPT-006
ATR-002727,EMP-00848,ATT-PRV,Privacy & Data Handling,Yes,2025-08-08,2025-08-02,Completed,0,DPT-006
ATR-002728,EMP-00848,ATT-INS,Insider Trading Window,Yes,2025-12-30,2025-12-22,Completed,0,DPT-006
ATR-002729,EMP-00849,ATT-COI,Conflict of Interest,Yes,2025-09-20,2025-12-23,Completed,0,DPT-016
ATR-002730,EMP-00849,ATT-COC,Code of Conduct Attestation,Yes,2026-02-18,2026-02-06,Completed,0,DPT-016
ATR-002731,EMP-00849,ATT-PRV,Privacy & Data Handling,Yes,2025-11-09,2025-12-24,Completed,0,DPT-016
ATR-002732,EMP-00849,ATT-INS,Insider Trading Window,Yes,2026-02-18,2026-02-14,Completed,0,DPT-016
ATR-002733,EMP-00851,ATT-COI,Conflict of Interest,Yes,2026-04-24,2026-04-09,Completed,0,DPT-009
ATR-002734,EMP-00851,ATT-COC,Code of Conduct Attestation,Yes,2025-05-31,2025-05-23,Completed,0,DPT-009
ATR-002735,EMP-00851,ATT-PRV,Privacy & Data Handling,Yes,2026-01-09,2025-12-30,Completed,0,DPT-009
ATR-002736,EMP-00851,ATT-INS,Insider Trading Window,Yes,2026-05-16,2026-05-15,Completed,0,DPT-009
ATR-002737,EMP-00852,ATT-COI,Conflict of Interest,Yes,2026-05-22,2026-05-07,Completed,0,DPT-021
ATR-002738,EMP-00852,ATT-COC,Code of Conduct Attestation,Yes,2026-03-17,2026-02-27,Completed,0,DPT-021
ATR-002739,EMP-00852,ATT-PRV,Privacy & Data Handling,Yes,2026-01-04,2026-01-03,Completed,0,DPT-021
ATR-002740,EMP-00852,ATT-INS,Insider Trading Window,Yes,2026-03-06,2026-02-21,Completed,0,DPT-021
ATR-002741,EMP-00855,ATT-COI,Conflict of Interest,Yes,2025-11-09,2025-10-26,Completed,0,DPT-002
ATR-002742,EMP-00855,ATT-COC,Code of Conduct Attestation,Yes,2025-11-27,2025-11-20,Completed,0,DPT-002
ATR-002743,EMP-00855,ATT-PRV,Privacy & Data Handling,Yes,2025-11-14,2025-10-27,Completed,0,DPT-002
ATR-002744,EMP-00855,ATT-INS,Insider Trading Window,Yes,2025-12-05,2025-11-16,Completed,0,DPT-002
ATR-002745,EMP-00856,ATT-COI,Conflict of Interest,Yes,2026-03-10,2026-03-05,Completed,0,DPT-004
ATR-002746,EMP-00856,ATT-COC,Code of Conduct Attestation,Yes,2025-11-02,2025-11-29,Completed,0,DPT-004
ATR-002747,EMP-00856,ATT-PRV,Privacy & Data Handling,Yes,2025-07-27,2025-11-28,Completed,0,DPT-004
ATR-002748,EMP-00856,ATT-INS,Insider Trading Window,Yes,2026-01-13,2026-01-08,Completed,0,DPT-004
ATR-002749,EMP-00857,ATT-COI,Conflict of Interest,Yes,2025-09-02,2025-08-23,Completed,0,DPT-004
ATR-002750,EMP-00857,ATT-COC,Code of Conduct Attestation,Yes,2025-11-16,2025-11-01,Completed,0,DPT-004
ATR-002751,EMP-00857,ATT-PRV,Privacy & Data Handling,Yes,2025-08-11,2025-08-03,Completed,0,DPT-004
ATR-002752,EMP-00857,ATT-INS,Insider Trading Window,Yes,2026-02-20,2026-02-16,Completed,0,DPT-004
ATR-002753,EMP-00858,ATT-COI,Conflict of Interest,Yes,2026-01-12,2026-01-10,Completed,0,DPT-020
ATR-002754,EMP-00858,ATT-COC,Code of Conduct Attestation,Yes,2026-05-20,2026-04-30,Completed,0,DPT-020
ATR-002755,EMP-00858,ATT-PRV,Privacy & Data Handling,Yes,2025-07-26,2025-07-25,Completed,0,DPT-020
ATR-002756,EMP-00858,ATT-INS,Insider Trading Window,Yes,2026-01-27,2026-01-25,Completed,0,DPT-020
ATR-002757,EMP-00859,ATT-COI,Conflict of Interest,Yes,2026-03-16,2026-03-06,Completed,0,DPT-009
ATR-002758,EMP-00859,ATT-COC,Code of Conduct Attestation,Yes,2025-09-18,2025-09-14,Completed,0,DPT-009
ATR-002759,EMP-00859,ATT-PRV,Privacy & Data Handling,Yes,2026-05-04,2026-04-30,Completed,0,DPT-009
ATR-002760,EMP-00859,ATT-INS,Insider Trading Window,Yes,2025-12-01,2025-11-15,Completed,0,DPT-009
ATR-002761,EMP-00860,ATT-COI,Conflict of Interest,Yes,2025-10-01,2025-09-29,Completed,0,DPT-023
ATR-002762,EMP-00860,ATT-COC,Code of Conduct Attestation,Yes,2025-09-26,2025-09-11,Completed,0,DPT-023
ATR-002763,EMP-00860,ATT-PRV,Privacy & Data Handling,Yes,2025-10-10,2025-10-05,Completed,0,DPT-023
ATR-002764,EMP-00860,ATT-INS,Insider Trading Window,Yes,2025-12-10,2025-11-25,Completed,0,DPT-023
ATR-002765,EMP-00861,ATT-COI,Conflict of Interest,Yes,2026-02-01,2026-01-29,Completed,0,DPT-011
ATR-002766,EMP-00861,ATT-COC,Code of Conduct Attestation,Yes,2026-01-12,2025-12-25,Completed,0,DPT-011
ATR-002767,EMP-00861,ATT-PRV,Privacy & Data Handling,Yes,2025-11-17,2025-10-31,Completed,0,DPT-011
ATR-002768,EMP-00861,ATT-INS,Insider Trading Window,Yes,2026-04-20,2026-04-12,Completed,0,DPT-011
ATR-002769,EMP-00862,ATT-COI,Conflict of Interest,Yes,2026-03-25,2026-03-08,Completed,0,DPT-016
ATR-002770,EMP-00862,ATT-COC,Code of Conduct Attestation,Yes,2025-06-02,2025-05-19,Completed,0,DPT-016
ATR-002771,EMP-00862,ATT-PRV,Privacy & Data Handling,Yes,2025-11-03,2025-10-17,Completed,0,DPT-016
ATR-002772,EMP-00862,ATT-INS,Insider Trading Window,Yes,2025-11-26,2025-11-10,Completed,0,DPT-016
ATR-002773,EMP-00863,ATT-COI,Conflict of Interest,Yes,2025-08-16,2025-08-12,Completed,0,DPT-001
ATR-002774,EMP-00863,ATT-COC,Code of Conduct Attestation,Yes,2026-03-24,2026-03-09,Completed,0,DPT-001
ATR-002775,EMP-00863,ATT-PRV,Privacy & Data Handling,Yes,2025-06-25,2025-06-13,Completed,0,DPT-001
ATR-002776,EMP-00863,ATT-INS,Insider Trading Window,Yes,2026-02-09,2026-02-01,Completed,0,DPT-001
ATR-002777,EMP-00864,ATT-COI,Conflict of Interest,Yes,2025-09-03,2025-09-01,Completed,0,DPT-023
ATR-002778,EMP-00864,ATT-COC,Code of Conduct Attestation,Yes,2025-11-14,2025-10-27,Completed,0,DPT-023
ATR-002779,EMP-00864,ATT-PRV,Privacy & Data Handling,Yes,2025-10-28,2025-10-09,Completed,0,DPT-023
ATR-002780,EMP-00864,ATT-INS,Insider Trading Window,Yes,2026-05-07,2026-04-30,Completed,0,DPT-023
ATR-002781,EMP-00866,ATT-COI,Conflict of Interest,Yes,2025-09-15,2025-08-26,Completed,0,DPT-020
ATR-002782,EMP-00866,ATT-COC,Code of Conduct Attestation,Yes,2025-10-02,2025-09-21,Completed,0,DPT-020
ATR-002783,EMP-00866,ATT-PRV,Privacy & Data Handling,Yes,2025-09-17,2025-08-30,Completed,0,DPT-020
ATR-002784,EMP-00866,ATT-INS,Insider Trading Window,Yes,2026-05-21,2026-05-17,Completed,0,DPT-020
ATR-002785,EMP-00867,ATT-COI,Conflict of Interest,Yes,2026-02-25,2026-02-23,Completed,0,DPT-003
ATR-002786,EMP-00867,ATT-COC,Code of Conduct Attestation,Yes,2025-12-10,2025-12-07,Completed,0,DPT-003
ATR-002787,EMP-00867,ATT-PRV,Privacy & Data Handling,Yes,2026-02-12,2026-01-23,Completed,0,DPT-003
ATR-002788,EMP-00867,ATT-INS,Insider Trading Window,Yes,2026-04-15,2026-04-05,Completed,0,DPT-003
ATR-002789,EMP-00868,ATT-COI,Conflict of Interest,Yes,2025-07-14,2025-07-05,Completed,0,DPT-023
ATR-002790,EMP-00868,ATT-COC,Code of Conduct Attestation,Yes,2026-02-26,2026-02-25,Completed,0,DPT-023
ATR-002791,EMP-00868,ATT-PRV,Privacy & Data Handling,Yes,2025-06-08,2025-05-24,Completed,0,DPT-023
ATR-002792,EMP-00868,ATT-INS,Insider Trading Window,Yes,2026-02-17,2026-02-08,Completed,0,DPT-023
ATR-002793,EMP-00869,ATT-COI,Conflict of Interest,Yes,2026-04-10,2026-03-27,Completed,0,DPT-003
ATR-002794,EMP-00869,ATT-COC,Code of Conduct Attestation,Yes,2026-01-13,2025-12-24,Completed,0,DPT-003
ATR-002795,EMP-00869,ATT-PRV,Privacy & Data Handling,Yes,2025-06-14,2025-09-01,Completed,0,DPT-003
ATR-002796,EMP-00869,ATT-INS,Insider Trading Window,Yes,2026-02-05,2026-01-24,Completed,0,DPT-003
ATR-002797,EMP-00870,ATT-COI,Conflict of Interest,Yes,2025-11-18,2025-11-08,Completed,0,DPT-016
ATR-002798,EMP-00870,ATT-COC,Code of Conduct Attestation,Yes,2026-02-07,2026-02-06,Completed,0,DPT-016
ATR-002799,EMP-00870,ATT-PRV,Privacy & Data Handling,Yes,2025-08-10,2025-08-04,Completed,0,DPT-016
ATR-002800,EMP-00870,ATT-INS,Insider Trading Window,Yes,2026-04-14,2026-03-28,Completed,0,DPT-016
ATR-002801,EMP-00871,ATT-COI,Conflict of Interest,Yes,2025-07-04,2025-11-26,Completed,0,DPT-016
ATR-002802,EMP-00871,ATT-COC,Code of Conduct Attestation,Yes,2025-06-13,2025-12-06,Completed,0,DPT-016
ATR-002803,EMP-00871,ATT-PRV,Privacy & Data Handling,Yes,2025-06-21,2025-12-08,Completed,0,DPT-016
ATR-002804,EMP-00871,ATT-INS,Insider Trading Window,Yes,2025-12-06,2025-11-26,Completed,0,DPT-016
ATR-002805,EMP-00874,ATT-COI,Conflict of Interest,Yes,2025-11-12,2025-11-06,Completed,0,DPT-006
ATR-002806,EMP-00874,ATT-COC,Code of Conduct Attestation,Yes,2026-01-13,2026-01-12,Completed,0,DPT-006
ATR-002807,EMP-00874,ATT-PRV,Privacy & Data Handling,Yes,2026-01-05,2025-12-23,Completed,0,DPT-006
ATR-002808,EMP-00874,ATT-INS,Insider Trading Window,Yes,2026-02-07,2026-01-23,Completed,0,DPT-006
ATR-002809,EMP-00875,ATT-COI,Conflict of Interest,Yes,2026-03-07,2026-03-04,Completed,0,DPT-023
ATR-002810,EMP-00875,ATT-COC,Code of Conduct Attestation,Yes,2025-10-13,2025-10-03,Completed,0,DPT-023
ATR-002811,EMP-00875,ATT-PRV,Privacy & Data Handling,Yes,2025-10-05,2025-09-26,Completed,0,DPT-023
ATR-002812,EMP-00875,ATT-INS,Insider Trading Window,Yes,2025-11-29,2025-11-17,Completed,0,DPT-023
ATR-002813,EMP-00877,ATT-COI,Conflict of Interest,Yes,2025-06-19,2025-06-12,Completed,0,DPT-005
ATR-002814,EMP-00877,ATT-COC,Code of Conduct Attestation,Yes,2026-01-24,2026-01-06,Completed,0,DPT-005
ATR-002815,EMP-00877,ATT-PRV,Privacy & Data Handling,Yes,2025-10-18,2025-10-05,Completed,0,DPT-005
ATR-002816,EMP-00877,ATT-INS,Insider Trading Window,Yes,2026-03-18,2026-03-16,Completed,0,DPT-005
ATR-002817,EMP-00878,ATT-COI,Conflict of Interest,Yes,2025-12-24,2025-12-14,Completed,0,DPT-013
ATR-002818,EMP-00878,ATT-COC,Code of Conduct Attestation,Yes,2026-03-07,2026-03-06,Completed,0,DPT-013
ATR-002819,EMP-00878,ATT-PRV,Privacy & Data Handling,Yes,2025-10-18,2025-10-09,Completed,0,DPT-013
ATR-002820,EMP-00878,ATT-INS,Insider Trading Window,Yes,2026-02-22,2026-02-02,Completed,0,DPT-013
ATR-002821,EMP-00879,ATT-COI,Conflict of Interest,Yes,2025-10-01,2025-09-23,Completed,0,DPT-006
ATR-002822,EMP-00879,ATT-COC,Code of Conduct Attestation,Yes,2025-06-23,2025-06-03,Completed,0,DPT-006
ATR-002823,EMP-00879,ATT-PRV,Privacy & Data Handling,Yes,2026-03-12,2026-03-02,Completed,0,DPT-006
ATR-002824,EMP-00879,ATT-INS,Insider Trading Window,Yes,2026-04-12,2026-04-03,Completed,0,DPT-006
ATR-002825,EMP-00880,ATT-COI,Conflict of Interest,Yes,2025-06-07,2025-06-01,Completed,0,DPT-005
ATR-002826,EMP-00880,ATT-COC,Code of Conduct Attestation,Yes,2026-02-16,2026-02-07,Completed,0,DPT-005
ATR-002827,EMP-00880,ATT-PRV,Privacy & Data Handling,Yes,2026-04-08,2026-04-03,Completed,0,DPT-005
ATR-002828,EMP-00880,ATT-INS,Insider Trading Window,Yes,2026-02-06,2026-02-01,Completed,0,DPT-005
ATR-002829,EMP-00881,ATT-COI,Conflict of Interest,Yes,2026-01-31,2026-01-28,Completed,0,DPT-007
ATR-002830,EMP-00881,ATT-COC,Code of Conduct Attestation,Yes,2025-05-31,2025-05-22,Completed,0,DPT-007
ATR-002831,EMP-00881,ATT-PRV,Privacy & Data Handling,Yes,2025-10-14,2025-10-12,Completed,0,DPT-007
ATR-002832,EMP-00881,ATT-INS,Insider Trading Window,Yes,2026-03-24,2026-03-21,Completed,0,DPT-007
ATR-002833,EMP-00882,ATT-COI,Conflict of Interest,Yes,2025-10-07,2025-09-23,Completed,0,DPT-005
ATR-002834,EMP-00882,ATT-COC,Code of Conduct Attestation,Yes,2025-08-11,2025-07-25,Completed,0,DPT-005
ATR-002835,EMP-00882,ATT-PRV,Privacy & Data Handling,Yes,2026-04-25,2026-04-07,Completed,0,DPT-005
ATR-002836,EMP-00882,ATT-INS,Insider Trading Window,Yes,2026-02-08,2026-01-20,Completed,0,DPT-005
ATR-002837,EMP-00884,ATT-COI,Conflict of Interest,Yes,2026-04-25,2026-04-16,Completed,0,DPT-010
ATR-002838,EMP-00884,ATT-COC,Code of Conduct Attestation,Yes,2025-07-11,2025-06-21,Completed,0,DPT-010
ATR-002839,EMP-00884,ATT-PRV,Privacy & Data Handling,Yes,2026-01-11,2025-12-22,Completed,0,DPT-010
ATR-002840,EMP-00884,ATT-INS,Insider Trading Window,Yes,2025-12-30,2025-12-23,Completed,0,DPT-010
ATR-002841,EMP-00885,ATT-COI,Conflict of Interest,Yes,2026-01-23,2026-01-10,Completed,0,DPT-016
ATR-002842,EMP-00885,ATT-COC,Code of Conduct Attestation,Yes,2026-03-16,2026-03-12,Completed,0,DPT-016
ATR-002843,EMP-00885,ATT-PRV,Privacy & Data Handling,Yes,2025-12-19,2025-12-16,Completed,0,DPT-016
ATR-002844,EMP-00885,ATT-INS,Insider Trading Window,Yes,2026-05-01,2026-04-13,Completed,0,DPT-016
ATR-002845,EMP-00886,ATT-COI,Conflict of Interest,Yes,2026-03-16,2026-02-28,Completed,0,DPT-008
ATR-002846,EMP-00886,ATT-COC,Code of Conduct Attestation,Yes,2025-11-15,2025-10-27,Completed,0,DPT-008
ATR-002847,EMP-00886,ATT-PRV,Privacy & Data Handling,Yes,2026-03-11,2026-02-24,Completed,0,DPT-008
ATR-002848,EMP-00886,ATT-INS,Insider Trading Window,Yes,2026-04-23,2026-04-07,Completed,0,DPT-008
ATR-002849,EMP-00888,ATT-COI,Conflict of Interest,Yes,2025-11-09,2025-10-20,Completed,0,DPT-002
ATR-002850,EMP-00888,ATT-COC,Code of Conduct Attestation,Yes,2025-08-08,2025-07-28,Completed,0,DPT-002
ATR-002851,EMP-00888,ATT-PRV,Privacy & Data Handling,Yes,2025-12-10,2025-12-05,Completed,0,DPT-002
ATR-002852,EMP-00888,ATT-INS,Insider Trading Window,Yes,2026-01-23,2026-01-15,Completed,0,DPT-002
ATR-002853,EMP-00889,ATT-COI,Conflict of Interest,Yes,2025-06-26,2025-06-24,Completed,0,DPT-018
ATR-002854,EMP-00889,ATT-COC,Code of Conduct Attestation,Yes,2026-01-09,2025-12-21,Completed,0,DPT-018
ATR-002855,EMP-00889,ATT-PRV,Privacy & Data Handling,Yes,2026-03-20,2026-03-01,Completed,0,DPT-018
ATR-002856,EMP-00889,ATT-INS,Insider Trading Window,Yes,2026-02-02,2026-01-25,Completed,0,DPT-018
ATR-002857,EMP-00890,ATT-COI,Conflict of Interest,Yes,2025-06-24,2025-06-20,Completed,0,DPT-006
ATR-002858,EMP-00890,ATT-COC,Code of Conduct Attestation,Yes,2025-08-14,2025-08-11,Completed,0,DPT-006
ATR-002859,EMP-00890,ATT-PRV,Privacy & Data Handling,Yes,2025-08-14,2025-08-01,Completed,0,DPT-006
ATR-002860,EMP-00890,ATT-INS,Insider Trading Window,Yes,2026-04-03,2026-03-29,Completed,0,DPT-006
ATR-002861,EMP-00891,ATT-COI,Conflict of Interest,Yes,2025-10-01,2026-01-05,Completed,0,DPT-001
ATR-002862,EMP-00891,ATT-COC,Code of Conduct Attestation,Yes,2026-01-15,2026-01-11,Completed,0,DPT-001
ATR-002863,EMP-00891,ATT-PRV,Privacy & Data Handling,Yes,2025-07-19,2026-01-09,Completed,0,DPT-001
ATR-002864,EMP-00891,ATT-INS,Insider Trading Window,Yes,2025-11-27,2026-01-09,Completed,0,DPT-001
ATR-002865,EMP-00892,ATT-COI,Conflict of Interest,Yes,2026-05-14,2026-05-09,Completed,0,DPT-011
ATR-002866,EMP-00892,ATT-COC,Code of Conduct Attestation,Yes,2025-12-03,2025-11-26,Completed,0,DPT-011
ATR-002867,EMP-00892,ATT-PRV,Privacy & Data Handling,Yes,2025-11-24,2025-11-04,Completed,0,DPT-011
ATR-002868,EMP-00892,ATT-INS,Insider Trading Window,Yes,2026-02-13,2026-02-05,Completed,0,DPT-011
ATR-002869,EMP-00893,ATT-COI,Conflict of Interest,Yes,2025-09-28,2025-09-15,Completed,0,DPT-020
ATR-002870,EMP-00893,ATT-COC,Code of Conduct Attestation,Yes,2025-07-22,2025-07-02,Completed,0,DPT-020
ATR-002871,EMP-00893,ATT-PRV,Privacy & Data Handling,Yes,2026-02-14,2026-01-31,Completed,0,DPT-020
ATR-002872,EMP-00893,ATT-INS,Insider Trading Window,Yes,2026-05-15,2026-05-07,Completed,0,DPT-020
ATR-002873,EMP-00894,ATT-COI,Conflict of Interest,Yes,2026-02-25,2026-02-22,Completed,0,DPT-026
ATR-002874,EMP-00894,ATT-COC,Code of Conduct Attestation,Yes,2025-11-17,2025-11-15,Completed,0,DPT-026
ATR-002875,EMP-00894,ATT-PRV,Privacy & Data Handling,Yes,2025-08-24,2025-08-22,Completed,0,DPT-026
ATR-002876,EMP-00894,ATT-INS,Insider Trading Window,Yes,2026-02-15,2026-01-28,Completed,0,DPT-026
ATR-002877,EMP-00895,ATT-COI,Conflict of Interest,Yes,2026-01-24,2026-01-10,Completed,0,DPT-012
ATR-002878,EMP-00895,ATT-COC,Code of Conduct Attestation,Yes,2026-02-13,2026-02-06,Completed,0,DPT-012
ATR-002879,EMP-00895,ATT-PRV,Privacy & Data Handling,Yes,2025-08-20,2025-08-12,Completed,0,DPT-012
ATR-002880,EMP-00895,ATT-INS,Insider Trading Window,Yes,2026-03-24,2026-03-10,Completed,0,DPT-012
ATR-002881,EMP-00896,ATT-COI,Conflict of Interest,Yes,2025-07-28,2025-09-25,Completed,0,DPT-011
ATR-002882,EMP-00896,ATT-COC,Code of Conduct Attestation,Yes,2025-12-17,2025-11-29,Completed,0,DPT-011
ATR-002883,EMP-00896,ATT-PRV,Privacy & Data Handling,Yes,2026-03-11,2026-02-25,Completed,0,DPT-011
ATR-002884,EMP-00896,ATT-INS,Insider Trading Window,Yes,2025-12-11,2025-12-03,Completed,0,DPT-011
ATR-002885,EMP-00897,ATT-COI,Conflict of Interest,Yes,2025-09-23,2025-09-13,Completed,0,DPT-024
ATR-002886,EMP-00897,ATT-COC,Code of Conduct Attestation,Yes,2025-08-02,2025-07-18,Completed,0,DPT-024
ATR-002887,EMP-00897,ATT-PRV,Privacy & Data Handling,Yes,2026-05-01,2026-04-28,Completed,0,DPT-024
ATR-002888,EMP-00897,ATT-INS,Insider Trading Window,Yes,2026-02-15,2026-01-26,Completed,0,DPT-024
ATR-002889,EMP-00898,ATT-COI,Conflict of Interest,Yes,2026-02-05,2026-01-20,Completed,0,DPT-007
ATR-002890,EMP-00898,ATT-COC,Code of Conduct Attestation,Yes,2026-04-08,2026-03-19,Completed,0,DPT-007
ATR-002891,EMP-00898,ATT-PRV,Privacy & Data Handling,Yes,2026-02-10,2026-01-25,Completed,0,DPT-007
ATR-002892,EMP-00898,ATT-INS,Insider Trading Window,Yes,2025-12-05,2025-11-26,Completed,0,DPT-007
ATR-002893,EMP-00899,ATT-COI,Conflict of Interest,Yes,2026-04-19,2026-04-18,Completed,0,DPT-006
ATR-002894,EMP-00899,ATT-COC,Code of Conduct Attestation,Yes,2025-07-17,2025-06-30,Completed,0,DPT-006
ATR-002895,EMP-00899,ATT-PRV,Privacy & Data Handling,Yes,2025-08-21,2025-08-06,Completed,0,DPT-006
ATR-002896,EMP-00899,ATT-INS,Insider Trading Window,Yes,2026-03-02,2026-03-01,Completed,0,DPT-006
ATR-002897,EMP-00900,ATT-COI,Conflict of Interest,Yes,2025-10-03,2026-05-26,Completed,0,DPT-011
ATR-002898,EMP-00900,ATT-COC,Code of Conduct Attestation,Yes,2025-12-17,2026-05-25,Completed,0,DPT-011
ATR-002899,EMP-00900,ATT-PRV,Privacy & Data Handling,Yes,2026-03-06,2026-05-20,Completed,0,DPT-011
ATR-002900,EMP-00900,ATT-INS,Insider Trading Window,Yes,2026-01-04,2026-05-19,Completed,0,DPT-011
ATR-002901,EMP-00901,ATT-COI,Conflict of Interest,Yes,2025-08-05,2025-12-24,Completed,0,DPT-002
ATR-002902,EMP-00901,ATT-COC,Code of Conduct Attestation,Yes,2026-01-05,2025-12-27,Completed,0,DPT-002
ATR-002903,EMP-00901,ATT-PRV,Privacy & Data Handling,Yes,2025-07-04,2025-12-30,Completed,0,DPT-002
ATR-002904,EMP-00901,ATT-INS,Insider Trading Window,Yes,2026-05-10,2026-05-03,Completed,0,DPT-002
ATR-002905,EMP-00902,ATT-COI,Conflict of Interest,Yes,2025-07-10,2025-07-20,Completed,0,DPT-007
ATR-002906,EMP-00902,ATT-COC,Code of Conduct Attestation,Yes,2025-09-04,2025-08-21,Completed,0,DPT-007
ATR-002907,EMP-00902,ATT-PRV,Privacy & Data Handling,Yes,2025-11-01,2025-10-26,Completed,0,DPT-007
ATR-002908,EMP-00902,ATT-INS,Insider Trading Window,Yes,2026-03-17,2026-03-03,Completed,0,DPT-007
ATR-002909,EMP-00903,ATT-COI,Conflict of Interest,Yes,2025-08-30,2025-08-27,Completed,0,DPT-009
ATR-002910,EMP-00903,ATT-COC,Code of Conduct Attestation,Yes,2026-01-10,2025-12-29,Completed,0,DPT-009
ATR-002911,EMP-00903,ATT-PRV,Privacy & Data Handling,Yes,2025-12-23,2025-12-05,Completed,0,DPT-009
ATR-002912,EMP-00903,ATT-INS,Insider Trading Window,Yes,2026-05-18,2026-05-17,Completed,0,DPT-009
ATR-002913,EMP-00905,ATT-COI,Conflict of Interest,Yes,2026-02-22,2026-02-14,Completed,0,DPT-003
ATR-002914,EMP-00905,ATT-COC,Code of Conduct Attestation,Yes,2025-09-21,2025-09-13,Completed,0,DPT-003
ATR-002915,EMP-00905,ATT-PRV,Privacy & Data Handling,Yes,2026-04-13,2026-04-09,Completed,0,DPT-003
ATR-002916,EMP-00905,ATT-INS,Insider Trading Window,Yes,2025-12-14,2025-11-26,Completed,0,DPT-003
ATR-002917,EMP-00907,ATT-COI,Conflict of Interest,Yes,2026-04-02,2026-03-20,Completed,0,DPT-002
ATR-002918,EMP-00907,ATT-COC,Code of Conduct Attestation,Yes,2025-10-26,2026-03-20,Completed,0,DPT-002
ATR-002919,EMP-00907,ATT-PRV,Privacy & Data Handling,Yes,2025-07-16,2026-03-14,Completed,0,DPT-002
ATR-002920,EMP-00907,ATT-INS,Insider Trading Window,Yes,2026-05-15,2026-05-14,Completed,0,DPT-002
ATR-002921,EMP-00908,ATT-COI,Conflict of Interest,Yes,2025-11-24,2025-11-07,Completed,0,DPT-005
ATR-002922,EMP-00908,ATT-COC,Code of Conduct Attestation,Yes,2026-03-23,2026-03-17,Completed,0,DPT-005
ATR-002923,EMP-00908,ATT-PRV,Privacy & Data Handling,Yes,2025-10-29,2025-10-18,Completed,0,DPT-005
ATR-002924,EMP-00908,ATT-INS,Insider Trading Window,Yes,2026-02-06,2026-02-01,Completed,0,DPT-005
ATR-002925,EMP-00909,ATT-COI,Conflict of Interest,Yes,2025-11-05,2025-10-16,Completed,0,DPT-026
ATR-002926,EMP-00909,ATT-COC,Code of Conduct Attestation,Yes,2025-07-29,2025-07-13,Completed,0,DPT-026
ATR-002927,EMP-00909,ATT-PRV,Privacy & Data Handling,Yes,2026-02-03,2026-01-22,Completed,0,DPT-026
ATR-002928,EMP-00909,ATT-INS,Insider Trading Window,Yes,2026-05-19,2026-05-01,Completed,0,DPT-026
ATR-002929,EMP-00910,ATT-COI,Conflict of Interest,Yes,2026-02-07,2026-01-24,Completed,0,DPT-006
ATR-002930,EMP-00910,ATT-COC,Code of Conduct Attestation,Yes,2026-01-13,2025-12-24,Completed,0,DPT-006
ATR-002931,EMP-00910,ATT-PRV,Privacy & Data Handling,Yes,2026-04-20,2026-04-02,Completed,0,DPT-006
ATR-002932,EMP-00910,ATT-INS,Insider Trading Window,Yes,2026-01-03,2025-12-17,Completed,0,DPT-006
ATR-002933,EMP-00911,ATT-COI,Conflict of Interest,Yes,2026-04-16,2026-04-02,Completed,0,DPT-017
ATR-002934,EMP-00911,ATT-COC,Code of Conduct Attestation,Yes,2026-01-06,2026-01-04,Completed,0,DPT-017
ATR-002935,EMP-00911,ATT-PRV,Privacy & Data Handling,Yes,2026-04-09,2026-04-04,Completed,0,DPT-017
ATR-002936,EMP-00911,ATT-INS,Insider Trading Window,Yes,2026-04-02,2026-03-13,Completed,0,DPT-017
ATR-002937,EMP-00912,ATT-COI,Conflict of Interest,Yes,2025-10-12,2025-09-28,Completed,0,DPT-007
ATR-002938,EMP-00912,ATT-COC,Code of Conduct Attestation,Yes,2025-07-29,2025-07-17,Completed,0,DPT-007
ATR-002939,EMP-00912,ATT-PRV,Privacy & Data Handling,Yes,2025-09-15,2025-09-14,Completed,0,DPT-007
ATR-002940,EMP-00912,ATT-INS,Insider Trading Window,Yes,2025-12-14,2025-12-01,Completed,0,DPT-007
ATR-002941,EMP-00913,ATT-COI,Conflict of Interest,Yes,2026-04-30,2026-04-12,Completed,0,DPT-012
ATR-002942,EMP-00913,ATT-COC,Code of Conduct Attestation,Yes,2026-02-05,2026-01-19,Completed,0,DPT-012
ATR-002943,EMP-00913,ATT-PRV,Privacy & Data Handling,Yes,2025-11-30,2025-11-16,Completed,0,DPT-012
ATR-002944,EMP-00913,ATT-INS,Insider Trading Window,Yes,2025-11-27,2025-11-24,Completed,0,DPT-012
ATR-002945,EMP-00914,ATT-COI,Conflict of Interest,Yes,2025-09-05,2025-08-27,Completed,0,DPT-005
ATR-002946,EMP-00914,ATT-COC,Code of Conduct Attestation,Yes,2025-10-22,2025-10-20,Completed,0,DPT-005
ATR-002947,EMP-00914,ATT-PRV,Privacy & Data Handling,Yes,2025-07-13,2025-06-28,Completed,0,DPT-005
ATR-002948,EMP-00914,ATT-INS,Insider Trading Window,Yes,2025-12-21,2025-12-15,Completed,0,DPT-005
ATR-002949,EMP-00915,ATT-COI,Conflict of Interest,Yes,2026-05-20,2026-05-10,Completed,0,DPT-001
ATR-002950,EMP-00915,ATT-COC,Code of Conduct Attestation,Yes,2025-11-15,2025-11-05,Completed,0,DPT-001
ATR-002951,EMP-00915,ATT-PRV,Privacy & Data Handling,Yes,2026-01-02,2025-12-31,Completed,0,DPT-001
ATR-002952,EMP-00915,ATT-INS,Insider Trading Window,Yes,2026-05-17,2026-04-29,Completed,0,DPT-001
ATR-002953,EMP-00916,ATT-COI,Conflict of Interest,Yes,2026-03-09,2026-03-06,Completed,0,DPT-001
ATR-002954,EMP-00916,ATT-COC,Code of Conduct Attestation,Yes,2026-03-27,2026-03-24,Completed,0,DPT-001
ATR-002955,EMP-00916,ATT-PRV,Privacy & Data Handling,Yes,2025-10-22,2025-10-17,Completed,0,DPT-001
ATR-002956,EMP-00916,ATT-INS,Insider Trading Window,Yes,2026-02-25,2026-02-18,Completed,0,DPT-001
ATR-002957,EMP-00917,ATT-COI,Conflict of Interest,Yes,2026-02-25,2026-02-13,Completed,0,DPT-012
ATR-002958,EMP-00917,ATT-COC,Code of Conduct Attestation,Yes,2025-11-26,2025-11-11,Completed,0,DPT-012
ATR-002959,EMP-00917,ATT-PRV,Privacy & Data Handling,Yes,2025-10-13,2025-09-24,Completed,0,DPT-012
ATR-002960,EMP-00917,ATT-INS,Insider Trading Window,Yes,2026-04-25,2026-04-21,Completed,0,DPT-012
ATR-002961,EMP-00918,ATT-COI,Conflict of Interest,Yes,2026-04-19,2026-04-08,Completed,0,DPT-021
ATR-002962,EMP-00918,ATT-COC,Code of Conduct Attestation,Yes,2025-12-03,2025-11-23,Completed,0,DPT-021
ATR-002963,EMP-00918,ATT-PRV,Privacy & Data Handling,Yes,2026-02-19,2026-02-16,Completed,0,DPT-021
ATR-002964,EMP-00918,ATT-INS,Insider Trading Window,Yes,2026-03-14,2026-03-07,Completed,0,DPT-021
ATR-002965,EMP-00919,ATT-COI,Conflict of Interest,Yes,2025-11-10,2025-11-08,Completed,0,DPT-001
ATR-002966,EMP-00919,ATT-COC,Code of Conduct Attestation,Yes,2025-06-30,2025-06-19,Completed,0,DPT-001
ATR-002967,EMP-00919,ATT-PRV,Privacy & Data Handling,Yes,2025-12-19,2025-12-02,Completed,0,DPT-001
ATR-002968,EMP-00919,ATT-INS,Insider Trading Window,Yes,2026-01-30,2026-01-20,Completed,0,DPT-001
ATR-002969,EMP-00920,ATT-COI,Conflict of Interest,Yes,2026-05-16,2026-05-13,Completed,0,DPT-026
ATR-002970,EMP-00920,ATT-COC,Code of Conduct Attestation,Yes,2025-11-16,2025-11-02,Completed,0,DPT-026
ATR-002971,EMP-00920,ATT-PRV,Privacy & Data Handling,Yes,2026-05-18,2026-04-28,Completed,0,DPT-026
ATR-002972,EMP-00920,ATT-INS,Insider Trading Window,Yes,2026-04-12,2026-04-05,Completed,0,DPT-026
ATR-002973,EMP-00922,ATT-COI,Conflict of Interest,Yes,2025-08-03,2025-07-22,Completed,0,DPT-026
ATR-002974,EMP-00922,ATT-COC,Code of Conduct Attestation,Yes,2026-01-23,2026-01-19,Completed,0,DPT-026
ATR-002975,EMP-00922,ATT-PRV,Privacy & Data Handling,Yes,2025-12-09,2025-12-02,Completed,0,DPT-026
ATR-002976,EMP-00922,ATT-INS,Insider Trading Window,Yes,2026-01-14,2025-12-30,Completed,0,DPT-026
ATR-002977,EMP-00923,ATT-COI,Conflict of Interest,Yes,2025-12-12,2025-12-11,Completed,0,DPT-008
ATR-002978,EMP-00923,ATT-COC,Code of Conduct Attestation,Yes,2025-08-23,2025-08-03,Completed,0,DPT-008
ATR-002979,EMP-00923,ATT-PRV,Privacy & Data Handling,Yes,2025-10-13,2025-10-04,Completed,0,DPT-008
ATR-002980,EMP-00923,ATT-INS,Insider Trading Window,Yes,2026-04-21,2026-04-04,Completed,0,DPT-008
ATR-002981,EMP-00924,ATT-COI,Conflict of Interest,Yes,2026-01-21,2026-01-02,Completed,0,DPT-013
ATR-002982,EMP-00924,ATT-COC,Code of Conduct Attestation,Yes,2026-04-03,2026-03-28,Completed,0,DPT-013
ATR-002983,EMP-00924,ATT-PRV,Privacy & Data Handling,Yes,2025-11-20,2025-11-05,Completed,0,DPT-013
ATR-002984,EMP-00924,ATT-INS,Insider Trading Window,Yes,2026-02-07,2026-01-20,Completed,0,DPT-013
ATR-002985,EMP-00925,ATT-COI,Conflict of Interest,Yes,2025-11-10,2025-10-23,Completed,0,DPT-001
ATR-002986,EMP-00925,ATT-COC,Code of Conduct Attestation,Yes,2026-04-12,2026-04-08,Completed,0,DPT-001
ATR-002987,EMP-00925,ATT-PRV,Privacy & Data Handling,Yes,2025-11-27,2025-11-11,Completed,0,DPT-001
ATR-002988,EMP-00925,ATT-INS,Insider Trading Window,Yes,2026-02-26,2026-02-23,Completed,0,DPT-001
ATR-002989,EMP-00926,ATT-COI,Conflict of Interest,Yes,2025-11-18,2025-11-02,Completed,0,DPT-013
ATR-002990,EMP-00926,ATT-COC,Code of Conduct Attestation,Yes,2025-11-08,2025-10-21,Completed,0,DPT-013
ATR-002991,EMP-00926,ATT-PRV,Privacy & Data Handling,Yes,2026-04-13,2026-03-30,Completed,0,DPT-013
ATR-002992,EMP-00926,ATT-INS,Insider Trading Window,Yes,2026-02-05,2026-02-02,Completed,0,DPT-013
ATR-002993,EMP-00927,ATT-COI,Conflict of Interest,Yes,2026-02-22,2026-02-16,Completed,0,DPT-004
ATR-002994,EMP-00927,ATT-COC,Code of Conduct Attestation,Yes,2025-11-13,2025-11-03,Completed,0,DPT-004
ATR-002995,EMP-00927,ATT-PRV,Privacy & Data Handling,Yes,2026-03-24,2026-03-06,Completed,0,DPT-004
ATR-002996,EMP-00927,ATT-INS,Insider Trading Window,Yes,2026-03-16,2026-03-05,Completed,0,DPT-004
ATR-002997,EMP-00929,ATT-COI,Conflict of Interest,Yes,2025-06-30,2025-07-15,Completed,0,DPT-012
ATR-002998,EMP-00929,ATT-COC,Code of Conduct Attestation,Yes,2026-04-10,2026-03-28,Completed,0,DPT-012
ATR-002999,EMP-00929,ATT-PRV,Privacy & Data Handling,Yes,2025-06-25,2025-07-13,Completed,0,DPT-012
ATR-003000,EMP-00929,ATT-INS,Insider Trading Window,Yes,2026-03-21,2026-03-18,Completed,0,DPT-012
ATR-003001,EMP-00930,ATT-COI,Conflict of Interest,Yes,2025-07-01,2025-06-22,Completed,0,DPT-020
ATR-003002,EMP-00930,ATT-COC,Code of Conduct Attestation,Yes,2026-03-12,2026-03-04,Completed,0,DPT-020
ATR-003003,EMP-00930,ATT-PRV,Privacy & Data Handling,Yes,2025-06-30,2025-06-22,Completed,0,DPT-020
ATR-003004,EMP-00930,ATT-INS,Insider Trading Window,Yes,2026-05-16,2026-05-03,Completed,0,DPT-020
ATR-003005,EMP-00931,ATT-COI,Conflict of Interest,Yes,2025-07-23,2025-07-22,Completed,0,DPT-001
ATR-003006,EMP-00931,ATT-COC,Code of Conduct Attestation,Yes,2026-03-30,2026-03-15,Completed,0,DPT-001
ATR-003007,EMP-00931,ATT-PRV,Privacy & Data Handling,Yes,2025-10-23,2025-10-10,Completed,0,DPT-001
ATR-003008,EMP-00931,ATT-INS,Insider Trading Window,Yes,2025-12-17,2025-11-28,Completed,0,DPT-001
ATR-003009,EMP-00932,ATT-COI,Conflict of Interest,Yes,2026-02-04,2026-03-28,Completed,0,DPT-020
ATR-003010,EMP-00932,ATT-COC,Code of Conduct Attestation,Yes,2026-03-18,2026-03-19,Completed,0,DPT-020
ATR-003011,EMP-00932,ATT-PRV,Privacy & Data Handling,Yes,2026-02-14,2026-03-25,Completed,0,DPT-020
ATR-003012,EMP-00932,ATT-INS,Insider Trading Window,Yes,2026-03-13,2026-03-30,Completed,0,DPT-020
ATR-003013,EMP-00933,ATT-COI,Conflict of Interest,Yes,2025-07-16,2025-07-15,Completed,0,DPT-023
ATR-003014,EMP-00933,ATT-COC,Code of Conduct Attestation,Yes,2025-11-26,2025-11-17,Completed,0,DPT-023
ATR-003015,EMP-00933,ATT-PRV,Privacy & Data Handling,Yes,2025-09-22,2025-09-13,Completed,0,DPT-023
ATR-003016,EMP-00933,ATT-INS,Insider Trading Window,Yes,2025-12-25,2025-12-23,Completed,0,DPT-023
ATR-003017,EMP-00934,ATT-COI,Conflict of Interest,Yes,2025-07-23,2025-07-06,Completed,0,DPT-017
ATR-003018,EMP-00934,ATT-COC,Code of Conduct Attestation,Yes,2026-03-12,2026-02-24,Completed,0,DPT-017
ATR-003019,EMP-00934,ATT-PRV,Privacy & Data Handling,Yes,2025-12-10,2025-11-23,Completed,0,DPT-017
ATR-003020,EMP-00934,ATT-INS,Insider Trading Window,Yes,2025-12-30,2025-12-24,Completed,0,DPT-017
ATR-003021,EMP-00935,ATT-COI,Conflict of Interest,Yes,2026-01-02,2025-12-23,Completed,0,DPT-020
ATR-003022,EMP-00935,ATT-COC,Code of Conduct Attestation,Yes,2026-01-06,2025-12-29,Completed,0,DPT-020
ATR-003023,EMP-00935,ATT-PRV,Privacy & Data Handling,Yes,2025-06-30,2025-06-22,Completed,0,DPT-020
ATR-003024,EMP-00935,ATT-INS,Insider Trading Window,Yes,2026-01-28,2026-01-18,Completed,0,DPT-020
ATR-003025,EMP-00936,ATT-COI,Conflict of Interest,Yes,2025-12-05,2025-11-29,Completed,0,DPT-003
ATR-003026,EMP-00936,ATT-COC,Code of Conduct Attestation,Yes,2025-12-06,2025-11-22,Completed,0,DPT-003
ATR-003027,EMP-00936,ATT-PRV,Privacy & Data Handling,Yes,2026-05-15,2026-04-29,Completed,0,DPT-003
ATR-003028,EMP-00936,ATT-INS,Insider Trading Window,Yes,2025-12-25,2025-12-09,Completed,0,DPT-003
ATR-003029,EMP-00937,ATT-COI,Conflict of Interest,Yes,2025-06-03,2025-06-01,Completed,0,DPT-003
ATR-003030,EMP-00937,ATT-COC,Code of Conduct Attestation,Yes,2025-11-04,2025-10-21,Completed,0,DPT-003
ATR-003031,EMP-00937,ATT-PRV,Privacy & Data Handling,Yes,2025-09-24,2025-09-08,Completed,0,DPT-003
ATR-003032,EMP-00937,ATT-INS,Insider Trading Window,Yes,2026-04-21,2026-04-12,Completed,0,DPT-003
ATR-003033,EMP-00940,ATT-COI,Conflict of Interest,Yes,2025-12-15,2025-12-05,Completed,0,DPT-004
ATR-003034,EMP-00940,ATT-COC,Code of Conduct Attestation,Yes,2025-12-08,2025-11-25,Completed,0,DPT-004
ATR-003035,EMP-00940,ATT-PRV,Privacy & Data Handling,Yes,2026-03-28,2026-03-11,Completed,0,DPT-004
ATR-003036,EMP-00940,ATT-INS,Insider Trading Window,Yes,2026-02-11,2026-01-24,Completed,0,DPT-004
ATR-003037,EMP-00941,ATT-COI,Conflict of Interest,Yes,2025-09-02,2025-08-29,Completed,0,DPT-001
ATR-003038,EMP-00941,ATT-COC,Code of Conduct Attestation,Yes,2025-07-05,2025-06-23,Completed,0,DPT-001
ATR-003039,EMP-00941,ATT-PRV,Privacy & Data Handling,Yes,2025-08-20,2025-08-14,Completed,0,DPT-001
ATR-003040,EMP-00941,ATT-INS,Insider Trading Window,Yes,2026-05-06,2026-05-04,Completed,0,DPT-001
ATR-003041,EMP-00942,ATT-COI,Conflict of Interest,Yes,2025-12-18,2025-12-12,Completed,0,DPT-012
ATR-003042,EMP-00942,ATT-COC,Code of Conduct Attestation,Yes,2025-11-29,2025-11-16,Completed,0,DPT-012
ATR-003043,EMP-00942,ATT-PRV,Privacy & Data Handling,Yes,2025-11-17,2025-11-07,Completed,0,DPT-012
ATR-003044,EMP-00942,ATT-INS,Insider Trading Window,Yes,2026-03-21,2026-03-17,Completed,0,DPT-012
ATR-003045,EMP-00943,ATT-COI,Conflict of Interest,Yes,2026-05-19,2026-05-18,Completed,0,DPT-010
ATR-003046,EMP-00943,ATT-COC,Code of Conduct Attestation,Yes,2025-10-13,2026-05-10,Completed,0,DPT-010
ATR-003047,EMP-00943,ATT-PRV,Privacy & Data Handling,Yes,2026-02-21,2026-05-01,Completed,0,DPT-010
ATR-003048,EMP-00943,ATT-INS,Insider Trading Window,Yes,2026-04-02,2026-04-30,Completed,0,DPT-010
ATR-003049,EMP-00944,ATT-COI,Conflict of Interest,Yes,2025-06-06,2025-05-20,Completed,0,DPT-007
ATR-003050,EMP-00944,ATT-COC,Code of Conduct Attestation,Yes,2025-07-02,2025-06-16,Completed,0,DPT-007
ATR-003051,EMP-00944,ATT-PRV,Privacy & Data Handling,Yes,2026-05-08,2026-05-07,Completed,0,DPT-007
ATR-003052,EMP-00944,ATT-INS,Insider Trading Window,Yes,2026-03-15,2026-02-27,Completed,0,DPT-007
ATR-003053,EMP-00945,ATT-COI,Conflict of Interest,Yes,2025-08-06,2025-07-25,Completed,0,DPT-001
ATR-003054,EMP-00945,ATT-COC,Code of Conduct Attestation,Yes,2026-05-05,2026-04-19,Completed,0,DPT-001
ATR-003055,EMP-00945,ATT-PRV,Privacy & Data Handling,Yes,2025-08-05,2025-07-30,Completed,0,DPT-001
ATR-003056,EMP-00945,ATT-INS,Insider Trading Window,Yes,2026-01-01,2025-12-14,Completed,0,DPT-001
ATR-003057,EMP-00946,ATT-COI,Conflict of Interest,Yes,2025-10-30,2025-10-21,Completed,0,DPT-001
ATR-003058,EMP-00946,ATT-COC,Code of Conduct Attestation,Yes,2026-03-29,2026-03-28,Completed,0,DPT-001
ATR-003059,EMP-00946,ATT-PRV,Privacy & Data Handling,Yes,2026-03-23,2026-03-15,Completed,0,DPT-001
ATR-003060,EMP-00946,ATT-INS,Insider Trading Window,Yes,2026-03-30,2026-03-23,Completed,0,DPT-001
ATR-003061,EMP-00947,ATT-COI,Conflict of Interest,Yes,2025-06-03,2025-05-19,Completed,0,DPT-020
ATR-003062,EMP-00947,ATT-COC,Code of Conduct Attestation,Yes,2025-09-30,2025-09-25,Completed,0,DPT-020
ATR-003063,EMP-00947,ATT-PRV,Privacy & Data Handling,Yes,2025-10-05,2025-09-27,Completed,0,DPT-020
ATR-003064,EMP-00947,ATT-INS,Insider Trading Window,Yes,2026-01-03,2025-12-16,Completed,0,DPT-020
ATR-003065,EMP-00949,ATT-COI,Conflict of Interest,Yes,2025-10-23,2025-10-15,Completed,0,DPT-001
ATR-003066,EMP-00949,ATT-COC,Code of Conduct Attestation,Yes,2026-03-04,2026-02-28,Completed,0,DPT-001
ATR-003067,EMP-00949,ATT-PRV,Privacy & Data Handling,Yes,2026-02-25,2026-02-08,Completed,0,DPT-001
ATR-003068,EMP-00949,ATT-INS,Insider Trading Window,Yes,2026-01-04,2025-12-30,Completed,0,DPT-001
ATR-003069,EMP-00950,ATT-COI,Conflict of Interest,Yes,2026-03-21,2026-03-01,Completed,0,DPT-009
ATR-003070,EMP-00950,ATT-COC,Code of Conduct Attestation,Yes,2025-09-24,2025-09-19,Completed,0,DPT-009
ATR-003071,EMP-00950,ATT-PRV,Privacy & Data Handling,Yes,2025-12-01,2025-11-21,Completed,0,DPT-009
ATR-003072,EMP-00950,ATT-INS,Insider Trading Window,Yes,2026-04-04,2026-03-24,Completed,0,DPT-009
ATR-003073,EMP-00951,ATT-COI,Conflict of Interest,Yes,2026-04-18,2026-04-09,Completed,0,DPT-017
ATR-003074,EMP-00951,ATT-COC,Code of Conduct Attestation,Yes,2025-08-09,2025-07-22,Completed,0,DPT-017
ATR-003075,EMP-00951,ATT-PRV,Privacy & Data Handling,Yes,2025-09-12,2025-09-03,Completed,0,DPT-017
ATR-003076,EMP-00951,ATT-INS,Insider Trading Window,Yes,2026-04-10,2026-04-09,Completed,0,DPT-017
ATR-003077,EMP-00952,ATT-COI,Conflict of Interest,Yes,2026-03-06,2026-02-20,Completed,0,DPT-020
ATR-003078,EMP-00952,ATT-COC,Code of Conduct Attestation,Yes,2025-11-28,2025-11-18,Completed,0,DPT-020
ATR-003079,EMP-00952,ATT-PRV,Privacy & Data Handling,Yes,2026-05-06,2026-04-27,Completed,0,DPT-020
ATR-003080,EMP-00952,ATT-INS,Insider Trading Window,Yes,2026-04-05,2026-03-19,Completed,0,DPT-020
ATR-003081,EMP-00953,ATT-COI,Conflict of Interest,Yes,2025-06-06,2026-03-19,Completed,0,DPT-005
ATR-003082,EMP-00953,ATT-COC,Code of Conduct Attestation,Yes,2026-02-08,2026-03-18,Completed,0,DPT-005
ATR-003083,EMP-00953,ATT-PRV,Privacy & Data Handling,Yes,2025-08-31,2026-03-18,Completed,0,DPT-005
ATR-003084,EMP-00953,ATT-INS,Insider Trading Window,Yes,2026-02-22,2026-03-24,Completed,0,DPT-005
ATR-003085,EMP-00954,ATT-COI,Conflict of Interest,Yes,2026-05-23,2026-05-18,Completed,0,DPT-016
ATR-003086,EMP-00954,ATT-COC,Code of Conduct Attestation,Yes,2025-09-19,2025-09-17,Completed,0,DPT-016
ATR-003087,EMP-00954,ATT-PRV,Privacy & Data Handling,Yes,2025-08-16,2025-08-11,Completed,0,DPT-016
ATR-003088,EMP-00954,ATT-INS,Insider Trading Window,Yes,2026-03-17,2026-03-01,Completed,0,DPT-016
ATR-003089,EMP-00955,ATT-COI,Conflict of Interest,Yes,2026-01-04,2026-02-03,Completed,0,DPT-001
ATR-003090,EMP-00955,ATT-COC,Code of Conduct Attestation,Yes,2026-05-01,2026-04-30,Completed,0,DPT-001
ATR-003091,EMP-00955,ATT-PRV,Privacy & Data Handling,Yes,2026-01-20,2026-02-02,Completed,0,DPT-001
ATR-003092,EMP-00955,ATT-INS,Insider Trading Window,Yes,2026-04-01,2026-03-27,Completed,0,DPT-001
ATR-003093,EMP-00957,ATT-COI,Conflict of Interest,Yes,2025-07-13,2025-07-11,Completed,0,DPT-003
ATR-003094,EMP-00957,ATT-COC,Code of Conduct Attestation,Yes,2026-04-12,2026-04-06,Completed,0,DPT-003
ATR-003095,EMP-00957,ATT-PRV,Privacy & Data Handling,Yes,2025-06-01,2025-05-30,Completed,0,DPT-003
ATR-003096,EMP-00957,ATT-INS,Insider Trading Window,Yes,2026-02-23,2026-02-13,Completed,0,DPT-003
ATR-003097,EMP-00959,ATT-COI,Conflict of Interest,Yes,2025-07-07,2025-06-28,Completed,0,DPT-006
ATR-003098,EMP-00959,ATT-COC,Code of Conduct Attestation,Yes,2026-04-09,2026-03-22,Completed,0,DPT-006
ATR-003099,EMP-00959,ATT-PRV,Privacy & Data Handling,Yes,2025-12-22,2025-12-20,Completed,0,DPT-006
ATR-003100,EMP-00959,ATT-INS,Insider Trading Window,Yes,2026-04-22,2026-04-14,Completed,0,DPT-006
ATR-003101,EMP-00960,ATT-COI,Conflict of Interest,Yes,2026-02-07,2026-01-22,Completed,0,DPT-007
ATR-003102,EMP-00960,ATT-COC,Code of Conduct Attestation,Yes,2025-07-20,2025-10-09,Completed,0,DPT-007
ATR-003103,EMP-00960,ATT-PRV,Privacy & Data Handling,Yes,2026-02-12,2026-02-09,Completed,0,DPT-007
ATR-003104,EMP-00960,ATT-INS,Insider Trading Window,Yes,2026-02-08,2026-01-27,Completed,0,DPT-007
ATR-003105,EMP-00961,ATT-COI,Conflict of Interest,Yes,2026-01-23,2026-01-14,Completed,0,DPT-007
ATR-003106,EMP-00961,ATT-COC,Code of Conduct Attestation,Yes,2026-05-24,2026-05-05,Completed,0,DPT-007
ATR-003107,EMP-00961,ATT-PRV,Privacy & Data Handling,Yes,2025-08-28,,Overdue,269,DPT-007
ATR-003108,EMP-00961,ATT-INS,Insider Trading Window,Yes,2026-01-02,2025-12-28,Completed,0,DPT-007
ATR-003109,EMP-00963,ATT-COI,Conflict of Interest,Yes,2026-03-15,2026-03-09,Completed,0,DPT-004
ATR-003110,EMP-00963,ATT-COC,Code of Conduct Attestation,Yes,2025-05-30,2025-05-27,Completed,0,DPT-004
ATR-003111,EMP-00963,ATT-PRV,Privacy & Data Handling,Yes,2025-12-05,2025-11-20,Completed,0,DPT-004
ATR-003112,EMP-00963,ATT-INS,Insider Trading Window,Yes,2026-04-08,2026-03-27,Completed,0,DPT-004
ATR-003113,EMP-00964,ATT-COI,Conflict of Interest,Yes,2026-05-04,2026-04-26,Completed,0,DPT-015
ATR-003114,EMP-00964,ATT-COC,Code of Conduct Attestation,Yes,2025-05-31,2025-05-25,Completed,0,DPT-015
ATR-003115,EMP-00964,ATT-PRV,Privacy & Data Handling,Yes,2025-12-15,2025-12-12,Completed,0,DPT-015
ATR-003116,EMP-00964,ATT-INS,Insider Trading Window,Yes,2026-04-28,2026-04-23,Completed,0,DPT-015
ATR-003117,EMP-00965,ATT-COI,Conflict of Interest,Yes,2026-03-18,2026-02-27,Completed,0,DPT-009
ATR-003118,EMP-00965,ATT-COC,Code of Conduct Attestation,Yes,2025-07-04,2025-07-02,Completed,0,DPT-009
ATR-003119,EMP-00965,ATT-PRV,Privacy & Data Handling,Yes,2026-05-23,2026-05-20,Completed,0,DPT-009
ATR-003120,EMP-00965,ATT-INS,Insider Trading Window,Yes,2025-12-10,2025-12-05,Completed,0,DPT-009
ATR-003121,EMP-00966,ATT-COI,Conflict of Interest,Yes,2026-02-10,2026-01-25,Completed,0,DPT-006
ATR-003122,EMP-00966,ATT-COC,Code of Conduct Attestation,Yes,2026-03-18,2026-03-05,Completed,0,DPT-006
ATR-003123,EMP-00966,ATT-PRV,Privacy & Data Handling,Yes,2026-01-30,2026-01-23,Completed,0,DPT-006
ATR-003124,EMP-00966,ATT-INS,Insider Trading Window,Yes,2026-02-09,2026-02-07,Completed,0,DPT-006
ATR-003125,EMP-00967,ATT-COI,Conflict of Interest,Yes,2026-04-23,2026-04-22,Completed,0,DPT-017
ATR-003126,EMP-00967,ATT-COC,Code of Conduct Attestation,Yes,2025-09-20,2025-09-08,Completed,0,DPT-017
ATR-003127,EMP-00967,ATT-PRV,Privacy & Data Handling,Yes,2025-07-25,2025-07-17,Completed,0,DPT-017
ATR-003128,EMP-00967,ATT-INS,Insider Trading Window,Yes,2026-01-22,2026-01-04,Completed,0,DPT-017
ATR-003129,EMP-00968,ATT-COI,Conflict of Interest,Yes,2025-07-20,2025-07-03,Completed,0,DPT-017
ATR-003130,EMP-00968,ATT-COC,Code of Conduct Attestation,Yes,2025-12-16,2025-11-30,Completed,0,DPT-017
ATR-003131,EMP-00968,ATT-PRV,Privacy & Data Handling,Yes,2025-10-01,2025-09-11,Completed,0,DPT-017
ATR-003132,EMP-00968,ATT-INS,Insider Trading Window,Yes,2026-05-03,2026-04-28,Completed,0,DPT-017
ATR-003133,EMP-00969,ATT-COI,Conflict of Interest,Yes,2026-05-06,2026-04-29,Completed,0,DPT-020
ATR-003134,EMP-00969,ATT-COC,Code of Conduct Attestation,Yes,2026-04-11,2026-04-10,Completed,0,DPT-020
ATR-003135,EMP-00969,ATT-PRV,Privacy & Data Handling,Yes,2025-08-28,2025-08-16,Completed,0,DPT-020
ATR-003136,EMP-00969,ATT-INS,Insider Trading Window,Yes,2026-04-15,2026-03-31,Completed,0,DPT-020
ATR-003137,EMP-00970,ATT-COI,Conflict of Interest,Yes,2026-05-12,2026-04-28,Completed,0,DPT-019
ATR-003138,EMP-00970,ATT-COC,Code of Conduct Attestation,Yes,2025-08-27,2025-08-07,Completed,0,DPT-019
ATR-003139,EMP-00970,ATT-PRV,Privacy & Data Handling,Yes,2025-10-15,2025-10-14,Completed,0,DPT-019
ATR-003140,EMP-00970,ATT-INS,Insider Trading Window,Yes,2026-01-17,2026-01-11,Completed,0,DPT-019
ATR-003141,EMP-00971,ATT-COI,Conflict of Interest,Yes,2025-09-26,2025-09-14,Completed,0,DPT-019
ATR-003142,EMP-00971,ATT-COC,Code of Conduct Attestation,Yes,2026-01-25,2026-01-15,Completed,0,DPT-019
ATR-003143,EMP-00971,ATT-PRV,Privacy & Data Handling,Yes,2025-09-07,2025-08-23,Completed,0,DPT-019
ATR-003144,EMP-00971,ATT-INS,Insider Trading Window,Yes,2025-12-22,2025-12-17,Completed,0,DPT-019
ATR-003145,EMP-00972,ATT-COI,Conflict of Interest,Yes,2025-09-16,2025-08-31,Completed,0,DPT-002
ATR-003146,EMP-00972,ATT-COC,Code of Conduct Attestation,Yes,2025-09-11,2025-09-06,Completed,0,DPT-002
ATR-003147,EMP-00972,ATT-PRV,Privacy & Data Handling,Yes,2026-04-18,2026-04-06,Completed,0,DPT-002
ATR-003148,EMP-00972,ATT-INS,Insider Trading Window,Yes,2026-04-26,2026-04-16,Completed,0,DPT-002
ATR-003149,EMP-00974,ATT-COI,Conflict of Interest,Yes,2026-02-18,2026-02-15,Completed,0,DPT-006
ATR-003150,EMP-00974,ATT-COC,Code of Conduct Attestation,Yes,2025-10-08,2025-09-20,Completed,0,DPT-006
ATR-003151,EMP-00974,ATT-PRV,Privacy & Data Handling,Yes,2025-10-08,2025-09-22,Completed,0,DPT-006
ATR-003152,EMP-00974,ATT-INS,Insider Trading Window,Yes,2026-04-03,2026-03-28,Completed,0,DPT-006
ATR-003153,EMP-00976,ATT-COI,Conflict of Interest,Yes,2025-11-30,2025-11-26,Completed,0,DPT-018
ATR-003154,EMP-00976,ATT-COC,Code of Conduct Attestation,Yes,2025-09-13,2025-09-12,Completed,0,DPT-018
ATR-003155,EMP-00976,ATT-PRV,Privacy & Data Handling,Yes,2025-12-22,2025-12-18,Completed,0,DPT-018
ATR-003156,EMP-00976,ATT-INS,Insider Trading Window,Yes,2026-01-17,2026-01-09,Completed,0,DPT-018
ATR-003157,EMP-00977,ATT-COI,Conflict of Interest,Yes,2025-10-21,2025-10-13,Completed,0,DPT-005
ATR-003158,EMP-00977,ATT-COC,Code of Conduct Attestation,Yes,2025-07-07,2025-06-24,Completed,0,DPT-005
ATR-003159,EMP-00977,ATT-PRV,Privacy & Data Handling,Yes,2025-10-17,2025-10-01,Completed,0,DPT-005
ATR-003160,EMP-00977,ATT-INS,Insider Trading Window,Yes,2025-11-27,2025-11-14,Completed,0,DPT-005
ATR-003161,EMP-00978,ATT-COI,Conflict of Interest,Yes,2025-08-04,2025-07-29,Completed,0,DPT-018
ATR-003162,EMP-00978,ATT-COC,Code of Conduct Attestation,Yes,2026-04-25,2026-04-13,Completed,0,DPT-018
ATR-003163,EMP-00978,ATT-PRV,Privacy & Data Handling,Yes,2025-11-27,2025-11-15,Completed,0,DPT-018
ATR-003164,EMP-00978,ATT-INS,Insider Trading Window,Yes,2026-04-29,2026-04-27,Completed,0,DPT-018
ATR-003165,EMP-00979,ATT-COI,Conflict of Interest,Yes,2026-05-05,2026-04-21,Completed,0,DPT-005
ATR-003166,EMP-00979,ATT-COC,Code of Conduct Attestation,Yes,2025-09-05,2025-09-02,Completed,0,DPT-005
ATR-003167,EMP-00979,ATT-PRV,Privacy & Data Handling,Yes,2025-07-09,2025-06-26,Completed,0,DPT-005
ATR-003168,EMP-00979,ATT-INS,Insider Trading Window,Yes,2026-02-02,2026-02-01,Completed,0,DPT-005
ATR-003169,EMP-00980,ATT-COI,Conflict of Interest,Yes,2025-11-02,2025-12-12,Completed,0,DPT-001
ATR-003170,EMP-00980,ATT-COC,Code of Conduct Attestation,Yes,2026-01-03,2025-12-22,Completed,0,DPT-001
ATR-003171,EMP-00980,ATT-PRV,Privacy & Data Handling,Yes,2026-05-05,2026-04-16,Completed,0,DPT-001
ATR-003172,EMP-00980,ATT-INS,Insider Trading Window,Yes,2026-01-12,2025-12-25,Completed,0,DPT-001
ATR-003173,EMP-00982,ATT-COI,Conflict of Interest,Yes,2025-09-25,2025-09-06,Completed,0,DPT-007
ATR-003174,EMP-00982,ATT-COC,Code of Conduct Attestation,Yes,2025-08-03,2025-07-15,Completed,0,DPT-007
ATR-003175,EMP-00982,ATT-PRV,Privacy & Data Handling,Yes,2026-03-09,2026-02-18,Completed,0,DPT-007
ATR-003176,EMP-00982,ATT-INS,Insider Trading Window,Yes,2026-02-08,2026-01-27,Completed,0,DPT-007
ATR-003177,EMP-00983,ATT-COI,Conflict of Interest,Yes,2026-01-29,2026-01-23,Completed,0,DPT-009
ATR-003178,EMP-00983,ATT-COC,Code of Conduct Attestation,Yes,2025-08-28,2025-08-11,Completed,0,DPT-009
ATR-003179,EMP-00983,ATT-PRV,Privacy & Data Handling,Yes,2026-03-29,2026-03-24,Completed,0,DPT-009
ATR-003180,EMP-00983,ATT-INS,Insider Trading Window,Yes,2025-12-07,2025-11-23,Completed,0,DPT-009
ATR-003181,EMP-00984,ATT-COI,Conflict of Interest,Yes,2026-02-02,2026-01-22,Completed,0,DPT-012
ATR-003182,EMP-00984,ATT-COC,Code of Conduct Attestation,Yes,2026-04-08,2026-03-30,Completed,0,DPT-012
ATR-003183,EMP-00984,ATT-PRV,Privacy & Data Handling,Yes,2026-01-09,2025-12-23,Completed,0,DPT-012
ATR-003184,EMP-00984,ATT-INS,Insider Trading Window,Yes,2026-02-28,2026-02-13,Completed,0,DPT-012
ATR-003185,EMP-00985,ATT-COI,Conflict of Interest,Yes,2025-10-04,2025-10-03,Completed,0,DPT-017
ATR-003186,EMP-00985,ATT-COC,Code of Conduct Attestation,Yes,2026-03-27,2026-03-23,Completed,0,DPT-017
ATR-003187,EMP-00985,ATT-PRV,Privacy & Data Handling,Yes,2026-04-06,2026-04-03,Completed,0,DPT-017
ATR-003188,EMP-00985,ATT-INS,Insider Trading Window,Yes,2026-04-08,2026-04-06,Completed,0,DPT-017
ATR-003189,EMP-00986,ATT-COI,Conflict of Interest,Yes,2026-04-03,2026-03-18,Completed,0,DPT-008
ATR-003190,EMP-00986,ATT-COC,Code of Conduct Attestation,Yes,2025-07-10,2025-06-21,Completed,0,DPT-008
ATR-003191,EMP-00986,ATT-PRV,Privacy & Data Handling,Yes,2025-12-17,2025-12-04,Completed,0,DPT-008
ATR-003192,EMP-00986,ATT-INS,Insider Trading Window,Yes,2026-05-20,2026-05-07,Completed,0,DPT-008
ATR-003193,EMP-00987,ATT-COI,Conflict of Interest,Yes,2025-08-23,2025-08-05,Completed,0,DPT-004
ATR-003194,EMP-00987,ATT-COC,Code of Conduct Attestation,Yes,2026-02-21,2026-02-18,Completed,0,DPT-004
ATR-003195,EMP-00987,ATT-PRV,Privacy & Data Handling,Yes,2026-01-23,2026-01-20,Completed,0,DPT-004
ATR-003196,EMP-00987,ATT-INS,Insider Trading Window,Yes,2025-12-25,2025-12-22,Completed,0,DPT-004
ATR-003197,EMP-00989,ATT-COI,Conflict of Interest,Yes,2025-07-14,2025-06-29,Completed,0,DPT-016
ATR-003198,EMP-00989,ATT-COC,Code of Conduct Attestation,Yes,2025-11-08,2025-11-02,Completed,0,DPT-016
ATR-003199,EMP-00989,ATT-PRV,Privacy & Data Handling,Yes,2025-06-17,2025-06-05,Completed,0,DPT-016
ATR-003200,EMP-00989,ATT-INS,Insider Trading Window,Yes,2025-12-29,2025-12-24,Completed,0,DPT-016
ATR-003201,EMP-00990,ATT-COI,Conflict of Interest,Yes,2025-12-29,2025-12-20,Completed,0,DPT-016
ATR-003202,EMP-00990,ATT-COC,Code of Conduct Attestation,Yes,2025-06-22,2025-06-12,Completed,0,DPT-016
ATR-003203,EMP-00990,ATT-PRV,Privacy & Data Handling,Yes,2025-07-01,2025-06-22,Completed,0,DPT-016
ATR-003204,EMP-00990,ATT-INS,Insider Trading Window,Yes,2026-03-28,2026-03-19,Completed,0,DPT-016
ATR-003205,EMP-00991,ATT-COI,Conflict of Interest,Yes,2025-10-12,2025-09-28,Completed,0,DPT-001
ATR-003206,EMP-00991,ATT-COC,Code of Conduct Attestation,Yes,2025-08-04,2025-07-18,Completed,0,DPT-001
ATR-003207,EMP-00991,ATT-PRV,Privacy & Data Handling,Yes,2025-07-10,2025-06-24,Completed,0,DPT-001
ATR-003208,EMP-00991,ATT-INS,Insider Trading Window,Yes,2026-05-14,2026-05-02,Completed,0,DPT-001
ATR-003209,EMP-00994,ATT-COI,Conflict of Interest,Yes,2025-11-06,2025-10-21,Completed,0,DPT-003
ATR-003210,EMP-00994,ATT-COC,Code of Conduct Attestation,Yes,2025-09-29,2025-09-15,Completed,0,DPT-003
ATR-003211,EMP-00994,ATT-PRV,Privacy & Data Handling,Yes,2026-04-23,2026-04-17,Completed,0,DPT-003
ATR-003212,EMP-00994,ATT-INS,Insider Trading Window,Yes,2026-01-13,2026-01-11,Completed,0,DPT-003
ATR-003213,EMP-00995,ATT-COI,Conflict of Interest,Yes,2025-09-25,2025-09-20,Completed,0,DPT-006
ATR-003214,EMP-00995,ATT-COC,Code of Conduct Attestation,Yes,2026-02-04,2026-01-22,Completed,0,DPT-006
ATR-003215,EMP-00995,ATT-PRV,Privacy & Data Handling,Yes,2026-02-10,2026-02-07,Completed,0,DPT-006
ATR-003216,EMP-00995,ATT-INS,Insider Trading Window,Yes,2026-01-18,2026-01-15,Completed,0,DPT-006
ATR-003217,EMP-00996,ATT-COI,Conflict of Interest,Yes,2025-07-28,2025-07-24,Completed,0,DPT-003
ATR-003218,EMP-00996,ATT-COC,Code of Conduct Attestation,Yes,2026-02-06,2026-01-25,Completed,0,DPT-003
ATR-003219,EMP-00996,ATT-PRV,Privacy & Data Handling,Yes,2026-02-08,2026-01-30,Completed,0,DPT-003
ATR-003220,EMP-00996,ATT-INS,Insider Trading Window,Yes,2026-04-10,2026-03-24,Completed,0,DPT-003
ATR-003221,EMP-00997,ATT-COI,Conflict of Interest,Yes,2025-06-28,2025-06-10,Completed,0,DPT-008
ATR-003222,EMP-00997,ATT-COC,Code of Conduct Attestation,Yes,2025-08-07,2025-07-20,Completed,0,DPT-008
ATR-003223,EMP-00997,ATT-PRV,Privacy & Data Handling,Yes,2025-12-09,2025-11-28,Completed,0,DPT-008
ATR-003224,EMP-00997,ATT-INS,Insider Trading Window,Yes,2026-02-24,2026-02-22,Completed,0,DPT-008
ATR-003225,EMP-00998,ATT-COI,Conflict of Interest,Yes,2025-07-22,2025-07-07,Completed,0,DPT-001
ATR-003226,EMP-00998,ATT-COC,Code of Conduct Attestation,Yes,2026-03-26,2026-03-20,Completed,0,DPT-001
ATR-003227,EMP-00998,ATT-PRV,Privacy & Data Handling,Yes,2025-10-30,2025-10-28,Completed,0,DPT-001
ATR-003228,EMP-00998,ATT-INS,Insider Trading Window,Yes,2026-05-13,2026-04-25,Completed,0,DPT-001
ATR-003229,EMP-00999,ATT-COI,Conflict of Interest,Yes,2025-11-22,2025-11-08,Completed,0,DPT-008
ATR-003230,EMP-00999,ATT-COC,Code of Conduct Attestation,Yes,2025-09-25,2025-09-15,Completed,0,DPT-008
ATR-003231,EMP-00999,ATT-PRV,Privacy & Data Handling,Yes,2025-06-12,2025-06-04,Completed,0,DPT-008
ATR-003232,EMP-00999,ATT-INS,Insider Trading Window,Yes,2025-11-29,2025-11-14,Completed,0,DPT-008
ATR-003233,EMP-01000,ATT-COI,Conflict of Interest,Yes,2025-07-21,2025-07-11,Completed,0,DPT-009
ATR-003234,EMP-01000,ATT-COC,Code of Conduct Attestation,Yes,2026-03-14,2026-02-27,Completed,0,DPT-009
ATR-003235,EMP-01000,ATT-PRV,Privacy & Data Handling,Yes,2025-09-01,2025-08-16,Completed,0,DPT-009
ATR-003236,EMP-01000,ATT-INS,Insider Trading Window,Yes,2026-02-06,2026-01-24,Completed,0,DPT-009
ATR-003237,EMP-01001,ATT-COI,Conflict of Interest,Yes,2025-09-26,2025-09-20,Completed,0,DPT-004
ATR-003238,EMP-01001,ATT-COC,Code of Conduct Attestation,Yes,2025-08-10,2025-08-05,Completed,0,DPT-004
ATR-003239,EMP-01001,ATT-PRV,Privacy & Data Handling,Yes,2025-12-10,2025-11-27,Completed,0,DPT-004
ATR-003240,EMP-01001,ATT-INS,Insider Trading Window,Yes,2026-03-11,2026-03-03,Completed,0,DPT-004
ATR-003241,EMP-01002,ATT-COI,Conflict of Interest,Yes,2025-11-07,2025-10-24,Completed,0,DPT-003
ATR-003242,EMP-01002,ATT-COC,Code of Conduct Attestation,Yes,2026-03-23,2026-03-21,Completed,0,DPT-003
ATR-003243,EMP-01002,ATT-PRV,Privacy & Data Handling,Yes,2025-10-23,2025-10-20,Completed,0,DPT-003
ATR-003244,EMP-01002,ATT-INS,Insider Trading Window,Yes,2026-02-03,2026-02-02,Completed,0,DPT-003
ATR-003245,EMP-01003,ATT-COI,Conflict of Interest,Yes,2025-12-19,2025-11-29,Completed,0,DPT-026
ATR-003246,EMP-01003,ATT-COC,Code of Conduct Attestation,Yes,2025-09-02,2025-09-27,Completed,0,DPT-026
ATR-003247,EMP-01003,ATT-PRV,Privacy & Data Handling,Yes,2025-07-21,2025-10-01,Completed,0,DPT-026
ATR-003248,EMP-01003,ATT-INS,Insider Trading Window,Yes,2025-12-22,2025-12-07,Completed,0,DPT-026
ATR-003249,EMP-01004,ATT-COI,Conflict of Interest,Yes,2026-04-20,2026-04-04,Completed,0,DPT-021
ATR-003250,EMP-01004,ATT-COC,Code of Conduct Attestation,Yes,2025-06-09,2025-05-26,Completed,0,DPT-021
ATR-003251,EMP-01004,ATT-PRV,Privacy & Data Handling,Yes,2026-01-22,2026-01-10,Completed,0,DPT-021
ATR-003252,EMP-01004,ATT-INS,Insider Trading Window,Yes,2026-04-01,2026-03-20,Completed,0,DPT-021
ATR-003253,EMP-01005,ATT-COI,Conflict of Interest,Yes,2025-07-12,2026-01-29,Completed,0,DPT-021
ATR-003254,EMP-01005,ATT-COC,Code of Conduct Attestation,Yes,2025-08-27,2026-01-31,Completed,0,DPT-021
ATR-003255,EMP-01005,ATT-PRV,Privacy & Data Handling,Yes,2025-12-03,2026-02-03,Completed,0,DPT-021
ATR-003256,EMP-01005,ATT-INS,Insider Trading Window,Yes,2026-05-03,2026-04-21,Completed,0,DPT-021
ATR-003257,EMP-01006,ATT-COI,Conflict of Interest,Yes,2025-11-07,2026-01-07,Completed,0,DPT-001
ATR-003258,EMP-01006,ATT-COC,Code of Conduct Attestation,Yes,2025-06-22,2026-01-01,Completed,0,DPT-001
ATR-003259,EMP-01006,ATT-PRV,Privacy & Data Handling,Yes,2026-02-18,2026-02-05,Completed,0,DPT-001
ATR-003260,EMP-01006,ATT-INS,Insider Trading Window,Yes,2026-02-26,2026-02-14,Completed,0,DPT-001
ATR-003261,EMP-01007,ATT-COI,Conflict of Interest,Yes,2025-08-17,2025-08-16,Completed,0,DPT-002
ATR-003262,EMP-01007,ATT-COC,Code of Conduct Attestation,Yes,2025-10-25,2025-10-12,Completed,0,DPT-002
ATR-003263,EMP-01007,ATT-PRV,Privacy & Data Handling,Yes,2025-07-31,2025-07-22,Completed,0,DPT-002
ATR-003264,EMP-01007,ATT-INS,Insider Trading Window,Yes,2026-03-19,2026-03-18,Completed,0,DPT-002
ATR-003265,EMP-01008,ATT-COI,Conflict of Interest,Yes,2025-07-29,2026-03-05,Completed,0,DPT-020
ATR-003266,EMP-01008,ATT-COC,Code of Conduct Attestation,Yes,2025-09-27,2026-02-22,Completed,0,DPT-020
ATR-003267,EMP-01008,ATT-PRV,Privacy & Data Handling,Yes,2026-05-05,2026-04-16,Completed,0,DPT-020
ATR-003268,EMP-01008,ATT-INS,Insider Trading Window,Yes,2026-03-29,2026-03-17,Completed,0,DPT-020
ATR-003269,EMP-01010,ATT-COI,Conflict of Interest,Yes,2026-02-19,2026-02-16,Completed,0,DPT-008
ATR-003270,EMP-01010,ATT-COC,Code of Conduct Attestation,Yes,2026-01-08,2025-12-25,Completed,0,DPT-008
ATR-003271,EMP-01010,ATT-PRV,Privacy & Data Handling,Yes,2025-07-17,2025-07-01,Completed,0,DPT-008
ATR-003272,EMP-01010,ATT-INS,Insider Trading Window,Yes,2026-05-02,2026-04-18,Completed,0,DPT-008
ATR-003273,EMP-01011,ATT-COI,Conflict of Interest,Yes,2025-09-05,2025-08-31,Completed,0,DPT-006
ATR-003274,EMP-01011,ATT-COC,Code of Conduct Attestation,Yes,2025-08-12,2025-07-31,Completed,0,DPT-006
ATR-003275,EMP-01011,ATT-PRV,Privacy & Data Handling,Yes,2026-01-12,2026-01-03,Completed,0,DPT-006
ATR-003276,EMP-01011,ATT-INS,Insider Trading Window,Yes,2026-04-24,2026-04-18,Completed,0,DPT-006
ATR-003277,EMP-01014,ATT-COI,Conflict of Interest,Yes,2025-12-16,2025-12-08,Completed,0,DPT-024
ATR-003278,EMP-01014,ATT-COC,Code of Conduct Attestation,Yes,2025-08-23,2025-08-17,Completed,0,DPT-024
ATR-003279,EMP-01014,ATT-PRV,Privacy & Data Handling,Yes,2026-03-11,2026-02-21,Completed,0,DPT-024
ATR-003280,EMP-01014,ATT-INS,Insider Trading Window,Yes,2026-04-25,2026-04-05,Completed,0,DPT-024
ATR-003281,EMP-01015,ATT-COI,Conflict of Interest,Yes,2025-12-30,2025-12-16,Completed,0,DPT-009
ATR-003282,EMP-01015,ATT-COC,Code of Conduct Attestation,Yes,2025-06-13,2025-06-05,Completed,0,DPT-009
ATR-003283,EMP-01015,ATT-PRV,Privacy & Data Handling,Yes,2026-03-14,2026-02-26,Completed,0,DPT-009
ATR-003284,EMP-01015,ATT-INS,Insider Trading Window,Yes,2026-05-02,2026-05-01,Completed,0,DPT-009
ATR-003285,EMP-01016,ATT-COI,Conflict of Interest,Yes,2025-11-01,2025-10-22,Completed,0,DPT-004
ATR-003286,EMP-01016,ATT-COC,Code of Conduct Attestation,Yes,2025-12-04,,Overdue,171,DPT-004
ATR-003287,EMP-01016,ATT-PRV,Privacy & Data Handling,Yes,2025-11-14,2025-11-11,Completed,0,DPT-004
ATR-003288,EMP-01016,ATT-INS,Insider Trading Window,Yes,2026-03-21,2026-03-14,Completed,0,DPT-004
ATR-003289,EMP-01017,ATT-COI,Conflict of Interest,Yes,2026-03-13,2026-03-11,Completed,0,DPT-023
ATR-003290,EMP-01017,ATT-COC,Code of Conduct Attestation,Yes,2025-12-03,2025-11-14,Completed,0,DPT-023
ATR-003291,EMP-01017,ATT-PRV,Privacy & Data Handling,Yes,2025-09-06,2025-08-18,Completed,0,DPT-023
ATR-003292,EMP-01017,ATT-INS,Insider Trading Window,Yes,2025-12-20,2025-12-14,Completed,0,DPT-023
ATR-003293,EMP-01018,ATT-COI,Conflict of Interest,Yes,2025-11-08,2025-11-01,Completed,0,DPT-003
ATR-003294,EMP-01018,ATT-COC,Code of Conduct Attestation,Yes,2025-08-05,2025-07-16,Completed,0,DPT-003
ATR-003295,EMP-01018,ATT-PRV,Privacy & Data Handling,Yes,2025-09-25,2025-09-11,Completed,0,DPT-003
ATR-003296,EMP-01018,ATT-INS,Insider Trading Window,Yes,2026-04-14,2026-03-28,Completed,0,DPT-003
ATR-003297,EMP-01019,ATT-COI,Conflict of Interest,Yes,2025-12-05,2025-12-04,Completed,0,DPT-024
ATR-003298,EMP-01019,ATT-COC,Code of Conduct Attestation,Yes,2026-05-16,2026-05-07,Completed,0,DPT-024
ATR-003299,EMP-01019,ATT-PRV,Privacy & Data Handling,Yes,2025-10-26,2025-10-24,Completed,0,DPT-024
ATR-003300,EMP-01019,ATT-INS,Insider Trading Window,Yes,2025-12-13,2025-12-09,Completed,0,DPT-024
ATR-003301,EMP-01020,ATT-COI,Conflict of Interest,Yes,2025-10-07,2025-09-25,Completed,0,DPT-003
ATR-003302,EMP-01020,ATT-COC,Code of Conduct Attestation,Yes,2026-05-14,2026-05-12,Completed,0,DPT-003
ATR-003303,EMP-01020,ATT-PRV,Privacy & Data Handling,Yes,2025-11-18,2025-11-15,Completed,0,DPT-003
ATR-003304,EMP-01020,ATT-INS,Insider Trading Window,Yes,2026-02-25,2026-02-07,Completed,0,DPT-003
ATR-003305,EMP-01021,ATT-COI,Conflict of Interest,Yes,2025-08-30,2025-08-27,Completed,0,DPT-024
ATR-003306,EMP-01021,ATT-COC,Code of Conduct Attestation,Yes,2025-09-20,2025-09-07,Completed,0,DPT-024
ATR-003307,EMP-01021,ATT-PRV,Privacy & Data Handling,Yes,2026-01-19,2025-12-30,Completed,0,DPT-024
ATR-003308,EMP-01021,ATT-INS,Insider Trading Window,Yes,2026-03-22,2026-03-08,Completed,0,DPT-024
ATR-003309,EMP-01022,ATT-COI,Conflict of Interest,Yes,2025-12-15,2025-12-02,Completed,0,DPT-020
ATR-003310,EMP-01022,ATT-COC,Code of Conduct Attestation,Yes,2026-03-07,2026-02-28,Completed,0,DPT-020
ATR-003311,EMP-01022,ATT-PRV,Privacy & Data Handling,Yes,2025-08-03,2025-07-21,Completed,0,DPT-020
ATR-003312,EMP-01022,ATT-INS,Insider Trading Window,Yes,2026-02-28,2026-02-12,Completed,0,DPT-020
ATR-003313,EMP-01023,ATT-COI,Conflict of Interest,Yes,2026-04-28,2026-04-22,Completed,0,DPT-003
ATR-003314,EMP-01023,ATT-COC,Code of Conduct Attestation,Yes,2025-11-28,2025-11-20,Completed,0,DPT-003
ATR-003315,EMP-01023,ATT-PRV,Privacy & Data Handling,Yes,2025-11-01,2025-10-19,Completed,0,DPT-003
ATR-003316,EMP-01023,ATT-INS,Insider Trading Window,Yes,2025-12-29,2025-12-10,Completed,0,DPT-003
ATR-003317,EMP-01024,ATT-COI,Conflict of Interest,Yes,2025-07-07,2025-06-25,Completed,0,DPT-007
ATR-003318,EMP-01024,ATT-COC,Code of Conduct Attestation,Yes,2025-09-14,2025-09-01,Completed,0,DPT-007
ATR-003319,EMP-01024,ATT-PRV,Privacy & Data Handling,Yes,2026-02-26,2026-02-24,Completed,0,DPT-007
ATR-003320,EMP-01024,ATT-INS,Insider Trading Window,Yes,2026-04-04,2026-03-30,Completed,0,DPT-007
ATR-003321,EMP-01026,ATT-COI,Conflict of Interest,Yes,2025-07-29,2025-07-24,Completed,0,DPT-007
ATR-003322,EMP-01026,ATT-COC,Code of Conduct Attestation,Yes,2026-01-30,2026-01-14,Completed,0,DPT-007
ATR-003323,EMP-01026,ATT-PRV,Privacy & Data Handling,Yes,2025-07-10,2025-06-30,Completed,0,DPT-007
ATR-003324,EMP-01026,ATT-INS,Insider Trading Window,Yes,2026-05-16,2026-04-28,Completed,0,DPT-007
ATR-003325,EMP-01027,ATT-COI,Conflict of Interest,Yes,2026-02-07,2026-01-28,Completed,0,DPT-003
ATR-003326,EMP-01027,ATT-COC,Code of Conduct Attestation,Yes,2025-09-08,2025-08-21,Completed,0,DPT-003
ATR-003327,EMP-01027,ATT-PRV,Privacy & Data Handling,Yes,2026-02-04,2026-01-29,Completed,0,DPT-003
ATR-003328,EMP-01027,ATT-INS,Insider Trading Window,Yes,2026-03-24,2026-03-12,Completed,0,DPT-003
ATR-003329,EMP-01028,ATT-COI,Conflict of Interest,Yes,2025-07-24,2025-08-07,Completed,0,DPT-010
ATR-003330,EMP-01028,ATT-COC,Code of Conduct Attestation,Yes,2025-11-27,2025-11-22,Completed,0,DPT-010
ATR-003331,EMP-01028,ATT-PRV,Privacy & Data Handling,Yes,2025-06-07,2025-08-06,Completed,0,DPT-010
ATR-003332,EMP-01028,ATT-INS,Insider Trading Window,Yes,2026-01-10,2026-01-03,Completed,0,DPT-010
ATR-003333,EMP-01029,ATT-COI,Conflict of Interest,Yes,2025-06-21,2025-06-20,Completed,0,DPT-015
ATR-003334,EMP-01029,ATT-COC,Code of Conduct Attestation,Yes,2025-08-17,2025-08-02,Completed,0,DPT-015
ATR-003335,EMP-01029,ATT-PRV,Privacy & Data Handling,Yes,2026-04-28,2026-04-21,Completed,0,DPT-015
ATR-003336,EMP-01029,ATT-INS,Insider Trading Window,Yes,2026-03-25,2026-03-07,Completed,0,DPT-015
ATR-003337,EMP-01030,ATT-COI,Conflict of Interest,Yes,2025-07-19,2025-08-04,Completed,0,DPT-007
ATR-003338,EMP-01030,ATT-COC,Code of Conduct Attestation,Yes,2025-11-12,2025-10-24,Completed,0,DPT-007
ATR-003339,EMP-01030,ATT-PRV,Privacy & Data Handling,Yes,2025-09-18,2025-08-30,Completed,0,DPT-007
ATR-003340,EMP-01030,ATT-INS,Insider Trading Window,Yes,2026-04-30,2026-04-18,Completed,0,DPT-007
ATR-003341,EMP-01031,ATT-COI,Conflict of Interest,Yes,2025-07-22,2025-07-10,Completed,0,DPT-020
ATR-003342,EMP-01031,ATT-COC,Code of Conduct Attestation,Yes,2025-07-21,2025-07-16,Completed,0,DPT-020
ATR-003343,EMP-01031,ATT-PRV,Privacy & Data Handling,Yes,2025-06-21,2025-06-10,Completed,0,DPT-020
ATR-003344,EMP-01031,ATT-INS,Insider Trading Window,Yes,2026-02-18,2026-02-08,Completed,0,DPT-020
ATR-003345,EMP-01032,ATT-COI,Conflict of Interest,Yes,2025-07-29,2025-07-13,Completed,0,DPT-009
ATR-003346,EMP-01032,ATT-COC,Code of Conduct Attestation,Yes,2025-07-01,2025-06-23,Completed,0,DPT-009
ATR-003347,EMP-01032,ATT-PRV,Privacy & Data Handling,Yes,2025-07-11,2025-07-01,Completed,0,DPT-009
ATR-003348,EMP-01032,ATT-INS,Insider Trading Window,Yes,2026-01-16,2026-01-01,Completed,0,DPT-009
ATR-003349,EMP-01033,ATT-COI,Conflict of Interest,Yes,2025-09-11,2025-08-26,Completed,0,DPT-003
ATR-003350,EMP-01033,ATT-COC,Code of Conduct Attestation,Yes,2025-10-10,2025-10-02,Completed,0,DPT-003
ATR-003351,EMP-01033,ATT-PRV,Privacy & Data Handling,Yes,2025-10-31,2025-10-25,Completed,0,DPT-003
ATR-003352,EMP-01033,ATT-INS,Insider Trading Window,Yes,2026-03-31,2026-03-19,Completed,0,DPT-003
ATR-003353,EMP-01034,ATT-COI,Conflict of Interest,Yes,2026-05-09,2026-04-28,Completed,0,DPT-002
ATR-003354,EMP-01034,ATT-COC,Code of Conduct Attestation,Yes,2025-12-17,2025-12-01,Completed,0,DPT-002
ATR-003355,EMP-01034,ATT-PRV,Privacy & Data Handling,Yes,2026-05-15,2026-04-26,Completed,0,DPT-002
ATR-003356,EMP-01034,ATT-INS,Insider Trading Window,Yes,2025-12-19,2025-12-10,Completed,0,DPT-002
ATR-003357,EMP-01035,ATT-COI,Conflict of Interest,Yes,2026-05-24,2026-05-18,Completed,0,DPT-007
ATR-003358,EMP-01035,ATT-COC,Code of Conduct Attestation,Yes,2025-12-09,2025-11-30,Completed,0,DPT-007
ATR-003359,EMP-01035,ATT-PRV,Privacy & Data Handling,Yes,2025-12-26,2025-12-20,Completed,0,DPT-007
ATR-003360,EMP-01035,ATT-INS,Insider Trading Window,Yes,2026-01-26,2026-01-10,Completed,0,DPT-007
ATR-003361,EMP-01036,ATT-COI,Conflict of Interest,Yes,2026-03-08,2026-02-27,Completed,0,DPT-001
ATR-003362,EMP-01036,ATT-COC,Code of Conduct Attestation,Yes,2026-01-12,2026-01-04,Completed,0,DPT-001
ATR-003363,EMP-01036,ATT-PRV,Privacy & Data Handling,Yes,2026-01-25,2026-01-12,Completed,0,DPT-001
ATR-003364,EMP-01036,ATT-INS,Insider Trading Window,Yes,2026-03-17,2026-03-12,Completed,0,DPT-001
ATR-003365,EMP-01037,ATT-COI,Conflict of Interest,Yes,2025-05-29,2025-05-15,Completed,0,DPT-024
ATR-003366,EMP-01037,ATT-COC,Code of Conduct Attestation,Yes,2026-02-26,2026-02-18,Completed,0,DPT-024
ATR-003367,EMP-01037,ATT-PRV,Privacy & Data Handling,Yes,2026-02-20,2026-02-15,Completed,0,DPT-024
ATR-003368,EMP-01037,ATT-INS,Insider Trading Window,Yes,2026-05-22,2026-05-15,Completed,0,DPT-024
ATR-003369,EMP-01038,ATT-COI,Conflict of Interest,Yes,2026-01-17,2026-01-08,Completed,0,DPT-016
ATR-003370,EMP-01038,ATT-COC,Code of Conduct Attestation,Yes,2025-11-07,2025-11-04,Completed,0,DPT-016
ATR-003371,EMP-01038,ATT-PRV,Privacy & Data Handling,Yes,2025-07-16,2025-07-06,Completed,0,DPT-016
ATR-003372,EMP-01038,ATT-INS,Insider Trading Window,Yes,2026-05-12,2026-05-02,Completed,0,DPT-016
ATR-003373,EMP-01039,ATT-COI,Conflict of Interest,Yes,2025-09-23,2025-09-14,Completed,0,DPT-005
ATR-003374,EMP-01039,ATT-COC,Code of Conduct Attestation,Yes,2026-02-22,2026-02-08,Completed,0,DPT-005
ATR-003375,EMP-01039,ATT-PRV,Privacy & Data Handling,Yes,2025-12-25,2025-12-19,Completed,0,DPT-005
ATR-003376,EMP-01039,ATT-INS,Insider Trading Window,Yes,2026-01-25,2026-01-17,Completed,0,DPT-005
ATR-003377,EMP-01044,ATT-COI,Conflict of Interest,Yes,2025-12-15,2025-11-26,Completed,0,DPT-006
ATR-003378,EMP-01044,ATT-COC,Code of Conduct Attestation,Yes,2025-09-02,2025-08-20,Completed,0,DPT-006
ATR-003379,EMP-01044,ATT-PRV,Privacy & Data Handling,Yes,2025-09-19,2025-09-15,Completed,0,DPT-006
ATR-003380,EMP-01044,ATT-INS,Insider Trading Window,Yes,2025-12-16,2025-12-15,Completed,0,DPT-006
ATR-003381,EMP-01045,ATT-COI,Conflict of Interest,Yes,2026-04-10,2026-04-06,Completed,0,DPT-006
ATR-003382,EMP-01045,ATT-COC,Code of Conduct Attestation,Yes,2025-07-26,2025-07-25,Completed,0,DPT-006
ATR-003383,EMP-01045,ATT-PRV,Privacy & Data Handling,Yes,2025-10-06,2025-10-02,Completed,0,DPT-006
ATR-003384,EMP-01045,ATT-INS,Insider Trading Window,Yes,2026-02-15,2026-02-01,Completed,0,DPT-006
ATR-003385,EMP-01046,ATT-COI,Conflict of Interest,Yes,2025-09-15,2025-09-01,Completed,0,DPT-005
ATR-003386,EMP-01046,ATT-COC,Code of Conduct Attestation,Yes,2025-11-19,2025-11-04,Completed,0,DPT-005
ATR-003387,EMP-01046,ATT-PRV,Privacy & Data Handling,Yes,2026-05-22,2026-05-07,Completed,0,DPT-005
ATR-003388,EMP-01046,ATT-INS,Insider Trading Window,Yes,2026-01-01,2025-12-22,Completed,0,DPT-005
ATR-003389,EMP-01047,ATT-COI,Conflict of Interest,Yes,2026-01-27,2026-01-22,Completed,0,DPT-020
ATR-003390,EMP-01047,ATT-COC,Code of Conduct Attestation,Yes,2026-02-02,2026-01-29,Completed,0,DPT-020
ATR-003391,EMP-01047,ATT-PRV,Privacy & Data Handling,Yes,2025-06-24,2025-06-14,Completed,0,DPT-020
ATR-003392,EMP-01047,ATT-INS,Insider Trading Window,Yes,2026-05-01,2026-04-30,Completed,0,DPT-020
ATR-003393,EMP-01048,ATT-COI,Conflict of Interest,Yes,2025-06-25,2025-06-22,Completed,0,DPT-009
ATR-003394,EMP-01048,ATT-COC,Code of Conduct Attestation,Yes,2025-08-25,2025-08-16,Completed,0,DPT-009
ATR-003395,EMP-01048,ATT-PRV,Privacy & Data Handling,Yes,2025-12-22,2025-12-21,Completed,0,DPT-009
ATR-003396,EMP-01048,ATT-INS,Insider Trading Window,Yes,2026-03-05,2026-02-17,Completed,0,DPT-009
ATR-003397,EMP-01049,ATT-COI,Conflict of Interest,Yes,2026-04-28,2026-04-09,Completed,0,DPT-001
ATR-003398,EMP-01049,ATT-COC,Code of Conduct Attestation,Yes,2026-02-15,2026-02-03,Completed,0,DPT-001
ATR-003399,EMP-01049,ATT-PRV,Privacy & Data Handling,Yes,2025-12-11,2025-11-24,Completed,0,DPT-001
ATR-003400,EMP-01049,ATT-INS,Insider Trading Window,Yes,2026-01-16,2025-12-31,Completed,0,DPT-001
ATR-003401,EMP-01050,ATT-COI,Conflict of Interest,Yes,2025-06-03,2025-06-19,Completed,0,DPT-007
ATR-003402,EMP-01050,ATT-COC,Code of Conduct Attestation,Yes,2025-12-14,2025-12-05,Completed,0,DPT-007
ATR-003403,EMP-01050,ATT-PRV,Privacy & Data Handling,Yes,2025-12-15,2025-12-13,Completed,0,DPT-007
ATR-003404,EMP-01050,ATT-INS,Insider Trading Window,Yes,2026-05-15,2026-05-14,Completed,0,DPT-007
ATR-003405,EMP-01051,ATT-COI,Conflict of Interest,Yes,2025-09-16,2025-09-09,Completed,0,DPT-018
ATR-003406,EMP-01051,ATT-COC,Code of Conduct Attestation,Yes,2025-10-03,2025-09-18,Completed,0,DPT-018
ATR-003407,EMP-01051,ATT-PRV,Privacy & Data Handling,Yes,2026-02-22,2026-02-21,Completed,0,DPT-018
ATR-003408,EMP-01051,ATT-INS,Insider Trading Window,Yes,2026-03-22,2026-03-11,Completed,0,DPT-018
ATR-003409,EMP-01052,ATT-COI,Conflict of Interest,Yes,2025-09-28,2025-09-23,Completed,0,DPT-022
ATR-003410,EMP-01052,ATT-COC,Code of Conduct Attestation,Yes,2026-05-15,2026-05-10,Completed,0,DPT-022
ATR-003411,EMP-01052,ATT-PRV,Privacy & Data Handling,Yes,2025-10-15,2025-09-27,Completed,0,DPT-022
ATR-003412,EMP-01052,ATT-INS,Insider Trading Window,Yes,2026-04-30,2026-04-23,Completed,0,DPT-022
ATR-003413,EMP-01053,ATT-COI,Conflict of Interest,Yes,2025-06-25,2025-06-24,Completed,0,DPT-020
ATR-003414,EMP-01053,ATT-COC,Code of Conduct Attestation,Yes,2025-07-29,2025-07-22,Completed,0,DPT-020
ATR-003415,EMP-01053,ATT-PRV,Privacy & Data Handling,Yes,2026-03-29,2026-03-15,Completed,0,DPT-020
ATR-003416,EMP-01053,ATT-INS,Insider Trading Window,Yes,2026-03-03,2026-02-13,Completed,0,DPT-020
ATR-003417,EMP-01054,ATT-COI,Conflict of Interest,Yes,2026-03-04,2026-02-20,Completed,0,DPT-002
ATR-003418,EMP-01054,ATT-COC,Code of Conduct Attestation,Yes,2026-02-03,2026-01-29,Completed,0,DPT-002
ATR-003419,EMP-01054,ATT-PRV,Privacy & Data Handling,Yes,2026-01-04,2025-12-15,Completed,0,DPT-002
ATR-003420,EMP-01054,ATT-INS,Insider Trading Window,Yes,2025-12-23,2025-12-17,Completed,0,DPT-002
ATR-003421,EMP-01055,ATT-COI,Conflict of Interest,Yes,2026-02-15,2026-02-11,Completed,0,DPT-005
ATR-003422,EMP-01055,ATT-COC,Code of Conduct Attestation,Yes,2026-04-04,2026-03-30,Completed,0,DPT-005
ATR-003423,EMP-01055,ATT-PRV,Privacy & Data Handling,Yes,2026-02-06,2026-02-03,Completed,0,DPT-005
ATR-003424,EMP-01055,ATT-INS,Insider Trading Window,Yes,2026-05-21,2026-05-02,Completed,0,DPT-005
ATR-003425,EMP-01056,ATT-COI,Conflict of Interest,Yes,2025-07-21,2025-12-21,Completed,0,DPT-018
ATR-003426,EMP-01056,ATT-COC,Code of Conduct Attestation,Yes,2025-07-22,2025-12-22,Completed,0,DPT-018
ATR-003427,EMP-01056,ATT-PRV,Privacy & Data Handling,Yes,2026-02-13,2026-02-12,Completed,0,DPT-018
ATR-003428,EMP-01056,ATT-INS,Insider Trading Window,Yes,2026-01-05,2026-01-04,Completed,0,DPT-018
ATR-003429,EMP-01059,ATT-COI,Conflict of Interest,Yes,2025-06-10,2025-06-05,Completed,0,DPT-004
ATR-003430,EMP-01059,ATT-COC,Code of Conduct Attestation,Yes,2025-10-30,2025-10-16,Completed,0,DPT-004
ATR-003431,EMP-01059,ATT-PRV,Privacy & Data Handling,Yes,2025-11-20,2025-11-02,Completed,0,DPT-004
ATR-003432,EMP-01059,ATT-INS,Insider Trading Window,Yes,2026-02-19,2026-02-13,Completed,0,DPT-004
ATR-003433,EMP-01061,ATT-COI,Conflict of Interest,Yes,2026-04-26,2026-04-12,Completed,0,DPT-002
ATR-003434,EMP-01061,ATT-COC,Code of Conduct Attestation,Yes,2026-01-14,2026-01-18,Completed,0,DPT-002
ATR-003435,EMP-01061,ATT-PRV,Privacy & Data Handling,Yes,2026-04-10,2026-04-05,Completed,0,DPT-002
ATR-003436,EMP-01061,ATT-INS,Insider Trading Window,Yes,2026-02-21,2026-02-16,Completed,0,DPT-002
ATR-003437,EMP-01062,ATT-COI,Conflict of Interest,Yes,2026-05-18,2026-05-14,Completed,0,DPT-002
ATR-003438,EMP-01062,ATT-COC,Code of Conduct Attestation,Yes,2025-10-25,2025-10-14,Completed,0,DPT-002
ATR-003439,EMP-01062,ATT-PRV,Privacy & Data Handling,Yes,2025-10-22,2025-10-02,Completed,0,DPT-002
ATR-003440,EMP-01062,ATT-INS,Insider Trading Window,Yes,2025-12-15,2025-12-05,Completed,0,DPT-002
ATR-003441,EMP-01063,ATT-COI,Conflict of Interest,Yes,2025-09-16,2025-09-08,Completed,0,DPT-005
ATR-003442,EMP-01063,ATT-COC,Code of Conduct Attestation,Yes,2025-08-28,2025-08-15,Completed,0,DPT-005
ATR-003443,EMP-01063,ATT-PRV,Privacy & Data Handling,Yes,2025-08-07,2025-08-04,Completed,0,DPT-005
ATR-003444,EMP-01063,ATT-INS,Insider Trading Window,Yes,2026-05-20,2026-05-18,Completed,0,DPT-005
ATR-003445,EMP-01064,ATT-COI,Conflict of Interest,Yes,2025-07-22,2025-07-16,Completed,0,DPT-013
ATR-003446,EMP-01064,ATT-COC,Code of Conduct Attestation,Yes,2025-07-17,2025-07-05,Completed,0,DPT-013
ATR-003447,EMP-01064,ATT-PRV,Privacy & Data Handling,Yes,2025-11-05,2025-11-03,Completed,0,DPT-013
ATR-003448,EMP-01064,ATT-INS,Insider Trading Window,Yes,2026-02-15,2026-01-26,Completed,0,DPT-013
ATR-003449,EMP-01065,ATT-COI,Conflict of Interest,Yes,2025-12-06,2025-11-20,Completed,0,DPT-016
ATR-003450,EMP-01065,ATT-COC,Code of Conduct Attestation,Yes,2026-01-17,2025-12-29,Completed,0,DPT-016
ATR-003451,EMP-01065,ATT-PRV,Privacy & Data Handling,Yes,2026-04-13,2026-03-25,Completed,0,DPT-016
ATR-003452,EMP-01065,ATT-INS,Insider Trading Window,Yes,2026-02-18,2026-02-12,Completed,0,DPT-016
ATR-003453,EMP-01066,ATT-COI,Conflict of Interest,Yes,2025-12-29,2025-12-10,Completed,0,DPT-001
ATR-003454,EMP-01066,ATT-COC,Code of Conduct Attestation,Yes,2025-08-09,2025-07-28,Completed,0,DPT-001
ATR-003455,EMP-01066,ATT-PRV,Privacy & Data Handling,Yes,2025-11-30,2025-11-12,Completed,0,DPT-001
ATR-003456,EMP-01066,ATT-INS,Insider Trading Window,Yes,2026-01-29,2026-01-22,Completed,0,DPT-001
ATR-003457,EMP-01067,ATT-COI,Conflict of Interest,Yes,2026-05-10,2026-05-03,Completed,0,DPT-006
ATR-003458,EMP-01067,ATT-COC,Code of Conduct Attestation,Yes,2025-10-09,2025-10-02,Completed,0,DPT-006
ATR-003459,EMP-01067,ATT-PRV,Privacy & Data Handling,Yes,2025-06-26,2025-06-22,Completed,0,DPT-006
ATR-003460,EMP-01067,ATT-INS,Insider Trading Window,Yes,2025-12-04,2025-12-03,Completed,0,DPT-006
ATR-003461,EMP-01068,ATT-COI,Conflict of Interest,Yes,2025-10-12,2025-10-07,Completed,0,DPT-008
ATR-003462,EMP-01068,ATT-COC,Code of Conduct Attestation,Yes,2026-04-12,2026-04-06,Completed,0,DPT-008
ATR-003463,EMP-01068,ATT-PRV,Privacy & Data Handling,Yes,2025-06-20,2025-06-08,Completed,0,DPT-008
ATR-003464,EMP-01068,ATT-INS,Insider Trading Window,Yes,2026-01-03,2025-12-15,Completed,0,DPT-008
ATR-003465,EMP-01069,ATT-COI,Conflict of Interest,Yes,2025-10-29,2025-10-12,Completed,0,DPT-016
ATR-003466,EMP-01069,ATT-COC,Code of Conduct Attestation,Yes,2026-03-01,2026-02-20,Completed,0,DPT-016
ATR-003467,EMP-01069,ATT-PRV,Privacy & Data Handling,Yes,2025-12-05,2025-11-15,Completed,0,DPT-016
ATR-003468,EMP-01069,ATT-INS,Insider Trading Window,Yes,2025-12-30,2025-12-27,Completed,0,DPT-016
ATR-003469,EMP-01070,ATT-COI,Conflict of Interest,Yes,2025-05-31,2025-05-22,Completed,0,DPT-008
ATR-003470,EMP-01070,ATT-COC,Code of Conduct Attestation,Yes,2025-08-05,2025-07-17,Completed,0,DPT-008
ATR-003471,EMP-01070,ATT-PRV,Privacy & Data Handling,Yes,2025-06-01,2025-05-14,Completed,0,DPT-008
ATR-003472,EMP-01070,ATT-INS,Insider Trading Window,Yes,2026-03-10,2026-02-20,Completed,0,DPT-008
ATR-003473,EMP-01071,ATT-COI,Conflict of Interest,Yes,2025-12-03,2025-11-29,Completed,0,DPT-001
ATR-003474,EMP-01071,ATT-COC,Code of Conduct Attestation,Yes,2026-01-20,2026-01-01,Completed,0,DPT-001
ATR-003475,EMP-01071,ATT-PRV,Privacy & Data Handling,Yes,2025-06-27,2025-06-08,Completed,0,DPT-001
ATR-003476,EMP-01071,ATT-INS,Insider Trading Window,Yes,2025-12-06,2025-12-04,Completed,0,DPT-001
ATR-003477,EMP-01073,ATT-COI,Conflict of Interest,Yes,2025-08-19,2025-07-31,Completed,0,DPT-003
ATR-003478,EMP-01073,ATT-COC,Code of Conduct Attestation,Yes,2025-05-29,2025-05-20,Completed,0,DPT-003
ATR-003479,EMP-01073,ATT-PRV,Privacy & Data Handling,Yes,2026-01-08,2026-01-06,Completed,0,DPT-003
ATR-003480,EMP-01073,ATT-INS,Insider Trading Window,Yes,2026-04-04,2026-03-20,Completed,0,DPT-003
ATR-003481,EMP-01074,ATT-COI,Conflict of Interest,Yes,2025-11-07,2025-10-29,Completed,0,DPT-007
ATR-003482,EMP-01074,ATT-COC,Code of Conduct Attestation,Yes,2026-03-14,2026-02-24,Completed,0,DPT-007
ATR-003483,EMP-01074,ATT-PRV,Privacy & Data Handling,Yes,2026-01-19,2025-12-30,Completed,0,DPT-007
ATR-003484,EMP-01074,ATT-INS,Insider Trading Window,Yes,2025-12-04,2025-11-22,Completed,0,DPT-007
ATR-003485,EMP-01076,ATT-COI,Conflict of Interest,Yes,2025-07-12,2025-06-28,Completed,0,DPT-011
ATR-003486,EMP-01076,ATT-COC,Code of Conduct Attestation,Yes,2025-11-29,2025-11-22,Completed,0,DPT-011
ATR-003487,EMP-01076,ATT-PRV,Privacy & Data Handling,Yes,2026-03-05,2026-02-16,Completed,0,DPT-011
ATR-003488,EMP-01076,ATT-INS,Insider Trading Window,Yes,2026-05-17,2026-05-12,Completed,0,DPT-011
ATR-003489,EMP-01077,ATT-COI,Conflict of Interest,Yes,2025-09-27,2025-09-25,Completed,0,DPT-016
ATR-003490,EMP-01077,ATT-COC,Code of Conduct Attestation,Yes,2025-12-07,2025-12-01,Completed,0,DPT-016
ATR-003491,EMP-01077,ATT-PRV,Privacy & Data Handling,Yes,2026-04-18,2026-04-02,Completed,0,DPT-016
ATR-003492,EMP-01077,ATT-INS,Insider Trading Window,Yes,2026-02-03,2026-01-17,Completed,0,DPT-016
ATR-003493,EMP-01078,ATT-COI,Conflict of Interest,Yes,2025-10-22,2025-10-15,Completed,0,DPT-009
ATR-003494,EMP-01078,ATT-COC,Code of Conduct Attestation,Yes,2025-09-03,2025-08-29,Completed,0,DPT-009
ATR-003495,EMP-01078,ATT-PRV,Privacy & Data Handling,Yes,2025-07-13,2025-07-02,Completed,0,DPT-009
ATR-003496,EMP-01078,ATT-INS,Insider Trading Window,Yes,2026-01-10,2025-12-26,Completed,0,DPT-009
ATR-003497,EMP-01079,ATT-COI,Conflict of Interest,Yes,2025-09-01,2025-10-21,Completed,0,DPT-002
ATR-003498,EMP-01079,ATT-COC,Code of Conduct Attestation,Yes,2026-01-30,2026-01-28,Completed,0,DPT-002
ATR-003499,EMP-01079,ATT-PRV,Privacy & Data Handling,Yes,2026-05-14,2026-04-27,Completed,0,DPT-002
ATR-003500,EMP-01079,ATT-INS,Insider Trading Window,Yes,2025-12-23,2025-12-19,Completed,0,DPT-002
ATR-003501,EMP-01080,ATT-COI,Conflict of Interest,Yes,2025-11-21,2025-11-11,Completed,0,DPT-022
ATR-003502,EMP-01080,ATT-COC,Code of Conduct Attestation,Yes,2025-08-24,2025-08-13,Completed,0,DPT-022
ATR-003503,EMP-01080,ATT-PRV,Privacy & Data Handling,Yes,2025-07-30,2025-07-29,Completed,0,DPT-022
ATR-003504,EMP-01080,ATT-INS,Insider Trading Window,Yes,2025-11-30,2025-11-23,Completed,0,DPT-022
ATR-003505,EMP-01081,ATT-COI,Conflict of Interest,Yes,2025-06-29,2025-06-17,Completed,0,DPT-008
ATR-003506,EMP-01081,ATT-COC,Code of Conduct Attestation,Yes,2026-03-22,2026-03-15,Completed,0,DPT-008
ATR-003507,EMP-01081,ATT-PRV,Privacy & Data Handling,Yes,2026-04-30,2026-04-28,Completed,0,DPT-008
ATR-003508,EMP-01081,ATT-INS,Insider Trading Window,Yes,2026-03-15,2026-03-02,Completed,0,DPT-008
ATR-003509,EMP-01082,ATT-COI,Conflict of Interest,Yes,2026-05-10,2026-05-09,Completed,0,DPT-015
ATR-003510,EMP-01082,ATT-COC,Code of Conduct Attestation,Yes,2025-07-20,2025-07-01,Completed,0,DPT-015
ATR-003511,EMP-01082,ATT-PRV,Privacy & Data Handling,Yes,2025-07-01,2025-06-30,Completed,0,DPT-015
ATR-003512,EMP-01082,ATT-INS,Insider Trading Window,Yes,2026-04-30,2026-04-24,Completed,0,DPT-015
ATR-003513,EMP-01083,ATT-COI,Conflict of Interest,Yes,2025-12-01,2025-11-22,Completed,0,DPT-013
ATR-003514,EMP-01083,ATT-COC,Code of Conduct Attestation,Yes,2025-10-19,2025-10-11,Completed,0,DPT-013
ATR-003515,EMP-01083,ATT-PRV,Privacy & Data Handling,Yes,2025-11-28,2025-11-13,Completed,0,DPT-013
ATR-003516,EMP-01083,ATT-INS,Insider Trading Window,Yes,2025-11-28,2025-11-14,Completed,0,DPT-013
ATR-003517,EMP-01084,ATT-COI,Conflict of Interest,Yes,2026-02-21,2026-02-18,Completed,0,DPT-026
ATR-003518,EMP-01084,ATT-COC,Code of Conduct Attestation,Yes,2025-06-26,2025-06-18,Completed,0,DPT-026
ATR-003519,EMP-01084,ATT-PRV,Privacy & Data Handling,Yes,2025-11-18,2025-11-04,Completed,0,DPT-026
ATR-003520,EMP-01084,ATT-INS,Insider Trading Window,Yes,2025-12-21,2025-12-05,Completed,0,DPT-026
ATR-003521,EMP-01085,ATT-COI,Conflict of Interest,Yes,2026-05-08,2026-05-05,Completed,0,DPT-009
ATR-003522,EMP-01085,ATT-COC,Code of Conduct Attestation,Yes,2025-12-30,2025-12-14,Completed,0,DPT-009
ATR-003523,EMP-01085,ATT-PRV,Privacy & Data Handling,Yes,2025-08-19,2025-08-03,Completed,0,DPT-009
ATR-003524,EMP-01085,ATT-INS,Insider Trading Window,Yes,2026-03-28,2026-03-27,Completed,0,DPT-009
ATR-003525,EMP-01086,ATT-COI,Conflict of Interest,Yes,2026-04-07,2026-04-02,Completed,0,DPT-017
ATR-003526,EMP-01086,ATT-COC,Code of Conduct Attestation,Yes,2025-11-24,2025-11-04,Completed,0,DPT-017
ATR-003527,EMP-01086,ATT-PRV,Privacy & Data Handling,Yes,2025-07-13,2025-07-11,Completed,0,DPT-017
ATR-003528,EMP-01086,ATT-INS,Insider Trading Window,Yes,2026-02-09,2026-01-29,Completed,0,DPT-017
ATR-003529,EMP-01087,ATT-COI,Conflict of Interest,Yes,2026-02-08,2026-02-03,Completed,0,DPT-001
ATR-003530,EMP-01087,ATT-COC,Code of Conduct Attestation,Yes,2025-08-24,2025-08-23,Completed,0,DPT-001
ATR-003531,EMP-01087,ATT-PRV,Privacy & Data Handling,Yes,2025-07-02,2025-06-27,Completed,0,DPT-001
ATR-003532,EMP-01087,ATT-INS,Insider Trading Window,Yes,2026-01-28,2026-01-27,Completed,0,DPT-001
ATR-003533,EMP-01088,ATT-COI,Conflict of Interest,Yes,2025-08-13,2025-08-10,Completed,0,DPT-019
ATR-003534,EMP-01088,ATT-COC,Code of Conduct Attestation,Yes,2025-11-21,2025-11-20,Completed,0,DPT-019
ATR-003535,EMP-01088,ATT-PRV,Privacy & Data Handling,Yes,2026-01-19,2026-01-07,Completed,0,DPT-019
ATR-003536,EMP-01088,ATT-INS,Insider Trading Window,Yes,2025-12-20,2025-12-06,Completed,0,DPT-019
ATR-003537,EMP-01089,ATT-COI,Conflict of Interest,Yes,2025-09-07,2026-05-07,Completed,0,DPT-003
ATR-003538,EMP-01089,ATT-COC,Code of Conduct Attestation,Yes,2026-02-24,2026-05-10,Completed,0,DPT-003
ATR-003539,EMP-01089,ATT-PRV,Privacy & Data Handling,Yes,2025-07-19,2026-05-08,Completed,0,DPT-003
ATR-003540,EMP-01089,ATT-INS,Insider Trading Window,Yes,2026-05-07,2026-05-05,Completed,0,DPT-003
ATR-003541,EMP-01090,ATT-COI,Conflict of Interest,Yes,2025-06-28,2025-06-11,Completed,0,DPT-024
ATR-003542,EMP-01090,ATT-COC,Code of Conduct Attestation,Yes,2025-11-03,2025-10-27,Completed,0,DPT-024
ATR-003543,EMP-01090,ATT-PRV,Privacy & Data Handling,Yes,2025-10-27,2025-10-10,Completed,0,DPT-024
ATR-003544,EMP-01090,ATT-INS,Insider Trading Window,Yes,2026-02-25,2026-02-13,Completed,0,DPT-024
ATR-003545,EMP-01092,ATT-COI,Conflict of Interest,Yes,2025-09-06,2026-02-20,Completed,0,DPT-003
ATR-003546,EMP-01092,ATT-COC,Code of Conduct Attestation,Yes,2026-01-19,2026-02-22,Completed,0,DPT-003
ATR-003547,EMP-01092,ATT-PRV,Privacy & Data Handling,Yes,2025-10-01,2026-02-24,Completed,0,DPT-003
ATR-003548,EMP-01092,ATT-INS,Insider Trading Window,Yes,2026-02-26,2026-02-07,Completed,0,DPT-003
ATR-003549,EMP-01093,ATT-COI,Conflict of Interest,Yes,2025-06-28,2025-06-11,Completed,0,DPT-004
ATR-003550,EMP-01093,ATT-COC,Code of Conduct Attestation,Yes,2025-10-07,2025-09-26,Completed,0,DPT-004
ATR-003551,EMP-01093,ATT-PRV,Privacy & Data Handling,Yes,2026-03-30,2026-03-15,Completed,0,DPT-004
ATR-003552,EMP-01093,ATT-INS,Insider Trading Window,Yes,2026-02-02,2026-01-16,Completed,0,DPT-004
ATR-003553,EMP-01094,ATT-COI,Conflict of Interest,Yes,2026-02-05,2026-01-26,Completed,0,DPT-017
ATR-003554,EMP-01094,ATT-COC,Code of Conduct Attestation,Yes,2026-03-20,2026-03-07,Completed,0,DPT-017
ATR-003555,EMP-01094,ATT-PRV,Privacy & Data Handling,Yes,2026-02-14,2026-02-05,Completed,0,DPT-017
ATR-003556,EMP-01094,ATT-INS,Insider Trading Window,Yes,2025-12-20,2025-12-11,Completed,0,DPT-017
ATR-003557,EMP-01095,ATT-COI,Conflict of Interest,Yes,2025-07-18,2025-07-11,Completed,0,DPT-021
ATR-003558,EMP-01095,ATT-COC,Code of Conduct Attestation,Yes,2025-11-18,2025-11-11,Completed,0,DPT-021
ATR-003559,EMP-01095,ATT-PRV,Privacy & Data Handling,Yes,2026-02-07,2026-01-21,Completed,0,DPT-021
ATR-003560,EMP-01095,ATT-INS,Insider Trading Window,Yes,2026-02-12,2026-02-06,Completed,0,DPT-021
ATR-003561,EMP-01096,ATT-COI,Conflict of Interest,Yes,2026-02-24,2026-05-28,Completed,0,DPT-002
ATR-003562,EMP-01096,ATT-COC,Code of Conduct Attestation,Yes,2025-09-19,2026-06-04,Completed,0,DPT-002
ATR-003563,EMP-01096,ATT-PRV,Privacy & Data Handling,Yes,2025-06-16,2026-05-31,Completed,0,DPT-002
ATR-003564,EMP-01096,ATT-INS,Insider Trading Window,Yes,2026-03-10,2026-06-01,Completed,0,DPT-002
ATR-003565,EMP-01097,ATT-COI,Conflict of Interest,Yes,2026-03-14,2026-03-08,Completed,0,DPT-003
ATR-003566,EMP-01097,ATT-COC,Code of Conduct Attestation,Yes,2025-09-19,2025-09-15,Completed,0,DPT-003
ATR-003567,EMP-01097,ATT-PRV,Privacy & Data Handling,Yes,2026-01-19,2026-01-08,Completed,0,DPT-003
ATR-003568,EMP-01097,ATT-INS,Insider Trading Window,Yes,2026-01-01,2025-12-30,Completed,0,DPT-003
ATR-003569,EMP-01098,ATT-COI,Conflict of Interest,Yes,2025-09-02,2025-08-24,Completed,0,DPT-016
ATR-003570,EMP-01098,ATT-COC,Code of Conduct Attestation,Yes,2025-09-12,2025-08-24,Completed,0,DPT-016
ATR-003571,EMP-01098,ATT-PRV,Privacy & Data Handling,Yes,2025-11-19,2025-11-11,Completed,0,DPT-016
ATR-003572,EMP-01098,ATT-INS,Insider Trading Window,Yes,2026-05-06,2026-04-22,Completed,0,DPT-016
ATR-003573,EMP-01099,ATT-COI,Conflict of Interest,Yes,2025-10-01,2025-12-21,Completed,0,DPT-004
ATR-003574,EMP-01099,ATT-COC,Code of Conduct Attestation,Yes,2025-09-21,2025-12-29,Completed,0,DPT-004
ATR-003575,EMP-01099,ATT-PRV,Privacy & Data Handling,Yes,2026-05-16,2026-05-10,Completed,0,DPT-004
ATR-003576,EMP-01099,ATT-INS,Insider Trading Window,Yes,2026-03-23,2026-03-10,Completed,0,DPT-004
ATR-003577,EMP-01100,ATT-COI,Conflict of Interest,Yes,2025-09-11,2025-09-05,Completed,0,DPT-020
ATR-003578,EMP-01100,ATT-COC,Code of Conduct Attestation,Yes,2025-10-07,2025-09-30,Completed,0,DPT-020
ATR-003579,EMP-01100,ATT-PRV,Privacy & Data Handling,Yes,2026-04-10,2026-03-31,Completed,0,DPT-020
ATR-003580,EMP-01100,ATT-INS,Insider Trading Window,Yes,2026-02-02,2026-01-24,Completed,0,DPT-020
ATR-003581,EMP-01101,ATT-COI,Conflict of Interest,Yes,2026-04-17,2026-03-31,Completed,0,DPT-021
ATR-003582,EMP-01101,ATT-COC,Code of Conduct Attestation,Yes,2025-09-12,2025-09-10,Completed,0,DPT-021
ATR-003583,EMP-01101,ATT-PRV,Privacy & Data Handling,Yes,2025-11-29,2025-11-18,Completed,0,DPT-021
ATR-003584,EMP-01101,ATT-INS,Insider Trading Window,Yes,2026-05-07,2026-05-02,Completed,0,DPT-021
ATR-003585,EMP-01102,ATT-COI,Conflict of Interest,Yes,2025-08-20,2025-08-06,Completed,0,DPT-017
ATR-003586,EMP-01102,ATT-COC,Code of Conduct Attestation,Yes,2025-11-22,2025-11-11,Completed,0,DPT-017
ATR-003587,EMP-01102,ATT-PRV,Privacy & Data Handling,Yes,2025-10-18,2025-10-04,Completed,0,DPT-017
ATR-003588,EMP-01102,ATT-INS,Insider Trading Window,Yes,2026-03-07,2026-03-02,Completed,0,DPT-017
ATR-003589,EMP-01104,ATT-COI,Conflict of Interest,Yes,2025-12-05,2025-12-01,Completed,0,DPT-023
ATR-003590,EMP-01104,ATT-COC,Code of Conduct Attestation,Yes,2025-09-02,2025-08-30,Completed,0,DPT-023
ATR-003591,EMP-01104,ATT-PRV,Privacy & Data Handling,Yes,2025-12-30,2025-12-28,Completed,0,DPT-023
ATR-003592,EMP-01104,ATT-INS,Insider Trading Window,Yes,2026-05-19,2026-05-18,Completed,0,DPT-023
