req_id,posting_date,hire_date,status,department_id,role_id,location_id,applicants,interviewed,offers_made,offers_accepted,time_to_fill_days,source_channel,hired_employee_id
REQ-00001,2023-02-03,2023-05-21,Filled,DPT-001,ROL-003,LOC-007,366,30,5,1,107,Agency,EMP-00007
REQ-00002,2024-06-27,2024-09-18,Filled,DPT-004,ROL-003,LOC-004,516,21,2,1,83,Agency,EMP-00008
REQ-00003,2023-07-18,2023-08-26,Filled,DPT-008,ROL-002,LOC-005,525,45,8,1,39,Indeed,EMP-00009
REQ-00004,2025-10-26,2026-03-18,Filled,DPT-021,ROL-024,LOC-003,653,59,6,1,143,Agency,EMP-00010
REQ-00005,2025-01-25,2025-05-14,Filled,DPT-001,ROL-003,LOC-001,410,28,5,1,109,LinkedIn,EMP-00012
REQ-00006,2024-01-28,2024-07-11,Filled,DPT-009,ROL-009,LOC-004,302,24,3,1,165,LinkedIn,EMP-00013
REQ-00007,2025-12-31,2026-02-19,Filled,DPT-020,ROL-018,LOC-001,408,22,4,1,50,LinkedIn,EMP-00015
REQ-00008,2025-01-06,2025-03-18,Filled,DPT-020,ROL-017,LOC-002,549,29,2,1,71,Direct apply,EMP-00016
REQ-00009,2025-08-24,2025-12-06,Filled,DPT-025,ROL-030,LOC-001,263,19,2,1,104,LinkedIn,EMP-00017
REQ-00010,2024-08-31,2024-09-28,Filled,DPT-004,ROL-001,LOC-004,542,25,4,1,28,LinkedIn,EMP-00018
REQ-00011,2024-11-11,2025-01-20,Filled,DPT-007,ROL-002,LOC-006,498,46,5,1,70,LinkedIn,EMP-00019
REQ-00012,2024-07-23,2024-11-05,Filled,DPT-003,ROL-004,LOC-006,614,57,6,1,105,Conference / event,EMP-00020
REQ-00013,2023-02-27,2023-08-09,Filled,DPT-012,ROL-012,LOC-003,292,18,1,1,163,Employee referral,EMP-00021
REQ-00014,2025-03-26,2025-08-08,Filled,DPT-026,ROL-030,LOC-003,280,11,1,1,135,Employee referral,EMP-00022
REQ-00015,2024-09-02,2024-10-11,Filled,DPT-018,ROL-016,LOC-001,258,23,4,1,39,Employee referral,EMP-00023
REQ-00016,2025-08-23,2025-12-12,Filled,DPT-004,ROL-032,LOC-001,239,15,1,1,111,Direct apply,EMP-00024
REQ-00017,2022-10-16,2023-02-12,Filled,DPT-013,ROL-014,LOC-001,143,7,1,1,119,Direct apply,EMP-00025
REQ-00018,2023-10-19,2024-01-08,Filled,DPT-018,ROL-025,LOC-004,554,42,5,1,81,Direct apply,EMP-00026
REQ-00019,2023-09-28,2024-01-04,Filled,DPT-006,ROL-003,LOC-001,215,19,3,1,98,LinkedIn,EMP-00027
REQ-00020,2024-07-15,2024-10-27,Filled,DPT-001,ROL-003,LOC-005,559,22,3,1,104,LinkedIn,EMP-00028
REQ-00021,2024-03-05,2024-06-06,Filled,DPT-005,ROL-004,LOC-001,311,16,1,1,93,LinkedIn,EMP-00029
REQ-00022,2024-05-12,2024-07-01,Filled,DPT-010,ROL-021,LOC-004,284,20,3,1,50,Direct apply,EMP-00030
REQ-00023,2022-05-11,2022-07-07,Filled,DPT-021,ROL-023,LOC-005,336,30,5,1,57,LinkedIn,EMP-00031
REQ-00024,2021-08-30,2022-02-15,Filled,DPT-024,ROL-024,LOC-001,129,9,1,1,169,LinkedIn,EMP-00032
REQ-00025,2024-03-19,2024-05-19,Filled,DPT-006,ROL-002,LOC-004,512,22,4,1,61,Indeed,EMP-00033
REQ-00026,2024-02-11,2024-06-20,Filled,DPT-008,ROL-032,LOC-005,204,16,1,1,130,LinkedIn,EMP-00034
REQ-00027,2023-12-17,2024-02-11,Filled,DPT-017,ROL-015,LOC-001,505,36,7,1,56,LinkedIn,EMP-00035
REQ-00028,2025-10-03,2026-02-28,Filled,DPT-022,ROL-024,LOC-005,64,4,1,1,148,University recruit,EMP-00036
REQ-00029,2023-01-19,2023-03-19,Filled,DPT-020,ROL-018,LOC-004,429,40,4,1,59,Conference / event,EMP-00037
REQ-00030,2024-09-10,2024-11-01,Filled,DPT-018,ROL-017,LOC-002,89,4,1,1,52,Conference / event,EMP-00039
REQ-00031,2024-03-12,2024-04-09,Filled,DPT-004,ROL-002,LOC-005,300,19,3,1,28,Employee referral,EMP-00041
REQ-00032,2024-11-03,2024-12-25,Filled,DPT-007,ROL-002,LOC-001,103,9,1,1,52,Agency,EMP-00042
REQ-00033,2024-12-12,2025-02-10,Filled,DPT-009,ROL-020,LOC-004,174,15,1,1,60,University recruit,EMP-00043
REQ-00034,2025-02-25,2025-03-26,Filled,DPT-023,ROL-022,LOC-004,633,62,8,1,29,LinkedIn,EMP-00044
REQ-00035,2023-09-21,2023-12-06,Filled,DPT-023,ROL-023,LOC-001,650,29,5,1,76,Employee referral,EMP-00045
REQ-00036,2024-05-03,2024-09-03,Filled,DPT-023,ROL-024,LOC-001,346,31,3,1,123,LinkedIn,EMP-00046
REQ-00037,2024-03-05,2024-05-02,Filled,DPT-007,ROL-003,LOC-001,432,33,4,1,58,Agency,EMP-00047
REQ-00038,2022-09-22,2023-01-06,Filled,DPT-005,ROL-025,LOC-004,397,35,5,1,106,Indeed,EMP-00049
REQ-00039,2024-02-07,2024-04-08,Filled,DPT-005,ROL-001,LOC-001,165,13,2,1,61,LinkedIn,EMP-00050
REQ-00040,2023-04-18,2023-11-15,Filled,DPT-021,ROL-034,LOC-004,209,15,1,1,211,Agency,EMP-00051
REQ-00041,2025-07-13,2025-08-07,Filled,DPT-023,ROL-022,LOC-001,468,32,3,1,25,Direct apply,EMP-00052
REQ-00042,2023-09-23,2024-04-20,Filled,DPT-020,ROL-032,LOC-004,271,20,2,1,210,Employee referral,EMP-00053
REQ-00043,2022-11-18,2022-12-23,Filled,DPT-007,ROL-002,LOC-001,405,27,4,1,35,Employee referral,EMP-00055
REQ-00044,2025-07-11,2025-11-13,Filled,DPT-002,ROL-004,LOC-002,108,6,1,1,125,Direct apply,EMP-00057
REQ-00045,2024-03-02,2024-06-24,Filled,DPT-003,ROL-025,LOC-007,487,39,5,1,114,Agency,EMP-00058
REQ-00046,2023-03-17,2023-05-05,Filled,DPT-021,ROL-022,LOC-001,585,55,8,1,49,LinkedIn,EMP-00059
REQ-00047,2023-10-19,2023-12-10,Filled,DPT-001,ROL-003,LOC-005,567,33,5,1,52,Employee referral,EMP-00060
REQ-00048,2025-08-23,2025-11-01,Filled,DPT-001,ROL-005,LOC-003,96,7,1,1,70,LinkedIn,EMP-00061
REQ-00049,2022-01-08,2022-04-29,Filled,DPT-014,ROL-026,LOC-001,697,31,4,1,111,LinkedIn,EMP-00062
REQ-00050,2024-02-08,2024-03-30,Filled,DPT-001,ROL-003,LOC-003,389,28,4,1,51,Agency,EMP-00063
REQ-00051,2024-02-22,2024-04-16,Filled,DPT-001,ROL-001,LOC-001,336,23,5,1,54,Direct apply,EMP-00064
REQ-00052,2025-09-15,2026-01-02,Filled,DPT-005,ROL-003,LOC-006,385,16,2,1,109,Direct apply,EMP-00065
REQ-00053,2024-09-05,2024-10-26,Filled,DPT-001,ROL-002,LOC-006,335,30,4,1,51,LinkedIn,EMP-00066
REQ-00054,2025-03-03,2025-06-03,Filled,DPT-017,ROL-017,LOC-007,329,32,3,1,92,LinkedIn,EMP-00067
REQ-00055,2026-02-16,2026-04-16,Filled,DPT-021,ROL-022,LOC-004,468,42,5,1,59,LinkedIn,EMP-00068
REQ-00056,2021-11-12,2022-04-15,Filled,DPT-021,ROL-024,LOC-004,538,23,4,1,154,LinkedIn,EMP-00069
REQ-00057,2024-10-24,2024-12-25,Filled,DPT-026,ROL-022,LOC-004,232,18,2,1,62,Agency,EMP-00070
REQ-00058,2024-03-12,2024-06-11,Filled,DPT-003,ROL-003,LOC-001,267,21,1,1,91,LinkedIn,EMP-00071
REQ-00059,2024-02-13,2024-05-04,Filled,DPT-006,ROL-003,LOC-001,108,7,1,1,81,University recruit,EMP-00072
REQ-00060,2022-10-06,2023-01-15,Filled,DPT-024,ROL-031,LOC-006,609,54,10,1,101,LinkedIn,EMP-00073
REQ-00061,2023-03-03,2023-04-26,Filled,DPT-005,ROL-003,LOC-001,269,26,2,1,54,Employee referral,EMP-00074
REQ-00062,2023-02-10,2023-03-12,Filled,DPT-018,ROL-016,LOC-001,370,31,3,1,30,Agency,EMP-00075
REQ-00063,2025-12-09,2026-04-18,Filled,DPT-008,ROL-004,LOC-001,695,67,14,1,130,Agency,EMP-00076
REQ-00064,2023-08-14,2023-09-11,Filled,DPT-020,ROL-016,LOC-004,676,51,8,1,28,LinkedIn,EMP-00078
REQ-00065,2023-12-05,2024-02-11,Filled,DPT-001,ROL-003,LOC-005,248,22,2,1,68,LinkedIn,EMP-00080
REQ-00066,2025-04-14,2025-08-26,Filled,DPT-014,ROL-012,LOC-003,683,54,6,1,134,Employee referral,EMP-00081
REQ-00067,2024-08-16,2024-09-10,Filled,DPT-022,ROL-022,LOC-001,311,30,4,1,25,LinkedIn,EMP-00082
REQ-00068,2021-10-29,2022-03-03,Filled,DPT-024,ROL-032,LOC-007,667,32,3,1,125,LinkedIn,EMP-00084
REQ-00069,2021-09-08,2022-03-06,Filled,DPT-012,ROL-029,LOC-004,264,10,1,1,179,Direct apply,EMP-00086
REQ-00070,2023-11-30,2023-12-27,Filled,DPT-016,ROL-016,LOC-005,344,20,1,1,27,LinkedIn,EMP-00087
REQ-00071,2024-08-28,2024-10-25,Filled,DPT-021,ROL-023,LOC-001,637,48,7,1,58,LinkedIn,EMP-00088
REQ-00072,2023-12-13,2024-05-17,Filled,DPT-005,ROL-004,LOC-007,666,34,4,1,156,Employee referral,EMP-00089
REQ-00073,2022-06-05,2022-09-19,Filled,DPT-023,ROL-024,LOC-007,689,32,4,1,106,Agency,EMP-00090
REQ-00074,2024-05-28,2024-11-12,Filled,DPT-016,ROL-026,LOC-001,99,4,1,1,168,Agency,EMP-00091
REQ-00075,2023-08-07,2023-11-09,Filled,DPT-005,ROL-003,LOC-001,497,33,4,1,94,Indeed,EMP-00092
REQ-00076,2022-11-24,2023-03-12,Filled,DPT-004,ROL-025,LOC-001,552,31,4,1,108,LinkedIn,EMP-00094
REQ-00077,2022-04-13,2022-05-23,Filled,DPT-008,ROL-002,LOC-001,664,51,6,1,40,Direct apply,EMP-00095
REQ-00078,2022-07-12,2022-10-15,Filled,DPT-018,ROL-025,LOC-004,213,20,3,1,95,Indeed,EMP-00096
REQ-00079,2024-03-04,2024-05-18,Filled,DPT-001,ROL-003,LOC-001,345,29,6,1,75,Employee referral,EMP-00097
REQ-00080,2023-03-04,2023-05-20,Filled,DPT-019,ROL-017,LOC-002,574,39,5,1,77,Employee referral,EMP-00099
REQ-00081,2025-10-26,2025-12-06,Filled,DPT-026,ROL-022,LOC-002,348,27,5,1,41,LinkedIn,EMP-00100
REQ-00082,2023-07-08,2023-08-26,Filled,DPT-020,ROL-019,LOC-004,510,35,4,1,49,Agency,EMP-00101
REQ-00083,2024-10-02,2024-12-07,Filled,DPT-016,ROL-017,LOC-001,552,49,6,1,66,Agency,EMP-00102
REQ-00084,2022-08-23,2023-01-04,Filled,DPT-005,ROL-028,LOC-002,586,49,9,1,134,Employee referral,EMP-00105
REQ-00085,2023-09-20,2023-11-14,Filled,DPT-010,ROL-020,LOC-002,58,4,1,1,55,Agency,EMP-00106
REQ-00086,2023-07-31,2023-09-14,Filled,DPT-006,ROL-003,LOC-003,513,41,4,1,45,Direct apply,EMP-00107
REQ-00087,2025-05-19,2025-07-14,Filled,DPT-005,ROL-001,LOC-001,602,48,4,1,56,Employee referral,EMP-00109
REQ-00088,2025-09-03,2025-11-03,Filled,DPT-022,ROL-023,LOC-001,155,14,2,1,61,Employee referral,EMP-00110
REQ-00089,2025-05-20,2025-08-02,Filled,DPT-012,ROL-012,LOC-004,431,20,2,1,74,LinkedIn,EMP-00111
REQ-00090,2024-11-26,2025-01-25,Filled,DPT-001,ROL-002,LOC-001,503,41,7,1,60,Employee referral,EMP-00112
REQ-00091,2023-12-22,2024-05-29,Filled,DPT-004,ROL-025,LOC-004,622,51,10,1,159,Indeed,EMP-00113
REQ-00092,2024-07-31,2024-09-15,Filled,DPT-006,ROL-002,LOC-004,323,23,3,1,46,Employee referral,EMP-00114
REQ-00093,2023-06-08,2023-10-03,Filled,DPT-006,ROL-004,LOC-004,407,28,3,1,117,LinkedIn,EMP-00115
REQ-00094,2022-11-20,2023-01-15,Filled,DPT-004,ROL-002,LOC-001,541,30,5,1,56,LinkedIn,EMP-00117
REQ-00095,2025-10-25,2026-02-24,Filled,DPT-006,ROL-028,LOC-001,429,40,3,1,122,Direct apply,EMP-00118
REQ-00096,2025-02-15,2025-04-09,Filled,DPT-009,ROL-008,LOC-007,528,36,4,1,53,LinkedIn,EMP-00119
REQ-00097,2023-02-01,2023-04-21,Filled,DPT-020,ROL-026,LOC-001,312,27,3,1,79,LinkedIn,EMP-00120
REQ-00098,2022-05-15,2022-07-15,Filled,DPT-010,ROL-020,LOC-004,470,31,4,1,61,LinkedIn,EMP-00121
REQ-00099,2025-02-15,2025-04-26,Filled,DPT-021,ROL-023,LOC-002,141,13,2,1,70,Agency,EMP-00122
REQ-00100,2025-02-21,2025-04-02,Filled,DPT-013,ROL-010,LOC-001,375,19,3,1,40,Conference / event,EMP-00123
REQ-00101,2024-03-08,2024-05-03,Filled,DPT-004,ROL-002,LOC-007,350,24,3,1,56,Direct apply,EMP-00124
REQ-00102,2023-11-13,2024-02-24,Filled,DPT-002,ROL-003,LOC-007,223,12,1,1,103,University recruit,EMP-00125
REQ-00103,2023-05-21,2023-07-02,Filled,DPT-012,ROL-010,LOC-004,249,22,4,1,42,Conference / event,EMP-00126
REQ-00104,2025-04-22,2025-07-10,Filled,DPT-002,ROL-003,LOC-003,655,54,10,1,79,Employee referral,EMP-00127
REQ-00105,2024-03-16,2024-05-07,Filled,DPT-009,ROL-008,LOC-002,632,37,7,1,52,LinkedIn,EMP-00128
REQ-00106,2023-01-02,2023-06-12,Filled,DPT-022,ROL-030,LOC-002,538,26,2,1,161,Direct apply,EMP-00129
REQ-00107,2022-04-11,2022-05-12,Filled,DPT-017,ROL-016,LOC-003,377,35,5,1,31,LinkedIn,EMP-00131
REQ-00108,2024-06-27,2024-09-17,Filled,DPT-004,ROL-003,LOC-001,494,42,4,1,82,LinkedIn,EMP-00132
REQ-00109,2024-07-29,2024-09-11,Filled,DPT-001,ROL-002,LOC-001,84,7,1,1,44,Employee referral,EMP-00133
REQ-00110,2024-08-27,2024-12-12,Filled,DPT-006,ROL-028,LOC-001,476,29,5,1,107,University recruit,EMP-00134
REQ-00111,2025-06-18,2025-08-20,Filled,DPT-001,ROL-002,LOC-001,55,4,1,1,63,LinkedIn,EMP-00136
REQ-00112,2025-04-01,2025-05-31,Filled,DPT-013,ROL-011,LOC-005,699,30,3,1,60,Direct apply,EMP-00137
REQ-00113,2024-08-23,2024-10-01,Filled,DPT-022,ROL-022,LOC-003,544,42,7,1,39,LinkedIn,EMP-00138
REQ-00114,2024-05-18,2024-06-12,Filled,DPT-009,ROL-020,LOC-001,68,6,1,1,25,Indeed,EMP-00139
REQ-00115,2024-03-30,2024-06-18,Filled,DPT-017,ROL-017,LOC-001,164,16,1,1,80,LinkedIn,EMP-00140
REQ-00116,2025-08-16,2025-09-21,Filled,DPT-007,ROL-001,LOC-006,192,8,1,1,36,Agency,EMP-00141
REQ-00117,2024-08-11,2024-10-02,Filled,DPT-004,ROL-002,LOC-004,263,26,3,1,52,LinkedIn,EMP-00142
REQ-00118,2023-11-28,2024-02-24,Filled,DPT-009,ROL-021,LOC-001,353,26,2,1,88,Direct apply,EMP-00143
REQ-00119,2025-05-05,2025-07-10,Filled,DPT-009,ROL-007,LOC-001,185,16,2,1,66,Conference / event,EMP-00144
REQ-00120,2024-06-11,2024-08-15,Filled,DPT-009,ROL-020,LOC-001,175,8,1,1,65,LinkedIn,EMP-00145
REQ-00121,2025-04-28,2025-09-05,Filled,DPT-020,ROL-028,LOC-001,261,12,1,1,130,LinkedIn,EMP-00146
REQ-00122,2025-06-28,2025-08-26,Filled,DPT-009,ROL-020,LOC-004,589,54,7,1,59,Conference / event,EMP-00147
REQ-00123,2024-03-15,2024-04-16,Filled,DPT-009,ROL-020,LOC-001,426,17,2,1,32,Agency,EMP-00148
REQ-00124,2024-03-29,2024-05-29,Filled,DPT-017,ROL-016,LOC-001,90,7,1,1,61,Direct apply,EMP-00149
REQ-00125,2022-06-26,2022-09-20,Filled,DPT-003,ROL-025,LOC-005,55,4,1,1,86,Indeed,EMP-00150
REQ-00126,2025-01-22,2025-03-24,Filled,DPT-001,ROL-001,LOC-007,196,14,1,1,61,Employee referral,EMP-00151
REQ-00127,2023-02-20,2023-03-17,Filled,DPT-003,ROL-002,LOC-005,164,12,1,1,25,Direct apply,EMP-00152
REQ-00128,2021-12-16,2022-05-23,Filled,DPT-016,ROL-028,LOC-004,614,55,11,1,158,Employee referral,EMP-00153
REQ-00129,2023-05-28,2023-10-27,Filled,DPT-004,ROL-029,LOC-006,471,31,5,1,152,LinkedIn,EMP-00155
REQ-00130,2023-10-28,2023-12-12,Filled,DPT-003,ROL-003,LOC-002,575,47,4,1,45,LinkedIn,EMP-00156
REQ-00131,2024-02-19,2024-06-02,Filled,DPT-024,ROL-023,LOC-003,320,24,1,1,104,LinkedIn,EMP-00158
REQ-00132,2023-10-12,2023-11-28,Filled,DPT-001,ROL-002,LOC-001,677,61,5,1,47,Employee referral,EMP-00159
REQ-00133,2024-06-24,2024-09-24,Filled,DPT-007,ROL-003,LOC-004,95,5,1,1,92,Employee referral,EMP-00160
REQ-00134,2025-04-29,2025-09-21,Filled,DPT-001,ROL-004,LOC-006,242,11,2,1,145,Conference / event,EMP-00161
REQ-00135,2024-12-27,2025-03-13,Filled,DPT-020,ROL-017,LOC-004,646,59,11,1,76,LinkedIn,EMP-00162
REQ-00136,2024-08-19,2024-10-09,Filled,DPT-006,ROL-002,LOC-003,343,30,5,1,51,LinkedIn,EMP-00164
REQ-00137,2024-12-01,2025-01-28,Filled,DPT-020,ROL-019,LOC-001,610,28,5,1,58,Employee referral,EMP-00165
REQ-00138,2024-08-06,2024-11-26,Filled,DPT-018,ROL-029,LOC-004,336,25,4,1,112,LinkedIn,EMP-00166
REQ-00139,2025-02-04,2025-04-08,Filled,DPT-005,ROL-003,LOC-001,86,6,1,1,63,Agency,EMP-00167
REQ-00140,2024-10-03,2025-03-19,Filled,DPT-002,ROL-004,LOC-001,617,32,6,1,167,Employee referral,EMP-00168
REQ-00141,2023-03-01,2023-05-06,Filled,DPT-006,ROL-002,LOC-003,155,7,1,1,66,LinkedIn,EMP-00169
REQ-00142,2025-02-01,2025-07-27,Filled,DPT-005,ROL-004,LOC-001,218,11,1,1,176,Indeed,EMP-00170
REQ-00143,2024-08-18,2024-10-28,Filled,DPT-021,ROL-023,LOC-001,121,10,1,1,71,LinkedIn,EMP-00171
REQ-00144,2023-09-06,2023-10-26,Filled,DPT-012,ROL-010,LOC-003,373,17,3,1,50,Conference / event,EMP-00172
REQ-00145,2023-08-09,2023-09-03,Filled,DPT-001,ROL-002,LOC-007,103,8,1,1,25,Employee referral,EMP-00173
REQ-00146,2024-02-16,2024-04-05,Filled,DPT-009,ROL-020,LOC-006,90,7,1,1,49,Conference / event,EMP-00174
REQ-00147,2025-02-08,2025-08-06,Filled,DPT-016,ROL-025,LOC-004,473,46,4,1,179,LinkedIn,EMP-00175
REQ-00148,2024-12-07,2025-01-17,Filled,DPT-003,ROL-002,LOC-001,693,39,6,1,41,LinkedIn,EMP-00176
REQ-00149,2024-04-20,2024-07-07,Filled,DPT-013,ROL-029,LOC-001,399,32,4,1,78,Agency,EMP-00177
REQ-00150,2023-05-24,2023-07-20,Filled,DPT-023,ROL-022,LOC-007,197,12,2,1,57,Employee referral,EMP-00178
REQ-00151,2025-04-05,2025-08-27,Filled,DPT-017,ROL-030,LOC-001,299,19,2,1,144,LinkedIn,EMP-00179
REQ-00152,2025-03-29,2025-06-05,Filled,DPT-010,ROL-020,LOC-002,170,14,2,1,68,Employee referral,EMP-00180
REQ-00153,2024-06-20,2024-07-28,Filled,DPT-001,ROL-002,LOC-001,231,16,1,1,38,LinkedIn,EMP-00181
REQ-00154,2022-04-13,2022-07-05,Filled,DPT-012,ROL-028,LOC-001,278,23,4,1,83,Agency,EMP-00182
REQ-00155,2021-08-27,2022-02-11,Filled,DPT-021,ROL-024,LOC-001,320,31,6,1,168,LinkedIn,EMP-00183
REQ-00156,2024-05-24,2024-10-24,Filled,DPT-008,ROL-004,LOC-001,610,25,4,1,153,Agency,EMP-00184
REQ-00157,2022-09-06,2022-11-10,Filled,DPT-023,ROL-022,LOC-007,100,8,1,1,65,Direct apply,EMP-00185
REQ-00158,2025-05-30,2025-07-25,Filled,DPT-016,ROL-016,LOC-003,454,33,4,1,56,Agency,EMP-00186
REQ-00159,2022-06-16,2022-08-20,Filled,DPT-002,ROL-002,LOC-001,604,59,7,1,65,LinkedIn,EMP-00187
REQ-00160,2024-10-19,2024-12-03,Filled,DPT-023,ROL-022,LOC-001,697,59,5,1,45,Direct apply,EMP-00188
REQ-00161,2022-05-21,2022-07-14,Filled,DPT-019,ROL-017,LOC-001,571,30,2,1,54,Employee referral,EMP-00189
REQ-00162,2025-05-31,2025-08-01,Filled,DPT-012,ROL-011,LOC-004,417,28,5,1,62,Indeed,EMP-00190
REQ-00163,2024-12-05,2024-12-30,Filled,DPT-025,ROL-022,LOC-006,123,5,1,1,25,Indeed,EMP-00191
REQ-00164,2024-12-05,2025-03-24,Filled,DPT-020,ROL-017,LOC-001,401,16,3,1,109,LinkedIn,EMP-00192
REQ-00165,2024-03-08,2024-05-11,Filled,DPT-001,ROL-002,LOC-001,335,25,4,1,64,Indeed,EMP-00193
REQ-00166,2022-08-16,2022-10-06,Filled,DPT-002,ROL-002,LOC-001,438,35,3,1,51,LinkedIn,EMP-00194
REQ-00167,2024-08-19,2024-10-27,Filled,DPT-002,ROL-003,LOC-001,71,4,1,1,69,University recruit,EMP-00195
REQ-00168,2023-07-15,2023-10-01,Filled,DPT-002,ROL-005,LOC-006,527,37,4,1,78,Employee referral,EMP-00196
REQ-00169,2025-01-23,2025-03-25,Filled,DPT-022,ROL-023,LOC-001,217,8,1,1,61,Agency,EMP-00197
REQ-00170,2023-06-19,2023-08-17,Filled,DPT-016,ROL-015,LOC-001,353,25,5,1,59,Employee referral,EMP-00198
REQ-00171,2023-03-18,2023-04-14,Filled,DPT-002,ROL-002,LOC-001,445,27,4,1,27,Employee referral,EMP-00199
REQ-00172,2023-12-31,2024-04-16,Filled,DPT-003,ROL-003,LOC-005,555,53,7,1,107,Employee referral,EMP-00200
REQ-00173,2025-04-14,2025-06-22,Filled,DPT-005,ROL-001,LOC-001,608,26,4,1,69,LinkedIn,EMP-00201
REQ-00174,2024-11-22,2025-01-02,Filled,DPT-013,ROL-010,LOC-005,318,25,2,1,41,Direct apply,EMP-00202
REQ-00175,2025-04-07,2025-09-09,Filled,DPT-018,ROL-034,LOC-001,383,25,3,1,155,Agency,EMP-00205
REQ-00176,2025-03-29,2025-07-04,Filled,DPT-020,ROL-017,LOC-003,676,64,7,1,97,Employee referral,EMP-00206
REQ-00177,2024-06-28,2024-10-13,Filled,DPT-009,ROL-008,LOC-001,90,7,1,1,107,University recruit,EMP-00207
REQ-00178,2023-05-23,2023-07-13,Filled,DPT-002,ROL-002,LOC-001,271,13,2,1,51,Employee referral,EMP-00208
REQ-00179,2023-10-18,2023-12-31,Filled,DPT-020,ROL-017,LOC-001,627,33,5,1,74,Agency,EMP-00209
REQ-00180,2024-10-28,2025-01-10,Filled,DPT-012,ROL-013,LOC-005,343,27,4,1,74,LinkedIn,EMP-00210
REQ-00181,2024-11-04,2024-12-27,Filled,DPT-017,ROL-015,LOC-007,535,45,9,1,53,Employee referral,EMP-00211
REQ-00182,2025-01-23,2025-03-16,Filled,DPT-010,ROL-007,LOC-001,591,51,6,1,52,Indeed,EMP-00212
REQ-00183,2024-09-04,2025-02-23,Filled,DPT-002,ROL-005,LOC-003,503,50,4,1,172,LinkedIn,EMP-00215
REQ-00184,2023-03-29,2023-04-29,Filled,DPT-007,ROL-001,LOC-001,206,10,1,1,31,LinkedIn,EMP-00216
REQ-00185,2025-09-06,2025-10-22,Filled,DPT-010,ROL-020,LOC-001,520,36,2,1,46,LinkedIn,EMP-00218
REQ-00186,2024-03-01,2024-04-06,Filled,DPT-001,ROL-001,LOC-005,189,12,2,1,36,Employee referral,EMP-00219
REQ-00187,2023-11-02,2023-12-04,Filled,DPT-004,ROL-001,LOC-007,59,4,1,1,32,Employee referral,EMP-00220
REQ-00188,2023-12-18,2024-05-03,Filled,DPT-021,ROL-024,LOC-001,506,47,4,1,137,Employee referral,EMP-00221
REQ-00189,2023-08-04,2023-10-11,Filled,DPT-002,ROL-001,LOC-006,623,50,7,1,68,University recruit,EMP-00223
REQ-00190,2025-10-04,2025-11-20,Filled,DPT-020,ROL-016,LOC-003,559,38,5,1,47,Indeed,EMP-00224
REQ-00191,2022-07-08,2022-09-13,Filled,DPT-024,ROL-022,LOC-003,459,25,3,1,67,Agency,EMP-00225
REQ-00192,2025-09-14,2026-02-25,Filled,DPT-001,ROL-004,LOC-001,57,5,1,1,164,LinkedIn,EMP-00226
REQ-00193,2025-02-01,2025-03-22,Filled,DPT-001,ROL-002,LOC-001,345,26,3,1,49,Agency,EMP-00228
REQ-00194,2024-11-26,2025-01-23,Filled,DPT-022,ROL-022,LOC-001,634,37,7,1,58,Direct apply,EMP-00229
REQ-00195,2023-11-19,2024-05-16,Filled,DPT-006,ROL-004,LOC-001,430,42,9,1,179,Employee referral,EMP-00230
REQ-00196,2022-11-27,2023-02-26,Filled,DPT-006,ROL-003,LOC-001,424,18,3,1,91,Employee referral,EMP-00231
REQ-00197,2024-02-17,2024-04-11,Filled,DPT-009,ROL-021,LOC-004,693,53,9,1,54,Agency,EMP-00232
REQ-00198,2023-02-05,2023-07-18,Filled,DPT-012,ROL-014,LOC-004,178,12,2,1,163,Indeed,EMP-00233
REQ-00199,2025-07-21,2025-10-19,Filled,DPT-018,ROL-017,LOC-003,686,64,11,1,90,Agency,EMP-00234
REQ-00200,2023-02-18,2023-04-27,Filled,DPT-003,ROL-002,LOC-001,615,51,4,1,68,LinkedIn,EMP-00235
REQ-00201,2023-05-19,2023-11-27,Filled,DPT-022,ROL-034,LOC-001,69,5,1,1,192,LinkedIn,EMP-00237
REQ-00202,2022-08-12,2023-01-18,Filled,DPT-010,ROL-009,LOC-002,607,43,7,1,159,LinkedIn,EMP-00238
REQ-00203,2022-01-10,2022-04-17,Filled,DPT-001,ROL-027,LOC-002,417,37,4,1,97,Agency,EMP-00239
REQ-00204,2023-03-02,2023-05-28,Filled,DPT-023,ROL-023,LOC-001,219,9,1,1,87,Indeed,EMP-00240
REQ-00205,2023-02-22,2023-06-12,Filled,DPT-026,ROL-023,LOC-001,342,20,2,1,110,LinkedIn,EMP-00241
REQ-00206,2023-04-07,2023-09-28,Filled,DPT-019,ROL-034,LOC-006,653,49,6,1,174,University recruit,EMP-00242
REQ-00207,2023-04-01,2023-06-03,Filled,DPT-018,ROL-015,LOC-004,423,22,2,1,63,University recruit,EMP-00243
REQ-00208,2026-03-19,2026-04-24,Filled,DPT-019,ROL-015,LOC-001,531,36,7,1,36,Agency,EMP-00244
REQ-00209,2023-06-02,2023-11-21,Filled,DPT-005,ROL-004,LOC-004,473,45,5,1,172,Conference / event,EMP-00245
REQ-00210,2024-07-25,2024-08-24,Filled,DPT-011,ROL-010,LOC-001,640,58,5,1,30,Employee referral,EMP-00246
REQ-00211,2025-08-12,2025-09-18,Filled,DPT-002,ROL-001,LOC-001,134,11,2,1,37,Agency,EMP-00247
REQ-00212,2022-08-11,2022-10-30,Filled,DPT-004,ROL-003,LOC-002,588,56,10,1,80,University recruit,EMP-00248
REQ-00213,2025-04-05,2025-06-03,Filled,DPT-002,ROL-002,LOC-001,169,14,2,1,59,Direct apply,EMP-00249
REQ-00214,2025-09-26,2025-11-25,Filled,DPT-021,ROL-022,LOC-003,543,26,4,1,60,Indeed,EMP-00250
REQ-00215,2023-05-10,2023-06-30,Filled,DPT-008,ROL-001,LOC-004,176,12,1,1,51,Direct apply,EMP-00251
REQ-00216,2023-09-18,2023-10-24,Filled,DPT-020,ROL-018,LOC-004,256,12,1,1,36,Employee referral,EMP-00252
REQ-00217,2024-06-15,2024-07-31,Filled,DPT-020,ROL-019,LOC-001,325,19,3,1,46,Direct apply,EMP-00253
REQ-00218,2023-09-15,2024-02-07,Filled,DPT-004,ROL-004,LOC-001,151,13,1,1,145,University recruit,EMP-00254
REQ-00219,2024-02-02,2024-08-10,Filled,DPT-017,ROL-027,LOC-004,87,4,1,1,190,Direct apply,EMP-00255
REQ-00220,2022-09-13,2022-12-24,Filled,DPT-009,ROL-025,LOC-001,529,47,7,1,102,Employee referral,EMP-00256
REQ-00221,2022-12-27,2023-02-04,Filled,DPT-018,ROL-016,LOC-007,314,23,4,1,39,Indeed,EMP-00257
REQ-00222,2024-05-07,2024-07-03,Filled,DPT-003,ROL-003,LOC-003,475,30,5,1,57,LinkedIn,EMP-00258
REQ-00223,2022-11-17,2022-12-15,Filled,DPT-024,ROL-022,LOC-004,288,19,3,1,28,Conference / event,EMP-00259
REQ-00224,2024-05-14,2024-07-18,Filled,DPT-005,ROL-002,LOC-007,141,7,1,1,65,Employee referral,EMP-00260
REQ-00225,2024-03-29,2024-07-13,Filled,DPT-012,ROL-011,LOC-004,399,16,2,1,106,LinkedIn,EMP-00261
REQ-00226,2023-12-17,2024-01-30,Filled,DPT-016,ROL-016,LOC-003,545,29,5,1,44,LinkedIn,EMP-00262
REQ-00227,2022-05-30,2022-10-17,Filled,DPT-012,ROL-012,LOC-004,539,41,7,1,140,University recruit,EMP-00264
REQ-00228,2022-09-02,2023-01-25,Filled,DPT-007,ROL-004,LOC-001,221,19,4,1,145,LinkedIn,EMP-00265
REQ-00229,2022-09-11,2022-11-20,Filled,DPT-017,ROL-016,LOC-001,220,12,2,1,70,Indeed,EMP-00266
REQ-00230,2023-04-18,2023-06-26,Filled,DPT-018,ROL-017,LOC-004,153,6,1,1,69,Agency,EMP-00267
REQ-00231,2024-05-17,2024-10-06,Filled,DPT-021,ROL-024,LOC-001,620,26,4,1,142,Employee referral,EMP-00268
REQ-00232,2023-02-05,2023-05-03,Filled,DPT-006,ROL-003,LOC-001,163,15,1,1,87,University recruit,EMP-00269
REQ-00233,2023-07-19,2023-09-10,Filled,DPT-009,ROL-008,LOC-004,215,19,2,1,53,Employee referral,EMP-00270
REQ-00234,2024-08-03,2024-12-21,Filled,DPT-014,ROL-014,LOC-002,362,26,4,1,140,Agency,EMP-00273
REQ-00235,2024-06-27,2024-09-15,Filled,DPT-023,ROL-023,LOC-004,133,10,1,1,80,Employee referral,EMP-00274
REQ-00236,2021-08-04,2022-01-09,Filled,DPT-021,ROL-024,LOC-001,338,14,1,1,158,LinkedIn,EMP-00276
REQ-00237,2023-06-28,2023-09-12,Filled,DPT-006,ROL-003,LOC-006,128,10,1,1,76,Direct apply,EMP-00277
REQ-00238,2024-01-09,2024-03-01,Filled,DPT-003,ROL-002,LOC-001,431,39,7,1,52,LinkedIn,EMP-00278
REQ-00239,2024-12-08,2025-02-16,Filled,DPT-013,ROL-010,LOC-001,366,25,2,1,70,LinkedIn,EMP-00279
REQ-00240,2024-04-30,2024-06-28,Filled,DPT-019,ROL-016,LOC-003,496,35,7,1,59,University recruit,EMP-00280
REQ-00241,2023-07-17,2023-09-14,Filled,DPT-003,ROL-003,LOC-007,350,21,3,1,59,LinkedIn,EMP-00281
REQ-00242,2022-06-03,2022-09-18,Filled,DPT-002,ROL-026,LOC-001,217,15,1,1,107,LinkedIn,EMP-00282
REQ-00243,2023-11-15,2024-01-17,Filled,DPT-016,ROL-017,LOC-004,533,35,5,1,63,LinkedIn,EMP-00284
REQ-00244,2024-01-02,2024-03-12,Filled,DPT-006,ROL-002,LOC-006,484,22,3,1,70,Agency,EMP-00285
REQ-00245,2023-05-27,2023-09-07,Filled,DPT-017,ROL-017,LOC-004,474,39,3,1,103,Employee referral,EMP-00286
REQ-00246,2022-08-07,2023-01-25,Filled,DPT-001,ROL-028,LOC-001,211,19,2,1,171,Agency,EMP-00287
REQ-00247,2024-04-08,2024-05-21,Filled,DPT-024,ROL-022,LOC-007,303,13,2,1,43,Agency,EMP-00291
REQ-00248,2025-04-06,2025-07-05,Filled,DPT-002,ROL-003,LOC-001,640,36,3,1,90,Employee referral,EMP-00292
REQ-00249,2025-09-20,2026-01-01,Filled,DPT-024,ROL-023,LOC-001,87,8,1,1,103,Employee referral,EMP-00293
REQ-00250,2023-09-15,2024-02-01,Filled,DPT-006,ROL-025,LOC-006,569,32,5,1,139,Indeed,EMP-00294
REQ-00251,2022-02-24,2022-08-03,Filled,DPT-026,ROL-024,LOC-001,346,28,4,1,160,LinkedIn,EMP-00295
REQ-00252,2024-01-03,2024-02-13,Filled,DPT-013,ROL-010,LOC-001,205,15,1,1,41,Direct apply,EMP-00296
REQ-00253,2024-07-19,2024-09-23,Filled,DPT-019,ROL-015,LOC-004,250,24,3,1,66,LinkedIn,EMP-00297
REQ-00254,2024-01-15,2024-04-07,Filled,DPT-025,ROL-030,LOC-006,292,24,2,1,83,Employee referral,EMP-00298
REQ-00255,2022-03-10,2022-06-25,Filled,DPT-002,ROL-031,LOC-001,360,28,3,1,107,University recruit,EMP-00300
REQ-00256,2025-10-18,2026-01-24,Filled,DPT-009,ROL-026,LOC-004,544,25,4,1,98,LinkedIn,EMP-00301
REQ-00257,2024-06-23,2024-10-24,Filled,DPT-002,ROL-030,LOC-004,241,12,1,1,123,LinkedIn,EMP-00302
REQ-00258,2021-09-05,2022-01-17,Filled,DPT-002,ROL-004,LOC-001,350,29,3,1,134,Employee referral,EMP-00303
REQ-00259,2024-01-28,2024-04-21,Filled,DPT-020,ROL-017,LOC-004,260,22,2,1,84,Employee referral,EMP-00304
REQ-00260,2021-09-08,2022-02-11,Filled,DPT-003,ROL-027,LOC-001,436,39,4,1,156,University recruit,EMP-00305
REQ-00261,2023-02-07,2023-03-21,Filled,DPT-020,ROL-019,LOC-001,675,31,3,1,42,Indeed,EMP-00306
REQ-00262,2024-02-04,2024-05-26,Filled,DPT-022,ROL-024,LOC-005,672,54,7,1,112,LinkedIn,EMP-00307
REQ-00263,2024-05-22,2024-07-06,Filled,DPT-002,ROL-002,LOC-004,553,45,4,1,45,Agency,EMP-00308
REQ-00264,2024-07-14,2024-09-22,Filled,DPT-012,ROL-012,LOC-001,257,23,2,1,70,Employee referral,EMP-00309
REQ-00265,2022-09-04,2022-11-24,Filled,DPT-018,ROL-030,LOC-001,586,57,5,1,81,University recruit,EMP-00310
REQ-00266,2024-06-06,2024-08-31,Filled,DPT-002,ROL-003,LOC-002,227,20,3,1,86,Direct apply,EMP-00311
REQ-00267,2023-03-30,2023-07-18,Filled,DPT-006,ROL-003,LOC-005,223,18,2,1,110,Conference / event,EMP-00312
REQ-00268,2025-10-13,2026-03-07,Filled,DPT-008,ROL-004,LOC-005,238,22,2,1,145,LinkedIn,EMP-00313
REQ-00269,2025-11-25,2026-02-02,Filled,DPT-002,ROL-001,LOC-004,555,28,5,1,69,Agency,EMP-00314
REQ-00270,2024-12-18,2025-04-01,Filled,DPT-007,ROL-003,LOC-004,82,4,1,1,104,Employee referral,EMP-00316
REQ-00271,2025-02-13,2025-05-10,Filled,DPT-015,ROL-011,LOC-004,561,42,6,1,86,Conference / event,EMP-00317
REQ-00272,2022-09-06,2023-03-14,Filled,DPT-026,ROL-033,LOC-003,668,52,11,1,189,Agency,EMP-00318
REQ-00273,2023-09-30,2023-11-22,Filled,DPT-020,ROL-017,LOC-001,633,50,5,1,53,University recruit,EMP-00319
REQ-00274,2024-07-12,2024-09-02,Filled,DPT-008,ROL-002,LOC-004,179,14,2,1,52,Agency,EMP-00320
REQ-00275,2024-09-04,2024-12-26,Filled,DPT-011,ROL-012,LOC-006,375,19,3,1,113,Direct apply,EMP-00321
REQ-00276,2025-09-12,2025-12-21,Filled,DPT-024,ROL-023,LOC-004,438,28,3,1,100,University recruit,EMP-00323
REQ-00277,2025-06-13,2025-07-11,Filled,DPT-016,ROL-015,LOC-003,455,32,6,1,28,University recruit,EMP-00325
REQ-00278,2022-05-16,2022-10-05,Filled,DPT-025,ROL-028,LOC-001,279,18,1,1,142,LinkedIn,EMP-00326
REQ-00279,2023-09-24,2023-11-08,Filled,DPT-008,ROL-002,LOC-006,663,48,4,1,45,Conference / event,EMP-00327
REQ-00280,2023-10-03,2024-01-09,Filled,DPT-002,ROL-003,LOC-001,389,16,2,1,98,Direct apply,EMP-00329
REQ-00281,2023-07-16,2023-09-15,Filled,DPT-004,ROL-003,LOC-001,644,54,6,1,61,Agency,EMP-00330
REQ-00282,2022-10-15,2023-03-16,Filled,DPT-001,ROL-004,LOC-001,244,14,2,1,152,LinkedIn,EMP-00331
REQ-00283,2024-01-23,2024-04-26,Filled,DPT-003,ROL-004,LOC-001,612,50,9,1,94,Agency,EMP-00332
REQ-00284,2025-02-01,2025-03-12,Filled,DPT-001,ROL-002,LOC-001,598,38,4,1,39,LinkedIn,EMP-00333
REQ-00285,2022-06-18,2022-09-07,Filled,DPT-009,ROL-008,LOC-001,71,4,1,1,81,Direct apply,EMP-00334
REQ-00286,2024-09-09,2024-10-27,Filled,DPT-009,ROL-020,LOC-001,250,16,3,1,48,Agency,EMP-00335
REQ-00287,2022-07-01,2022-08-04,Filled,DPT-009,ROL-007,LOC-002,659,59,12,1,34,Conference / event,EMP-00336
REQ-00288,2022-01-17,2022-05-16,Filled,DPT-002,ROL-005,LOC-004,370,17,1,1,119,Direct apply,EMP-00337
REQ-00289,2025-05-08,2025-10-01,Filled,DPT-024,ROL-024,LOC-001,226,9,1,1,146,Employee referral,EMP-00338
REQ-00290,2024-12-24,2025-01-27,Filled,DPT-001,ROL-002,LOC-005,335,25,4,1,34,Direct apply,EMP-00339
REQ-00291,2025-02-14,2025-06-27,Filled,DPT-003,ROL-005,LOC-004,457,35,6,1,133,LinkedIn,EMP-00340
REQ-00292,2022-01-21,2022-05-28,Filled,DPT-003,ROL-005,LOC-004,644,28,3,1,127,Employee referral,EMP-00341
REQ-00293,2023-07-23,2023-08-25,Filled,DPT-005,ROL-002,LOC-007,570,28,3,1,33,Employee referral,EMP-00342
REQ-00294,2024-07-13,2024-10-02,Filled,DPT-001,ROL-003,LOC-002,331,21,3,1,81,Direct apply,EMP-00343
REQ-00295,2026-01-15,2026-05-21,Filled,DPT-012,ROL-014,LOC-001,133,9,1,1,126,University recruit,EMP-00344
REQ-00296,2023-10-15,2024-01-13,Filled,DPT-012,ROL-013,LOC-001,284,23,2,1,90,LinkedIn,EMP-00345
REQ-00297,2024-04-24,2024-06-15,Filled,DPT-001,ROL-003,LOC-001,140,12,1,1,52,Agency,EMP-00346
REQ-00298,2026-03-03,2026-05-06,Filled,DPT-021,ROL-022,LOC-001,89,4,1,1,64,Direct apply,EMP-00347
REQ-00299,2021-12-25,2022-04-28,Filled,DPT-019,ROL-032,LOC-006,437,23,2,1,124,LinkedIn,EMP-00348
REQ-00300,2024-06-20,2024-07-30,Filled,DPT-009,ROL-007,LOC-004,581,36,7,1,40,Employee referral,EMP-00349
REQ-00301,2023-10-19,2024-01-26,Filled,DPT-011,ROL-011,LOC-003,164,8,1,1,99,Agency,EMP-00350
REQ-00302,2025-04-07,2025-05-05,Filled,DPT-022,ROL-022,LOC-001,181,8,1,1,28,Agency,EMP-00351
REQ-00303,2025-10-24,2026-01-31,Filled,DPT-009,ROL-021,LOC-006,384,22,2,1,99,LinkedIn,EMP-00352
REQ-00304,2024-11-30,2025-01-04,Filled,DPT-008,ROL-001,LOC-004,405,18,2,1,35,Conference / event,EMP-00353
REQ-00305,2025-07-10,2025-09-16,Filled,DPT-001,ROL-003,LOC-002,585,47,9,1,68,LinkedIn,EMP-00354
REQ-00306,2023-05-13,2023-09-25,Filled,DPT-001,ROL-004,LOC-001,71,4,1,1,135,LinkedIn,EMP-00355
REQ-00307,2023-08-07,2024-01-07,Filled,DPT-003,ROL-004,LOC-001,617,46,9,1,153,Indeed,EMP-00356
REQ-00308,2023-03-03,2023-04-12,Filled,DPT-007,ROL-002,LOC-004,626,27,3,1,40,LinkedIn,EMP-00357
REQ-00309,2024-05-04,2024-07-23,Filled,DPT-019,ROL-017,LOC-006,469,23,3,1,80,Direct apply,EMP-00358
REQ-00310,2024-11-09,2025-01-27,Filled,DPT-003,ROL-003,LOC-006,270,13,2,1,79,Direct apply,EMP-00359
REQ-00311,2024-07-04,2024-08-04,Filled,DPT-023,ROL-022,LOC-001,298,13,1,1,31,Employee referral,EMP-00360
REQ-00312,2024-11-02,2024-12-27,Filled,DPT-006,ROL-001,LOC-002,416,32,5,1,55,LinkedIn,EMP-00361
REQ-00313,2022-01-01,2022-06-17,Filled,DPT-017,ROL-026,LOC-001,671,53,6,1,167,LinkedIn,EMP-00362
REQ-00314,2024-09-24,2024-10-30,Filled,DPT-008,ROL-002,LOC-001,174,11,2,1,36,Employee referral,EMP-00363
REQ-00315,2022-05-08,2022-08-09,Filled,DPT-002,ROL-003,LOC-001,279,15,2,1,93,LinkedIn,EMP-00364
REQ-00316,2021-08-02,2022-01-15,Filled,DPT-022,ROL-024,LOC-002,124,10,1,1,166,LinkedIn,EMP-00365
REQ-00317,2023-12-22,2024-02-23,Filled,DPT-001,ROL-003,LOC-002,93,5,1,1,63,Conference / event,EMP-00366
REQ-00318,2025-06-16,2025-08-02,Filled,DPT-024,ROL-022,LOC-007,60,4,1,1,47,LinkedIn,EMP-00367
REQ-00319,2023-07-21,2023-11-24,Filled,DPT-001,ROL-030,LOC-004,441,43,9,1,126,Agency,EMP-00368
REQ-00320,2024-04-27,2024-06-20,Filled,DPT-002,ROL-001,LOC-007,524,38,7,1,54,Agency,EMP-00369
REQ-00321,2025-04-28,2025-07-26,Filled,DPT-014,ROL-013,LOC-004,654,29,4,1,89,Indeed,EMP-00370
REQ-00322,2023-05-31,2023-10-24,Filled,DPT-002,ROL-026,LOC-001,450,40,6,1,146,LinkedIn,EMP-00371
REQ-00323,2024-06-26,2024-08-18,Filled,DPT-001,ROL-002,LOC-002,678,62,7,1,53,Agency,EMP-00372
REQ-00324,2022-09-11,2022-12-04,Filled,DPT-009,ROL-008,LOC-001,570,39,5,1,84,Agency,EMP-00373
REQ-00325,2024-05-02,2024-08-12,Filled,DPT-019,ROL-017,LOC-006,90,5,1,1,102,Employee referral,EMP-00375
REQ-00326,2023-12-09,2024-01-13,Filled,DPT-020,ROL-018,LOC-005,258,14,1,1,35,Direct apply,EMP-00376
REQ-00327,2025-08-22,2025-10-03,Filled,DPT-021,ROL-022,LOC-003,218,8,1,1,42,LinkedIn,EMP-00377
REQ-00328,2025-01-30,2025-04-29,Filled,DPT-011,ROL-025,LOC-001,686,44,3,1,89,LinkedIn,EMP-00378
REQ-00329,2021-10-18,2022-04-11,Filled,DPT-016,ROL-027,LOC-005,632,62,12,1,175,Agency,EMP-00379
REQ-00330,2024-09-22,2024-12-12,Filled,DPT-016,ROL-025,LOC-003,384,34,4,1,81,Indeed,EMP-00381
REQ-00331,2022-03-03,2022-05-23,Filled,DPT-003,ROL-029,LOC-001,275,25,5,1,81,University recruit,EMP-00382
REQ-00332,2023-08-12,2023-09-09,Filled,DPT-019,ROL-016,LOC-001,386,22,4,1,28,Conference / event,EMP-00383
REQ-00333,2024-04-16,2024-05-15,Filled,DPT-013,ROL-010,LOC-001,282,16,1,1,29,LinkedIn,EMP-00384
REQ-00334,2022-08-05,2022-10-12,Filled,DPT-002,ROL-002,LOC-001,530,44,3,1,68,LinkedIn,EMP-00385
REQ-00335,2023-04-03,2023-07-10,Filled,DPT-002,ROL-003,LOC-003,333,18,1,1,98,Conference / event,EMP-00386
REQ-00336,2022-09-11,2022-12-26,Filled,DPT-009,ROL-021,LOC-005,519,28,3,1,106,LinkedIn,EMP-00387
REQ-00337,2023-08-08,2024-02-03,Filled,DPT-010,ROL-009,LOC-002,127,9,1,1,179,Agency,EMP-00388
REQ-00338,2025-09-25,2026-01-24,Filled,DPT-026,ROL-024,LOC-004,491,45,5,1,121,LinkedIn,EMP-00390
REQ-00339,2024-10-09,2024-12-10,Filled,DPT-004,ROL-002,LOC-003,367,27,2,1,62,Employee referral,EMP-00391
REQ-00340,2024-02-27,2024-04-08,Filled,DPT-010,ROL-007,LOC-001,301,16,1,1,41,LinkedIn,EMP-00392
REQ-00341,2024-05-09,2024-06-17,Filled,DPT-001,ROL-002,LOC-003,486,43,3,1,39,Direct apply,EMP-00393
REQ-00342,2023-10-25,2024-01-06,Filled,DPT-009,ROL-021,LOC-001,317,26,4,1,73,Agency,EMP-00394
REQ-00343,2024-04-16,2024-06-06,Filled,DPT-023,ROL-023,LOC-002,488,38,3,1,51,LinkedIn,EMP-00395
REQ-00344,2025-04-27,2025-09-28,Filled,DPT-009,ROL-009,LOC-007,699,60,9,1,154,Employee referral,EMP-00396
REQ-00345,2023-03-23,2023-05-02,Filled,DPT-018,ROL-016,LOC-006,340,28,2,1,40,LinkedIn,EMP-00397
REQ-00346,2025-05-27,2025-08-10,Filled,DPT-022,ROL-024,LOC-001,462,20,3,1,75,Employee referral,EMP-00398
REQ-00347,2023-10-27,2024-03-17,Filled,DPT-001,ROL-004,LOC-001,413,38,5,1,142,Direct apply,EMP-00399
REQ-00348,2023-02-05,2023-04-16,Filled,DPT-011,ROL-011,LOC-001,351,30,6,1,70,Agency,EMP-00400
REQ-00349,2023-09-15,2023-12-20,Filled,DPT-024,ROL-023,LOC-001,90,4,1,1,96,Agency,EMP-00401
REQ-00350,2025-09-21,2026-03-14,Filled,DPT-007,ROL-033,LOC-006,528,33,3,1,174,Employee referral,EMP-00402
REQ-00351,2023-08-09,2023-09-22,Filled,DPT-009,ROL-007,LOC-001,496,49,6,1,44,Direct apply,EMP-00403
REQ-00352,2023-04-12,2023-05-16,Filled,DPT-015,ROL-010,LOC-003,162,6,1,1,34,LinkedIn,EMP-00405
REQ-00353,2024-01-23,2024-04-27,Filled,DPT-008,ROL-003,LOC-002,160,7,1,1,95,Employee referral,EMP-00406
REQ-00354,2025-09-02,2026-02-12,Filled,DPT-013,ROL-030,LOC-007,87,5,1,1,163,Employee referral,EMP-00407
REQ-00355,2022-08-21,2022-11-14,Filled,DPT-024,ROL-023,LOC-003,610,36,6,1,85,Agency,EMP-00408
REQ-00356,2022-09-09,2022-12-07,Filled,DPT-006,ROL-003,LOC-001,474,21,2,1,89,Direct apply,EMP-00409
REQ-00357,2024-10-07,2024-11-07,Filled,DPT-003,ROL-002,LOC-001,400,37,7,1,31,LinkedIn,EMP-00410
REQ-00358,2025-01-26,2025-04-29,Filled,DPT-016,ROL-017,LOC-001,393,23,3,1,93,LinkedIn,EMP-00411
REQ-00359,2022-04-11,2022-07-04,Filled,DPT-015,ROL-029,LOC-001,508,48,8,1,84,LinkedIn,EMP-00412
REQ-00360,2022-12-12,2023-05-22,Filled,DPT-014,ROL-012,LOC-001,456,35,5,1,161,LinkedIn,EMP-00413
REQ-00361,2024-06-01,2024-11-10,Filled,DPT-004,ROL-004,LOC-001,234,12,2,1,162,LinkedIn,EMP-00414
REQ-00362,2025-02-12,2025-05-05,Filled,DPT-004,ROL-004,LOC-001,343,14,1,1,82,Employee referral,EMP-00415
REQ-00363,2022-09-20,2023-02-06,Filled,DPT-023,ROL-025,LOC-003,387,22,4,1,139,Agency,EMP-00416
REQ-00364,2022-06-28,2022-08-28,Filled,DPT-004,ROL-002,LOC-001,482,24,2,1,61,LinkedIn,EMP-00417
REQ-00365,2022-07-31,2022-11-15,Filled,DPT-012,ROL-013,LOC-006,404,22,3,1,107,LinkedIn,EMP-00418
REQ-00366,2025-08-20,2025-12-09,Filled,DPT-005,ROL-030,LOC-004,235,13,2,1,111,Employee referral,EMP-00419
REQ-00367,2022-04-03,2022-10-27,Filled,DPT-001,ROL-033,LOC-001,571,26,5,1,207,LinkedIn,EMP-00420
REQ-00368,2024-09-08,2024-10-21,Filled,DPT-002,ROL-001,LOC-003,529,41,5,1,43,Direct apply,EMP-00421
REQ-00369,2025-07-02,2025-12-16,Filled,DPT-019,ROL-028,LOC-001,288,14,1,1,167,LinkedIn,EMP-00422
REQ-00370,2023-01-01,2023-02-02,Filled,DPT-011,ROL-010,LOC-001,586,23,2,1,32,LinkedIn,EMP-00423
REQ-00371,2024-02-25,2024-03-26,Filled,DPT-010,ROL-007,LOC-001,420,41,8,1,30,Employee referral,EMP-00424
REQ-00372,2025-05-28,2025-07-29,Filled,DPT-001,ROL-002,LOC-003,504,49,5,1,62,Employee referral,EMP-00426
REQ-00373,2023-10-28,2023-12-04,Filled,DPT-020,ROL-019,LOC-001,413,24,3,1,37,LinkedIn,EMP-00428
REQ-00374,2022-03-30,2022-06-19,Filled,DPT-024,ROL-023,LOC-004,251,17,3,1,81,Agency,EMP-00429
REQ-00375,2025-02-05,2025-05-26,Filled,DPT-007,ROL-003,LOC-001,177,12,2,1,110,Employee referral,EMP-00430
REQ-00376,2024-08-22,2025-01-14,Filled,DPT-011,ROL-034,LOC-004,408,29,6,1,145,Direct apply,EMP-00431
REQ-00377,2023-02-10,2023-04-03,Filled,DPT-004,ROL-003,LOC-001,179,13,1,1,52,Indeed,EMP-00432
REQ-00378,2023-08-15,2023-11-04,Filled,DPT-001,ROL-003,LOC-001,180,15,2,1,81,University recruit,EMP-00433
REQ-00379,2024-05-04,2024-08-26,Filled,DPT-002,ROL-031,LOC-001,620,52,10,1,114,University recruit,EMP-00434
REQ-00380,2024-11-10,2024-12-20,Filled,DPT-003,ROL-002,LOC-001,138,7,1,1,40,Direct apply,EMP-00435
REQ-00381,2023-06-03,2023-07-28,Filled,DPT-020,ROL-017,LOC-004,354,34,3,1,55,Agency,EMP-00436
REQ-00382,2021-12-23,2022-06-18,Filled,DPT-020,ROL-025,LOC-001,411,32,2,1,177,Direct apply,EMP-00437
REQ-00383,2022-10-17,2023-03-21,Filled,DPT-002,ROL-005,LOC-006,60,4,1,1,155,LinkedIn,EMP-00438
REQ-00384,2023-05-28,2023-08-28,Filled,DPT-025,ROL-023,LOC-004,547,50,5,1,92,University recruit,EMP-00439
REQ-00385,2023-11-25,2023-12-31,Filled,DPT-001,ROL-002,LOC-001,429,18,3,1,36,Agency,EMP-00440
REQ-00386,2024-05-30,2024-07-22,Filled,DPT-004,ROL-001,LOC-001,599,30,5,1,53,LinkedIn,EMP-00441
REQ-00387,2024-08-16,2024-09-29,Filled,DPT-026,ROL-022,LOC-005,294,28,3,1,44,Direct apply,EMP-00442
REQ-00388,2025-05-20,2025-09-12,Filled,DPT-017,ROL-028,LOC-001,299,21,3,1,115,LinkedIn,EMP-00443
REQ-00389,2025-05-21,2025-10-18,Filled,DPT-001,ROL-031,LOC-005,196,11,1,1,150,LinkedIn,EMP-00444
REQ-00390,2023-05-22,2023-06-30,Filled,DPT-003,ROL-002,LOC-002,548,51,9,1,39,University recruit,EMP-00445
REQ-00391,2023-02-27,2023-03-30,Filled,DPT-009,ROL-020,LOC-006,526,33,6,1,31,Conference / event,EMP-00446
REQ-00392,2023-04-11,2023-06-08,Filled,DPT-003,ROL-001,LOC-001,664,59,6,1,58,LinkedIn,EMP-00447
REQ-00393,2024-01-27,2024-05-14,Filled,DPT-009,ROL-021,LOC-001,552,49,4,1,108,University recruit,EMP-00448
REQ-00394,2024-04-21,2024-06-12,Filled,DPT-020,ROL-017,LOC-001,652,60,9,1,52,LinkedIn,EMP-00449
REQ-00395,2024-01-27,2024-05-20,Filled,DPT-001,ROL-029,LOC-003,614,36,5,1,114,Direct apply,EMP-00450
REQ-00396,2023-02-13,2023-04-29,Filled,DPT-020,ROL-017,LOC-004,164,8,1,1,75,Employee referral,EMP-00451
REQ-00397,2024-09-19,2024-12-28,Filled,DPT-006,ROL-003,LOC-005,157,11,1,1,100,LinkedIn,EMP-00452
REQ-00398,2023-12-23,2024-03-29,Filled,DPT-004,ROL-003,LOC-007,100,8,1,1,97,LinkedIn,EMP-00453
REQ-00399,2024-05-25,2024-07-14,Filled,DPT-021,ROL-022,LOC-001,207,17,2,1,50,Agency,EMP-00454
REQ-00400,2022-09-29,2023-03-04,Filled,DPT-024,ROL-031,LOC-001,244,21,1,1,156,Conference / event,EMP-00455
REQ-00401,2022-07-31,2022-12-23,Filled,DPT-021,ROL-025,LOC-002,112,5,1,1,145,LinkedIn,EMP-00456
REQ-00402,2024-02-27,2024-04-07,Filled,DPT-003,ROL-001,LOC-001,478,34,3,1,40,LinkedIn,EMP-00457
REQ-00403,2022-03-18,2022-05-24,Filled,DPT-005,ROL-002,LOC-001,114,10,1,1,67,Employee referral,EMP-00458
REQ-00404,2024-09-17,2024-10-15,Filled,DPT-004,ROL-001,LOC-004,258,22,3,1,28,Indeed,EMP-00459
REQ-00405,2024-03-01,2024-06-12,Filled,DPT-001,ROL-003,LOC-001,631,33,6,1,103,Indeed,EMP-00460
REQ-00406,2021-10-17,2022-03-30,Filled,DPT-021,ROL-030,LOC-001,279,15,1,1,164,Direct apply,EMP-00461
REQ-00407,2023-02-15,2023-04-12,Filled,DPT-004,ROL-003,LOC-005,164,13,1,1,56,Employee referral,EMP-00463
REQ-00408,2023-05-17,2023-07-06,Filled,DPT-004,ROL-003,LOC-004,69,4,1,1,50,University recruit,EMP-00464
REQ-00409,2024-03-25,2024-06-09,Filled,DPT-010,ROL-008,LOC-003,515,35,4,1,76,Employee referral,EMP-00465
REQ-00410,2024-08-22,2024-10-08,Filled,DPT-013,ROL-011,LOC-001,624,51,7,1,47,Employee referral,EMP-00467
REQ-00411,2023-11-27,2024-01-25,Filled,DPT-018,ROL-015,LOC-003,602,27,4,1,59,Agency,EMP-00468
REQ-00412,2022-10-24,2023-03-26,Filled,DPT-010,ROL-009,LOC-006,349,32,6,1,153,University recruit,EMP-00469
REQ-00413,2023-08-16,2023-09-13,Filled,DPT-004,ROL-001,LOC-001,171,15,3,1,28,University recruit,EMP-00470
REQ-00414,2022-10-17,2023-01-31,Filled,DPT-002,ROL-003,LOC-002,249,11,2,1,106,LinkedIn,EMP-00471
REQ-00415,2023-05-04,2023-06-06,Filled,DPT-001,ROL-002,LOC-002,561,43,9,1,33,Employee referral,EMP-00472
REQ-00416,2022-02-27,2022-06-12,Filled,DPT-024,ROL-023,LOC-004,648,42,3,1,105,LinkedIn,EMP-00473
REQ-00417,2022-12-08,2023-01-10,Filled,DPT-016,ROL-016,LOC-001,609,37,8,1,33,University recruit,EMP-00474
REQ-00418,2023-01-24,2023-06-14,Filled,DPT-017,ROL-026,LOC-001,503,31,6,1,141,Indeed,EMP-00475
REQ-00419,2023-12-16,2024-02-03,Filled,DPT-004,ROL-003,LOC-001,688,41,7,1,49,Employee referral,EMP-00476
REQ-00420,2025-12-30,2026-05-22,Filled,DPT-006,ROL-030,LOC-005,473,24,2,1,143,LinkedIn,EMP-00477
REQ-00421,2024-07-18,2024-08-16,Filled,DPT-020,ROL-015,LOC-007,563,42,6,1,29,LinkedIn,EMP-00478
REQ-00422,2024-06-11,2024-09-12,Filled,DPT-018,ROL-017,LOC-001,489,42,6,1,93,University recruit,EMP-00479
REQ-00423,2022-10-08,2023-02-21,Filled,DPT-012,ROL-025,LOC-001,597,24,2,1,136,LinkedIn,EMP-00480
REQ-00424,2023-10-07,2023-12-07,Filled,DPT-001,ROL-002,LOC-001,429,42,4,1,61,Conference / event,EMP-00481
REQ-00425,2023-07-01,2023-09-04,Filled,DPT-006,ROL-002,LOC-001,700,37,6,1,65,LinkedIn,EMP-00482
REQ-00426,2025-04-30,2025-08-08,Filled,DPT-017,ROL-017,LOC-001,176,8,1,1,100,Direct apply,EMP-00483
REQ-00427,2024-05-09,2024-08-03,Filled,DPT-017,ROL-017,LOC-001,656,61,9,1,86,LinkedIn,EMP-00484
REQ-00428,2024-05-24,2024-08-01,Filled,DPT-012,ROL-011,LOC-001,556,28,3,1,69,Employee referral,EMP-00485
REQ-00429,2023-03-14,2023-06-25,Filled,DPT-021,ROL-023,LOC-001,394,23,2,1,103,University recruit,EMP-00486
REQ-00430,2025-03-23,2025-04-29,Filled,DPT-004,ROL-001,LOC-001,197,13,2,1,37,LinkedIn,EMP-00487
REQ-00431,2022-02-16,2022-05-12,Filled,DPT-002,ROL-005,LOC-003,652,29,3,1,85,Direct apply,EMP-00488
REQ-00432,2022-12-28,2023-02-15,Filled,DPT-009,ROL-020,LOC-006,235,13,2,1,49,LinkedIn,EMP-00489
REQ-00433,2024-01-20,2024-04-01,Filled,DPT-013,ROL-013,LOC-002,367,21,3,1,72,Employee referral,EMP-00490
REQ-00434,2024-09-07,2024-12-06,Filled,DPT-002,ROL-025,LOC-001,153,6,1,1,90,University recruit,EMP-00491
REQ-00435,2024-01-21,2024-04-25,Filled,DPT-011,ROL-013,LOC-001,275,16,2,1,95,Employee referral,EMP-00492
REQ-00436,2023-04-07,2023-06-28,Filled,DPT-023,ROL-028,LOC-001,152,12,1,1,82,LinkedIn,EMP-00493
REQ-00437,2022-11-10,2023-02-22,Filled,DPT-004,ROL-029,LOC-002,652,35,3,1,104,University recruit,EMP-00494
REQ-00438,2023-11-15,2024-03-16,Filled,DPT-002,ROL-004,LOC-004,270,26,2,1,122,Conference / event,EMP-00495
REQ-00439,2023-12-19,2024-01-26,Filled,DPT-018,ROL-015,LOC-004,241,12,2,1,38,LinkedIn,EMP-00496
REQ-00440,2024-06-10,2024-09-25,Filled,DPT-009,ROL-009,LOC-001,561,42,3,1,107,LinkedIn,EMP-00497
REQ-00441,2025-01-01,2025-03-12,Filled,DPT-023,ROL-022,LOC-001,368,33,3,1,70,Employee referral,EMP-00498
REQ-00442,2023-03-12,2023-04-20,Filled,DPT-010,ROL-007,LOC-004,675,67,8,1,39,Employee referral,EMP-00499
REQ-00443,2024-06-26,2024-08-25,Filled,DPT-009,ROL-008,LOC-004,369,35,5,1,60,LinkedIn,EMP-00500
REQ-00444,2024-05-11,2024-07-05,Filled,DPT-021,ROL-022,LOC-001,306,29,4,1,55,LinkedIn,EMP-00501
REQ-00445,2024-07-30,2024-08-27,Filled,DPT-018,ROL-016,LOC-002,351,33,3,1,28,Employee referral,EMP-00503
REQ-00446,2024-07-30,2024-12-06,Filled,DPT-007,ROL-004,LOC-001,317,19,2,1,129,Indeed,EMP-00504
REQ-00447,2026-02-01,2026-04-16,Filled,DPT-003,ROL-004,LOC-001,650,35,4,1,74,Indeed,EMP-00505
REQ-00448,2023-10-09,2023-12-02,Filled,DPT-004,ROL-002,LOC-001,379,17,2,1,54,Agency,EMP-00507
REQ-00449,2025-01-27,2025-02-23,Filled,DPT-009,ROL-007,LOC-001,398,25,2,1,27,Employee referral,EMP-00508
REQ-00450,2024-02-10,2024-04-18,Filled,DPT-005,ROL-001,LOC-001,61,6,1,1,68,Employee referral,EMP-00509
REQ-00451,2024-04-05,2024-05-05,Filled,DPT-007,ROL-002,LOC-003,64,4,1,1,30,Agency,EMP-00510
REQ-00452,2025-04-08,2025-05-15,Filled,DPT-018,ROL-016,LOC-001,296,17,1,1,37,Employee referral,EMP-00511
REQ-00453,2023-12-29,2024-03-25,Filled,DPT-006,ROL-004,LOC-004,151,8,1,1,87,University recruit,EMP-00513
REQ-00454,2024-05-14,2024-07-13,Filled,DPT-013,ROL-010,LOC-004,395,37,5,1,60,Indeed,EMP-00514
REQ-00455,2022-05-26,2022-09-10,Filled,DPT-022,ROL-023,LOC-007,188,10,1,1,107,Indeed,EMP-00516
REQ-00456,2025-02-03,2025-07-10,Filled,DPT-006,ROL-004,LOC-006,153,10,1,1,157,Employee referral,EMP-00517
REQ-00457,2025-08-21,2025-10-14,Filled,DPT-001,ROL-002,LOC-006,104,5,1,1,54,LinkedIn,EMP-00519
REQ-00458,2024-08-18,2024-10-22,Filled,DPT-001,ROL-002,LOC-005,372,36,4,1,65,LinkedIn,EMP-00520
REQ-00459,2025-04-30,2025-08-15,Filled,DPT-006,ROL-003,LOC-001,664,51,9,1,107,LinkedIn,EMP-00521
REQ-00460,2025-02-23,2025-04-26,Filled,DPT-018,ROL-017,LOC-002,446,19,1,1,62,Agency,EMP-00522
REQ-00461,2023-03-26,2023-06-23,Filled,DPT-005,ROL-005,LOC-001,565,46,4,1,89,Agency,EMP-00524
REQ-00462,2025-01-14,2025-03-03,Filled,DPT-023,ROL-022,LOC-007,103,7,1,1,48,Direct apply,EMP-00525
REQ-00463,2023-07-20,2023-09-29,Filled,DPT-022,ROL-031,LOC-001,457,34,6,1,71,Employee referral,EMP-00526
REQ-00464,2024-04-16,2024-05-29,Filled,DPT-002,ROL-002,LOC-002,213,15,1,1,43,LinkedIn,EMP-00527
REQ-00465,2023-12-27,2024-03-23,Filled,DPT-026,ROL-029,LOC-001,637,60,7,1,87,LinkedIn,EMP-00528
REQ-00466,2022-06-13,2022-08-26,Filled,DPT-010,ROL-009,LOC-006,674,43,4,1,74,Employee referral,EMP-00529
REQ-00467,2024-10-27,2025-04-01,Filled,DPT-011,ROL-030,LOC-001,371,28,4,1,156,Employee referral,EMP-00530
REQ-00468,2024-01-15,2024-04-20,Filled,DPT-007,ROL-025,LOC-006,436,20,2,1,96,LinkedIn,EMP-00532
REQ-00469,2023-09-01,2023-10-26,Filled,DPT-020,ROL-015,LOC-004,677,60,10,1,55,Employee referral,EMP-00533
REQ-00470,2022-11-04,2022-12-31,Filled,DPT-009,ROL-008,LOC-006,691,37,6,1,57,Direct apply,EMP-00534
REQ-00471,2022-06-30,2022-11-17,Filled,DPT-001,ROL-025,LOC-001,412,31,2,1,140,LinkedIn,EMP-00535
REQ-00472,2024-09-17,2025-01-21,Filled,DPT-012,ROL-014,LOC-006,470,30,4,1,126,Indeed,EMP-00536
REQ-00473,2024-01-07,2024-03-14,Filled,DPT-017,ROL-015,LOC-004,477,25,4,1,67,LinkedIn,EMP-00537
REQ-00474,2024-06-22,2024-08-30,Filled,DPT-002,ROL-001,LOC-003,325,14,2,1,69,Employee referral,EMP-00538
REQ-00475,2023-02-04,2023-07-05,Filled,DPT-007,ROL-032,LOC-005,276,19,3,1,151,LinkedIn,EMP-00539
REQ-00476,2023-08-20,2023-11-11,Filled,DPT-012,ROL-013,LOC-002,474,21,3,1,83,LinkedIn,EMP-00540
REQ-00477,2021-09-01,2022-02-24,Filled,DPT-014,ROL-012,LOC-001,277,27,4,1,176,Employee referral,EMP-00541
REQ-00478,2024-04-28,2024-06-08,Filled,DPT-020,ROL-015,LOC-005,183,8,1,1,41,Employee referral,EMP-00542
REQ-00479,2023-01-14,2023-04-20,Filled,DPT-002,ROL-003,LOC-001,255,19,3,1,96,LinkedIn,EMP-00543
REQ-00480,2026-03-02,2026-05-13,Filled,DPT-001,ROL-025,LOC-001,532,43,7,1,72,Agency,EMP-00544
REQ-00481,2025-09-15,2026-01-22,Filled,DPT-023,ROL-026,LOC-001,138,11,2,1,129,LinkedIn,EMP-00545
REQ-00482,2021-11-17,2022-03-08,Filled,DPT-021,ROL-024,LOC-001,295,22,2,1,111,University recruit,EMP-00546
REQ-00483,2024-11-10,2025-01-26,Filled,DPT-004,ROL-003,LOC-001,136,12,1,1,77,Direct apply,EMP-00547
REQ-00484,2025-03-16,2025-06-17,Filled,DPT-009,ROL-008,LOC-004,118,5,1,1,93,LinkedIn,EMP-00548
REQ-00485,2026-02-02,2026-04-07,Filled,DPT-018,ROL-016,LOC-001,249,15,1,1,64,Employee referral,EMP-00549
REQ-00486,2025-03-18,2025-08-02,Filled,DPT-012,ROL-012,LOC-001,167,12,2,1,137,LinkedIn,EMP-00550
REQ-00487,2024-03-27,2024-07-03,Filled,DPT-020,ROL-017,LOC-002,201,16,2,1,98,LinkedIn,EMP-00551
REQ-00488,2025-03-06,2025-06-16,Filled,DPT-009,ROL-021,LOC-005,77,6,1,1,102,Agency,EMP-00552
REQ-00489,2023-02-06,2023-03-03,Filled,DPT-002,ROL-002,LOC-004,511,41,4,1,25,Indeed,EMP-00553
REQ-00490,2025-09-14,2025-12-11,Filled,DPT-014,ROL-012,LOC-002,442,21,3,1,88,LinkedIn,EMP-00556
REQ-00491,2022-06-15,2022-11-02,Filled,DPT-016,ROL-031,LOC-001,93,4,1,1,140,Employee referral,EMP-00557
REQ-00492,2024-10-26,2024-11-28,Filled,DPT-017,ROL-016,LOC-006,569,43,4,1,33,LinkedIn,EMP-00558
REQ-00493,2023-08-25,2024-01-22,Filled,DPT-013,ROL-025,LOC-001,339,17,3,1,150,Employee referral,EMP-00559
REQ-00494,2023-05-10,2023-07-21,Filled,DPT-001,ROL-004,LOC-002,147,6,1,1,72,LinkedIn,EMP-00560
REQ-00495,2025-04-14,2025-06-05,Filled,DPT-001,ROL-001,LOC-007,62,4,1,1,52,Direct apply,EMP-00561
REQ-00496,2024-03-16,2024-05-19,Filled,DPT-007,ROL-003,LOC-004,366,33,2,1,64,Employee referral,EMP-00562
REQ-00497,2024-03-04,2024-06-12,Filled,DPT-009,ROL-021,LOC-006,636,62,10,1,100,Employee referral,EMP-00564
REQ-00498,2023-02-11,2023-05-27,Filled,DPT-001,ROL-025,LOC-001,225,15,1,1,105,Direct apply,EMP-00565
REQ-00499,2024-02-10,2024-03-07,Filled,DPT-006,ROL-002,LOC-001,101,7,1,1,26,Employee referral,EMP-00566
REQ-00500,2024-06-14,2024-09-30,Filled,DPT-021,ROL-023,LOC-001,406,24,4,1,108,LinkedIn,EMP-00567
REQ-00501,2024-01-16,2024-03-08,Filled,DPT-016,ROL-016,LOC-004,683,48,8,1,52,LinkedIn,EMP-00568
REQ-00502,2025-02-18,2025-04-04,Filled,DPT-006,ROL-002,LOC-001,429,38,3,1,45,LinkedIn,EMP-00569
REQ-00503,2024-07-05,2024-10-19,Filled,DPT-002,ROL-003,LOC-006,645,61,11,1,106,LinkedIn,EMP-00570
REQ-00504,2025-08-15,2025-09-11,Filled,DPT-019,ROL-016,LOC-001,565,34,5,1,27,LinkedIn,EMP-00571
REQ-00505,2022-09-21,2023-01-03,Filled,DPT-009,ROL-008,LOC-004,132,10,1,1,104,LinkedIn,EMP-00572
REQ-00506,2025-12-31,2026-04-22,Filled,DPT-026,ROL-034,LOC-001,246,14,1,1,112,Employee referral,EMP-00573
REQ-00507,2023-03-31,2023-04-25,Filled,DPT-011,ROL-010,LOC-005,445,42,4,1,25,Employee referral,EMP-00574
REQ-00508,2025-10-15,2026-04-07,Filled,DPT-001,ROL-004,LOC-002,299,20,4,1,174,Direct apply,EMP-00575
REQ-00509,2023-10-29,2024-03-27,Filled,DPT-002,ROL-004,LOC-002,381,31,6,1,150,Direct apply,EMP-00576
REQ-00510,2024-11-28,2025-03-02,Filled,DPT-021,ROL-024,LOC-004,576,36,3,1,94,LinkedIn,EMP-00577
REQ-00511,2024-08-09,2025-02-05,Filled,DPT-018,ROL-026,LOC-001,236,18,2,1,180,LinkedIn,EMP-00578
REQ-00512,2021-08-04,2022-03-10,Filled,DPT-001,ROL-033,LOC-001,412,32,6,1,218,Employee referral,EMP-00580
REQ-00513,2025-06-23,2025-11-24,Filled,DPT-016,ROL-031,LOC-002,145,13,1,1,154,LinkedIn,EMP-00581
REQ-00514,2024-04-13,2024-06-25,Filled,DPT-011,ROL-013,LOC-002,427,22,2,1,73,Agency,EMP-00582
REQ-00515,2024-12-17,2025-03-05,Filled,DPT-018,ROL-029,LOC-002,683,38,8,1,78,University recruit,EMP-00584
REQ-00516,2024-11-23,2025-01-19,Filled,DPT-010,ROL-021,LOC-005,496,37,6,1,57,Direct apply,EMP-00585
REQ-00517,2024-10-12,2024-12-29,Filled,DPT-009,ROL-021,LOC-001,329,25,4,1,78,Direct apply,EMP-00586
REQ-00518,2025-09-02,2025-10-19,Filled,DPT-004,ROL-003,LOC-001,509,43,9,1,47,Agency,EMP-00587
REQ-00519,2023-03-10,2023-04-28,Filled,DPT-011,ROL-010,LOC-002,238,18,3,1,49,LinkedIn,EMP-00589
REQ-00520,2024-05-19,2024-07-21,Filled,DPT-019,ROL-016,LOC-003,580,54,5,1,63,LinkedIn,EMP-00590
REQ-00521,2023-01-20,2023-03-12,Filled,DPT-011,ROL-010,LOC-001,656,48,4,1,51,Direct apply,EMP-00592
REQ-00522,2024-05-15,2024-07-07,Filled,DPT-014,ROL-011,LOC-001,160,8,1,1,53,University recruit,EMP-00593
REQ-00523,2023-02-18,2023-06-24,Filled,DPT-005,ROL-004,LOC-001,271,25,4,1,126,Conference / event,EMP-00594
REQ-00524,2023-03-24,2023-04-26,Filled,DPT-026,ROL-022,LOC-003,149,6,1,1,33,University recruit,EMP-00595
REQ-00525,2024-10-28,2025-02-07,Filled,DPT-001,ROL-003,LOC-003,588,41,8,1,102,LinkedIn,EMP-00596
REQ-00526,2024-06-26,2024-08-19,Filled,DPT-001,ROL-002,LOC-001,110,7,1,1,54,Conference / event,EMP-00597
REQ-00527,2023-04-15,2023-10-07,Filled,DPT-026,ROL-024,LOC-004,274,23,4,1,175,Agency,EMP-00598
REQ-00528,2024-05-22,2024-09-19,Filled,DPT-021,ROL-025,LOC-002,81,4,1,1,120,LinkedIn,EMP-00599
REQ-00529,2024-06-15,2024-08-24,Filled,DPT-023,ROL-022,LOC-002,563,46,7,1,70,LinkedIn,EMP-00600
REQ-00530,2024-04-18,2024-07-26,Filled,DPT-006,ROL-003,LOC-004,55,4,1,1,99,Direct apply,EMP-00601
REQ-00531,2024-07-17,2024-08-31,Filled,DPT-022,ROL-022,LOC-002,675,47,7,1,45,Direct apply,EMP-00602
REQ-00532,2024-09-23,2024-10-26,Filled,DPT-005,ROL-002,LOC-004,226,14,2,1,33,Conference / event,EMP-00603
REQ-00533,2023-12-25,2024-07-02,Filled,DPT-020,ROL-032,LOC-007,428,25,2,1,190,Agency,EMP-00604
REQ-00534,2024-03-31,2024-07-08,Filled,DPT-011,ROL-013,LOC-002,161,10,1,1,99,Employee referral,EMP-00605
REQ-00535,2023-04-22,2023-07-01,Filled,DPT-002,ROL-029,LOC-001,521,29,2,1,70,Indeed,EMP-00606
REQ-00536,2022-04-14,2022-05-09,Filled,DPT-003,ROL-001,LOC-004,200,17,2,1,25,LinkedIn,EMP-00607
REQ-00537,2023-01-30,2023-05-12,Filled,DPT-020,ROL-030,LOC-001,174,11,2,1,102,University recruit,EMP-00608
REQ-00538,2024-08-10,2024-09-04,Filled,DPT-002,ROL-002,LOC-001,333,25,4,1,25,Agency,EMP-00609
REQ-00539,2024-10-07,2024-11-20,Filled,DPT-020,ROL-019,LOC-001,403,21,4,1,44,Agency,EMP-00610
REQ-00540,2023-08-02,2023-10-14,Filled,DPT-021,ROL-023,LOC-001,98,7,1,1,73,LinkedIn,EMP-00611
REQ-00541,2021-12-24,2022-04-24,Filled,DPT-016,ROL-028,LOC-005,168,15,2,1,121,Employee referral,EMP-00612
REQ-00542,2025-01-04,2025-05-04,Filled,DPT-012,ROL-012,LOC-001,487,42,7,1,120,LinkedIn,EMP-00613
REQ-00543,2023-06-24,2023-10-07,Filled,DPT-021,ROL-023,LOC-004,232,14,2,1,105,LinkedIn,EMP-00614
REQ-00544,2024-02-07,2024-04-29,Filled,DPT-023,ROL-023,LOC-001,458,28,4,1,82,LinkedIn,EMP-00615
REQ-00545,2021-08-07,2022-01-15,Filled,DPT-025,ROL-031,LOC-002,366,30,2,1,161,LinkedIn,EMP-00616
REQ-00546,2024-08-23,2024-10-24,Filled,DPT-009,ROL-007,LOC-001,426,27,3,1,62,Employee referral,EMP-00617
REQ-00547,2023-09-08,2024-01-31,Filled,DPT-019,ROL-027,LOC-004,189,15,1,1,145,LinkedIn,EMP-00618
REQ-00548,2025-07-04,2025-09-11,Filled,DPT-017,ROL-017,LOC-007,610,41,3,1,69,Employee referral,EMP-00619
REQ-00549,2024-03-22,2024-05-29,Filled,DPT-020,ROL-019,LOC-001,482,32,4,1,68,Direct apply,EMP-00621
REQ-00550,2025-11-10,2025-12-25,Filled,DPT-016,ROL-015,LOC-001,545,29,4,1,45,University recruit,EMP-00622
REQ-00551,2024-01-22,2024-05-05,Filled,DPT-009,ROL-021,LOC-001,319,13,1,1,104,Agency,EMP-00623
REQ-00552,2024-10-22,2024-11-23,Filled,DPT-025,ROL-022,LOC-004,411,39,7,1,32,Agency,EMP-00624
REQ-00553,2022-12-25,2023-02-12,Filled,DPT-016,ROL-016,LOC-006,679,58,6,1,49,Agency,EMP-00627
REQ-00554,2024-11-08,2024-12-25,Filled,DPT-023,ROL-023,LOC-004,594,39,7,1,47,LinkedIn,EMP-00628
REQ-00555,2021-11-30,2022-05-15,Filled,DPT-001,ROL-025,LOC-002,314,23,3,1,166,University recruit,EMP-00629
REQ-00556,2025-09-26,2025-10-30,Filled,DPT-006,ROL-002,LOC-003,513,30,3,1,34,Employee referral,EMP-00630
REQ-00557,2024-01-29,2024-04-23,Filled,DPT-009,ROL-008,LOC-002,196,11,1,1,85,LinkedIn,EMP-00631
REQ-00558,2024-01-18,2024-03-08,Filled,DPT-003,ROL-003,LOC-001,101,9,1,1,50,University recruit,EMP-00632
REQ-00559,2023-05-19,2023-09-06,Filled,DPT-023,ROL-023,LOC-001,606,45,7,1,110,Employee referral,EMP-00633
REQ-00560,2024-10-14,2024-12-16,Filled,DPT-001,ROL-003,LOC-001,205,8,1,1,63,Employee referral,EMP-00634
REQ-00561,2023-01-30,2023-02-28,Filled,DPT-025,ROL-022,LOC-004,641,45,9,1,29,LinkedIn,EMP-00636
REQ-00562,2025-02-22,2025-07-24,Filled,DPT-016,ROL-025,LOC-001,693,53,6,1,152,Conference / event,EMP-00637
REQ-00563,2024-06-20,2024-08-12,Filled,DPT-023,ROL-023,LOC-001,695,51,8,1,53,LinkedIn,EMP-00638
REQ-00564,2024-04-20,2024-05-27,Filled,DPT-006,ROL-001,LOC-007,581,38,4,1,37,LinkedIn,EMP-00639
REQ-00565,2024-01-24,2024-06-11,Filled,DPT-009,ROL-009,LOC-002,681,51,7,1,139,LinkedIn,EMP-00640
REQ-00566,2023-04-26,2023-06-26,Filled,DPT-019,ROL-017,LOC-004,397,30,4,1,61,Direct apply,EMP-00641
REQ-00567,2024-05-08,2024-06-11,Filled,DPT-009,ROL-020,LOC-004,453,20,1,1,34,LinkedIn,EMP-00642
REQ-00568,2022-10-28,2023-04-01,Filled,DPT-017,ROL-029,LOC-002,690,32,3,1,155,Direct apply,EMP-00643
REQ-00569,2022-05-07,2022-10-13,Filled,DPT-002,ROL-028,LOC-001,629,39,7,1,159,University recruit,EMP-00644
REQ-00570,2022-05-15,2022-07-28,Filled,DPT-013,ROL-014,LOC-004,118,7,1,1,74,Employee referral,EMP-00646
REQ-00571,2024-04-15,2024-05-15,Filled,DPT-007,ROL-002,LOC-001,256,11,1,1,30,Direct apply,EMP-00648
REQ-00572,2022-12-08,2023-02-04,Filled,DPT-019,ROL-016,LOC-007,105,6,1,1,58,LinkedIn,EMP-00649
REQ-00573,2022-08-03,2022-10-12,Filled,DPT-021,ROL-022,LOC-007,630,59,12,1,70,Direct apply,EMP-00650
REQ-00574,2021-08-04,2022-01-19,Filled,DPT-010,ROL-009,LOC-002,425,18,2,1,168,Agency,EMP-00651
REQ-00575,2024-05-22,2024-09-06,Filled,DPT-021,ROL-023,LOC-001,265,19,1,1,107,Indeed,EMP-00652
REQ-00576,2023-04-25,2023-10-12,Filled,DPT-021,ROL-025,LOC-005,348,21,2,1,170,LinkedIn,EMP-00653
REQ-00577,2024-01-24,2024-03-14,Filled,DPT-021,ROL-022,LOC-001,453,40,5,1,50,Direct apply,EMP-00654
REQ-00578,2023-12-06,2024-05-17,Filled,DPT-002,ROL-028,LOC-004,422,38,4,1,163,Employee referral,EMP-00655
REQ-00579,2024-09-06,2024-11-11,Filled,DPT-016,ROL-015,LOC-001,437,40,4,1,66,Employee referral,EMP-00657
REQ-00580,2023-03-02,2023-04-21,Filled,DPT-021,ROL-023,LOC-001,245,13,2,1,50,Employee referral,EMP-00658
REQ-00581,2024-04-13,2024-07-10,Filled,DPT-002,ROL-003,LOC-004,652,32,6,1,88,Indeed,EMP-00659
REQ-00582,2025-11-21,2026-01-09,Filled,DPT-002,ROL-003,LOC-004,390,23,2,1,49,Direct apply,EMP-00660
REQ-00583,2024-09-24,2024-11-20,Filled,DPT-012,ROL-011,LOC-004,306,29,2,1,57,LinkedIn,EMP-00661
REQ-00584,2023-10-22,2024-02-27,Filled,DPT-020,ROL-031,LOC-001,642,35,3,1,128,Employee referral,EMP-00662
REQ-00585,2024-02-04,2024-04-06,Filled,DPT-023,ROL-022,LOC-005,579,39,4,1,62,Agency,EMP-00663
REQ-00586,2024-02-14,2024-04-10,Filled,DPT-025,ROL-022,LOC-001,179,7,1,1,56,Direct apply,EMP-00664
REQ-00587,2025-01-04,2025-02-16,Filled,DPT-002,ROL-001,LOC-001,451,37,4,1,43,Employee referral,EMP-00665
REQ-00588,2023-08-11,2023-09-21,Filled,DPT-012,ROL-010,LOC-001,235,22,2,1,41,LinkedIn,EMP-00666
REQ-00589,2023-04-10,2023-07-21,Filled,DPT-014,ROL-013,LOC-004,613,30,4,1,102,Indeed,EMP-00667
REQ-00590,2024-10-12,2025-01-20,Filled,DPT-002,ROL-004,LOC-005,504,23,3,1,100,LinkedIn,EMP-00668
REQ-00591,2024-07-02,2024-08-06,Filled,DPT-020,ROL-016,LOC-003,588,38,4,1,35,LinkedIn,EMP-00669
REQ-00592,2023-08-29,2023-09-30,Filled,DPT-004,ROL-001,LOC-001,433,21,4,1,32,University recruit,EMP-00670
REQ-00593,2023-11-22,2024-01-25,Filled,DPT-007,ROL-002,LOC-007,697,49,5,1,64,LinkedIn,EMP-00671
REQ-00594,2023-08-29,2023-12-04,Filled,DPT-016,ROL-025,LOC-007,442,40,8,1,97,LinkedIn,EMP-00672
REQ-00595,2022-07-10,2022-12-07,Filled,DPT-026,ROL-026,LOC-004,248,19,4,1,150,Employee referral,EMP-00673
REQ-00596,2025-03-25,2025-05-16,Filled,DPT-010,ROL-008,LOC-001,135,8,1,1,52,LinkedIn,EMP-00674
REQ-00597,2025-02-07,2025-05-09,Filled,DPT-012,ROL-013,LOC-004,677,44,3,1,91,University recruit,EMP-00676
REQ-00598,2025-06-06,2025-09-18,Filled,DPT-005,ROL-003,LOC-004,104,9,1,1,104,Employee referral,EMP-00677
REQ-00599,2023-12-07,2024-01-26,Filled,DPT-003,ROL-002,LOC-006,434,30,4,1,50,LinkedIn,EMP-00678
REQ-00600,2025-11-13,2026-02-05,Filled,DPT-012,ROL-014,LOC-001,690,44,3,1,84,Agency,EMP-00679
REQ-00601,2022-07-14,2022-10-17,Filled,DPT-015,ROL-012,LOC-001,56,4,1,1,95,University recruit,EMP-00680
REQ-00602,2025-05-20,2025-07-12,Filled,DPT-020,ROL-019,LOC-001,362,24,2,1,53,Employee referral,EMP-00681
REQ-00603,2025-07-04,2025-09-17,Filled,DPT-022,ROL-025,LOC-006,230,19,3,1,75,Indeed,EMP-00682
REQ-00604,2024-01-19,2024-03-18,Filled,DPT-003,ROL-003,LOC-005,135,5,1,1,59,LinkedIn,EMP-00683
REQ-00605,2024-09-13,2024-10-11,Filled,DPT-002,ROL-002,LOC-001,220,21,1,1,28,LinkedIn,EMP-00684
REQ-00606,2022-11-02,2023-01-30,Filled,DPT-009,ROL-009,LOC-001,465,33,4,1,89,Direct apply,EMP-00685
REQ-00607,2024-05-06,2024-09-19,Filled,DPT-004,ROL-004,LOC-001,484,38,6,1,136,Employee referral,EMP-00686
REQ-00608,2021-08-17,2022-01-11,Filled,DPT-024,ROL-029,LOC-003,436,18,3,1,147,LinkedIn,EMP-00688
REQ-00609,2023-02-24,2023-05-04,Filled,DPT-023,ROL-023,LOC-002,597,39,7,1,69,LinkedIn,EMP-00690
REQ-00610,2023-01-12,2023-05-05,Filled,DPT-020,ROL-026,LOC-004,655,41,7,1,113,LinkedIn,EMP-00691
REQ-00611,2025-03-21,2025-05-25,Filled,DPT-010,ROL-008,LOC-001,112,10,1,1,65,Employee referral,EMP-00692
REQ-00612,2023-12-07,2024-02-15,Filled,DPT-002,ROL-002,LOC-006,324,31,5,1,70,LinkedIn,EMP-00693
REQ-00613,2024-03-19,2024-06-21,Filled,DPT-017,ROL-017,LOC-003,403,23,2,1,94,Employee referral,EMP-00694
REQ-00614,2024-11-04,2025-01-26,Filled,DPT-015,ROL-013,LOC-004,514,25,4,1,83,Employee referral,EMP-00695
REQ-00615,2024-11-01,2024-12-27,Filled,DPT-006,ROL-002,LOC-006,211,15,1,1,56,LinkedIn,EMP-00696
REQ-00616,2023-07-24,2023-10-21,Filled,DPT-025,ROL-023,LOC-001,435,26,2,1,89,LinkedIn,EMP-00697
REQ-00617,2022-11-14,2023-02-06,Filled,DPT-012,ROL-011,LOC-001,553,34,6,1,84,University recruit,EMP-00698
REQ-00618,2021-09-30,2022-01-18,Filled,DPT-019,ROL-029,LOC-004,290,13,2,1,110,LinkedIn,EMP-00699
REQ-00619,2023-08-10,2023-11-28,Filled,DPT-008,ROL-004,LOC-002,421,18,3,1,110,LinkedIn,EMP-00700
REQ-00620,2025-03-09,2025-04-25,Filled,DPT-007,ROL-001,LOC-001,423,31,5,1,47,Employee referral,EMP-00701
REQ-00621,2024-06-23,2024-07-20,Filled,DPT-019,ROL-016,LOC-005,529,33,4,1,27,Direct apply,EMP-00702
REQ-00622,2025-02-02,2025-04-30,Filled,DPT-011,ROL-014,LOC-001,590,37,5,1,87,Employee referral,EMP-00703
REQ-00623,2023-07-26,2024-01-04,Filled,DPT-003,ROL-004,LOC-006,333,15,2,1,162,LinkedIn,EMP-00704
REQ-00624,2024-05-19,2024-07-23,Filled,DPT-020,ROL-016,LOC-003,325,13,2,1,65,Employee referral,EMP-00705
REQ-00625,2022-09-15,2022-11-24,Filled,DPT-013,ROL-031,LOC-001,246,19,3,1,70,LinkedIn,EMP-00706
REQ-00626,2025-11-29,2026-03-14,Filled,DPT-001,ROL-004,LOC-005,527,43,7,1,105,LinkedIn,EMP-00707
REQ-00627,2025-07-19,2025-10-19,Filled,DPT-001,ROL-028,LOC-001,348,22,4,1,92,Agency,EMP-00708
REQ-00628,2023-11-23,2024-01-20,Filled,DPT-021,ROL-023,LOC-006,516,26,5,1,58,LinkedIn,EMP-00709
REQ-00629,2021-11-30,2022-02-19,Filled,DPT-015,ROL-031,LOC-004,349,20,2,1,81,Employee referral,EMP-00710
REQ-00630,2023-12-03,2024-01-07,Filled,DPT-007,ROL-002,LOC-001,335,15,3,1,35,Direct apply,EMP-00711
REQ-00631,2024-04-05,2024-05-08,Filled,DPT-020,ROL-019,LOC-001,205,18,3,1,33,University recruit,EMP-00712
REQ-00632,2022-12-29,2023-02-20,Filled,DPT-026,ROL-022,LOC-001,214,16,2,1,53,Employee referral,EMP-00713
REQ-00633,2025-12-25,2026-03-03,Filled,DPT-009,ROL-020,LOC-005,556,53,11,1,68,Agency,EMP-00716
REQ-00634,2025-10-02,2025-11-20,Filled,DPT-016,ROL-016,LOC-002,446,24,2,1,49,LinkedIn,EMP-00717
REQ-00635,2024-09-15,2024-10-25,Filled,DPT-002,ROL-002,LOC-001,537,39,3,1,40,University recruit,EMP-00718
REQ-00636,2022-06-12,2022-07-11,Filled,DPT-023,ROL-022,LOC-001,388,30,4,1,29,LinkedIn,EMP-00719
REQ-00637,2024-01-11,2024-04-24,Filled,DPT-001,ROL-005,LOC-006,129,5,1,1,104,Employee referral,EMP-00720
REQ-00638,2024-06-09,2024-10-27,Filled,DPT-001,ROL-031,LOC-001,641,31,5,1,140,LinkedIn,EMP-00721
REQ-00639,2023-07-08,2023-08-26,Filled,DPT-009,ROL-021,LOC-001,563,51,10,1,49,Agency,EMP-00722
REQ-00640,2023-05-25,2023-06-25,Filled,DPT-023,ROL-022,LOC-001,408,28,5,1,31,LinkedIn,EMP-00724
REQ-00641,2025-05-13,2025-09-07,Filled,DPT-024,ROL-030,LOC-004,140,7,1,1,117,Conference / event,EMP-00725
REQ-00642,2024-09-09,2025-01-22,Filled,DPT-020,ROL-025,LOC-002,139,10,1,1,135,LinkedIn,EMP-00726
REQ-00643,2023-01-20,2023-04-03,Filled,DPT-004,ROL-003,LOC-001,437,33,3,1,73,University recruit,EMP-00727
REQ-00644,2025-09-20,2025-10-20,Filled,DPT-002,ROL-002,LOC-005,121,10,2,1,30,Direct apply,EMP-00728
REQ-00645,2023-02-20,2023-06-04,Filled,DPT-018,ROL-017,LOC-006,161,7,1,1,104,LinkedIn,EMP-00729
REQ-00646,2025-09-01,2025-10-13,Filled,DPT-018,ROL-016,LOC-003,532,30,3,1,42,Employee referral,EMP-00730
REQ-00647,2024-02-08,2024-03-17,Filled,DPT-019,ROL-015,LOC-001,345,22,1,1,38,Agency,EMP-00732
REQ-00648,2022-12-20,2023-05-11,Filled,DPT-010,ROL-009,LOC-001,227,20,3,1,142,LinkedIn,EMP-00733
REQ-00649,2022-11-10,2023-02-15,Filled,DPT-022,ROL-029,LOC-001,625,38,7,1,97,Conference / event,EMP-00734
REQ-00650,2025-12-24,2026-02-16,Filled,DPT-010,ROL-020,LOC-004,352,30,3,1,54,LinkedIn,EMP-00735
REQ-00651,2022-12-04,2023-01-23,Filled,DPT-020,ROL-019,LOC-001,274,24,2,1,50,LinkedIn,EMP-00737
REQ-00652,2022-03-02,2022-08-15,Filled,DPT-021,ROL-024,LOC-004,553,40,8,1,166,Employee referral,EMP-00738
REQ-00653,2023-09-19,2024-01-27,Filled,DPT-006,ROL-006,LOC-003,377,15,2,1,130,Employee referral,EMP-00739
REQ-00654,2025-02-27,2025-04-22,Filled,DPT-004,ROL-002,LOC-005,408,24,4,1,54,Agency,EMP-00740
REQ-00655,2025-05-10,2025-08-23,Filled,DPT-007,ROL-003,LOC-003,637,56,6,1,105,Indeed,EMP-00741
REQ-00656,2024-03-03,2024-07-02,Filled,DPT-023,ROL-024,LOC-003,503,25,3,1,121,Direct apply,EMP-00742
REQ-00657,2025-10-13,2026-01-08,Filled,DPT-020,ROL-026,LOC-004,341,33,5,1,87,Employee referral,EMP-00743
REQ-00658,2024-06-16,2024-09-05,Filled,DPT-001,ROL-003,LOC-001,423,31,6,1,81,Employee referral,EMP-00744
REQ-00659,2023-10-19,2023-12-24,Filled,DPT-004,ROL-001,LOC-004,185,17,1,1,66,Employee referral,EMP-00745
REQ-00660,2025-04-06,2025-07-22,Filled,DPT-016,ROL-017,LOC-006,271,25,2,1,107,LinkedIn,EMP-00746
REQ-00661,2023-10-05,2024-02-22,Filled,DPT-024,ROL-028,LOC-001,306,29,4,1,140,LinkedIn,EMP-00747
REQ-00662,2025-10-04,2025-11-08,Filled,DPT-019,ROL-016,LOC-002,130,11,2,1,35,LinkedIn,EMP-00748
REQ-00663,2026-01-01,2026-03-27,Filled,DPT-005,ROL-004,LOC-002,611,50,7,1,85,Agency,EMP-00749
REQ-00664,2023-07-17,2023-09-19,Filled,DPT-016,ROL-015,LOC-001,73,4,1,1,64,Direct apply,EMP-00750
REQ-00665,2025-02-08,2025-07-16,Filled,DPT-005,ROL-004,LOC-001,247,13,1,1,158,Conference / event,EMP-00751
REQ-00666,2022-12-24,2023-03-10,Filled,DPT-023,ROL-023,LOC-001,600,37,7,1,76,LinkedIn,EMP-00752
REQ-00667,2023-01-16,2023-08-21,Filled,DPT-020,ROL-033,LOC-001,683,62,7,1,217,LinkedIn,EMP-00753
REQ-00668,2023-12-24,2024-03-27,Filled,DPT-010,ROL-008,LOC-003,332,28,3,1,94,LinkedIn,EMP-00754
REQ-00669,2024-03-22,2024-06-27,Filled,DPT-003,ROL-003,LOC-001,562,22,2,1,97,Employee referral,EMP-00755
REQ-00670,2023-01-30,2023-04-01,Filled,DPT-020,ROL-019,LOC-001,560,49,7,1,61,Employee referral,EMP-00756
REQ-00671,2024-04-20,2024-07-05,Filled,DPT-021,ROL-023,LOC-002,324,15,1,1,76,University recruit,EMP-00757
REQ-00672,2025-12-31,2026-03-28,Filled,DPT-009,ROL-029,LOC-001,148,12,1,1,87,LinkedIn,EMP-00758
REQ-00673,2023-02-13,2023-04-24,Filled,DPT-019,ROL-016,LOC-001,695,57,8,1,70,Agency,EMP-00759
REQ-00674,2024-11-08,2025-01-16,Filled,DPT-022,ROL-022,LOC-001,478,42,3,1,69,Indeed,EMP-00760
REQ-00675,2025-07-01,2025-08-12,Filled,DPT-016,ROL-015,LOC-004,674,45,7,1,42,Agency,EMP-00761
REQ-00676,2023-11-11,2024-05-02,Filled,DPT-001,ROL-028,LOC-007,537,30,6,1,173,Direct apply,EMP-00762
REQ-00677,2024-04-06,2024-07-13,Filled,DPT-014,ROL-011,LOC-001,614,31,3,1,98,LinkedIn,EMP-00764
REQ-00678,2024-01-18,2024-04-10,Filled,DPT-002,ROL-003,LOC-001,467,25,4,1,83,LinkedIn,EMP-00765
REQ-00679,2023-04-22,2023-07-11,Filled,DPT-012,ROL-011,LOC-001,539,31,6,1,80,Agency,EMP-00767
REQ-00680,2024-07-15,2024-08-15,Filled,DPT-023,ROL-022,LOC-003,226,16,1,1,31,LinkedIn,EMP-00768
REQ-00681,2025-01-01,2025-02-15,Filled,DPT-020,ROL-017,LOC-007,581,37,6,1,45,Employee referral,EMP-00769
REQ-00682,2023-04-03,2023-05-28,Filled,DPT-014,ROL-013,LOC-003,537,45,7,1,55,Agency,EMP-00770
REQ-00683,2025-11-16,2026-01-05,Filled,DPT-006,ROL-002,LOC-001,400,34,3,1,50,University recruit,EMP-00771
REQ-00684,2025-03-19,2025-05-05,Filled,DPT-023,ROL-023,LOC-001,425,31,3,1,47,Conference / event,EMP-00772
REQ-00685,2021-08-25,2022-01-04,Filled,DPT-001,ROL-027,LOC-005,449,27,3,1,132,Direct apply,EMP-00773
REQ-00686,2022-10-10,2022-11-26,Filled,DPT-001,ROL-003,LOC-003,469,44,9,1,47,Direct apply,EMP-00774
REQ-00687,2022-07-05,2022-11-20,Filled,DPT-005,ROL-006,LOC-004,218,12,2,1,138,University recruit,EMP-00775
REQ-00688,2023-03-17,2023-05-07,Filled,DPT-001,ROL-001,LOC-001,127,6,1,1,51,Employee referral,EMP-00776
REQ-00689,2023-06-07,2023-08-19,Filled,DPT-020,ROL-017,LOC-002,216,18,3,1,73,Direct apply,EMP-00777
REQ-00690,2025-07-07,2025-09-23,Filled,DPT-002,ROL-003,LOC-007,177,14,2,1,78,Employee referral,EMP-00778
REQ-00691,2022-12-06,2023-02-22,Filled,DPT-010,ROL-021,LOC-004,95,8,1,1,78,LinkedIn,EMP-00779
REQ-00692,2024-05-31,2024-07-13,Filled,DPT-004,ROL-002,LOC-001,662,51,7,1,43,Direct apply,EMP-00780
REQ-00693,2025-03-24,2025-05-05,Filled,DPT-024,ROL-022,LOC-004,425,31,5,1,42,LinkedIn,EMP-00781
REQ-00694,2024-05-03,2024-06-28,Filled,DPT-005,ROL-002,LOC-007,256,18,3,1,56,Agency,EMP-00782
REQ-00695,2023-06-20,2023-09-15,Filled,DPT-013,ROL-011,LOC-001,536,23,2,1,87,LinkedIn,EMP-00783
REQ-00696,2024-06-20,2024-07-22,Filled,DPT-008,ROL-002,LOC-002,257,18,3,1,32,LinkedIn,EMP-00785
REQ-00697,2023-05-26,2023-08-03,Filled,DPT-026,ROL-022,LOC-007,118,6,1,1,69,Employee referral,EMP-00786
REQ-00698,2023-04-23,2023-07-28,Filled,DPT-012,ROL-011,LOC-003,402,38,3,1,96,Employee referral,EMP-00787
REQ-00699,2022-09-04,2023-01-21,Filled,DPT-008,ROL-005,LOC-001,322,24,4,1,139,University recruit,EMP-00788
REQ-00700,2022-02-24,2022-08-03,Filled,DPT-020,ROL-028,LOC-001,153,12,1,1,160,Direct apply,EMP-00789
REQ-00701,2023-01-09,2023-02-24,Filled,DPT-020,ROL-018,LOC-007,517,44,6,1,46,LinkedIn,EMP-00790
REQ-00702,2025-09-24,2025-12-10,Filled,DPT-006,ROL-031,LOC-001,672,43,8,1,77,LinkedIn,EMP-00791
REQ-00703,2025-08-27,2026-01-05,Filled,DPT-003,ROL-005,LOC-005,150,12,2,1,131,Direct apply,EMP-00793
REQ-00704,2024-12-18,2025-02-09,Filled,DPT-001,ROL-001,LOC-001,534,46,8,1,53,Indeed,EMP-00794
REQ-00705,2024-10-22,2024-11-24,Filled,DPT-010,ROL-007,LOC-001,347,23,3,1,33,Employee referral,EMP-00795
REQ-00706,2024-03-05,2024-04-21,Filled,DPT-005,ROL-003,LOC-006,621,57,8,1,47,Employee referral,EMP-00796
REQ-00707,2025-07-20,2025-11-11,Filled,DPT-006,ROL-026,LOC-001,655,30,5,1,114,Employee referral,EMP-00797
REQ-00708,2022-12-11,2023-02-21,Filled,DPT-006,ROL-003,LOC-004,539,53,10,1,72,Direct apply,EMP-00798
REQ-00709,2024-03-06,2024-04-09,Filled,DPT-009,ROL-020,LOC-006,185,15,2,1,34,Agency,EMP-00799
REQ-00710,2024-02-21,2024-06-06,Filled,DPT-011,ROL-013,LOC-005,62,4,1,1,106,Conference / event,EMP-00800
REQ-00711,2025-06-24,2025-10-07,Filled,DPT-011,ROL-013,LOC-007,451,39,3,1,105,University recruit,EMP-00801
REQ-00712,2021-11-25,2022-05-21,Filled,DPT-023,ROL-025,LOC-004,449,44,9,1,177,Direct apply,EMP-00802
REQ-00713,2024-11-09,2025-02-06,Filled,DPT-018,ROL-017,LOC-001,677,47,6,1,89,LinkedIn,EMP-00803
REQ-00714,2023-07-11,2023-12-11,Filled,DPT-023,ROL-024,LOC-001,174,8,1,1,153,Indeed,EMP-00804
REQ-00715,2024-04-04,2024-07-15,Filled,DPT-020,ROL-017,LOC-001,357,29,4,1,102,LinkedIn,EMP-00805
REQ-00716,2023-09-04,2023-10-04,Filled,DPT-005,ROL-002,LOC-001,202,17,2,1,30,Agency,EMP-00806
REQ-00717,2024-05-05,2024-06-18,Filled,DPT-001,ROL-001,LOC-005,121,9,1,1,44,LinkedIn,EMP-00808
REQ-00718,2024-07-02,2024-08-25,Filled,DPT-020,ROL-016,LOC-001,291,27,4,1,54,LinkedIn,EMP-00809
REQ-00719,2022-05-28,2022-08-19,Filled,DPT-001,ROL-003,LOC-001,313,20,4,1,83,Employee referral,EMP-00810
REQ-00720,2023-07-31,2023-09-16,Filled,DPT-002,ROL-002,LOC-002,350,19,1,1,47,Employee referral,EMP-00811
REQ-00721,2023-06-26,2023-10-08,Filled,DPT-006,ROL-025,LOC-001,547,33,2,1,104,Employee referral,EMP-00812
REQ-00722,2025-06-26,2025-09-04,Filled,DPT-004,ROL-003,LOC-001,635,56,11,1,70,LinkedIn,EMP-00813
REQ-00723,2025-10-29,2025-12-05,Filled,DPT-002,ROL-002,LOC-007,295,26,3,1,37,LinkedIn,EMP-00814
REQ-00724,2023-03-15,2023-05-07,Filled,DPT-016,ROL-016,LOC-004,697,38,3,1,53,Employee referral,EMP-00815
REQ-00725,2023-03-03,2023-04-30,Filled,DPT-021,ROL-023,LOC-001,186,9,1,1,58,Agency,EMP-00816
REQ-00726,2024-07-04,2024-09-10,Filled,DPT-005,ROL-001,LOC-001,557,42,9,1,68,Indeed,EMP-00817
REQ-00727,2022-08-16,2022-12-28,Filled,DPT-006,ROL-032,LOC-001,545,28,4,1,134,LinkedIn,EMP-00818
REQ-00728,2023-01-01,2023-06-18,Filled,DPT-003,ROL-004,LOC-001,693,46,4,1,168,Agency,EMP-00819
REQ-00729,2023-08-29,2023-11-03,Filled,DPT-021,ROL-023,LOC-002,460,29,4,1,66,Employee referral,EMP-00820
REQ-00730,2022-10-08,2022-12-01,Filled,DPT-004,ROL-003,LOC-006,259,21,3,1,54,Agency,EMP-00821
REQ-00731,2024-05-22,2024-07-20,Filled,DPT-008,ROL-002,LOC-007,555,32,3,1,59,Direct apply,EMP-00822
REQ-00732,2022-08-28,2022-10-17,Filled,DPT-012,ROL-010,LOC-001,590,37,8,1,50,University recruit,EMP-00823
REQ-00733,2024-08-10,2024-11-17,Filled,DPT-021,ROL-023,LOC-001,113,7,1,1,99,LinkedIn,EMP-00824
REQ-00734,2022-04-26,2022-09-19,Filled,DPT-017,ROL-025,LOC-003,688,54,10,1,146,University recruit,EMP-00825
REQ-00735,2023-12-16,2024-02-26,Filled,DPT-021,ROL-023,LOC-004,309,18,2,1,72,Employee referral,EMP-00826
REQ-00736,2025-01-09,2025-03-27,Filled,DPT-002,ROL-004,LOC-004,241,20,3,1,77,Agency,EMP-00827
REQ-00737,2024-06-06,2024-08-26,Filled,DPT-001,ROL-003,LOC-005,659,52,5,1,81,Direct apply,EMP-00828
REQ-00738,2024-05-30,2024-09-05,Filled,DPT-009,ROL-009,LOC-007,517,26,2,1,98,Employee referral,EMP-00829
REQ-00739,2023-03-11,2023-08-07,Filled,DPT-021,ROL-024,LOC-001,99,4,1,1,149,Conference / event,EMP-00830
REQ-00740,2024-01-23,2024-05-02,Filled,DPT-007,ROL-003,LOC-001,688,64,13,1,100,Agency,EMP-00832
REQ-00741,2022-03-19,2022-07-20,Filled,DPT-002,ROL-029,LOC-001,391,32,5,1,123,Agency,EMP-00833
REQ-00742,2025-01-16,2025-04-10,Filled,DPT-019,ROL-025,LOC-001,204,10,2,1,84,LinkedIn,EMP-00835
REQ-00743,2023-10-28,2024-01-23,Filled,DPT-009,ROL-021,LOC-002,522,51,7,1,87,Employee referral,EMP-00836
REQ-00744,2023-12-04,2024-03-01,Filled,DPT-004,ROL-004,LOC-001,695,29,5,1,88,Direct apply,EMP-00837
REQ-00745,2023-10-21,2024-03-04,Filled,DPT-003,ROL-030,LOC-002,151,7,1,1,135,Agency,EMP-00838
REQ-00746,2025-03-26,2025-05-31,Filled,DPT-021,ROL-022,LOC-001,600,31,2,1,66,Agency,EMP-00839
REQ-00747,2022-09-02,2023-02-10,Filled,DPT-001,ROL-030,LOC-002,429,42,7,1,161,Direct apply,EMP-00841
REQ-00748,2025-04-30,2025-09-25,Filled,DPT-001,ROL-004,LOC-005,540,51,5,1,148,LinkedIn,EMP-00842
REQ-00749,2023-10-24,2023-12-13,Filled,DPT-005,ROL-003,LOC-001,58,5,1,1,50,LinkedIn,EMP-00843
REQ-00750,2025-11-26,2026-04-25,Filled,DPT-001,ROL-004,LOC-005,470,40,4,1,150,University recruit,EMP-00844
REQ-00751,2022-07-17,2022-08-29,Filled,DPT-004,ROL-002,LOC-004,298,28,4,1,43,Direct apply,EMP-00845
REQ-00752,2023-09-18,2024-03-06,Filled,DPT-017,ROL-029,LOC-003,609,57,5,1,170,Agency,EMP-00847
REQ-00753,2025-05-03,2025-06-13,Filled,DPT-006,ROL-002,LOC-001,565,43,8,1,41,LinkedIn,EMP-00848
REQ-00754,2025-08-16,2025-12-05,Filled,DPT-016,ROL-031,LOC-001,361,25,2,1,111,LinkedIn,EMP-00849
REQ-00755,2024-04-24,2024-08-02,Filled,DPT-012,ROL-025,LOC-001,277,14,2,1,100,Agency,EMP-00850
REQ-00756,2025-02-05,2025-04-18,Filled,DPT-021,ROL-023,LOC-006,396,38,6,1,72,Indeed,EMP-00852
REQ-00757,2022-07-13,2022-10-29,Filled,DPT-008,ROL-003,LOC-004,311,27,4,1,108,LinkedIn,EMP-00853
REQ-00758,2023-02-01,2023-03-26,Filled,DPT-023,ROL-023,LOC-002,383,20,3,1,53,LinkedIn,EMP-00854
REQ-00759,2022-12-10,2023-02-02,Filled,DPT-002,ROL-001,LOC-007,262,12,1,1,54,Employee referral,EMP-00855
REQ-00760,2025-10-18,2025-11-14,Filled,DPT-004,ROL-002,LOC-004,641,40,7,1,27,LinkedIn,EMP-00856
REQ-00761,2021-12-10,2022-06-04,Filled,DPT-004,ROL-005,LOC-001,326,13,1,1,176,Employee referral,EMP-00857
REQ-00762,2024-12-26,2025-02-09,Filled,DPT-020,ROL-017,LOC-002,580,51,6,1,45,Employee referral,EMP-00858
REQ-00763,2023-12-30,2024-03-06,Filled,DPT-009,ROL-020,LOC-002,374,30,3,1,67,Employee referral,EMP-00859
REQ-00764,2022-12-11,2023-03-23,Filled,DPT-023,ROL-024,LOC-002,137,11,1,1,102,Employee referral,EMP-00860
REQ-00765,2024-09-20,2024-11-06,Filled,DPT-011,ROL-013,LOC-001,480,38,7,1,47,Employee referral,EMP-00861
REQ-00766,2024-11-26,2025-05-12,Filled,DPT-016,ROL-025,LOC-004,528,36,5,1,167,Employee referral,EMP-00862
REQ-00767,2024-01-23,2024-03-06,Filled,DPT-001,ROL-002,LOC-002,130,11,1,1,43,LinkedIn,EMP-00863
REQ-00768,2025-01-14,2025-04-04,Filled,DPT-023,ROL-023,LOC-004,169,11,1,1,80,Employee referral,EMP-00864
REQ-00769,2022-10-27,2023-01-02,Filled,DPT-020,ROL-019,LOC-001,700,68,7,1,67,Employee referral,EMP-00866
REQ-00770,2022-02-09,2022-05-23,Filled,DPT-003,ROL-003,LOC-001,607,27,3,1,103,University recruit,EMP-00867
REQ-00771,2024-12-14,2025-03-03,Filled,DPT-023,ROL-023,LOC-004,66,4,1,1,79,Indeed,EMP-00868
REQ-00772,2025-02-25,2025-08-18,Filled,DPT-003,ROL-030,LOC-004,63,4,1,1,174,Employee referral,EMP-00869
REQ-00773,2022-06-25,2022-08-12,Filled,DPT-016,ROL-016,LOC-001,317,16,3,1,48,LinkedIn,EMP-00870
REQ-00774,2025-10-23,2025-11-19,Filled,DPT-016,ROL-016,LOC-001,473,21,2,1,27,LinkedIn,EMP-00871
REQ-00775,2023-06-25,2023-09-23,Filled,DPT-013,ROL-013,LOC-007,540,32,6,1,90,Employee referral,EMP-00872
REQ-00776,2022-12-11,2023-03-23,Filled,DPT-001,ROL-029,LOC-001,249,12,1,1,102,Agency,EMP-00873
REQ-00777,2024-12-31,2025-05-21,Filled,DPT-006,ROL-004,LOC-001,387,30,5,1,141,LinkedIn,EMP-00874
REQ-00778,2022-06-01,2022-07-24,Filled,DPT-023,ROL-022,LOC-001,132,8,1,1,53,LinkedIn,EMP-00875
REQ-00779,2022-05-08,2022-11-25,Filled,DPT-002,ROL-034,LOC-003,52,4,1,1,201,Agency,EMP-00876
REQ-00780,2024-03-04,2024-06-14,Filled,DPT-005,ROL-003,LOC-005,448,18,3,1,102,Employee referral,EMP-00877
REQ-00781,2024-04-18,2024-05-27,Filled,DPT-013,ROL-010,LOC-002,378,28,2,1,39,Conference / event,EMP-00878
REQ-00782,2024-02-26,2024-05-17,Filled,DPT-006,ROL-003,LOC-005,591,57,11,1,81,LinkedIn,EMP-00879
REQ-00783,2024-09-29,2024-12-07,Filled,DPT-005,ROL-001,LOC-002,457,41,8,1,69,Employee referral,EMP-00880
REQ-00784,2024-08-05,2024-10-18,Filled,DPT-007,ROL-003,LOC-002,633,38,3,1,74,LinkedIn,EMP-00881
REQ-00785,2024-01-21,2024-03-09,Filled,DPT-005,ROL-001,LOC-002,186,18,2,1,48,Direct apply,EMP-00882
REQ-00786,2023-06-28,2023-09-08,Filled,DPT-023,ROL-023,LOC-001,325,26,2,1,72,University recruit,EMP-00883
REQ-00787,2023-06-20,2023-09-19,Filled,DPT-010,ROL-030,LOC-003,382,18,2,1,91,Employee referral,EMP-00884
REQ-00788,2023-11-01,2023-12-15,Filled,DPT-016,ROL-016,LOC-006,651,32,6,1,44,Employee referral,EMP-00885
REQ-00789,2025-05-28,2025-08-30,Filled,DPT-008,ROL-003,LOC-003,241,17,3,1,94,Indeed,EMP-00886
REQ-00790,2025-03-10,2025-05-08,Filled,DPT-002,ROL-002,LOC-001,639,31,3,1,59,LinkedIn,EMP-00888
REQ-00791,2023-10-28,2023-11-28,Filled,DPT-018,ROL-015,LOC-006,473,42,3,1,31,LinkedIn,EMP-00889
REQ-00792,2022-10-27,2022-11-29,Filled,DPT-006,ROL-001,LOC-006,146,14,3,1,33,University recruit,EMP-00890
REQ-00793,2025-10-06,2025-12-23,Filled,DPT-001,ROL-004,LOC-002,282,28,5,1,78,Employee referral,EMP-00891
REQ-00794,2021-11-21,2022-01-30,Filled,DPT-011,ROL-012,LOC-002,405,37,7,1,70,Direct apply,EMP-00892
REQ-00795,2022-06-03,2022-08-02,Filled,DPT-020,ROL-015,LOC-002,219,13,1,1,60,LinkedIn,EMP-00893
REQ-00796,2022-11-22,2023-02-02,Filled,DPT-026,ROL-023,LOC-005,212,8,1,1,72,Agency,EMP-00894
REQ-00797,2023-03-06,2023-05-04,Filled,DPT-012,ROL-013,LOC-004,185,13,1,1,59,Employee referral,EMP-00895
REQ-00798,2025-04-18,2025-09-16,Filled,DPT-011,ROL-012,LOC-004,450,26,4,1,151,Direct apply,EMP-00896
REQ-00799,2023-08-26,2023-10-28,Filled,DPT-024,ROL-022,LOC-001,167,13,2,1,63,Employee referral,EMP-00897
REQ-00800,2022-04-18,2022-10-06,Filled,DPT-007,ROL-028,LOC-001,237,13,1,1,171,Indeed,EMP-00898
REQ-00801,2024-07-21,2024-09-15,Filled,DPT-006,ROL-001,LOC-001,690,55,8,1,56,Direct apply,EMP-00899
REQ-00802,2026-02-17,2026-05-09,Filled,DPT-011,ROL-012,LOC-006,438,31,2,1,81,Agency,EMP-00900
REQ-00803,2025-06-18,2025-12-15,Filled,DPT-002,ROL-004,LOC-001,484,31,5,1,180,LinkedIn,EMP-00901
REQ-00804,2025-04-19,2025-07-08,Filled,DPT-007,ROL-004,LOC-002,531,41,5,1,80,LinkedIn,EMP-00902
REQ-00805,2023-07-11,2023-09-26,Filled,DPT-009,ROL-021,LOC-006,480,23,3,1,77,Employee referral,EMP-00903
REQ-00806,2022-04-28,2022-08-19,Filled,DPT-001,ROL-004,LOC-003,83,5,1,1,113,Direct apply,EMP-00904
REQ-00807,2024-01-12,2024-02-25,Filled,DPT-003,ROL-002,LOC-004,377,25,3,1,44,LinkedIn,EMP-00905
REQ-00808,2024-01-12,2024-03-02,Filled,DPT-011,ROL-010,LOC-001,490,36,5,1,50,Agency,EMP-00906
REQ-00809,2025-12-21,2026-03-03,Filled,DPT-002,ROL-025,LOC-004,371,35,4,1,72,LinkedIn,EMP-00907
REQ-00810,2023-11-02,2023-12-28,Filled,DPT-005,ROL-002,LOC-001,300,18,3,1,56,University recruit,EMP-00908
REQ-00811,2024-09-02,2024-10-09,Filled,DPT-026,ROL-022,LOC-002,585,49,8,1,37,Employee referral,EMP-00909
REQ-00812,2024-07-24,2024-09-27,Filled,DPT-017,ROL-015,LOC-003,111,7,1,1,65,Direct apply,EMP-00911
REQ-00813,2024-12-27,2025-04-09,Filled,DPT-012,ROL-013,LOC-004,524,28,4,1,103,University recruit,EMP-00913
REQ-00814,2023-07-12,2023-10-07,Filled,DPT-005,ROL-003,LOC-001,193,13,1,1,87,Employee referral,EMP-00914
REQ-00815,2025-03-10,2025-06-01,Filled,DPT-012,ROL-011,LOC-001,434,33,5,1,83,Direct apply,EMP-00917
REQ-00816,2022-03-26,2022-07-01,Filled,DPT-021,ROL-023,LOC-001,110,9,1,1,97,Employee referral,EMP-00918
REQ-00817,2023-06-04,2023-07-25,Filled,DPT-001,ROL-002,LOC-005,450,26,2,1,51,LinkedIn,EMP-00919
REQ-00818,2024-11-19,2025-02-17,Filled,DPT-026,ROL-024,LOC-001,468,40,8,1,90,LinkedIn,EMP-00920
REQ-00819,2022-09-05,2022-11-18,Filled,DPT-016,ROL-017,LOC-001,570,36,7,1,74,Agency,EMP-00921
REQ-00820,2023-12-24,2024-04-04,Filled,DPT-008,ROL-003,LOC-001,410,29,5,1,102,Agency,EMP-00923
REQ-00821,2023-03-16,2023-08-10,Filled,DPT-013,ROL-014,LOC-001,563,29,2,1,147,Conference / event,EMP-00924
REQ-00822,2024-09-03,2024-11-06,Filled,DPT-001,ROL-001,LOC-001,422,30,2,1,64,LinkedIn,EMP-00925
REQ-00823,2024-09-22,2024-11-22,Filled,DPT-013,ROL-013,LOC-003,401,34,3,1,61,Employee referral,EMP-00926
REQ-00824,2024-07-07,2024-11-23,Filled,DPT-004,ROL-004,LOC-001,184,9,1,1,139,LinkedIn,EMP-00927
REQ-00825,2022-12-29,2023-03-09,Filled,DPT-021,ROL-023,LOC-004,187,13,1,1,70,Agency,EMP-00928
REQ-00826,2025-04-27,2025-06-27,Filled,DPT-012,ROL-011,LOC-006,374,22,3,1,61,University recruit,EMP-00929
REQ-00827,2023-10-24,2023-12-13,Filled,DPT-020,ROL-019,LOC-001,72,5,1,1,50,LinkedIn,EMP-00930
REQ-00828,2025-09-12,2026-03-11,Filled,DPT-020,ROL-027,LOC-001,506,21,3,1,180,University recruit,EMP-00932
REQ-00829,2025-04-18,2025-06-15,Filled,DPT-023,ROL-022,LOC-007,385,21,4,1,58,University recruit,EMP-00933
REQ-00830,2024-05-21,2024-07-05,Filled,DPT-017,ROL-017,LOC-006,342,24,3,1,45,Conference / event,EMP-00934
REQ-00831,2024-02-11,2024-04-21,Filled,DPT-020,ROL-019,LOC-007,517,39,4,1,70,Conference / event,EMP-00935
REQ-00832,2022-06-06,2022-10-22,Filled,DPT-003,ROL-034,LOC-002,146,9,1,1,138,Direct apply,EMP-00936
REQ-00833,2023-11-09,2023-12-29,Filled,DPT-003,ROL-001,LOC-003,654,58,7,1,50,Direct apply,EMP-00937
REQ-00834,2024-02-10,2024-03-07,Filled,DPT-016,ROL-016,LOC-005,82,7,1,1,26,Direct apply,EMP-00938
REQ-00835,2025-02-20,2025-07-20,Filled,DPT-004,ROL-004,LOC-004,379,19,4,1,150,Employee referral,EMP-00940
REQ-00836,2024-01-12,2024-02-10,Filled,DPT-001,ROL-001,LOC-001,689,56,10,1,29,Employee referral,EMP-00941
REQ-00837,2023-06-02,2023-11-21,Filled,DPT-012,ROL-031,LOC-004,431,23,2,1,172,LinkedIn,EMP-00942
REQ-00838,2026-01-31,2026-04-22,Filled,DPT-010,ROL-009,LOC-001,608,34,5,1,81,University recruit,EMP-00943
REQ-00839,2024-09-03,2024-10-22,Filled,DPT-001,ROL-003,LOC-003,254,23,3,1,49,LinkedIn,EMP-00945
REQ-00840,2024-01-25,2024-03-07,Filled,DPT-001,ROL-002,LOC-001,584,54,8,1,42,LinkedIn,EMP-00946
REQ-00841,2023-10-09,2024-01-24,Filled,DPT-020,ROL-017,LOC-005,407,25,4,1,107,Direct apply,EMP-00947
REQ-00842,2023-07-30,2023-09-05,Filled,DPT-004,ROL-001,LOC-006,455,19,2,1,37,LinkedIn,EMP-00948
REQ-00843,2021-10-16,2022-01-13,Filled,DPT-001,ROL-030,LOC-001,549,40,3,1,89,Direct apply,EMP-00949
REQ-00844,2022-01-13,2022-05-13,Filled,DPT-009,ROL-026,LOC-004,69,4,1,1,120,LinkedIn,EMP-00950
REQ-00845,2024-01-09,2024-04-11,Filled,DPT-017,ROL-029,LOC-001,434,22,2,1,93,LinkedIn,EMP-00951
REQ-00846,2022-07-22,2022-09-20,Filled,DPT-020,ROL-016,LOC-001,440,38,5,1,60,Employee referral,EMP-00952
REQ-00847,2025-11-13,2026-03-05,Filled,DPT-005,ROL-006,LOC-002,485,24,3,1,112,LinkedIn,EMP-00953
REQ-00848,2023-04-15,2023-06-10,Filled,DPT-016,ROL-017,LOC-005,141,7,1,1,56,Agency,EMP-00954
REQ-00849,2025-08-28,2026-01-23,Filled,DPT-001,ROL-004,LOC-003,100,9,1,1,148,Employee referral,EMP-00955
REQ-00850,2022-03-28,2022-06-03,Filled,DPT-003,ROL-003,LOC-002,633,40,6,1,67,LinkedIn,EMP-00957
REQ-00851,2024-07-06,2024-09-20,Filled,DPT-006,ROL-003,LOC-001,551,38,4,1,76,LinkedIn,EMP-00958
REQ-00852,2025-06-22,2025-09-30,Filled,DPT-007,ROL-003,LOC-001,374,20,2,1,100,University recruit,EMP-00960
REQ-00853,2024-02-11,2024-05-30,Filled,DPT-007,ROL-003,LOC-002,344,16,1,1,109,University recruit,EMP-00961
REQ-00854,2024-04-28,2024-06-17,Filled,DPT-023,ROL-022,LOC-006,326,30,5,1,50,Conference / event,EMP-00962
REQ-00855,2023-11-05,2023-12-25,Filled,DPT-004,ROL-002,LOC-001,273,26,5,1,50,Indeed,EMP-00963
REQ-00856,2023-07-01,2023-08-31,Filled,DPT-015,ROL-010,LOC-004,310,25,5,1,61,Agency,EMP-00964
REQ-00857,2024-05-12,2024-06-23,Filled,DPT-009,ROL-020,LOC-001,329,20,1,1,42,LinkedIn,EMP-00965
REQ-00858,2023-12-31,2024-02-19,Filled,DPT-006,ROL-003,LOC-001,113,9,1,1,50,Agency,EMP-00966
REQ-00859,2021-09-09,2022-01-26,Filled,DPT-017,ROL-025,LOC-004,312,22,2,1,139,Agency,EMP-00967
REQ-00860,2023-08-25,2023-10-01,Filled,DPT-017,ROL-015,LOC-002,130,9,1,1,37,LinkedIn,EMP-00968
REQ-00861,2023-08-15,2023-09-09,Filled,DPT-020,ROL-015,LOC-001,175,14,2,1,25,LinkedIn,EMP-00969
REQ-00862,2024-10-01,2024-12-10,Filled,DPT-019,ROL-015,LOC-004,359,22,2,1,70,LinkedIn,EMP-00970
REQ-00863,2023-04-05,2023-07-28,Filled,DPT-019,ROL-027,LOC-001,378,20,3,1,114,LinkedIn,EMP-00971
REQ-00864,2024-09-29,2024-12-10,Filled,DPT-002,ROL-003,LOC-001,330,23,4,1,72,LinkedIn,EMP-00972
REQ-00865,2024-03-16,2024-04-23,Filled,DPT-005,ROL-002,LOC-001,262,17,3,1,38,Conference / event,EMP-00973
REQ-00866,2024-10-02,2025-03-01,Filled,DPT-006,ROL-004,LOC-001,142,11,2,1,150,Agency,EMP-00974
REQ-00867,2022-10-19,2023-03-11,Filled,DPT-023,ROL-027,LOC-001,383,23,4,1,143,LinkedIn,EMP-00975
REQ-00868,2023-12-30,2024-03-08,Filled,DPT-018,ROL-016,LOC-007,514,39,3,1,69,University recruit,EMP-00976
REQ-00869,2024-08-24,2024-10-13,Filled,DPT-005,ROL-003,LOC-001,347,31,3,1,50,LinkedIn,EMP-00977
REQ-00870,2024-10-04,2024-10-29,Filled,DPT-018,ROL-016,LOC-001,83,7,1,1,25,Direct apply,EMP-00978
REQ-00871,2023-11-04,2024-03-08,Filled,DPT-005,ROL-025,LOC-001,507,50,5,1,125,University recruit,EMP-00979
REQ-00872,2025-09-20,2025-11-25,Filled,DPT-001,ROL-003,LOC-001,636,53,6,1,66,Agency,EMP-00980
REQ-00873,2023-08-03,2023-09-22,Filled,DPT-016,ROL-015,LOC-001,472,36,3,1,50,Employee referral,EMP-00981
REQ-00874,2023-09-12,2024-01-28,Filled,DPT-007,ROL-004,LOC-004,461,21,2,1,138,LinkedIn,EMP-00982
REQ-00875,2024-08-08,2024-10-23,Filled,DPT-009,ROL-008,LOC-001,615,44,5,1,76,Conference / event,EMP-00983
REQ-00876,2022-06-29,2022-09-01,Filled,DPT-012,ROL-010,LOC-001,241,20,1,1,64,Indeed,EMP-00984
REQ-00877,2024-03-18,2024-05-12,Filled,DPT-017,ROL-016,LOC-006,160,12,1,1,55,Employee referral,EMP-00985
REQ-00878,2023-06-18,2023-09-08,Filled,DPT-008,ROL-003,LOC-002,77,4,1,1,82,LinkedIn,EMP-00986
REQ-00879,2025-02-13,2025-04-15,Filled,DPT-004,ROL-002,LOC-007,60,5,1,1,61,Indeed,EMP-00987
REQ-00880,2023-08-10,2023-09-20,Filled,DPT-023,ROL-022,LOC-002,560,39,7,1,41,Indeed,EMP-00988
REQ-00881,2024-12-22,2025-02-15,Filled,DPT-016,ROL-015,LOC-001,50,4,1,1,55,University recruit,EMP-00989
REQ-00882,2024-08-12,2024-09-29,Filled,DPT-016,ROL-016,LOC-001,392,38,7,1,48,Indeed,EMP-00990
REQ-00883,2023-10-22,2023-12-13,Filled,DPT-001,ROL-002,LOC-002,416,29,4,1,52,Agency,EMP-00991
REQ-00884,2022-11-12,2023-01-03,Filled,DPT-002,ROL-003,LOC-007,602,38,3,1,52,LinkedIn,EMP-00992
REQ-00885,2023-03-17,2023-05-09,Filled,DPT-016,ROL-017,LOC-004,235,21,4,1,53,University recruit,EMP-00993
REQ-00886,2024-08-01,2024-10-29,Filled,DPT-006,ROL-003,LOC-001,196,9,1,1,89,LinkedIn,EMP-00995
REQ-00887,2024-07-10,2024-08-06,Filled,DPT-003,ROL-002,LOC-004,577,38,8,1,27,University recruit,EMP-00996
REQ-00888,2024-08-23,2025-01-14,Filled,DPT-008,ROL-026,LOC-007,589,36,6,1,144,LinkedIn,EMP-00997
REQ-00889,2024-08-22,2024-10-23,Filled,DPT-001,ROL-002,LOC-001,473,30,2,1,62,Employee referral,EMP-00998
REQ-00890,2021-11-14,2022-03-22,Filled,DPT-008,ROL-004,LOC-003,127,10,1,1,128,LinkedIn,EMP-00999
REQ-00891,2024-03-23,2024-05-18,Filled,DPT-009,ROL-020,LOC-001,557,54,9,1,56,LinkedIn,EMP-01000
REQ-00892,2024-11-12,2025-02-14,Filled,DPT-004,ROL-004,LOC-006,497,40,6,1,94,LinkedIn,EMP-01001
REQ-00893,2022-06-26,2022-09-04,Filled,DPT-003,ROL-003,LOC-001,641,47,6,1,70,University recruit,EMP-01002
REQ-00894,2025-06-19,2025-09-19,Filled,DPT-026,ROL-023,LOC-001,485,34,6,1,92,LinkedIn,EMP-01003
REQ-00895,2025-11-02,2026-01-20,Filled,DPT-021,ROL-029,LOC-001,152,7,1,1,79,University recruit,EMP-01005
REQ-00896,2025-09-02,2025-12-18,Filled,DPT-001,ROL-003,LOC-001,666,48,5,1,107,Conference / event,EMP-01006
REQ-00897,2022-08-09,2022-09-14,Filled,DPT-002,ROL-002,LOC-004,448,39,4,1,36,Employee referral,EMP-01007
REQ-00898,2025-12-12,2026-02-13,Filled,DPT-020,ROL-016,LOC-001,564,28,6,1,63,LinkedIn,EMP-01008
REQ-00899,2023-03-28,2023-07-16,Filled,DPT-023,ROL-024,LOC-007,673,55,5,1,110,University recruit,EMP-01009
REQ-00900,2023-04-26,2023-06-19,Filled,DPT-008,ROL-003,LOC-001,652,48,6,1,54,Employee referral,EMP-01010
REQ-00901,2023-10-31,2023-12-28,Filled,DPT-006,ROL-003,LOC-007,607,26,3,1,58,LinkedIn,EMP-01011
REQ-00902,2024-05-25,2024-08-03,Filled,DPT-011,ROL-013,LOC-003,499,27,3,1,70,University recruit,EMP-01012
REQ-00903,2024-04-04,2024-07-21,Filled,DPT-002,ROL-003,LOC-003,127,5,1,1,108,University recruit,EMP-01013
REQ-00904,2025-01-23,2025-03-04,Filled,DPT-009,ROL-020,LOC-003,382,23,4,1,40,LinkedIn,EMP-01015
REQ-00905,2023-11-12,2024-02-23,Filled,DPT-023,ROL-023,LOC-004,411,31,5,1,103,Direct apply,EMP-01017
REQ-00906,2024-12-02,2025-03-14,Filled,DPT-003,ROL-003,LOC-004,363,31,3,1,102,Direct apply,EMP-01018
REQ-00907,2021-10-23,2022-01-25,Filled,DPT-024,ROL-024,LOC-003,525,41,6,1,94,Employee referral,EMP-01019
REQ-00908,2023-10-13,2023-11-28,Filled,DPT-003,ROL-003,LOC-001,540,25,3,1,46,Employee referral,EMP-01020
REQ-00909,2023-09-12,2023-12-21,Filled,DPT-024,ROL-023,LOC-003,507,38,3,1,100,LinkedIn,EMP-01021
REQ-00910,2022-04-03,2022-06-18,Filled,DPT-020,ROL-017,LOC-001,608,34,3,1,76,University recruit,EMP-01022
REQ-00911,2025-02-07,2025-04-09,Filled,DPT-003,ROL-003,LOC-001,531,43,5,1,61,LinkedIn,EMP-01023
REQ-00912,2024-06-20,2024-08-13,Filled,DPT-007,ROL-002,LOC-001,372,21,1,1,54,Conference / event,EMP-01024
REQ-00913,2023-11-22,2024-02-22,Filled,DPT-002,ROL-003,LOC-004,387,22,3,1,92,University recruit,EMP-01025
REQ-00914,2023-12-04,2024-01-24,Filled,DPT-003,ROL-001,LOC-001,229,22,1,1,51,Agency,EMP-01027
REQ-00915,2025-05-13,2025-07-30,Filled,DPT-010,ROL-008,LOC-004,291,22,2,1,78,Conference / event,EMP-01028
REQ-00916,2025-05-22,2025-07-26,Filled,DPT-007,ROL-003,LOC-007,275,23,4,1,65,Employee referral,EMP-01030
REQ-00917,2024-06-27,2024-08-07,Filled,DPT-020,ROL-019,LOC-001,198,12,1,1,41,Agency,EMP-01031
REQ-00918,2024-07-08,2024-08-27,Filled,DPT-009,ROL-007,LOC-006,493,39,7,1,50,Direct apply,EMP-01032
REQ-00919,2024-02-15,2024-05-30,Filled,DPT-002,ROL-003,LOC-001,646,40,4,1,105,University recruit,EMP-01034
REQ-00920,2023-07-18,2023-08-30,Filled,DPT-007,ROL-002,LOC-006,253,22,2,1,43,Conference / event,EMP-01035
REQ-00921,2023-11-20,2024-02-04,Filled,DPT-001,ROL-003,LOC-002,429,28,4,1,76,Indeed,EMP-01036
REQ-00922,2024-10-16,2025-01-20,Filled,DPT-024,ROL-023,LOC-004,176,12,1,1,96,Conference / event,EMP-01037
REQ-00923,2024-07-07,2024-08-08,Filled,DPT-016,ROL-015,LOC-006,448,38,6,1,32,Employee referral,EMP-01038
REQ-00924,2024-09-28,2024-11-03,Filled,DPT-006,ROL-002,LOC-002,59,4,1,1,36,Conference / event,EMP-01041
REQ-00925,2024-06-09,2024-08-22,Filled,DPT-007,ROL-028,LOC-004,484,46,5,1,74,LinkedIn,EMP-01042
REQ-00926,2023-12-11,2024-02-24,Filled,DPT-021,ROL-024,LOC-001,105,7,1,1,75,LinkedIn,EMP-01043
REQ-00927,2024-02-20,2024-05-25,Filled,DPT-006,ROL-003,LOC-004,63,4,1,1,95,LinkedIn,EMP-01045
REQ-00928,2025-04-08,2025-06-05,Filled,DPT-005,ROL-002,LOC-004,265,14,2,1,58,LinkedIn,EMP-01046
REQ-00929,2024-07-18,2024-08-25,Filled,DPT-020,ROL-016,LOC-006,307,21,3,1,38,Employee referral,EMP-01047
REQ-00930,2024-11-02,2024-12-08,Filled,DPT-009,ROL-007,LOC-003,317,20,3,1,36,LinkedIn,EMP-01048
REQ-00931,2023-07-12,2023-09-18,Filled,DPT-001,ROL-002,LOC-007,229,17,2,1,68,LinkedIn,EMP-01049
REQ-00932,2025-03-23,2025-05-30,Filled,DPT-007,ROL-002,LOC-001,141,6,1,1,68,Agency,EMP-01050
REQ-00933,2023-12-11,2024-02-06,Filled,DPT-022,ROL-022,LOC-003,295,20,3,1,57,Agency,EMP-01052
REQ-00934,2024-09-21,2024-11-27,Filled,DPT-020,ROL-016,LOC-006,465,38,4,1,67,LinkedIn,EMP-01053
REQ-00935,2025-03-02,2025-07-03,Filled,DPT-002,ROL-004,LOC-002,426,36,4,1,123,Employee referral,EMP-01054
REQ-00936,2024-04-01,2024-07-17,Filled,DPT-005,ROL-003,LOC-004,435,32,5,1,107,Employee referral,EMP-01055
REQ-00937,2025-10-03,2025-12-03,Filled,DPT-018,ROL-015,LOC-001,268,22,3,1,61,Agency,EMP-01056
REQ-00938,2023-06-06,2023-08-19,Filled,DPT-009,ROL-021,LOC-007,434,27,3,1,74,LinkedIn,EMP-01057
REQ-00939,2024-06-25,2024-09-13,Filled,DPT-008,ROL-003,LOC-001,631,28,4,1,80,Indeed,EMP-01058
REQ-00940,2023-12-04,2024-01-30,Filled,DPT-004,ROL-003,LOC-005,392,26,5,1,57,University recruit,EMP-01059
REQ-00941,2023-11-29,2024-03-13,Filled,DPT-014,ROL-013,LOC-001,89,4,1,1,105,Direct apply,EMP-01060
REQ-00942,2025-11-14,2026-01-09,Filled,DPT-002,ROL-002,LOC-004,118,10,1,1,56,Direct apply,EMP-01061
REQ-00943,2025-04-17,2025-07-11,Filled,DPT-002,ROL-003,LOC-002,665,44,8,1,85,Indeed,EMP-01062
REQ-00944,2023-12-16,2024-04-13,Filled,DPT-005,ROL-029,LOC-005,168,16,3,1,119,Direct apply,EMP-01063
REQ-00945,2024-04-24,2024-08-04,Filled,DPT-013,ROL-011,LOC-004,303,21,4,1,102,LinkedIn,EMP-01064
REQ-00946,2022-03-31,2022-08-14,Filled,DPT-016,ROL-025,LOC-006,685,33,5,1,136,Employee referral,EMP-01065
REQ-00947,2022-06-23,2022-09-29,Filled,DPT-001,ROL-004,LOC-001,155,9,1,1,98,Direct apply,EMP-01066
REQ-00948,2023-02-11,2023-04-11,Filled,DPT-008,ROL-003,LOC-004,88,5,1,1,59,Indeed,EMP-01068
REQ-00949,2021-10-18,2022-04-06,Filled,DPT-008,ROL-004,LOC-005,489,35,2,1,170,Employee referral,EMP-01070
REQ-00950,2023-09-03,2023-10-06,Filled,DPT-006,ROL-002,LOC-001,427,20,3,1,33,Agency,EMP-01072
REQ-00951,2023-10-13,2023-12-09,Filled,DPT-007,ROL-002,LOC-001,251,21,3,1,57,Employee referral,EMP-01074
REQ-00952,2022-04-07,2022-09-17,Filled,DPT-011,ROL-014,LOC-003,614,24,5,1,163,Employee referral,EMP-01076
REQ-00953,2025-04-21,2025-07-09,Filled,DPT-016,ROL-017,LOC-003,526,34,2,1,79,LinkedIn,EMP-01077
REQ-00954,2023-03-06,2023-05-29,Filled,DPT-009,ROL-009,LOC-001,456,30,5,1,84,Conference / event,EMP-01078
REQ-00955,2025-05-21,2025-10-05,Filled,DPT-002,ROL-004,LOC-001,75,6,1,1,137,LinkedIn,EMP-01079
REQ-00956,2022-12-03,2023-02-02,Filled,DPT-022,ROL-022,LOC-007,68,5,1,1,61,Indeed,EMP-01080
REQ-00957,2023-12-26,2024-05-14,Filled,DPT-008,ROL-004,LOC-002,300,23,2,1,140,Employee referral,EMP-01081
REQ-00958,2022-07-16,2022-09-04,Filled,DPT-015,ROL-013,LOC-001,283,12,1,1,50,LinkedIn,EMP-01082
REQ-00959,2023-10-17,2023-12-20,Filled,DPT-013,ROL-010,LOC-004,588,38,4,1,64,LinkedIn,EMP-01083
REQ-00960,2023-10-12,2023-12-21,Filled,DPT-026,ROL-022,LOC-004,148,12,1,1,70,LinkedIn,EMP-01084
REQ-00961,2023-03-28,2023-06-06,Filled,DPT-009,ROL-007,LOC-004,134,13,1,1,70,Conference / event,EMP-01085
REQ-00962,2023-08-15,2023-09-16,Filled,DPT-017,ROL-016,LOC-001,194,9,1,1,32,Agency,EMP-01086
REQ-00963,2024-12-31,2025-02-24,Filled,DPT-001,ROL-002,LOC-006,51,4,1,1,55,Conference / event,EMP-01087
REQ-00964,2024-02-09,2024-03-06,Filled,DPT-019,ROL-015,LOC-004,618,29,6,1,26,Employee referral,EMP-01088
REQ-00965,2025-12-24,2026-04-26,Filled,DPT-003,ROL-031,LOC-007,618,37,6,1,123,LinkedIn,EMP-01089
REQ-00966,2024-08-07,2024-10-29,Filled,DPT-024,ROL-023,LOC-001,323,17,2,1,83,LinkedIn,EMP-01090
REQ-00967,2024-06-29,2024-10-04,Filled,DPT-009,ROL-025,LOC-001,341,25,3,1,97,LinkedIn,EMP-01091
REQ-00968,2025-08-30,2026-02-07,Filled,DPT-003,ROL-031,LOC-005,118,7,1,1,161,LinkedIn,EMP-01092
REQ-00969,2024-07-28,2024-09-29,Filled,DPT-004,ROL-002,LOC-001,484,20,3,1,63,LinkedIn,EMP-01093
REQ-00970,2025-02-01,2025-03-24,Filled,DPT-017,ROL-017,LOC-004,50,4,1,1,51,Employee referral,EMP-01094
REQ-00971,2023-09-02,2023-11-15,Filled,DPT-021,ROL-023,LOC-002,700,42,5,1,74,LinkedIn,EMP-01095
REQ-00972,2026-01-01,2026-05-20,Filled,DPT-002,ROL-029,LOC-001,166,11,1,1,139,LinkedIn,EMP-01096
REQ-00973,2025-03-11,2025-04-22,Filled,DPT-003,ROL-002,LOC-004,306,27,2,1,42,LinkedIn,EMP-01097
REQ-00974,2023-05-23,2023-07-31,Filled,DPT-016,ROL-017,LOC-002,220,18,3,1,69,Direct apply,EMP-01098
REQ-00975,2025-07-27,2025-12-11,Filled,DPT-004,ROL-028,LOC-002,238,16,2,1,137,Agency,EMP-01099
REQ-00976,2024-09-27,2024-11-24,Filled,DPT-020,ROL-015,LOC-001,99,9,1,1,58,Direct apply,EMP-01100
REQ-00977,2024-11-08,2025-01-26,Filled,DPT-021,ROL-023,LOC-004,447,25,3,1,79,LinkedIn,EMP-01101
REQ-00978,2024-03-26,2024-07-18,Filled,DPT-017,ROL-025,LOC-001,81,4,1,1,114,Employee referral,EMP-01102
REQ-00979,2024-01-30,2024-09-06,Filled,DPT-001,ROL-006,LOC-002,577,38,5,1,220,LinkedIn,EMP-01103
REQ-00980,2024-09-01,2024-12-03,Filled,DPT-023,ROL-025,LOC-001,534,30,4,1,93,LinkedIn,EMP-01104
REQ-00981,2026-05-10,,Open,DPT-001,ROL-001,LOC-001,374,16,0,0,,Conference / event,
REQ-00982,2026-04-09,,Open,DPT-002,ROL-004,LOC-005,316,14,2,0,,Employee referral,
REQ-00983,2026-02-24,,Open,DPT-002,ROL-003,LOC-007,263,24,2,0,,Direct apply,
REQ-00984,2026-02-25,,Open,DPT-014,ROL-011,LOC-002,91,6,1,0,,LinkedIn,
REQ-00985,2026-03-13,,Open,DPT-011,ROL-011,LOC-004,378,16,0,0,,LinkedIn,
REQ-00986,2026-02-12,,Open,DPT-006,ROL-004,LOC-002,46,2,0,0,,LinkedIn,
REQ-00987,2026-04-05,,Open,DPT-010,ROL-008,LOC-002,347,22,1,0,,Direct apply,
REQ-00988,2026-02-24,,Open,DPT-003,ROL-001,LOC-004,25,2,0,0,,Agency,
REQ-00989,2026-04-21,,Open,DPT-017,ROL-017,LOC-001,395,36,2,0,,Direct apply,
REQ-00990,2026-03-01,,Open,DPT-021,ROL-022,LOC-003,194,14,0,0,,Employee referral,
REQ-00991,2026-04-13,,Open,DPT-024,ROL-023,LOC-001,241,17,2,0,,University recruit,
REQ-00992,2026-03-27,,Open,DPT-005,ROL-004,LOC-001,150,10,2,0,,Employee referral,
REQ-00993,2026-03-25,,Open,DPT-015,ROL-012,LOC-001,268,16,1,0,,LinkedIn,
REQ-00994,2026-02-20,,Open,DPT-023,ROL-022,LOC-005,262,14,2,0,,Agency,
REQ-00995,2026-02-03,,Open,DPT-018,ROL-025,LOC-001,149,7,2,0,,Employee referral,
REQ-00996,2026-04-08,,Open,DPT-012,ROL-025,LOC-004,52,2,2,0,,Agency,
REQ-00997,2026-03-22,,Open,DPT-002,ROL-027,LOC-001,130,6,0,0,,University recruit,
REQ-00998,2026-02-07,,Open,DPT-001,ROL-003,LOC-001,186,16,2,0,,Direct apply,
REQ-00999,2026-03-03,,Open,DPT-005,ROL-026,LOC-002,195,15,2,0,,University recruit,
REQ-01000,2026-05-11,,Open,DPT-001,ROL-003,LOC-001,34,3,1,0,,Direct apply,
REQ-01001,2026-05-06,,Open,DPT-003,ROL-004,LOC-002,242,16,0,0,,Direct apply,
REQ-01002,2026-05-10,,Open,DPT-006,ROL-004,LOC-001,250,19,1,0,,Agency,
REQ-01003,2026-04-12,,Open,DPT-001,ROL-004,LOC-007,231,17,2,0,,Employee referral,
REQ-01004,2026-03-06,,Open,DPT-010,ROL-009,LOC-001,289,14,2,0,,Agency,
REQ-01005,2026-03-06,,Open,DPT-006,ROL-001,LOC-001,374,23,1,0,,Conference / event,
REQ-01006,2026-05-16,,Open,DPT-017,ROL-017,LOC-003,284,23,0,0,,Direct apply,
REQ-01007,2026-05-09,,Open,DPT-004,ROL-001,LOC-004,388,23,1,0,,Conference / event,
REQ-01008,2026-05-17,,Open,DPT-024,ROL-024,LOC-002,147,6,2,0,,Direct apply,
REQ-01009,2026-04-07,,Open,DPT-012,ROL-010,LOC-001,200,13,1,0,,Agency,
REQ-01010,2026-03-02,,Open,DPT-013,ROL-013,LOC-004,138,11,0,0,,LinkedIn,
REQ-01011,2026-04-18,,Open,DPT-023,ROL-024,LOC-002,280,16,1,0,,Agency,
REQ-01012,2026-03-14,,Open,DPT-021,ROL-023,LOC-003,166,7,2,0,,Agency,
REQ-01013,2026-04-08,,Open,DPT-020,ROL-017,LOC-001,37,2,1,0,,LinkedIn,
REQ-01014,2026-03-24,,Open,DPT-010,ROL-007,LOC-002,130,7,0,0,,Indeed,
REQ-01015,2026-03-05,,Open,DPT-016,ROL-017,LOC-004,213,20,2,0,,LinkedIn,
REQ-01016,2026-02-21,,Open,DPT-021,ROL-023,LOC-001,127,8,0,0,,Employee referral,
REQ-01017,2026-02-16,,Open,DPT-013,ROL-013,LOC-004,322,21,1,0,,LinkedIn,
REQ-01018,2026-04-26,,Open,DPT-019,ROL-017,LOC-001,355,22,1,0,,Agency,
REQ-01019,2026-03-23,,Open,DPT-001,ROL-025,LOC-003,53,3,2,0,,Employee referral,
REQ-01020,2026-05-01,,Open,DPT-010,ROL-020,LOC-007,249,19,1,0,,LinkedIn,
REQ-01021,2026-03-16,,Open,DPT-007,ROL-025,LOC-002,391,17,1,0,,Agency,
REQ-01022,2026-03-01,,Open,DPT-022,ROL-026,LOC-004,40,2,1,0,,LinkedIn,
REQ-01023,2026-04-27,,Open,DPT-002,ROL-005,LOC-001,21,2,1,0,,LinkedIn,
REQ-01024,2026-05-17,,Open,DPT-019,ROL-026,LOC-007,106,8,2,0,,Employee referral,
REQ-01025,2026-03-20,,Open,DPT-006,ROL-005,LOC-005,324,32,1,0,,Indeed,
REQ-01026,2026-04-04,,Open,DPT-003,ROL-025,LOC-002,187,15,0,0,,Agency,
REQ-01027,2026-02-28,,Open,DPT-020,ROL-019,LOC-001,138,7,2,0,,LinkedIn,
REQ-01028,2026-04-07,,Open,DPT-026,ROL-023,LOC-003,370,30,2,0,,University recruit,
REQ-01029,2026-04-30,,Open,DPT-012,ROL-010,LOC-007,316,28,1,0,,Employee referral,
REQ-01030,2026-04-23,,Open,DPT-008,ROL-004,LOC-006,55,5,1,0,,Agency,
REQ-01031,2026-03-14,,Open,DPT-005,ROL-003,LOC-001,138,5,0,0,,Agency,
REQ-01032,2026-02-21,,Open,DPT-021,ROL-031,LOC-004,59,3,2,0,,University recruit,
REQ-01033,2026-04-08,,Open,DPT-020,ROL-026,LOC-006,220,18,0,0,,Direct apply,
REQ-01034,2026-02-20,,Open,DPT-004,ROL-033,LOC-003,371,33,2,0,,Conference / event,
REQ-01035,2026-04-11,,Open,DPT-001,ROL-025,LOC-002,345,17,2,0,,Employee referral,
REQ-01036,2026-02-28,,Open,DPT-003,ROL-031,LOC-004,74,4,1,0,,Employee referral,
REQ-01037,2026-04-07,,Open,DPT-005,ROL-002,LOC-001,176,13,1,0,,LinkedIn,
REQ-01038,2026-04-22,,Open,DPT-023,ROL-025,LOC-001,178,13,0,0,,Agency,
REQ-01039,2026-04-05,,Open,DPT-003,ROL-003,LOC-004,355,31,2,0,,LinkedIn,
REQ-01040,2026-03-21,,Open,DPT-004,ROL-002,LOC-002,280,18,1,0,,University recruit,
REQ-01041,2026-03-20,,Open,DPT-006,ROL-002,LOC-001,117,6,1,0,,Employee referral,
REQ-01042,2026-03-02,,Open,DPT-004,ROL-002,LOC-006,141,10,2,0,,Agency,
REQ-01043,2026-02-08,,Open,DPT-006,ROL-001,LOC-001,254,17,2,0,,University recruit,
REQ-01044,2026-04-01,,Open,DPT-009,ROL-007,LOC-003,110,10,0,0,,Agency,
REQ-01045,2026-05-10,,Open,DPT-001,ROL-004,LOC-001,45,3,0,0,,Employee referral,
REQ-01046,2026-03-19,,Open,DPT-016,ROL-017,LOC-001,322,27,0,0,,Employee referral,
REQ-01047,2026-04-13,,Open,DPT-003,ROL-002,LOC-003,190,13,0,0,,LinkedIn,
REQ-01048,2026-04-23,,Open,DPT-016,ROL-017,LOC-003,36,2,2,0,,LinkedIn,
REQ-01049,2026-03-26,,Open,DPT-026,ROL-024,LOC-002,35,2,1,0,,Employee referral,
REQ-01050,2026-03-07,,Open,DPT-009,ROL-007,LOC-005,238,11,2,0,,Employee referral,
REQ-01051,2026-02-27,,Open,DPT-001,ROL-001,LOC-005,209,13,0,0,,Conference / event,
REQ-01052,2026-04-25,,Open,DPT-021,ROL-024,LOC-001,192,15,1,0,,LinkedIn,
REQ-01053,2026-04-07,,Open,DPT-026,ROL-023,LOC-001,361,21,0,0,,Direct apply,
REQ-01054,2026-02-06,,Open,DPT-006,ROL-028,LOC-001,304,15,0,0,,LinkedIn,
REQ-01055,2026-03-06,,Open,DPT-001,ROL-003,LOC-003,30,2,0,0,,Agency,
REQ-01056,2026-04-05,,Open,DPT-020,ROL-018,LOC-007,193,9,2,0,,Employee referral,
REQ-01057,2026-05-07,,Open,DPT-004,ROL-003,LOC-004,344,31,1,0,,LinkedIn,
REQ-01058,2026-05-03,,Open,DPT-001,ROL-004,LOC-007,201,10,0,0,,University recruit,
REQ-01059,2026-04-16,,Open,DPT-012,ROL-011,LOC-001,102,7,0,0,,Employee referral,
REQ-01060,2026-03-09,,Open,DPT-004,ROL-001,LOC-003,383,31,2,0,,Agency,
