comp_action_id,employee_id,effective_date,action_type,previous_base_salary,new_base_salary,bonus_target_pct,equity_grant_cad,department_id,role_id
CMP-000001,EMP-00001,2020-11-15,Hire,443000,502000,0.55,753000,DPT-006,ROL-035
CMP-000002,EMP-00002,2020-11-20,Hire,435000,499000,0.55,748500,DPT-009,ROL-036
CMP-000003,EMP-00002,2021-06-21,Promotion,499000,585298,0.55,0,DPT-009,ROL-036
CMP-000004,EMP-00002,2022-07-14,Equity Refresh,499000,499000,0.55,415279,DPT-009,ROL-036
CMP-000005,EMP-00002,2022-12-13,Termination,499000,0,0,0,DPT-009,ROL-036
CMP-000006,EMP-00003,2021-04-28,Hire,434000,497000,0.55,745500,DPT-011,ROL-037
CMP-000007,EMP-00003,2022-05-17,Promotion,497000,578902,0.55,0,DPT-011,ROL-037
CMP-000008,EMP-00004,2020-05-11,Hire,464000,519000,0.55,778500,DPT-021,ROL-038
CMP-000009,EMP-00004,2021-03-19,Annual Adjustment,519000,548626,0.55,0,DPT-021,ROL-038
CMP-000010,EMP-00004,2021-09-21,Equity Refresh,519000,519000,0.55,804758,DPT-021,ROL-038
CMP-000011,EMP-00004,2022-04-24,Annual Adjustment,519000,541463,0.55,0,DPT-021,ROL-038
CMP-000012,EMP-00005,2019-09-07,Hire,358000,416000,0.55,624000,DPT-023,ROL-039
CMP-000013,EMP-00005,2026-02-28,Termination,416000,0,0,0,DPT-023,ROL-039
CMP-000014,EMP-00006,2020-11-27,Hire,663000,773000,0.85,1159500,DPT-025,ROL-040
CMP-000015,EMP-00006,2021-09-03,Annual Adjustment,773000,812459,0.85,0,DPT-025,ROL-040
CMP-000016,EMP-00006,2022-06-08,Annual Adjustment,773000,807172,0.85,0,DPT-025,ROL-040
CMP-000017,EMP-00006,2023-03-13,Annual Adjustment,773000,806402,0.85,0,DPT-025,ROL-040
CMP-000018,EMP-00007,2023-05-21,Hire,124000,136000,0.1,27200,DPT-001,ROL-003
CMP-000019,EMP-00007,2023-12-18,Equity Refresh,136000,136000,0.1,28618,DPT-001,ROL-003
CMP-000020,EMP-00007,2025-04-04,Termination,136000,0,0,0,DPT-001,ROL-003
CMP-000021,EMP-00008,2024-09-18,Hire,105000,123000,0.1,24600,DPT-004,ROL-003
CMP-000022,EMP-00008,2026-01-16,Termination,123000,0,0,0,DPT-004,ROL-003
CMP-000023,EMP-00009,2023-08-26,Hire,89000,104000,0.1,20800,DPT-008,ROL-002
CMP-000024,EMP-00009,2024-04-21,Equity Refresh,104000,104000,0.1,29991,DPT-008,ROL-002
CMP-000025,EMP-00009,2024-12-23,Annual Adjustment,104000,106236,0.1,0,DPT-008,ROL-002
CMP-000026,EMP-00010,2026-03-18,Hire,129000,143000,0.1,28600,DPT-021,ROL-024
CMP-000027,EMP-00011,2020-07-28,Hire,170000,186000,0.2,186000,DPT-006,ROL-025
CMP-000028,EMP-00011,2021-06-24,Annual Adjustment,186000,190564,0.2,0,DPT-006,ROL-025
CMP-000029,EMP-00011,2022-01-24,Annual Adjustment,186000,194946,0.2,0,DPT-006,ROL-025
CMP-000030,EMP-00011,2023-01-19,Annual Adjustment,186000,193781,0.2,0,DPT-006,ROL-025
CMP-000031,EMP-00011,2026-03-02,Termination,186000,0,0,0,DPT-006,ROL-025
CMP-000032,EMP-00012,2025-05-14,Hire,118000,128000,0.1,25600,DPT-001,ROL-003
CMP-000033,EMP-00013,2024-07-11,Hire,153000,176000,0.1,35200,DPT-009,ROL-009
CMP-000034,EMP-00014,2020-10-03,Hire,146000,165000,0.1,82500,DPT-005,ROL-004
CMP-000035,EMP-00014,2021-10-17,Equity Refresh,165000,165000,0.1,103091,DPT-005,ROL-004
CMP-000036,EMP-00014,2022-05-18,Promotion,165000,187435,0.1,0,DPT-005,ROL-004
CMP-000037,EMP-00015,2026-02-19,Hire,53000,60000,0.1,12000,DPT-020,ROL-018
CMP-000038,EMP-00016,2025-03-18,Hire,110000,124000,0.1,24800,DPT-020,ROL-017
CMP-000039,EMP-00016,2026-04-23,Annual Adjustment,124000,130912,0.1,0,DPT-020,ROL-017
CMP-000040,EMP-00017,2025-12-06,Hire,179000,201000,0.2,201000,DPT-025,ROL-030
CMP-000041,EMP-00018,2024-09-28,Hire,77000,85000,0.1,17000,DPT-004,ROL-001
CMP-000042,EMP-00018,2025-05-05,Promotion,85000,94290,0.1,0,DPT-004,ROL-001
CMP-000043,EMP-00018,2025-11-09,Annual Adjustment,85000,87897,0.1,0,DPT-004,ROL-001
CMP-000044,EMP-00019,2025-01-20,Hire,95000,103000,0.1,20600,DPT-007,ROL-002
CMP-000045,EMP-00019,2025-11-04,Annual Adjustment,103000,107341,0.1,0,DPT-007,ROL-002
CMP-000046,EMP-00020,2024-11-05,Hire,149000,169000,0.1,84500,DPT-003,ROL-004
CMP-000047,EMP-00020,2025-11-10,Equity Refresh,169000,169000,0.1,49800,DPT-003,ROL-004
CMP-000048,EMP-00021,2023-08-09,Hire,119000,134000,0.1,26800,DPT-012,ROL-012
CMP-000049,EMP-00021,2024-06-22,Annual Adjustment,134000,136894,0.1,0,DPT-012,ROL-012
CMP-000050,EMP-00021,2025-05-21,Annual Adjustment,134000,136904,0.1,0,DPT-012,ROL-012
CMP-000051,EMP-00022,2025-08-08,Hire,188000,218000,0.2,218000,DPT-026,ROL-030
CMP-000052,EMP-00023,2024-10-11,Hire,86000,96000,0.1,19200,DPT-018,ROL-016
CMP-000053,EMP-00023,2025-10-01,Annual Adjustment,96000,101331,0.1,0,DPT-018,ROL-016
CMP-000054,EMP-00023,2026-04-15,Annual Adjustment,96000,98948,0.1,0,DPT-018,ROL-016
CMP-000055,EMP-00024,2025-12-12,Hire,302000,334000,0.2,334000,DPT-004,ROL-032
CMP-000056,EMP-00025,2023-02-12,Hire,117000,135000,0.1,27000,DPT-013,ROL-014
CMP-000057,EMP-00025,2023-09-01,Equity Refresh,135000,135000,0.1,26563,DPT-013,ROL-014
CMP-000058,EMP-00026,2024-01-08,Hire,172000,193000,0.2,193000,DPT-018,ROL-025
CMP-000059,EMP-00026,2024-08-31,Annual Adjustment,193000,199923,0.2,0,DPT-018,ROL-025
CMP-000060,EMP-00026,2025-06-05,Promotion,193000,213898,0.2,0,DPT-018,ROL-025
CMP-000061,EMP-00027,2024-01-04,Hire,116000,132000,0.1,26400,DPT-006,ROL-003
CMP-000062,EMP-00027,2025-02-12,Termination,132000,0,0,0,DPT-006,ROL-003
CMP-000063,EMP-00028,2024-10-27,Hire,116000,131000,0.1,26200,DPT-001,ROL-003
CMP-000064,EMP-00028,2025-11-15,Termination,131000,0,0,0,DPT-001,ROL-003
CMP-000065,EMP-00029,2024-06-06,Hire,146000,161000,0.1,80500,DPT-005,ROL-004
CMP-000066,EMP-00029,2025-05-02,Equity Refresh,161000,161000,0.1,87936,DPT-005,ROL-004
CMP-000067,EMP-00029,2026-03-06,Annual Adjustment,161000,167201,0.1,0,DPT-005,ROL-004
CMP-000068,EMP-00030,2024-07-01,Hire,123000,142000,0.1,28400,DPT-010,ROL-021
CMP-000069,EMP-00030,2025-02-09,Annual Adjustment,142000,148211,0.1,0,DPT-010,ROL-021
CMP-000070,EMP-00030,2026-01-16,Annual Adjustment,142000,148518,0.1,0,DPT-010,ROL-021
CMP-000071,EMP-00031,2022-07-07,Hire,97000,110000,0.1,22000,DPT-021,ROL-023
CMP-000072,EMP-00031,2023-04-15,Annual Adjustment,110000,116498,0.1,0,DPT-021,ROL-023
CMP-000073,EMP-00031,2024-04-01,Annual Adjustment,110000,115444,0.1,0,DPT-021,ROL-023
CMP-000074,EMP-00031,2024-12-18,Promotion,110000,127200,0.1,0,DPT-021,ROL-023
CMP-000075,EMP-00032,2022-02-15,Hire,134000,147000,0.1,29400,DPT-024,ROL-024
CMP-000076,EMP-00032,2022-10-23,Annual Adjustment,147000,155441,0.1,0,DPT-024,ROL-024
CMP-000077,EMP-00032,2023-12-07,Annual Adjustment,147000,154421,0.1,0,DPT-024,ROL-024
CMP-000078,EMP-00033,2024-05-19,Hire,96000,107000,0.1,21400,DPT-006,ROL-002
CMP-000079,EMP-00033,2025-02-03,Annual Adjustment,107000,112058,0.1,0,DPT-006,ROL-002
CMP-000080,EMP-00033,2025-12-02,Annual Adjustment,107000,109501,0.1,0,DPT-006,ROL-002
CMP-000081,EMP-00034,2024-06-20,Hire,308000,344000,0.2,344000,DPT-008,ROL-032
CMP-000082,EMP-00035,2024-02-11,Hire,67000,75000,0.1,15000,DPT-017,ROL-015
CMP-000083,EMP-00035,2024-08-23,Annual Adjustment,75000,77830,0.1,0,DPT-017,ROL-015
CMP-000084,EMP-00036,2026-02-28,Hire,121000,141000,0.1,28200,DPT-022,ROL-024
CMP-000085,EMP-00037,2023-03-19,Hire,54000,62000,0.1,12400,DPT-020,ROL-018
CMP-000086,EMP-00038,2020-11-11,Hire,176000,201000,0.1,100500,DPT-008,ROL-005
CMP-000087,EMP-00038,2021-09-01,Annual Adjustment,201000,205507,0.1,0,DPT-008,ROL-005
CMP-000088,EMP-00038,2022-09-04,Annual Adjustment,201000,210158,0.1,0,DPT-008,ROL-005
CMP-000089,EMP-00039,2024-11-01,Hire,99000,115000,0.1,23000,DPT-018,ROL-017
CMP-000090,EMP-00039,2025-09-08,Termination,115000,0,0,0,DPT-018,ROL-017
CMP-000091,EMP-00040,2020-06-24,Hire,137000,160000,0.1,80000,DPT-002,ROL-004
CMP-000092,EMP-00040,2021-01-04,Annual Adjustment,160000,165400,0.1,0,DPT-002,ROL-004
CMP-000093,EMP-00041,2024-04-09,Hire,97000,110000,0.1,22000,DPT-004,ROL-002
CMP-000094,EMP-00042,2024-12-25,Hire,89000,103000,0.1,20600,DPT-007,ROL-002
CMP-000095,EMP-00042,2026-01-14,Promotion,103000,120415,0.1,0,DPT-007,ROL-002
CMP-000096,EMP-00043,2025-02-10,Hire,98000,113000,0.1,22600,DPT-009,ROL-020
CMP-000097,EMP-00044,2025-03-26,Hire,76000,85000,0.1,17000,DPT-023,ROL-022
CMP-000098,EMP-00044,2026-05-04,Annual Adjustment,85000,88220,0.1,0,DPT-023,ROL-022
CMP-000099,EMP-00045,2023-12-06,Hire,99000,108000,0.1,21600,DPT-023,ROL-023
CMP-000100,EMP-00046,2024-09-03,Hire,120000,135000,0.1,27000,DPT-023,ROL-024
CMP-000101,EMP-00046,2025-08-10,Promotion,135000,163473,0.1,0,DPT-023,ROL-024
CMP-000102,EMP-00046,2026-03-29,Termination,135000,0,0,0,DPT-023,ROL-024
CMP-000103,EMP-00047,2024-05-02,Hire,118000,131000,0.1,26200,DPT-007,ROL-003
CMP-000104,EMP-00047,2026-01-10,Termination,131000,0,0,0,DPT-007,ROL-003
CMP-000105,EMP-00048,2021-10-28,Hire,182000,209000,0.1,104500,DPT-002,ROL-005
CMP-000106,EMP-00048,2022-07-21,Annual Adjustment,209000,216001,0.1,0,DPT-002,ROL-005
CMP-000107,EMP-00049,2023-01-06,Hire,174000,194000,0.2,194000,DPT-005,ROL-025
CMP-000108,EMP-00049,2024-01-02,Equity Refresh,194000,194000,0.2,241107,DPT-005,ROL-025
CMP-000109,EMP-00050,2024-04-08,Hire,73000,85000,0.1,17000,DPT-005,ROL-001
CMP-000110,EMP-00050,2024-12-07,Promotion,85000,98965,0.1,0,DPT-005,ROL-001
CMP-000111,EMP-00051,2023-11-15,Hire,274000,311000,0.2,311000,DPT-021,ROL-034
CMP-000112,EMP-00051,2024-07-13,Annual Adjustment,311000,320314,0.2,0,DPT-021,ROL-034
CMP-000113,EMP-00052,2025-08-07,Hire,76000,86000,0.1,17200,DPT-023,ROL-022
CMP-000114,EMP-00052,2026-04-29,Annual Adjustment,86000,88822,0.1,0,DPT-023,ROL-022
CMP-000115,EMP-00053,2024-04-20,Hire,300000,336000,0.2,336000,DPT-020,ROL-032
CMP-000116,EMP-00053,2025-05-27,Equity Refresh,336000,336000,0.2,309344,DPT-020,ROL-032
CMP-000117,EMP-00053,2025-08-24,Termination,336000,0,0,0,DPT-020,ROL-032
CMP-000118,EMP-00054,2020-12-27,Hire,145000,159000,0.1,79500,DPT-008,ROL-004
CMP-000119,EMP-00055,2022-12-23,Hire,93000,107000,0.1,21400,DPT-007,ROL-002
CMP-000120,EMP-00055,2023-10-17,Annual Adjustment,107000,110453,0.1,0,DPT-007,ROL-002
CMP-000121,EMP-00055,2024-05-08,Annual Adjustment,107000,112953,0.1,0,DPT-007,ROL-002
CMP-000122,EMP-00056,2021-11-14,Hire,116000,128000,0.1,25600,DPT-014,ROL-014
CMP-000123,EMP-00056,2022-06-08,Promotion,128000,149239,0.1,0,DPT-014,ROL-014
CMP-000124,EMP-00056,2023-04-24,Annual Adjustment,128000,135331,0.1,0,DPT-014,ROL-014
CMP-000125,EMP-00056,2024-02-24,Termination,128000,0,0,0,DPT-014,ROL-014
CMP-000126,EMP-00057,2025-11-13,Hire,152000,170000,0.1,85000,DPT-002,ROL-004
CMP-000127,EMP-00058,2024-06-24,Hire,157000,179000,0.2,179000,DPT-003,ROL-025
CMP-000128,EMP-00058,2025-01-22,Annual Adjustment,179000,189535,0.2,0,DPT-003,ROL-025
CMP-000129,EMP-00059,2023-05-05,Hire,73000,83000,0.1,16600,DPT-021,ROL-022
CMP-000130,EMP-00059,2023-11-29,Annual Adjustment,83000,86049,0.1,0,DPT-021,ROL-022
CMP-000131,EMP-00059,2024-01-30,Termination,83000,0,0,0,DPT-021,ROL-022
CMP-000132,EMP-00060,2023-12-10,Hire,116000,127000,0.1,25400,DPT-001,ROL-003
CMP-000133,EMP-00060,2024-08-29,Annual Adjustment,127000,131861,0.1,0,DPT-001,ROL-003
CMP-000134,EMP-00060,2025-04-18,Annual Adjustment,127000,129793,0.1,0,DPT-001,ROL-003
CMP-000135,EMP-00061,2025-11-01,Hire,188000,209000,0.1,104500,DPT-001,ROL-005
CMP-000136,EMP-00062,2022-04-29,Hire,187000,213000,0.2,213000,DPT-014,ROL-026
CMP-000137,EMP-00063,2024-03-30,Hire,110000,127000,0.1,25400,DPT-001,ROL-003
CMP-000138,EMP-00063,2025-02-18,Annual Adjustment,127000,131929,0.1,0,DPT-001,ROL-003
CMP-000139,EMP-00063,2025-12-28,Annual Adjustment,127000,131545,0.1,0,DPT-001,ROL-003
CMP-000140,EMP-00064,2024-04-16,Hire,80000,90000,0.1,18000,DPT-001,ROL-001
CMP-000141,EMP-00065,2026-01-02,Hire,120000,136000,0.1,27200,DPT-005,ROL-003
CMP-000142,EMP-00066,2024-10-26,Hire,94000,106000,0.1,21200,DPT-001,ROL-002
CMP-000143,EMP-00066,2025-11-07,Annual Adjustment,106000,110578,0.1,0,DPT-001,ROL-002
CMP-000144,EMP-00067,2025-06-03,Hire,104000,117000,0.1,23400,DPT-017,ROL-017
CMP-000145,EMP-00067,2026-01-01,Promotion,117000,139929,0.1,0,DPT-017,ROL-017
CMP-000146,EMP-00068,2026-04-16,Hire,71000,78000,0.1,15600,DPT-021,ROL-022
CMP-000147,EMP-00069,2022-04-15,Hire,121000,142000,0.1,28400,DPT-021,ROL-024
CMP-000148,EMP-00069,2024-07-04,Termination,142000,0,0,0,DPT-021,ROL-024
CMP-000149,EMP-00070,2024-12-25,Hire,70000,80000,0.1,16000,DPT-026,ROL-022
CMP-000150,EMP-00070,2025-11-30,Annual Adjustment,80000,83132,0.1,0,DPT-026,ROL-022
CMP-000151,EMP-00071,2024-06-11,Hire,119000,136000,0.1,27200,DPT-003,ROL-003
CMP-000152,EMP-00071,2025-06-02,Annual Adjustment,136000,140015,0.1,0,DPT-003,ROL-003
CMP-000153,EMP-00072,2024-05-04,Hire,112000,126000,0.1,25200,DPT-006,ROL-003
CMP-000154,EMP-00072,2025-01-10,Annual Adjustment,126000,129629,0.1,0,DPT-006,ROL-003
CMP-000155,EMP-00073,2023-01-15,Hire,154000,179000,0.2,179000,DPT-024,ROL-031
CMP-000156,EMP-00073,2023-08-12,Annual Adjustment,179000,188893,0.2,0,DPT-024,ROL-031
CMP-000157,EMP-00074,2023-04-26,Hire,112000,130000,0.1,26000,DPT-005,ROL-003
CMP-000158,EMP-00075,2023-03-12,Hire,85000,93000,0.1,18600,DPT-018,ROL-016
CMP-000159,EMP-00075,2023-11-25,Promotion,93000,109517,0.1,0,DPT-018,ROL-016
CMP-000160,EMP-00076,2026-04-18,Hire,149000,171000,0.1,85500,DPT-008,ROL-004
CMP-000161,EMP-00077,2021-02-21,Hire,171000,193000,0.2,193000,DPT-024,ROL-025
CMP-000162,EMP-00077,2021-09-14,Promotion,193000,215724,0.2,0,DPT-024,ROL-025
CMP-000163,EMP-00078,2023-09-11,Hire,82000,95000,0.1,19000,DPT-020,ROL-016
CMP-000164,EMP-00078,2024-06-20,Equity Refresh,95000,95000,0.1,20180,DPT-020,ROL-016
CMP-000165,EMP-00078,2024-10-03,Termination,95000,0,0,0,DPT-020,ROL-016
CMP-000166,EMP-00079,2020-12-22,Hire,247000,283000,0.2,283000,DPT-021,ROL-027
CMP-000167,EMP-00079,2021-08-16,Annual Adjustment,283000,294022,0.2,0,DPT-021,ROL-027
CMP-000168,EMP-00080,2024-02-11,Hire,116000,128000,0.1,25600,DPT-001,ROL-003
CMP-000169,EMP-00081,2025-08-26,Hire,122000,136000,0.1,27200,DPT-014,ROL-012
CMP-000170,EMP-00082,2024-09-10,Hire,74000,84000,0.1,16800,DPT-022,ROL-022
CMP-000171,EMP-00082,2025-06-10,Annual Adjustment,84000,86245,0.1,0,DPT-022,ROL-022
CMP-000172,EMP-00083,2020-11-20,Hire,206000,234000,0.2,234000,DPT-003,ROL-028
CMP-000173,EMP-00083,2022-01-13,Annual Adjustment,234000,245091,0.2,0,DPT-003,ROL-028
CMP-000174,EMP-00084,2022-03-03,Hire,293000,342000,0.2,342000,DPT-024,ROL-032
CMP-000175,EMP-00084,2022-09-01,Equity Refresh,342000,342000,0.2,287682,DPT-024,ROL-032
CMP-000176,EMP-00084,2023-05-01,Equity Refresh,342000,342000,0.2,379581,DPT-024,ROL-032
CMP-000177,EMP-00084,2023-12-31,Annual Adjustment,342000,351415,0.2,0,DPT-024,ROL-032
CMP-000178,EMP-00085,2021-01-17,Hire,128000,148000,0.1,29600,DPT-023,ROL-024
CMP-000179,EMP-00085,2021-10-02,Annual Adjustment,148000,151879,0.1,0,DPT-023,ROL-024
CMP-000180,EMP-00085,2022-04-25,Equity Refresh,148000,148000,0.1,16068,DPT-023,ROL-024
CMP-000181,EMP-00086,2022-03-06,Hire,192000,219000,0.2,219000,DPT-012,ROL-029
CMP-000182,EMP-00086,2022-09-23,Annual Adjustment,219000,226832,0.2,0,DPT-012,ROL-029
CMP-000183,EMP-00087,2023-12-27,Hire,79000,92000,0.1,18400,DPT-016,ROL-016
CMP-000184,EMP-00087,2024-07-29,Annual Adjustment,92000,94059,0.1,0,DPT-016,ROL-016
CMP-000185,EMP-00087,2025-08-25,Annual Adjustment,92000,94082,0.1,0,DPT-016,ROL-016
CMP-000186,EMP-00087,2026-04-01,Equity Refresh,92000,92000,0.1,21276,DPT-016,ROL-016
CMP-000187,EMP-00088,2024-10-25,Hire,94000,108000,0.1,21600,DPT-021,ROL-023
CMP-000188,EMP-00088,2025-10-10,Equity Refresh,108000,108000,0.1,21566,DPT-021,ROL-023
CMP-000189,EMP-00089,2024-05-17,Hire,139000,162000,0.1,81000,DPT-005,ROL-004
CMP-000190,EMP-00090,2022-09-19,Hire,116000,132000,0.1,26400,DPT-023,ROL-024
CMP-000191,EMP-00091,2024-11-12,Hire,204000,225000,0.2,225000,DPT-016,ROL-026
CMP-000192,EMP-00091,2025-12-08,Equity Refresh,225000,225000,0.2,318372,DPT-016,ROL-026
CMP-000193,EMP-00092,2023-11-09,Hire,112000,128000,0.1,25600,DPT-005,ROL-003
CMP-000194,EMP-00093,2021-04-29,Hire,121000,136000,0.1,27200,DPT-011,ROL-014
CMP-000195,EMP-00094,2023-03-12,Hire,165000,186000,0.2,186000,DPT-004,ROL-025
CMP-000196,EMP-00095,2022-05-23,Hire,101000,112000,0.1,22400,DPT-008,ROL-002
CMP-000197,EMP-00095,2023-02-04,Annual Adjustment,112000,117150,0.1,0,DPT-008,ROL-002
CMP-000198,EMP-00095,2023-10-12,Annual Adjustment,112000,114457,0.1,0,DPT-008,ROL-002
CMP-000199,EMP-00096,2022-10-15,Hire,165000,183000,0.2,183000,DPT-018,ROL-025
CMP-000200,EMP-00097,2024-05-18,Hire,117000,136000,0.1,27200,DPT-001,ROL-003
CMP-000201,EMP-00097,2025-03-09,Promotion,136000,163047,0.1,0,DPT-001,ROL-003
CMP-000202,EMP-00097,2025-09-25,Promotion,136000,159199,0.1,0,DPT-001,ROL-003
CMP-000203,EMP-00097,2025-12-30,Termination,136000,0,0,0,DPT-001,ROL-003
CMP-000204,EMP-00098,2021-05-24,Hire,215000,246000,0.2,246000,DPT-005,ROL-028
CMP-000205,EMP-00099,2023-05-20,Hire,101000,112000,0.1,22400,DPT-019,ROL-017
CMP-000206,EMP-00099,2024-01-14,Annual Adjustment,112000,114397,0.1,0,DPT-019,ROL-017
CMP-000207,EMP-00099,2024-07-15,Annual Adjustment,112000,118557,0.1,0,DPT-019,ROL-017
CMP-000208,EMP-00099,2025-02-04,Termination,112000,0,0,0,DPT-019,ROL-017
CMP-000209,EMP-00100,2025-12-06,Hire,78000,86000,0.1,17200,DPT-026,ROL-022
CMP-000210,EMP-00101,2023-08-26,Hire,67000,77000,0.1,15400,DPT-020,ROL-019
CMP-000211,EMP-00101,2024-09-29,Annual Adjustment,77000,80244,0.1,0,DPT-020,ROL-019
CMP-000212,EMP-00101,2025-10-06,Termination,77000,0,0,0,DPT-020,ROL-019
CMP-000213,EMP-00102,2024-12-07,Hire,113000,125000,0.1,25000,DPT-016,ROL-017
CMP-000214,EMP-00102,2025-11-18,Annual Adjustment,125000,130694,0.1,0,DPT-016,ROL-017
CMP-000215,EMP-00103,2020-07-29,Hire,203000,226000,0.2,226000,DPT-011,ROL-026
CMP-000216,EMP-00103,2022-06-25,Termination,226000,0,0,0,DPT-011,ROL-026
CMP-000217,EMP-00104,2021-06-25,Hire,152000,168000,0.1,84000,DPT-001,ROL-004
CMP-000218,EMP-00104,2022-06-09,Annual Adjustment,168000,171993,0.1,0,DPT-001,ROL-004
CMP-000219,EMP-00104,2023-07-25,Promotion,168000,202521,0.1,0,DPT-001,ROL-004
CMP-000220,EMP-00105,2023-01-04,Hire,204000,228000,0.2,228000,DPT-005,ROL-028
CMP-000221,EMP-00105,2023-07-03,Annual Adjustment,228000,238244,0.2,0,DPT-005,ROL-028
CMP-000222,EMP-00106,2023-11-14,Hire,90000,105000,0.1,21000,DPT-010,ROL-020
CMP-000223,EMP-00106,2024-11-23,Equity Refresh,105000,105000,0.1,25544,DPT-010,ROL-020
CMP-000224,EMP-00106,2025-07-17,Annual Adjustment,105000,110652,0.1,0,DPT-010,ROL-020
CMP-000225,EMP-00106,2026-02-03,Annual Adjustment,105000,110590,0.1,0,DPT-010,ROL-020
CMP-000226,EMP-00107,2023-09-14,Hire,115000,132000,0.1,26400,DPT-006,ROL-003
CMP-000227,EMP-00107,2024-04-22,Annual Adjustment,132000,135485,0.1,0,DPT-006,ROL-003
CMP-000228,EMP-00107,2025-03-23,Annual Adjustment,132000,138379,0.1,0,DPT-006,ROL-003
CMP-000229,EMP-00108,2020-11-09,Hire,204000,222000,0.2,222000,DPT-002,ROL-026
CMP-000230,EMP-00108,2021-07-10,Annual Adjustment,222000,234487,0.2,0,DPT-002,ROL-026
CMP-000231,EMP-00108,2022-07-08,Equity Refresh,222000,222000,0.2,187259,DPT-002,ROL-026
CMP-000232,EMP-00109,2025-07-14,Hire,80000,89000,0.1,17800,DPT-005,ROL-001
CMP-000233,EMP-00110,2025-11-03,Hire,98000,107000,0.1,21400,DPT-022,ROL-023
CMP-000234,EMP-00111,2025-08-02,Hire,126000,138000,0.1,27600,DPT-012,ROL-012
CMP-000235,EMP-00112,2025-01-25,Hire,98000,113000,0.1,22600,DPT-001,ROL-002
CMP-000236,EMP-00112,2025-10-06,Equity Refresh,113000,113000,0.1,22534,DPT-001,ROL-002
CMP-000237,EMP-00113,2024-05-29,Hire,157000,183000,0.2,183000,DPT-004,ROL-025
CMP-000238,EMP-00113,2025-01-04,Promotion,183000,221655,0.2,0,DPT-004,ROL-025
CMP-000239,EMP-00113,2025-12-27,Termination,183000,0,0,0,DPT-004,ROL-025
CMP-000240,EMP-00114,2024-09-15,Hire,99000,108000,0.1,21600,DPT-006,ROL-002
CMP-000241,EMP-00114,2025-10-22,Annual Adjustment,108000,110530,0.1,0,DPT-006,ROL-002
CMP-000242,EMP-00115,2023-10-03,Hire,152000,168000,0.1,84000,DPT-006,ROL-004
CMP-000243,EMP-00115,2024-04-05,Promotion,168000,191138,0.1,0,DPT-006,ROL-004
CMP-000244,EMP-00115,2025-07-07,Termination,168000,0,0,0,DPT-006,ROL-004
CMP-000245,EMP-00116,2021-11-13,Hire,280000,317000,0.2,317000,DPT-006,ROL-034
CMP-000246,EMP-00116,2022-06-24,Promotion,317000,374174,0.2,0,DPT-006,ROL-034
CMP-000247,EMP-00117,2023-01-15,Hire,93000,106000,0.1,21200,DPT-004,ROL-002
CMP-000248,EMP-00118,2026-02-24,Hire,212000,244000,0.2,244000,DPT-006,ROL-028
CMP-000249,EMP-00119,2025-04-09,Hire,120000,139000,0.1,27800,DPT-009,ROL-008
CMP-000250,EMP-00120,2023-04-21,Hire,191000,215000,0.2,215000,DPT-020,ROL-026
CMP-000251,EMP-00120,2024-04-02,Annual Adjustment,215000,224726,0.2,0,DPT-020,ROL-026
CMP-000252,EMP-00120,2026-02-06,Termination,215000,0,0,0,DPT-020,ROL-026
CMP-000253,EMP-00121,2022-07-15,Hire,98000,107000,0.1,21400,DPT-010,ROL-020
CMP-000254,EMP-00121,2023-03-31,Promotion,107000,127291,0.1,0,DPT-010,ROL-020
CMP-000255,EMP-00121,2024-01-21,Annual Adjustment,107000,109623,0.1,0,DPT-010,ROL-020
CMP-000256,EMP-00122,2025-04-26,Hire,91000,107000,0.1,21400,DPT-021,ROL-023
CMP-000257,EMP-00122,2025-12-14,Annual Adjustment,107000,111787,0.1,0,DPT-021,ROL-023
CMP-000258,EMP-00123,2025-04-02,Hire,77000,84000,0.1,16800,DPT-013,ROL-010
CMP-000259,EMP-00123,2026-03-19,Annual Adjustment,84000,87423,0.1,0,DPT-013,ROL-010
CMP-000260,EMP-00124,2024-05-03,Hire,97000,111000,0.1,22200,DPT-004,ROL-002
CMP-000261,EMP-00124,2024-12-30,Annual Adjustment,111000,117263,0.1,0,DPT-004,ROL-002
CMP-000262,EMP-00124,2026-02-16,Annual Adjustment,111000,116194,0.1,0,DPT-004,ROL-002
CMP-000263,EMP-00125,2024-02-24,Hire,121000,137000,0.1,27400,DPT-002,ROL-003
CMP-000264,EMP-00125,2024-11-13,Annual Adjustment,137000,143112,0.1,0,DPT-002,ROL-003
CMP-000265,EMP-00125,2024-12-20,Termination,137000,0,0,0,DPT-002,ROL-003
CMP-000266,EMP-00126,2023-07-02,Hire,73000,84000,0.1,16800,DPT-012,ROL-010
CMP-000267,EMP-00126,2024-01-16,Annual Adjustment,84000,87443,0.1,0,DPT-012,ROL-010
CMP-000268,EMP-00126,2025-01-20,Annual Adjustment,84000,85966,0.1,0,DPT-012,ROL-010
CMP-000269,EMP-00126,2026-02-19,Annual Adjustment,84000,86096,0.1,0,DPT-012,ROL-010
CMP-000270,EMP-00127,2025-07-10,Hire,123000,134000,0.1,26800,DPT-002,ROL-003
CMP-000271,EMP-00127,2026-04-17,Equity Refresh,134000,134000,0.1,25473,DPT-002,ROL-003
CMP-000272,EMP-00128,2024-05-07,Hire,118000,138000,0.1,27600,DPT-009,ROL-008
CMP-000273,EMP-00129,2023-06-12,Hire,190000,217000,0.2,217000,DPT-022,ROL-030
CMP-000274,EMP-00129,2024-01-09,Annual Adjustment,217000,228414,0.2,0,DPT-022,ROL-030
CMP-000275,EMP-00130,2021-10-10,Hire,162000,183000,0.2,183000,DPT-005,ROL-025
CMP-000276,EMP-00130,2022-04-12,Promotion,183000,210723,0.2,0,DPT-005,ROL-025
CMP-000277,EMP-00131,2022-05-12,Hire,83000,96000,0.1,19200,DPT-017,ROL-016
CMP-000278,EMP-00131,2023-03-07,Equity Refresh,96000,96000,0.1,24113,DPT-017,ROL-016
CMP-000279,EMP-00132,2024-09-17,Hire,111000,126000,0.1,25200,DPT-004,ROL-003
CMP-000280,EMP-00132,2025-06-30,Equity Refresh,126000,126000,0.1,30194,DPT-004,ROL-003
CMP-000281,EMP-00133,2024-09-11,Hire,100000,112000,0.1,22400,DPT-001,ROL-002
CMP-000282,EMP-00133,2025-09-15,Annual Adjustment,112000,117980,0.1,0,DPT-001,ROL-002
CMP-000283,EMP-00134,2024-12-12,Hire,205000,239000,0.2,239000,DPT-006,ROL-028
CMP-000284,EMP-00134,2025-12-12,Annual Adjustment,239000,246681,0.2,0,DPT-006,ROL-028
CMP-000285,EMP-00135,2021-11-23,Hire,140000,164000,0.1,82000,DPT-001,ROL-004
CMP-000286,EMP-00135,2022-09-08,Equity Refresh,164000,164000,0.1,83595,DPT-001,ROL-004
CMP-000287,EMP-00135,2023-08-05,Annual Adjustment,164000,168975,0.1,0,DPT-001,ROL-004
CMP-000288,EMP-00135,2025-06-18,Termination,164000,0,0,0,DPT-001,ROL-004
CMP-000289,EMP-00136,2025-08-20,Hire,87000,102000,0.1,20400,DPT-001,ROL-002
CMP-000290,EMP-00137,2025-05-31,Hire,100000,111000,0.1,22200,DPT-013,ROL-011
CMP-000291,EMP-00137,2025-12-04,Equity Refresh,111000,111000,0.1,23890,DPT-013,ROL-011
CMP-000292,EMP-00138,2024-10-01,Hire,78000,86000,0.1,17200,DPT-022,ROL-022
CMP-000293,EMP-00138,2025-09-09,Annual Adjustment,86000,88308,0.1,0,DPT-022,ROL-022
CMP-000294,EMP-00139,2024-06-12,Hire,94000,103000,0.1,20600,DPT-009,ROL-020
CMP-000295,EMP-00139,2025-01-01,Annual Adjustment,103000,107678,0.1,0,DPT-009,ROL-020
CMP-000296,EMP-00139,2026-01-26,Termination,103000,0,0,0,DPT-009,ROL-020
CMP-000297,EMP-00140,2024-06-18,Hire,108000,123000,0.1,24600,DPT-017,ROL-017
CMP-000298,EMP-00140,2025-05-16,Annual Adjustment,123000,129469,0.1,0,DPT-017,ROL-017
CMP-000299,EMP-00140,2025-06-21,Termination,123000,0,0,0,DPT-017,ROL-017
CMP-000300,EMP-00141,2025-09-21,Hire,76000,85000,0.1,17000,DPT-007,ROL-001
CMP-000301,EMP-00141,2026-04-11,Annual Adjustment,85000,89271,0.1,0,DPT-007,ROL-001
CMP-000302,EMP-00142,2024-10-02,Hire,96000,108000,0.1,21600,DPT-004,ROL-002
CMP-000303,EMP-00142,2025-05-07,Promotion,108000,122556,0.1,0,DPT-004,ROL-002
CMP-000304,EMP-00143,2024-02-24,Hire,114000,129000,0.1,25800,DPT-009,ROL-021
CMP-000305,EMP-00143,2025-03-15,Annual Adjustment,129000,135522,0.1,0,DPT-009,ROL-021
CMP-000306,EMP-00143,2026-01-11,Annual Adjustment,129000,133540,0.1,0,DPT-009,ROL-021
CMP-000307,EMP-00143,2026-04-04,Termination,129000,0,0,0,DPT-009,ROL-021
CMP-000308,EMP-00144,2025-07-10,Hire,90000,98000,0.1,19600,DPT-009,ROL-007
CMP-000309,EMP-00144,2026-02-17,Annual Adjustment,98000,103815,0.1,0,DPT-009,ROL-007
CMP-000310,EMP-00145,2024-08-15,Hire,99000,112000,0.1,22400,DPT-009,ROL-020
CMP-000311,EMP-00145,2025-04-29,Promotion,112000,134855,0.1,0,DPT-009,ROL-020
CMP-000312,EMP-00145,2025-06-11,Termination,112000,0,0,0,DPT-009,ROL-020
CMP-000313,EMP-00146,2025-09-05,Hire,210000,240000,0.2,240000,DPT-020,ROL-028
CMP-000314,EMP-00147,2025-08-26,Hire,96000,112000,0.1,22400,DPT-009,ROL-020
CMP-000315,EMP-00148,2024-04-16,Hire,96000,111000,0.1,22200,DPT-009,ROL-020
CMP-000316,EMP-00148,2025-05-07,Annual Adjustment,111000,116175,0.1,0,DPT-009,ROL-020
CMP-000317,EMP-00149,2024-05-29,Hire,82000,96000,0.1,19200,DPT-017,ROL-016
CMP-000318,EMP-00149,2025-01-10,Annual Adjustment,96000,100516,0.1,0,DPT-017,ROL-016
CMP-000319,EMP-00149,2025-11-17,Promotion,96000,113404,0.1,0,DPT-017,ROL-016
CMP-000320,EMP-00150,2022-09-20,Hire,174000,191000,0.2,191000,DPT-003,ROL-025
CMP-000321,EMP-00150,2023-09-25,Promotion,191000,224576,0.2,0,DPT-003,ROL-025
CMP-000322,EMP-00151,2025-03-24,Hire,75000,87000,0.1,17400,DPT-001,ROL-001
CMP-000323,EMP-00151,2026-01-02,Equity Refresh,87000,87000,0.1,18158,DPT-001,ROL-001
CMP-000324,EMP-00152,2023-03-17,Hire,91000,103000,0.1,20600,DPT-003,ROL-002
CMP-000325,EMP-00152,2024-04-10,Annual Adjustment,103000,108849,0.1,0,DPT-003,ROL-002
CMP-000326,EMP-00152,2025-01-12,Annual Adjustment,103000,105856,0.1,0,DPT-003,ROL-002
CMP-000327,EMP-00153,2022-05-23,Hire,225000,245000,0.2,245000,DPT-016,ROL-028
CMP-000328,EMP-00153,2023-02-12,Annual Adjustment,245000,257845,0.2,0,DPT-016,ROL-028
CMP-000329,EMP-00154,2021-05-08,Hire,180000,209000,0.1,104500,DPT-005,ROL-005
CMP-000330,EMP-00154,2022-02-20,Equity Refresh,209000,209000,0.1,124052,DPT-005,ROL-005
CMP-000331,EMP-00154,2023-03-08,Promotion,209000,254230,0.1,0,DPT-005,ROL-005
CMP-000332,EMP-00155,2023-10-27,Hire,180000,208000,0.2,208000,DPT-004,ROL-029
CMP-000333,EMP-00155,2024-05-17,Annual Adjustment,208000,219399,0.2,0,DPT-004,ROL-029
CMP-000334,EMP-00155,2024-11-20,Equity Refresh,208000,208000,0.2,231999,DPT-004,ROL-029
CMP-000335,EMP-00156,2023-12-12,Hire,116000,133000,0.1,26600,DPT-003,ROL-003
CMP-000336,EMP-00156,2025-01-10,Annual Adjustment,133000,136176,0.1,0,DPT-003,ROL-003
CMP-000337,EMP-00157,2021-01-15,Hire,174000,204000,0.1,102000,DPT-003,ROL-005
CMP-000338,EMP-00157,2021-09-21,Annual Adjustment,204000,208907,0.1,0,DPT-003,ROL-005
CMP-000339,EMP-00157,2022-05-10,Promotion,204000,238605,0.1,0,DPT-003,ROL-005
CMP-000340,EMP-00158,2024-06-02,Hire,98000,109000,0.1,21800,DPT-024,ROL-023
CMP-000341,EMP-00158,2025-05-03,Annual Adjustment,109000,112069,0.1,0,DPT-024,ROL-023
CMP-000342,EMP-00158,2026-03-20,Equity Refresh,109000,109000,0.1,20287,DPT-024,ROL-023
CMP-000343,EMP-00159,2023-11-28,Hire,96000,104000,0.1,20800,DPT-001,ROL-002
CMP-000344,EMP-00159,2024-11-03,Equity Refresh,104000,104000,0.1,20387,DPT-001,ROL-002
CMP-000345,EMP-00160,2024-09-24,Hire,115000,135000,0.1,27000,DPT-007,ROL-003
CMP-000346,EMP-00160,2025-06-03,Annual Adjustment,135000,142493,0.1,0,DPT-007,ROL-003
CMP-000347,EMP-00161,2025-09-21,Hire,156000,174000,0.1,87000,DPT-001,ROL-004
CMP-000348,EMP-00162,2025-03-13,Hire,103000,115000,0.1,23000,DPT-020,ROL-017
CMP-000349,EMP-00162,2026-01-28,Promotion,115000,137201,0.1,0,DPT-020,ROL-017
CMP-000350,EMP-00163,2021-07-11,Hire,167000,194000,0.1,97000,DPT-001,ROL-005
CMP-000351,EMP-00163,2022-03-04,Annual Adjustment,194000,200653,0.1,0,DPT-001,ROL-005
CMP-000352,EMP-00163,2023-03-05,Annual Adjustment,194000,199315,0.1,0,DPT-001,ROL-005
CMP-000353,EMP-00163,2024-01-28,Termination,194000,0,0,0,DPT-001,ROL-005
CMP-000354,EMP-00164,2024-10-09,Hire,95000,103000,0.1,20600,DPT-006,ROL-002
CMP-000355,EMP-00164,2025-06-01,Equity Refresh,103000,103000,0.1,11130,DPT-006,ROL-002
CMP-000356,EMP-00165,2025-01-28,Hire,73000,79000,0.1,15800,DPT-020,ROL-019
CMP-000357,EMP-00166,2024-11-26,Hire,189000,208000,0.2,208000,DPT-018,ROL-029
CMP-000358,EMP-00166,2025-10-21,Annual Adjustment,208000,215417,0.2,0,DPT-018,ROL-029
CMP-000359,EMP-00167,2025-04-08,Hire,121000,137000,0.1,27400,DPT-005,ROL-003
CMP-000360,EMP-00167,2025-12-26,Promotion,137000,155786,0.1,0,DPT-005,ROL-003
CMP-000361,EMP-00168,2025-03-19,Hire,156000,171000,0.1,85500,DPT-002,ROL-004
CMP-000362,EMP-00168,2025-12-22,Annual Adjustment,171000,175431,0.1,0,DPT-002,ROL-004
CMP-000363,EMP-00169,2023-05-06,Hire,105000,114000,0.1,22800,DPT-006,ROL-002
CMP-000364,EMP-00169,2024-01-13,Promotion,114000,127032,0.1,0,DPT-006,ROL-002
CMP-000365,EMP-00170,2025-07-27,Hire,150000,164000,0.1,82000,DPT-005,ROL-004
CMP-000366,EMP-00171,2024-10-28,Hire,89000,102000,0.1,20400,DPT-021,ROL-023
CMP-000367,EMP-00171,2025-08-25,Promotion,102000,112795,0.1,0,DPT-021,ROL-023
CMP-000368,EMP-00171,2026-04-01,Termination,102000,0,0,0,DPT-021,ROL-023
CMP-000369,EMP-00172,2023-10-26,Hire,69000,78000,0.1,15600,DPT-012,ROL-010
CMP-000370,EMP-00172,2024-05-20,Annual Adjustment,78000,82299,0.1,0,DPT-012,ROL-010
CMP-000371,EMP-00172,2026-04-28,Termination,78000,0,0,0,DPT-012,ROL-010
CMP-000372,EMP-00173,2023-09-03,Hire,96000,112000,0.1,22400,DPT-001,ROL-002
CMP-000373,EMP-00173,2024-03-26,Annual Adjustment,112000,115127,0.1,0,DPT-001,ROL-002
CMP-000374,EMP-00173,2024-07-01,Termination,112000,0,0,0,DPT-001,ROL-002
CMP-000375,EMP-00174,2024-04-05,Hire,100000,113000,0.1,22600,DPT-009,ROL-020
CMP-000376,EMP-00174,2025-05-14,Promotion,113000,125540,0.1,0,DPT-009,ROL-020
CMP-000377,EMP-00174,2025-11-26,Annual Adjustment,113000,115355,0.1,0,DPT-009,ROL-020
CMP-000378,EMP-00174,2026-02-28,Termination,113000,0,0,0,DPT-009,ROL-020
CMP-000379,EMP-00175,2025-08-06,Hire,152000,177000,0.2,177000,DPT-016,ROL-025
CMP-000380,EMP-00176,2025-01-17,Hire,99000,109000,0.1,21800,DPT-003,ROL-002
CMP-000381,EMP-00177,2024-07-07,Hire,190000,219000,0.2,219000,DPT-013,ROL-029
CMP-000382,EMP-00177,2025-01-16,Annual Adjustment,219000,230428,0.2,0,DPT-013,ROL-029
CMP-000383,EMP-00177,2026-03-09,Promotion,219000,245797,0.2,0,DPT-013,ROL-029
CMP-000384,EMP-00178,2023-07-20,Hire,75000,83000,0.1,16600,DPT-023,ROL-022
CMP-000385,EMP-00178,2024-05-16,Promotion,83000,97370,0.1,0,DPT-023,ROL-022
CMP-000386,EMP-00179,2025-08-27,Hire,179000,198000,0.2,198000,DPT-017,ROL-030
CMP-000387,EMP-00179,2026-03-01,Annual Adjustment,198000,207078,0.2,0,DPT-017,ROL-030
CMP-000388,EMP-00180,2025-06-05,Hire,97000,110000,0.1,22000,DPT-010,ROL-020
CMP-000389,EMP-00181,2024-07-28,Hire,100000,110000,0.1,22000,DPT-001,ROL-002
CMP-000390,EMP-00181,2025-07-07,Annual Adjustment,110000,112318,0.1,0,DPT-001,ROL-002
CMP-000391,EMP-00182,2022-07-05,Hire,223000,248000,0.2,248000,DPT-012,ROL-028
CMP-000392,EMP-00182,2023-07-14,Equity Refresh,248000,248000,0.2,190997,DPT-012,ROL-028
CMP-000393,EMP-00182,2025-04-13,Termination,248000,0,0,0,DPT-012,ROL-028
CMP-000394,EMP-00183,2022-02-11,Hire,127000,139000,0.1,27800,DPT-021,ROL-024
CMP-000395,EMP-00184,2024-10-24,Hire,150000,169000,0.1,84500,DPT-008,ROL-004
CMP-000396,EMP-00184,2025-10-02,Equity Refresh,169000,169000,0.1,124111,DPT-008,ROL-004
CMP-000397,EMP-00184,2026-05-12,Termination,169000,0,0,0,DPT-008,ROL-004
CMP-000398,EMP-00185,2022-11-10,Hire,73000,84000,0.1,16800,DPT-023,ROL-022
CMP-000399,EMP-00185,2023-06-06,Annual Adjustment,84000,86089,0.1,0,DPT-023,ROL-022
CMP-000400,EMP-00185,2024-01-04,Annual Adjustment,84000,87253,0.1,0,DPT-023,ROL-022
CMP-000401,EMP-00185,2024-08-14,Promotion,84000,96371,0.1,0,DPT-023,ROL-022
CMP-000402,EMP-00185,2025-05-02,Termination,84000,0,0,0,DPT-023,ROL-022
CMP-000403,EMP-00186,2025-07-25,Hire,84000,92000,0.1,18400,DPT-016,ROL-016
CMP-000404,EMP-00186,2026-04-08,Equity Refresh,92000,92000,0.1,11567,DPT-016,ROL-016
CMP-000405,EMP-00187,2022-08-20,Hire,100000,114000,0.1,22800,DPT-002,ROL-002
CMP-000406,EMP-00187,2023-03-30,Annual Adjustment,114000,118816,0.1,0,DPT-002,ROL-002
CMP-000407,EMP-00188,2024-12-03,Hire,68000,78000,0.1,15600,DPT-023,ROL-022
CMP-000408,EMP-00188,2025-07-31,Equity Refresh,78000,78000,0.1,15350,DPT-023,ROL-022
CMP-000409,EMP-00189,2022-07-14,Hire,109000,124000,0.1,24800,DPT-019,ROL-017
CMP-000410,EMP-00189,2023-03-04,Equity Refresh,124000,124000,0.1,21815,DPT-019,ROL-017
CMP-000411,EMP-00189,2026-03-17,Termination,124000,0,0,0,DPT-019,ROL-017
CMP-000412,EMP-00190,2025-08-01,Hire,88000,101000,0.1,20200,DPT-012,ROL-011
CMP-000413,EMP-00190,2026-03-05,Annual Adjustment,101000,104878,0.1,0,DPT-012,ROL-011
CMP-000414,EMP-00191,2024-12-30,Hire,71000,83000,0.1,16600,DPT-025,ROL-022
CMP-000415,EMP-00191,2025-10-20,Equity Refresh,83000,83000,0.1,18590,DPT-025,ROL-022
CMP-000416,EMP-00192,2025-03-24,Hire,108000,121000,0.1,24200,DPT-020,ROL-017
CMP-000417,EMP-00192,2026-03-14,Annual Adjustment,121000,123428,0.1,0,DPT-020,ROL-017
CMP-000418,EMP-00193,2024-05-11,Hire,94000,110000,0.1,22000,DPT-001,ROL-002
CMP-000419,EMP-00193,2025-05-17,Annual Adjustment,110000,112362,0.1,0,DPT-001,ROL-002
CMP-000420,EMP-00193,2025-05-30,Termination,110000,0,0,0,DPT-001,ROL-002
CMP-000421,EMP-00194,2022-10-06,Hire,92000,107000,0.1,21400,DPT-002,ROL-002
CMP-000422,EMP-00194,2023-10-09,Annual Adjustment,107000,112233,0.1,0,DPT-002,ROL-002
CMP-000423,EMP-00194,2026-03-07,Termination,107000,0,0,0,DPT-002,ROL-002
CMP-000424,EMP-00195,2024-10-27,Hire,118000,131000,0.1,26200,DPT-002,ROL-003
CMP-000425,EMP-00195,2025-08-04,Annual Adjustment,131000,136545,0.1,0,DPT-002,ROL-003
CMP-000426,EMP-00196,2023-10-01,Hire,173000,195000,0.1,97500,DPT-002,ROL-005
CMP-000427,EMP-00196,2024-04-03,Annual Adjustment,195000,200114,0.1,0,DPT-002,ROL-005
CMP-000428,EMP-00197,2025-03-25,Hire,94000,102000,0.1,20400,DPT-022,ROL-023
CMP-000429,EMP-00197,2026-03-20,Annual Adjustment,102000,106128,0.1,0,DPT-022,ROL-023
CMP-000430,EMP-00198,2023-08-17,Hire,62000,71000,0.1,14200,DPT-016,ROL-015
CMP-000431,EMP-00199,2023-04-14,Hire,94000,107000,0.1,21400,DPT-002,ROL-002
CMP-000432,EMP-00199,2024-01-29,Annual Adjustment,107000,112976,0.1,0,DPT-002,ROL-002
CMP-000433,EMP-00200,2024-04-16,Hire,115000,125000,0.1,25000,DPT-003,ROL-003
CMP-000434,EMP-00201,2025-06-22,Hire,73000,83000,0.1,16600,DPT-005,ROL-001
CMP-000435,EMP-00201,2026-01-19,Equity Refresh,83000,83000,0.1,15314,DPT-005,ROL-001
CMP-000436,EMP-00202,2025-01-02,Hire,74000,83000,0.1,16600,DPT-013,ROL-010
CMP-000437,EMP-00202,2025-12-15,Equity Refresh,83000,83000,0.1,21702,DPT-013,ROL-010
CMP-000438,EMP-00203,2021-06-27,Hire,163000,178000,0.2,178000,DPT-002,ROL-025
CMP-000439,EMP-00203,2022-03-24,Annual Adjustment,178000,183720,0.2,0,DPT-002,ROL-025
CMP-000440,EMP-00203,2023-05-07,Annual Adjustment,178000,186958,0.2,0,DPT-002,ROL-025
CMP-000441,EMP-00203,2023-09-12,Termination,178000,0,0,0,DPT-002,ROL-025
CMP-000442,EMP-00204,2020-11-11,Hire,150000,167000,0.1,83500,DPT-006,ROL-004
CMP-000443,EMP-00204,2021-10-13,Annual Adjustment,167000,176596,0.1,0,DPT-006,ROL-004
CMP-000444,EMP-00205,2025-09-09,Hire,285000,320000,0.2,320000,DPT-018,ROL-034
CMP-000445,EMP-00206,2025-07-04,Hire,103000,120000,0.1,24000,DPT-020,ROL-017
CMP-000446,EMP-00206,2026-01-25,Equity Refresh,120000,120000,0.1,32759,DPT-020,ROL-017
CMP-000447,EMP-00207,2024-10-13,Hire,120000,139000,0.1,27800,DPT-009,ROL-008
CMP-000448,EMP-00207,2025-08-07,Annual Adjustment,139000,143918,0.1,0,DPT-009,ROL-008
CMP-000449,EMP-00207,2026-03-12,Annual Adjustment,139000,145693,0.1,0,DPT-009,ROL-008
CMP-000450,EMP-00208,2023-07-13,Hire,101000,114000,0.1,22800,DPT-002,ROL-002
CMP-000451,EMP-00208,2024-06-08,Promotion,114000,128488,0.1,0,DPT-002,ROL-002
CMP-000452,EMP-00208,2024-12-27,Annual Adjustment,114000,119852,0.1,0,DPT-002,ROL-002
CMP-000453,EMP-00208,2025-10-03,Annual Adjustment,114000,120707,0.1,0,DPT-002,ROL-002
CMP-000454,EMP-00209,2023-12-31,Hire,104000,115000,0.1,23000,DPT-020,ROL-017
CMP-000455,EMP-00209,2024-08-13,Equity Refresh,115000,115000,0.1,21671,DPT-020,ROL-017
CMP-000456,EMP-00209,2025-07-22,Annual Adjustment,115000,117385,0.1,0,DPT-020,ROL-017
CMP-000457,EMP-00210,2025-01-10,Hire,87000,101000,0.1,20200,DPT-012,ROL-013
CMP-000458,EMP-00210,2026-02-18,Annual Adjustment,101000,105149,0.1,0,DPT-012,ROL-013
CMP-000459,EMP-00211,2024-12-27,Hire,62000,68000,0.1,13600,DPT-017,ROL-015
CMP-000460,EMP-00211,2025-07-07,Equity Refresh,68000,68000,0.1,12162,DPT-017,ROL-015
CMP-000461,EMP-00212,2025-03-16,Hire,91000,102000,0.1,20400,DPT-010,ROL-007
CMP-000462,EMP-00212,2026-03-11,Annual Adjustment,102000,107953,0.1,0,DPT-010,ROL-007
CMP-000463,EMP-00213,2021-09-28,Hire,159000,174000,0.1,34800,DPT-009,ROL-009
CMP-000464,EMP-00213,2022-04-19,Promotion,174000,207919,0.1,0,DPT-009,ROL-009
CMP-000465,EMP-00213,2022-11-24,Promotion,174000,206990,0.1,0,DPT-009,ROL-009
CMP-000466,EMP-00213,2023-06-19,Annual Adjustment,174000,183525,0.1,0,DPT-009,ROL-009
CMP-000467,EMP-00214,2020-07-21,Hire,160000,183000,0.2,183000,DPT-002,ROL-025
CMP-000468,EMP-00215,2025-02-23,Hire,192000,209000,0.1,104500,DPT-002,ROL-005
CMP-000469,EMP-00215,2025-11-19,Equity Refresh,209000,209000,0.1,122654,DPT-002,ROL-005
CMP-000470,EMP-00216,2023-04-29,Hire,77000,90000,0.1,18000,DPT-007,ROL-001
CMP-000471,EMP-00216,2024-02-11,Annual Adjustment,90000,93377,0.1,0,DPT-007,ROL-001
CMP-000472,EMP-00216,2025-02-22,Annual Adjustment,90000,93955,0.1,0,DPT-007,ROL-001
CMP-000473,EMP-00217,2020-10-30,Hire,141000,165000,0.1,82500,DPT-007,ROL-004
CMP-000474,EMP-00217,2021-07-19,Annual Adjustment,165000,172191,0.1,0,DPT-007,ROL-004
CMP-000475,EMP-00217,2022-03-10,Annual Adjustment,165000,173430,0.1,0,DPT-007,ROL-004
CMP-000476,EMP-00218,2025-10-22,Hire,103000,113000,0.1,22600,DPT-010,ROL-020
CMP-000477,EMP-00219,2024-04-06,Hire,75000,83000,0.1,16600,DPT-001,ROL-001
CMP-000478,EMP-00219,2024-10-28,Promotion,83000,93972,0.1,0,DPT-001,ROL-001
CMP-000479,EMP-00219,2025-07-08,Termination,83000,0,0,0,DPT-001,ROL-001
CMP-000480,EMP-00220,2023-12-04,Hire,84000,92000,0.1,18400,DPT-004,ROL-001
CMP-000481,EMP-00220,2025-01-18,Annual Adjustment,92000,94339,0.1,0,DPT-004,ROL-001
CMP-000482,EMP-00220,2025-09-08,Annual Adjustment,92000,96758,0.1,0,DPT-004,ROL-001
CMP-000483,EMP-00221,2024-05-03,Hire,131000,148000,0.1,29600,DPT-021,ROL-024
CMP-000484,EMP-00221,2025-03-19,Annual Adjustment,148000,155892,0.1,0,DPT-021,ROL-024
CMP-000485,EMP-00221,2025-09-28,Termination,148000,0,0,0,DPT-021,ROL-024
CMP-000486,EMP-00222,2021-11-29,Hire,178000,201000,0.2,201000,DPT-020,ROL-030
CMP-000487,EMP-00222,2022-11-17,Annual Adjustment,201000,205755,0.2,0,DPT-020,ROL-030
CMP-000488,EMP-00222,2023-12-08,Equity Refresh,201000,201000,0.2,286046,DPT-020,ROL-030
CMP-000489,EMP-00223,2023-10-11,Hire,78000,88000,0.1,17600,DPT-002,ROL-001
CMP-000490,EMP-00223,2024-11-18,Promotion,88000,101618,0.1,0,DPT-002,ROL-001
CMP-000491,EMP-00224,2025-11-20,Hire,76000,89000,0.1,17800,DPT-020,ROL-016
CMP-000492,EMP-00225,2022-09-13,Hire,75000,85000,0.1,17000,DPT-024,ROL-022
CMP-000493,EMP-00225,2023-04-08,Annual Adjustment,85000,89416,0.1,0,DPT-024,ROL-022
CMP-000494,EMP-00225,2024-04-25,Equity Refresh,85000,85000,0.1,15954,DPT-024,ROL-022
CMP-000495,EMP-00226,2026-02-25,Hire,151000,170000,0.1,85000,DPT-001,ROL-004
CMP-000496,EMP-00227,2020-09-28,Hire,131000,145000,0.1,29000,DPT-025,ROL-024
CMP-000497,EMP-00227,2021-07-08,Annual Adjustment,145000,149292,0.1,0,DPT-025,ROL-024
CMP-000498,EMP-00227,2022-06-23,Annual Adjustment,145000,151100,0.1,0,DPT-025,ROL-024
CMP-000499,EMP-00227,2023-02-04,Equity Refresh,145000,145000,0.1,29774,DPT-025,ROL-024
CMP-000500,EMP-00228,2025-03-22,Hire,93000,106000,0.1,21200,DPT-001,ROL-002
CMP-000501,EMP-00228,2026-01-24,Equity Refresh,106000,106000,0.1,28861,DPT-001,ROL-002
CMP-000502,EMP-00229,2025-01-23,Hire,75000,85000,0.1,17000,DPT-022,ROL-022
CMP-000503,EMP-00229,2025-12-31,Promotion,85000,101750,0.1,0,DPT-022,ROL-022
CMP-000504,EMP-00230,2024-05-16,Hire,143000,161000,0.1,80500,DPT-006,ROL-004
CMP-000505,EMP-00231,2023-02-26,Hire,111000,128000,0.1,25600,DPT-006,ROL-003
CMP-000506,EMP-00231,2023-10-29,Annual Adjustment,128000,132642,0.1,0,DPT-006,ROL-003
CMP-000507,EMP-00231,2024-08-20,Promotion,128000,153998,0.1,0,DPT-006,ROL-003
CMP-000508,EMP-00232,2024-04-11,Hire,118000,130000,0.1,26000,DPT-009,ROL-021
CMP-000509,EMP-00232,2025-04-19,Annual Adjustment,130000,136986,0.1,0,DPT-009,ROL-021
CMP-000510,EMP-00233,2023-07-18,Hire,117000,129000,0.1,25800,DPT-012,ROL-014
CMP-000511,EMP-00233,2024-05-22,Promotion,129000,151377,0.1,0,DPT-012,ROL-014
CMP-000512,EMP-00234,2025-10-19,Hire,100000,113000,0.1,22600,DPT-018,ROL-017
CMP-000513,EMP-00235,2023-04-27,Hire,104000,114000,0.1,22800,DPT-003,ROL-002
CMP-000514,EMP-00235,2024-03-27,Annual Adjustment,114000,116462,0.1,0,DPT-003,ROL-002
CMP-000515,EMP-00235,2025-01-04,Promotion,114000,136647,0.1,0,DPT-003,ROL-002
CMP-000516,EMP-00236,2021-04-04,Hire,186000,209000,0.1,104500,DPT-001,ROL-005
CMP-000517,EMP-00236,2022-02-10,Annual Adjustment,209000,215240,0.1,0,DPT-001,ROL-005
CMP-000518,EMP-00237,2023-11-27,Hire,283000,312000,0.2,312000,DPT-022,ROL-034
CMP-000519,EMP-00237,2024-07-13,Equity Refresh,312000,312000,0.2,307136,DPT-022,ROL-034
CMP-000520,EMP-00238,2023-01-18,Hire,150000,166000,0.1,33200,DPT-010,ROL-009
CMP-000521,EMP-00238,2024-02-08,Equity Refresh,166000,166000,0.1,29918,DPT-010,ROL-009
CMP-000522,EMP-00238,2024-09-14,Equity Refresh,166000,166000,0.1,41902,DPT-010,ROL-009
CMP-000523,EMP-00238,2024-10-22,Termination,166000,0,0,0,DPT-010,ROL-009
CMP-000524,EMP-00239,2022-04-17,Hire,240000,270000,0.2,270000,DPT-001,ROL-027
CMP-000525,EMP-00239,2023-02-04,Equity Refresh,270000,270000,0.2,354896,DPT-001,ROL-027
CMP-000526,EMP-00239,2024-03-27,Equity Refresh,270000,270000,0.2,234909,DPT-001,ROL-027
CMP-000527,EMP-00240,2023-05-28,Hire,88000,103000,0.1,20600,DPT-023,ROL-023
CMP-000528,EMP-00240,2024-05-19,Annual Adjustment,103000,107446,0.1,0,DPT-023,ROL-023
CMP-000529,EMP-00240,2025-01-21,Promotion,103000,116677,0.1,0,DPT-023,ROL-023
CMP-000530,EMP-00240,2025-06-25,Termination,103000,0,0,0,DPT-023,ROL-023
CMP-000531,EMP-00241,2023-06-12,Hire,97000,105000,0.1,21000,DPT-026,ROL-023
CMP-000532,EMP-00241,2024-07-28,Annual Adjustment,105000,107353,0.1,0,DPT-026,ROL-023
CMP-000533,EMP-00241,2025-02-24,Termination,105000,0,0,0,DPT-026,ROL-023
CMP-000534,EMP-00242,2023-09-28,Hire,281000,317000,0.2,317000,DPT-019,ROL-034
CMP-000535,EMP-00242,2024-05-21,Annual Adjustment,317000,325369,0.2,0,DPT-019,ROL-034
CMP-000536,EMP-00243,2023-06-03,Hire,62000,71000,0.1,14200,DPT-018,ROL-015
CMP-000537,EMP-00243,2024-05-25,Annual Adjustment,71000,74344,0.1,0,DPT-018,ROL-015
CMP-000538,EMP-00243,2025-06-14,Equity Refresh,71000,71000,0.1,18709,DPT-018,ROL-015
CMP-000539,EMP-00244,2026-04-24,Hire,63000,72000,0.1,14400,DPT-019,ROL-015
CMP-000540,EMP-00245,2023-11-21,Hire,143000,159000,0.1,79500,DPT-005,ROL-004
CMP-000541,EMP-00246,2024-08-24,Hire,70000,78000,0.1,15600,DPT-011,ROL-010
CMP-000542,EMP-00246,2025-03-09,Annual Adjustment,78000,81964,0.1,0,DPT-011,ROL-010
CMP-000543,EMP-00246,2026-02-18,Annual Adjustment,78000,80441,0.1,0,DPT-011,ROL-010
CMP-000544,EMP-00247,2025-09-18,Hire,82000,91000,0.1,18200,DPT-002,ROL-001
CMP-000545,EMP-00248,2022-10-30,Hire,115000,125000,0.1,25000,DPT-004,ROL-003
CMP-000546,EMP-00248,2023-07-01,Equity Refresh,125000,125000,0.1,28067,DPT-004,ROL-003
CMP-000547,EMP-00248,2024-05-08,Equity Refresh,125000,125000,0.1,12731,DPT-004,ROL-003
CMP-000548,EMP-00249,2025-06-03,Hire,95000,104000,0.1,20800,DPT-002,ROL-002
CMP-000549,EMP-00249,2026-05-01,Annual Adjustment,104000,107059,0.1,0,DPT-002,ROL-002
CMP-000550,EMP-00250,2025-11-25,Hire,71000,83000,0.1,16600,DPT-021,ROL-022
CMP-000551,EMP-00251,2023-06-30,Hire,74000,85000,0.1,17000,DPT-008,ROL-001
CMP-000552,EMP-00251,2024-05-22,Equity Refresh,85000,85000,0.1,21093,DPT-008,ROL-001
CMP-000553,EMP-00251,2025-04-18,Annual Adjustment,85000,86984,0.1,0,DPT-008,ROL-001
CMP-000554,EMP-00252,2023-10-24,Hire,56000,65000,0.1,13000,DPT-020,ROL-018
CMP-000555,EMP-00252,2024-09-25,Annual Adjustment,65000,67668,0.1,0,DPT-020,ROL-018
CMP-000556,EMP-00252,2025-05-24,Equity Refresh,65000,65000,0.1,8346,DPT-020,ROL-018
CMP-000557,EMP-00253,2024-07-31,Hire,75000,84000,0.1,16800,DPT-020,ROL-019
CMP-000558,EMP-00253,2025-07-28,Annual Adjustment,84000,88007,0.1,0,DPT-020,ROL-019
CMP-000559,EMP-00254,2024-02-07,Hire,144000,168000,0.1,84000,DPT-004,ROL-004
CMP-000560,EMP-00254,2024-09-04,Annual Adjustment,168000,175121,0.1,0,DPT-004,ROL-004
CMP-000561,EMP-00254,2025-03-09,Termination,168000,0,0,0,DPT-004,ROL-004
CMP-000562,EMP-00255,2024-08-10,Hire,222000,258000,0.2,258000,DPT-017,ROL-027
CMP-000563,EMP-00255,2025-03-04,Annual Adjustment,258000,269960,0.2,0,DPT-017,ROL-027
CMP-000564,EMP-00256,2022-12-24,Hire,168000,196000,0.2,196000,DPT-009,ROL-025
CMP-000565,EMP-00256,2024-02-01,Promotion,196000,223719,0.2,0,DPT-009,ROL-025
CMP-000566,EMP-00256,2024-09-23,Promotion,196000,217932,0.2,0,DPT-009,ROL-025
CMP-000567,EMP-00257,2023-02-04,Hire,81000,92000,0.1,18400,DPT-018,ROL-016
CMP-000568,EMP-00257,2024-03-22,Annual Adjustment,92000,95797,0.1,0,DPT-018,ROL-016
CMP-000569,EMP-00258,2024-07-03,Hire,121000,136000,0.1,27200,DPT-003,ROL-003
CMP-000570,EMP-00258,2025-04-20,Annual Adjustment,136000,143466,0.1,0,DPT-003,ROL-003
CMP-000571,EMP-00258,2026-01-27,Annual Adjustment,136000,140716,0.1,0,DPT-003,ROL-003
CMP-000572,EMP-00259,2022-12-15,Hire,72000,82000,0.1,16400,DPT-024,ROL-022
CMP-000573,EMP-00259,2024-01-27,Annual Adjustment,82000,85069,0.1,0,DPT-024,ROL-022
CMP-000574,EMP-00259,2024-11-30,Equity Refresh,82000,82000,0.1,10735,DPT-024,ROL-022
CMP-000575,EMP-00260,2024-07-18,Hire,100000,109000,0.1,21800,DPT-005,ROL-002
CMP-000576,EMP-00260,2025-09-04,Annual Adjustment,109000,112242,0.1,0,DPT-005,ROL-002
CMP-000577,EMP-00261,2024-07-13,Hire,100000,109000,0.1,21800,DPT-012,ROL-011
CMP-000578,EMP-00261,2025-05-27,Equity Refresh,109000,109000,0.1,18474,DPT-012,ROL-011
CMP-000579,EMP-00261,2026-03-09,Termination,109000,0,0,0,DPT-012,ROL-011
CMP-000580,EMP-00262,2024-01-30,Hire,84000,92000,0.1,18400,DPT-016,ROL-016
CMP-000581,EMP-00262,2024-09-06,Annual Adjustment,92000,94997,0.1,0,DPT-016,ROL-016
CMP-000582,EMP-00262,2025-10-22,Annual Adjustment,92000,95110,0.1,0,DPT-016,ROL-016
CMP-000583,EMP-00263,2021-06-23,Hire,156000,176000,0.2,176000,DPT-009,ROL-025
CMP-000584,EMP-00263,2022-03-21,Equity Refresh,176000,176000,0.2,101828,DPT-009,ROL-025
CMP-000585,EMP-00263,2022-10-24,Equity Refresh,176000,176000,0.2,95937,DPT-009,ROL-025
CMP-000586,EMP-00263,2023-08-25,Termination,176000,0,0,0,DPT-009,ROL-025
CMP-000587,EMP-00264,2022-10-17,Hire,121000,135000,0.1,27000,DPT-012,ROL-012
CMP-000588,EMP-00264,2023-06-22,Equity Refresh,135000,135000,0.1,26776,DPT-012,ROL-012
CMP-000589,EMP-00264,2023-09-30,Termination,135000,0,0,0,DPT-012,ROL-012
CMP-000590,EMP-00265,2023-01-25,Hire,148000,168000,0.1,84000,DPT-007,ROL-004
CMP-000591,EMP-00266,2022-11-20,Hire,80000,93000,0.1,18600,DPT-017,ROL-016
CMP-000592,EMP-00266,2023-09-25,Annual Adjustment,93000,98492,0.1,0,DPT-017,ROL-016
CMP-000593,EMP-00267,2023-06-26,Hire,107000,120000,0.1,24000,DPT-018,ROL-017
CMP-000594,EMP-00268,2024-10-06,Hire,126000,140000,0.1,28000,DPT-021,ROL-024
CMP-000595,EMP-00268,2025-08-08,Promotion,140000,166357,0.1,0,DPT-021,ROL-024
CMP-000596,EMP-00268,2026-05-23,Promotion,140000,166459,0.1,0,DPT-021,ROL-024
CMP-000597,EMP-00269,2023-05-03,Hire,109000,124000,0.1,24800,DPT-006,ROL-003
CMP-000598,EMP-00269,2024-02-01,Annual Adjustment,124000,131390,0.1,0,DPT-006,ROL-003
CMP-000599,EMP-00269,2024-09-23,Annual Adjustment,124000,129853,0.1,0,DPT-006,ROL-003
CMP-000600,EMP-00269,2025-03-30,Annual Adjustment,124000,128106,0.1,0,DPT-006,ROL-003
CMP-000601,EMP-00270,2023-09-10,Hire,116000,135000,0.1,27000,DPT-009,ROL-008
CMP-000602,EMP-00270,2024-08-11,Annual Adjustment,135000,140866,0.1,0,DPT-009,ROL-008
CMP-000603,EMP-00271,2021-03-29,Hire,155000,172000,0.1,86000,DPT-004,ROL-004
CMP-000604,EMP-00271,2021-12-20,Annual Adjustment,172000,175815,0.1,0,DPT-004,ROL-004
CMP-000605,EMP-00271,2023-02-04,Annual Adjustment,172000,181624,0.1,0,DPT-004,ROL-004
CMP-000606,EMP-00272,2021-04-28,Hire,123000,139000,0.1,27800,DPT-012,ROL-012
CMP-000607,EMP-00272,2022-05-05,Annual Adjustment,139000,142671,0.1,0,DPT-012,ROL-012
CMP-000608,EMP-00272,2023-06-25,Equity Refresh,139000,139000,0.1,28882,DPT-012,ROL-012
CMP-000609,EMP-00272,2024-02-08,Annual Adjustment,139000,142038,0.1,0,DPT-012,ROL-012
CMP-000610,EMP-00273,2024-12-21,Hire,127000,141000,0.1,28200,DPT-014,ROL-014
CMP-000611,EMP-00273,2025-07-08,Annual Adjustment,141000,144233,0.1,0,DPT-014,ROL-014
CMP-000612,EMP-00274,2024-09-15,Hire,97000,111000,0.1,22200,DPT-023,ROL-023
CMP-000613,EMP-00274,2025-08-18,Termination,111000,0,0,0,DPT-023,ROL-023
CMP-000614,EMP-00275,2021-11-03,Hire,171000,198000,0.2,198000,DPT-001,ROL-031
CMP-000615,EMP-00275,2022-08-21,Promotion,198000,235262,0.2,0,DPT-001,ROL-031
CMP-000616,EMP-00275,2023-03-18,Annual Adjustment,198000,205442,0.2,0,DPT-001,ROL-031
CMP-000617,EMP-00275,2023-10-23,Promotion,198000,233595,0.2,0,DPT-001,ROL-031
CMP-000618,EMP-00276,2022-01-09,Hire,120000,137000,0.1,27400,DPT-021,ROL-024
CMP-000619,EMP-00276,2022-10-31,Annual Adjustment,137000,139967,0.1,0,DPT-021,ROL-024
CMP-000620,EMP-00276,2023-07-26,Promotion,137000,164927,0.1,0,DPT-021,ROL-024
CMP-000621,EMP-00277,2023-09-12,Hire,112000,129000,0.1,25800,DPT-006,ROL-003
CMP-000622,EMP-00277,2025-01-02,Termination,129000,0,0,0,DPT-006,ROL-003
CMP-000623,EMP-00278,2024-03-01,Hire,88000,103000,0.1,20600,DPT-003,ROL-002
CMP-000624,EMP-00278,2024-12-15,Equity Refresh,103000,103000,0.1,30539,DPT-003,ROL-002
CMP-000625,EMP-00278,2025-10-09,Annual Adjustment,103000,107210,0.1,0,DPT-003,ROL-002
CMP-000626,EMP-00279,2025-02-16,Hire,76000,86000,0.1,17200,DPT-013,ROL-010
CMP-000627,EMP-00279,2025-10-25,Annual Adjustment,86000,88223,0.1,0,DPT-013,ROL-010
CMP-000628,EMP-00280,2024-06-28,Hire,82000,92000,0.1,18400,DPT-019,ROL-016
CMP-000629,EMP-00280,2025-01-27,Annual Adjustment,92000,95908,0.1,0,DPT-019,ROL-016
CMP-000630,EMP-00280,2025-12-23,Annual Adjustment,92000,94146,0.1,0,DPT-019,ROL-016
CMP-000631,EMP-00280,2025-12-27,Termination,92000,0,0,0,DPT-019,ROL-016
CMP-000632,EMP-00281,2023-09-14,Hire,119000,133000,0.1,26600,DPT-003,ROL-003
CMP-000633,EMP-00282,2022-09-18,Hire,194000,219000,0.2,219000,DPT-002,ROL-026
CMP-000634,EMP-00282,2023-09-04,Promotion,219000,262712,0.2,0,DPT-002,ROL-026
CMP-000635,EMP-00282,2026-04-15,Termination,219000,0,0,0,DPT-002,ROL-026
CMP-000636,EMP-00283,2021-11-08,Hire,156000,183000,0.2,183000,DPT-016,ROL-025
CMP-000637,EMP-00283,2022-10-05,Promotion,183000,222055,0.2,0,DPT-016,ROL-025
CMP-000638,EMP-00283,2023-09-30,Annual Adjustment,183000,189273,0.2,0,DPT-016,ROL-025
CMP-000639,EMP-00283,2024-08-04,Annual Adjustment,183000,193176,0.2,0,DPT-016,ROL-025
CMP-000640,EMP-00284,2024-01-17,Hire,103000,120000,0.1,24000,DPT-016,ROL-017
CMP-000641,EMP-00284,2025-11-29,Termination,120000,0,0,0,DPT-016,ROL-017
CMP-000642,EMP-00285,2024-03-12,Hire,92000,104000,0.1,20800,DPT-006,ROL-002
CMP-000643,EMP-00285,2024-12-01,Annual Adjustment,104000,110239,0.1,0,DPT-006,ROL-002
CMP-000644,EMP-00285,2025-07-06,Equity Refresh,104000,104000,0.1,14149,DPT-006,ROL-002
CMP-000645,EMP-00286,2023-09-07,Hire,112000,125000,0.1,25000,DPT-017,ROL-017
CMP-000646,EMP-00286,2024-05-20,Annual Adjustment,125000,128768,0.1,0,DPT-017,ROL-017
CMP-000647,EMP-00286,2024-11-30,Annual Adjustment,125000,131922,0.1,0,DPT-017,ROL-017
CMP-000648,EMP-00287,2023-01-25,Hire,220000,241000,0.2,241000,DPT-001,ROL-028
CMP-000649,EMP-00287,2023-12-03,Promotion,241000,284165,0.2,0,DPT-001,ROL-028
CMP-000650,EMP-00287,2024-06-23,Equity Refresh,241000,241000,0.2,344818,DPT-001,ROL-028
CMP-000651,EMP-00287,2025-03-24,Promotion,241000,270110,0.2,0,DPT-001,ROL-028
CMP-000652,EMP-00287,2026-03-06,Termination,241000,0,0,0,DPT-001,ROL-028
CMP-000653,EMP-00288,2021-01-19,Hire,198000,225000,0.2,225000,DPT-024,ROL-029
CMP-000654,EMP-00288,2021-09-10,Annual Adjustment,225000,237362,0.2,0,DPT-024,ROL-029
CMP-000655,EMP-00288,2022-10-05,Annual Adjustment,225000,232381,0.2,0,DPT-024,ROL-029
CMP-000656,EMP-00289,2021-03-30,Hire,286000,332000,0.2,332000,DPT-006,ROL-033
CMP-000657,EMP-00289,2022-03-08,Annual Adjustment,332000,350515,0.2,0,DPT-006,ROL-033
CMP-000658,EMP-00290,2020-11-12,Hire,191000,224000,0.2,224000,DPT-025,ROL-029
CMP-000659,EMP-00290,2021-09-04,Annual Adjustment,224000,233353,0.2,0,DPT-025,ROL-029
CMP-000660,EMP-00291,2024-05-21,Hire,76000,84000,0.1,16800,DPT-024,ROL-022
CMP-000661,EMP-00291,2025-04-17,Promotion,84000,92897,0.1,0,DPT-024,ROL-022
CMP-000662,EMP-00291,2026-04-03,Equity Refresh,84000,84000,0.1,22767,DPT-024,ROL-022
CMP-000663,EMP-00292,2025-07-05,Hire,110000,128000,0.1,25600,DPT-002,ROL-003
CMP-000664,EMP-00292,2026-04-30,Annual Adjustment,128000,135613,0.1,0,DPT-002,ROL-003
CMP-000665,EMP-00293,2026-01-01,Hire,91000,103000,0.1,20600,DPT-024,ROL-023
CMP-000666,EMP-00294,2024-02-01,Hire,174000,192000,0.2,192000,DPT-006,ROL-025
CMP-000667,EMP-00294,2024-10-26,Promotion,192000,224182,0.2,0,DPT-006,ROL-025
CMP-000668,EMP-00295,2022-08-03,Hire,132000,144000,0.1,28800,DPT-026,ROL-024
CMP-000669,EMP-00295,2023-07-21,Annual Adjustment,144000,148104,0.1,0,DPT-026,ROL-024
CMP-000670,EMP-00295,2024-08-05,Annual Adjustment,144000,151219,0.1,0,DPT-026,ROL-024
CMP-000671,EMP-00295,2024-12-04,Termination,144000,0,0,0,DPT-026,ROL-024
CMP-000672,EMP-00296,2024-02-13,Hire,71000,79000,0.1,15800,DPT-013,ROL-010
CMP-000673,EMP-00296,2025-01-22,Annual Adjustment,79000,83368,0.1,0,DPT-013,ROL-010
CMP-000674,EMP-00296,2025-10-08,Annual Adjustment,79000,81237,0.1,0,DPT-013,ROL-010
CMP-000675,EMP-00296,2026-04-16,Annual Adjustment,79000,81200,0.1,0,DPT-013,ROL-010
CMP-000676,EMP-00297,2024-09-23,Hire,58000,68000,0.1,13600,DPT-019,ROL-015
CMP-000677,EMP-00298,2024-04-07,Hire,190000,210000,0.2,210000,DPT-025,ROL-030
CMP-000678,EMP-00298,2025-05-24,Annual Adjustment,210000,218114,0.2,0,DPT-025,ROL-030
CMP-000679,EMP-00299,2021-02-17,Hire,152000,173000,0.1,34600,DPT-010,ROL-009
CMP-000680,EMP-00299,2021-09-12,Equity Refresh,173000,173000,0.1,27286,DPT-010,ROL-009
CMP-000681,EMP-00299,2022-07-02,Equity Refresh,173000,173000,0.1,49937,DPT-010,ROL-009
CMP-000682,EMP-00299,2023-06-17,Annual Adjustment,173000,176760,0.1,0,DPT-010,ROL-009
CMP-000683,EMP-00300,2022-06-25,Hire,161000,186000,0.2,186000,DPT-002,ROL-031
CMP-000684,EMP-00300,2023-05-06,Annual Adjustment,186000,193902,0.2,0,DPT-002,ROL-031
CMP-000685,EMP-00300,2024-03-08,Annual Adjustment,186000,194115,0.2,0,DPT-002,ROL-031
CMP-000686,EMP-00301,2026-01-24,Hire,202000,226000,0.2,226000,DPT-009,ROL-026
CMP-000687,EMP-00302,2024-10-24,Hire,188000,206000,0.2,206000,DPT-002,ROL-030
CMP-000688,EMP-00302,2025-09-20,Annual Adjustment,206000,213239,0.2,0,DPT-002,ROL-030
CMP-000689,EMP-00303,2022-01-17,Hire,140000,163000,0.1,81500,DPT-002,ROL-004
CMP-000690,EMP-00303,2022-12-12,Annual Adjustment,163000,171074,0.1,0,DPT-002,ROL-004
CMP-000691,EMP-00303,2023-01-17,Termination,163000,0,0,0,DPT-002,ROL-004
CMP-000692,EMP-00304,2024-04-21,Hire,101000,113000,0.1,22600,DPT-020,ROL-017
CMP-000693,EMP-00304,2024-12-25,Annual Adjustment,113000,115792,0.1,0,DPT-020,ROL-017
CMP-000694,EMP-00304,2025-11-10,Equity Refresh,113000,113000,0.1,24565,DPT-020,ROL-017
CMP-000695,EMP-00305,2022-02-11,Hire,224000,264000,0.2,264000,DPT-003,ROL-027
CMP-000696,EMP-00305,2022-12-27,Annual Adjustment,264000,270444,0.2,0,DPT-003,ROL-027
CMP-000697,EMP-00306,2023-03-21,Hire,69000,76000,0.1,15200,DPT-020,ROL-019
CMP-000698,EMP-00306,2023-10-17,Equity Refresh,76000,76000,0.1,16904,DPT-020,ROL-019
CMP-000699,EMP-00307,2024-05-26,Hire,118000,135000,0.1,27000,DPT-022,ROL-024
CMP-000700,EMP-00308,2024-07-06,Hire,92000,104000,0.1,20800,DPT-002,ROL-002
CMP-000701,EMP-00308,2025-04-03,Annual Adjustment,104000,106429,0.1,0,DPT-002,ROL-002
CMP-000702,EMP-00308,2025-12-24,Annual Adjustment,104000,108722,0.1,0,DPT-002,ROL-002
CMP-000703,EMP-00309,2024-09-22,Hire,128000,143000,0.1,28600,DPT-012,ROL-012
CMP-000704,EMP-00309,2025-08-04,Promotion,143000,169509,0.1,0,DPT-012,ROL-012
CMP-000705,EMP-00310,2022-11-24,Hire,199000,217000,0.2,217000,DPT-018,ROL-030
CMP-000706,EMP-00310,2023-10-06,Promotion,217000,242012,0.2,0,DPT-018,ROL-030
CMP-000707,EMP-00311,2024-08-31,Hire,110000,128000,0.1,25600,DPT-002,ROL-003
CMP-000708,EMP-00312,2023-07-18,Hire,114000,125000,0.1,25000,DPT-006,ROL-003
CMP-000709,EMP-00312,2024-02-21,Promotion,125000,144119,0.1,0,DPT-006,ROL-003
CMP-000710,EMP-00312,2024-10-25,Annual Adjustment,125000,128072,0.1,0,DPT-006,ROL-003
CMP-000711,EMP-00313,2026-03-07,Hire,149000,164000,0.1,82000,DPT-008,ROL-004
CMP-000712,EMP-00314,2026-02-02,Hire,73000,84000,0.1,16800,DPT-002,ROL-001
CMP-000713,EMP-00315,2021-06-14,Hire,161000,187000,0.2,187000,DPT-003,ROL-025
CMP-000714,EMP-00315,2025-12-19,Termination,187000,0,0,0,DPT-003,ROL-025
CMP-000715,EMP-00316,2025-04-01,Hire,112000,130000,0.1,26000,DPT-007,ROL-003
CMP-000716,EMP-00316,2026-02-27,Annual Adjustment,130000,135758,0.1,0,DPT-007,ROL-003
CMP-000717,EMP-00317,2025-05-10,Hire,89000,103000,0.1,20600,DPT-015,ROL-011
CMP-000718,EMP-00318,2023-03-14,Hire,280000,316000,0.2,316000,DPT-026,ROL-033
CMP-000719,EMP-00318,2024-04-05,Termination,316000,0,0,0,DPT-026,ROL-033
CMP-000720,EMP-00319,2023-11-22,Hire,97000,114000,0.1,22800,DPT-020,ROL-017
CMP-000721,EMP-00319,2024-10-05,Equity Refresh,114000,114000,0.1,27024,DPT-020,ROL-017
CMP-000722,EMP-00319,2025-09-14,Termination,114000,0,0,0,DPT-020,ROL-017
CMP-000723,EMP-00320,2024-09-02,Hire,97000,111000,0.1,22200,DPT-008,ROL-002
CMP-000724,EMP-00320,2025-03-31,Annual Adjustment,111000,116013,0.1,0,DPT-008,ROL-002
CMP-000725,EMP-00320,2026-01-24,Equity Refresh,111000,111000,0.1,11190,DPT-008,ROL-002
CMP-000726,EMP-00321,2024-12-26,Hire,116000,132000,0.1,26400,DPT-011,ROL-012
CMP-000727,EMP-00321,2026-01-20,Promotion,132000,156057,0.1,0,DPT-011,ROL-012
CMP-000728,EMP-00322,2020-10-29,Hire,123000,144000,0.1,28800,DPT-012,ROL-012
CMP-000729,EMP-00322,2021-11-30,Equity Refresh,144000,144000,0.1,22258,DPT-012,ROL-012
CMP-000730,EMP-00322,2022-06-22,Annual Adjustment,144000,151472,0.1,0,DPT-012,ROL-012
CMP-000731,EMP-00323,2025-12-21,Hire,92000,102000,0.1,20400,DPT-024,ROL-023
CMP-000732,EMP-00324,2021-12-20,Hire,306000,354000,0.2,354000,DPT-024,ROL-032
CMP-000733,EMP-00324,2022-07-20,Equity Refresh,354000,354000,0.2,391845,DPT-024,ROL-032
CMP-000734,EMP-00324,2023-06-15,Annual Adjustment,354000,362934,0.2,0,DPT-024,ROL-032
CMP-000735,EMP-00324,2024-04-30,Promotion,354000,402262,0.2,0,DPT-024,ROL-032
CMP-000736,EMP-00325,2025-07-11,Hire,62000,69000,0.1,13800,DPT-016,ROL-015
CMP-000737,EMP-00325,2026-02-25,Annual Adjustment,69000,70802,0.1,0,DPT-016,ROL-015
CMP-000738,EMP-00326,2022-10-05,Hire,219000,247000,0.2,247000,DPT-025,ROL-028
CMP-000739,EMP-00326,2023-04-25,Annual Adjustment,247000,253008,0.2,0,DPT-025,ROL-028
CMP-000740,EMP-00327,2023-11-08,Hire,90000,106000,0.1,21200,DPT-008,ROL-002
CMP-000741,EMP-00327,2024-05-27,Equity Refresh,106000,106000,0.1,11279,DPT-008,ROL-002
CMP-000742,EMP-00327,2025-05-27,Equity Refresh,106000,106000,0.1,20419,DPT-008,ROL-002
CMP-000743,EMP-00328,2021-01-17,Hire,285000,328000,0.2,328000,DPT-001,ROL-033
CMP-000744,EMP-00328,2021-10-26,Annual Adjustment,328000,346213,0.2,0,DPT-001,ROL-033
CMP-000745,EMP-00328,2022-06-01,Annual Adjustment,328000,345699,0.2,0,DPT-001,ROL-033
CMP-000746,EMP-00328,2023-09-13,Termination,328000,0,0,0,DPT-001,ROL-033
CMP-000747,EMP-00329,2024-01-09,Hire,112000,127000,0.1,25400,DPT-002,ROL-003
CMP-000748,EMP-00329,2024-09-07,Annual Adjustment,127000,131312,0.1,0,DPT-002,ROL-003
CMP-000749,EMP-00330,2023-09-15,Hire,119000,130000,0.1,26000,DPT-004,ROL-003
CMP-000750,EMP-00331,2023-03-16,Hire,142000,158000,0.1,79000,DPT-001,ROL-004
CMP-000751,EMP-00331,2023-10-22,Annual Adjustment,158000,164438,0.1,0,DPT-001,ROL-004
CMP-000752,EMP-00332,2024-04-26,Hire,140000,159000,0.1,79500,DPT-003,ROL-004
CMP-000753,EMP-00333,2025-03-12,Hire,91000,104000,0.1,20800,DPT-001,ROL-002
CMP-000754,EMP-00333,2026-02-03,Annual Adjustment,104000,107925,0.1,0,DPT-001,ROL-002
CMP-000755,EMP-00334,2022-09-07,Hire,116000,132000,0.1,26400,DPT-009,ROL-008
CMP-000756,EMP-00334,2023-05-07,Equity Refresh,132000,132000,0.1,30644,DPT-009,ROL-008
CMP-000757,EMP-00335,2024-10-27,Hire,100000,113000,0.1,22600,DPT-009,ROL-020
CMP-000758,EMP-00336,2022-08-04,Hire,87000,95000,0.1,19000,DPT-009,ROL-007
CMP-000759,EMP-00336,2023-09-19,Equity Refresh,95000,95000,0.1,9566,DPT-009,ROL-007
CMP-000760,EMP-00337,2022-05-16,Hire,175000,195000,0.1,97500,DPT-002,ROL-005
CMP-000761,EMP-00337,2022-12-14,Equity Refresh,195000,195000,0.1,85561,DPT-002,ROL-005
CMP-000762,EMP-00337,2023-09-06,Promotion,195000,216688,0.1,0,DPT-002,ROL-005
CMP-000763,EMP-00338,2025-10-01,Hire,120000,136000,0.1,27200,DPT-024,ROL-024
CMP-000764,EMP-00339,2025-01-27,Hire,103000,112000,0.1,22400,DPT-001,ROL-002
CMP-000765,EMP-00339,2026-01-13,Annual Adjustment,112000,115676,0.1,0,DPT-001,ROL-002
CMP-000766,EMP-00340,2025-06-27,Hire,171000,196000,0.1,98000,DPT-003,ROL-005
CMP-000767,EMP-00341,2022-05-28,Hire,191000,214000,0.1,107000,DPT-003,ROL-005
CMP-000768,EMP-00342,2023-08-25,Hire,97000,107000,0.1,21400,DPT-005,ROL-002
CMP-000769,EMP-00342,2024-05-28,Annual Adjustment,107000,112852,0.1,0,DPT-005,ROL-002
CMP-000770,EMP-00342,2024-11-27,Equity Refresh,107000,107000,0.1,16878,DPT-005,ROL-002
CMP-000771,EMP-00343,2024-10-02,Hire,108000,127000,0.1,25400,DPT-001,ROL-003
CMP-000772,EMP-00343,2025-06-13,Annual Adjustment,127000,132141,0.1,0,DPT-001,ROL-003
CMP-000773,EMP-00344,2026-05-21,Hire,115000,130000,0.1,26000,DPT-012,ROL-014
CMP-000774,EMP-00345,2024-01-13,Hire,99000,110000,0.1,22000,DPT-012,ROL-013
CMP-000775,EMP-00345,2025-01-26,Promotion,110000,127407,0.1,0,DPT-012,ROL-013
CMP-000776,EMP-00345,2025-03-30,Termination,110000,0,0,0,DPT-012,ROL-013
CMP-000777,EMP-00346,2024-06-15,Hire,113000,132000,0.1,26400,DPT-001,ROL-003
CMP-000778,EMP-00346,2025-04-16,Annual Adjustment,132000,135971,0.1,0,DPT-001,ROL-003
CMP-000779,EMP-00346,2025-11-21,Promotion,132000,148210,0.1,0,DPT-001,ROL-003
CMP-000780,EMP-00347,2026-05-06,Hire,70000,82000,0.1,16400,DPT-021,ROL-022
CMP-000781,EMP-00348,2022-04-28,Hire,294000,330000,0.2,330000,DPT-019,ROL-032
CMP-000782,EMP-00348,2022-11-27,Annual Adjustment,330000,347238,0.2,0,DPT-019,ROL-032
CMP-000783,EMP-00348,2026-01-02,Termination,330000,0,0,0,DPT-019,ROL-032
CMP-000784,EMP-00349,2024-07-30,Hire,88000,99000,0.1,19800,DPT-009,ROL-007
CMP-000785,EMP-00349,2025-06-13,Equity Refresh,99000,99000,0.1,21986,DPT-009,ROL-007
CMP-000786,EMP-00349,2025-11-12,Termination,99000,0,0,0,DPT-009,ROL-007
CMP-000787,EMP-00350,2024-01-26,Hire,100000,110000,0.1,22000,DPT-011,ROL-011
CMP-000788,EMP-00350,2025-03-20,Promotion,110000,128868,0.1,0,DPT-011,ROL-011
CMP-000789,EMP-00350,2025-10-19,Termination,110000,0,0,0,DPT-011,ROL-011
CMP-000790,EMP-00351,2025-05-05,Hire,68000,80000,0.1,16000,DPT-022,ROL-022
CMP-000791,EMP-00351,2025-12-02,Annual Adjustment,80000,83944,0.1,0,DPT-022,ROL-022
CMP-000792,EMP-00352,2026-01-31,Hire,121000,133000,0.1,26600,DPT-009,ROL-021
CMP-000793,EMP-00353,2025-01-04,Hire,79000,87000,0.1,17400,DPT-008,ROL-001
CMP-000794,EMP-00353,2025-08-20,Annual Adjustment,87000,91639,0.1,0,DPT-008,ROL-001
CMP-000795,EMP-00354,2025-09-16,Hire,119000,135000,0.1,27000,DPT-001,ROL-003
CMP-000796,EMP-00355,2023-09-25,Hire,143000,165000,0.1,82500,DPT-001,ROL-004
CMP-000797,EMP-00355,2025-11-16,Termination,165000,0,0,0,DPT-001,ROL-004
CMP-000798,EMP-00356,2024-01-07,Hire,148000,174000,0.1,87000,DPT-003,ROL-004
CMP-000799,EMP-00356,2024-11-24,Promotion,174000,202960,0.1,0,DPT-003,ROL-004
CMP-000800,EMP-00356,2025-08-07,Equity Refresh,174000,174000,0.1,76613,DPT-003,ROL-004
CMP-000801,EMP-00357,2023-04-12,Hire,91000,105000,0.1,21000,DPT-007,ROL-002
CMP-000802,EMP-00358,2024-07-23,Hire,113000,123000,0.1,24600,DPT-019,ROL-017
CMP-000803,EMP-00358,2025-01-27,Annual Adjustment,123000,125666,0.1,0,DPT-019,ROL-017
CMP-000804,EMP-00358,2025-07-01,Termination,123000,0,0,0,DPT-019,ROL-017
CMP-000805,EMP-00359,2025-01-27,Hire,118000,137000,0.1,27400,DPT-003,ROL-003
CMP-000806,EMP-00359,2026-02-10,Annual Adjustment,137000,144849,0.1,0,DPT-003,ROL-003
CMP-000807,EMP-00360,2024-08-04,Hire,72000,78000,0.1,15600,DPT-023,ROL-022
CMP-000808,EMP-00360,2025-02-13,Annual Adjustment,78000,81022,0.1,0,DPT-023,ROL-022
CMP-000809,EMP-00360,2025-10-04,Promotion,78000,91065,0.1,0,DPT-023,ROL-022
CMP-000810,EMP-00361,2024-12-27,Hire,80000,87000,0.1,17400,DPT-006,ROL-001
CMP-000811,EMP-00361,2026-02-01,Annual Adjustment,87000,91748,0.1,0,DPT-006,ROL-001
CMP-000812,EMP-00362,2022-06-17,Hire,182000,209000,0.2,209000,DPT-017,ROL-026
CMP-000813,EMP-00363,2024-10-30,Hire,97000,112000,0.1,22400,DPT-008,ROL-002
CMP-000814,EMP-00363,2025-05-27,Equity Refresh,112000,112000,0.1,19763,DPT-008,ROL-002
CMP-000815,EMP-00364,2022-08-09,Hire,117000,131000,0.1,26200,DPT-002,ROL-003
CMP-000816,EMP-00364,2023-05-22,Annual Adjustment,131000,138186,0.1,0,DPT-002,ROL-003
CMP-000817,EMP-00364,2024-04-07,Equity Refresh,131000,131000,0.1,18158,DPT-002,ROL-003
CMP-000818,EMP-00364,2025-11-29,Termination,131000,0,0,0,DPT-002,ROL-003
CMP-000819,EMP-00365,2022-01-15,Hire,117000,136000,0.1,27200,DPT-022,ROL-024
CMP-000820,EMP-00365,2022-12-03,Annual Adjustment,136000,140607,0.1,0,DPT-022,ROL-024
CMP-000821,EMP-00365,2023-12-27,Annual Adjustment,136000,142777,0.1,0,DPT-022,ROL-024
CMP-000822,EMP-00365,2024-09-07,Termination,136000,0,0,0,DPT-022,ROL-024
CMP-000823,EMP-00366,2024-02-23,Hire,119000,130000,0.1,26000,DPT-001,ROL-003
CMP-000824,EMP-00366,2025-02-15,Annual Adjustment,130000,137690,0.1,0,DPT-001,ROL-003
CMP-000825,EMP-00366,2025-11-04,Promotion,130000,158263,0.1,0,DPT-001,ROL-003
CMP-000826,EMP-00367,2025-08-02,Hire,75000,86000,0.1,17200,DPT-024,ROL-022
CMP-000827,EMP-00368,2023-11-24,Hire,188000,207000,0.2,207000,DPT-001,ROL-030
CMP-000828,EMP-00368,2024-05-24,Equity Refresh,207000,207000,0.2,115079,DPT-001,ROL-030
CMP-000829,EMP-00368,2025-05-25,Termination,207000,0,0,0,DPT-001,ROL-030
CMP-000830,EMP-00369,2024-06-20,Hire,79000,92000,0.1,18400,DPT-002,ROL-001
CMP-000831,EMP-00369,2025-02-05,Annual Adjustment,92000,94231,0.1,0,DPT-002,ROL-001
CMP-000832,EMP-00369,2025-06-14,Termination,92000,0,0,0,DPT-002,ROL-001
CMP-000833,EMP-00370,2025-07-26,Hire,95000,110000,0.1,22000,DPT-014,ROL-013
CMP-000834,EMP-00371,2023-10-24,Hire,198000,232000,0.2,232000,DPT-002,ROL-026
CMP-000835,EMP-00371,2024-09-17,Annual Adjustment,232000,240973,0.2,0,DPT-002,ROL-026
CMP-000836,EMP-00372,2024-08-18,Hire,102000,112000,0.1,22400,DPT-001,ROL-002
CMP-000837,EMP-00372,2025-05-04,Equity Refresh,112000,112000,0.1,15963,DPT-001,ROL-002
CMP-000838,EMP-00373,2022-12-04,Hire,116000,135000,0.1,27000,DPT-009,ROL-008
CMP-000839,EMP-00373,2023-12-28,Annual Adjustment,135000,140270,0.1,0,DPT-009,ROL-008
CMP-000840,EMP-00373,2024-07-10,Termination,135000,0,0,0,DPT-009,ROL-008
CMP-000841,EMP-00374,2021-07-12,Hire,158000,181000,0.2,181000,DPT-012,ROL-031
CMP-000842,EMP-00374,2022-07-27,Annual Adjustment,181000,185859,0.2,0,DPT-012,ROL-031
CMP-000843,EMP-00374,2023-04-16,Annual Adjustment,181000,190372,0.2,0,DPT-012,ROL-031
CMP-000844,EMP-00374,2024-03-11,Annual Adjustment,181000,189238,0.2,0,DPT-012,ROL-031
CMP-000845,EMP-00375,2024-08-12,Hire,103000,115000,0.1,23000,DPT-019,ROL-017
CMP-000846,EMP-00375,2025-03-12,Annual Adjustment,115000,121041,0.1,0,DPT-019,ROL-017
CMP-000847,EMP-00375,2025-11-20,Annual Adjustment,115000,117862,0.1,0,DPT-019,ROL-017
CMP-000848,EMP-00375,2026-01-19,Termination,115000,0,0,0,DPT-019,ROL-017
CMP-000849,EMP-00376,2024-01-13,Hire,55000,64000,0.1,12800,DPT-020,ROL-018
CMP-000850,EMP-00376,2024-12-07,Annual Adjustment,64000,66768,0.1,0,DPT-020,ROL-018
CMP-000851,EMP-00376,2025-09-29,Annual Adjustment,64000,65604,0.1,0,DPT-020,ROL-018
CMP-000852,EMP-00377,2025-10-03,Hire,70000,80000,0.1,16000,DPT-021,ROL-022
CMP-000853,EMP-00378,2025-04-29,Hire,170000,189000,0.2,189000,DPT-011,ROL-025
CMP-000854,EMP-00378,2026-01-04,Annual Adjustment,189000,193088,0.2,0,DPT-011,ROL-025
CMP-000855,EMP-00379,2022-04-11,Hire,242000,279000,0.2,279000,DPT-016,ROL-027
CMP-000856,EMP-00379,2023-04-28,Equity Refresh,279000,279000,0.2,282245,DPT-016,ROL-027
CMP-000857,EMP-00380,2021-05-07,Hire,299000,328000,0.2,328000,DPT-004,ROL-033
CMP-000858,EMP-00380,2022-06-22,Annual Adjustment,328000,344004,0.2,0,DPT-004,ROL-033
CMP-000859,EMP-00380,2023-02-08,Annual Adjustment,328000,344866,0.2,0,DPT-004,ROL-033
CMP-000860,EMP-00380,2023-08-20,Annual Adjustment,328000,338699,0.2,0,DPT-004,ROL-033
CMP-000861,EMP-00381,2024-12-12,Hire,170000,194000,0.2,194000,DPT-016,ROL-025
CMP-000862,EMP-00381,2025-08-19,Promotion,194000,221149,0.2,0,DPT-016,ROL-025
CMP-000863,EMP-00382,2022-05-23,Hire,183000,213000,0.2,213000,DPT-003,ROL-029
CMP-000864,EMP-00382,2023-01-21,Annual Adjustment,213000,222618,0.2,0,DPT-003,ROL-029
CMP-000865,EMP-00382,2025-06-17,Termination,213000,0,0,0,DPT-003,ROL-029
CMP-000866,EMP-00383,2023-09-09,Hire,85000,93000,0.1,18600,DPT-019,ROL-016
CMP-000867,EMP-00383,2024-10-05,Equity Refresh,93000,93000,0.1,22349,DPT-019,ROL-016
CMP-000868,EMP-00383,2026-03-18,Termination,93000,0,0,0,DPT-019,ROL-016
CMP-000869,EMP-00384,2024-05-15,Hire,72000,81000,0.1,16200,DPT-013,ROL-010
CMP-000870,EMP-00385,2022-10-12,Hire,93000,108000,0.1,21600,DPT-002,ROL-002
CMP-000871,EMP-00385,2023-10-04,Annual Adjustment,108000,113167,0.1,0,DPT-002,ROL-002
CMP-000872,EMP-00386,2023-07-10,Hire,116000,131000,0.1,26200,DPT-002,ROL-003
CMP-000873,EMP-00386,2024-03-01,Annual Adjustment,131000,138162,0.1,0,DPT-002,ROL-003
CMP-000874,EMP-00386,2024-06-22,Termination,131000,0,0,0,DPT-002,ROL-003
CMP-000875,EMP-00387,2022-12-26,Hire,125000,136000,0.1,27200,DPT-009,ROL-021
CMP-000876,EMP-00387,2025-06-01,Termination,136000,0,0,0,DPT-009,ROL-021
CMP-000877,EMP-00388,2024-02-03,Hire,148000,169000,0.1,33800,DPT-010,ROL-009
CMP-000878,EMP-00388,2025-03-17,Annual Adjustment,169000,173352,0.1,0,DPT-010,ROL-009
CMP-000879,EMP-00388,2026-02-17,Annual Adjustment,169000,177081,0.1,0,DPT-010,ROL-009
CMP-000880,EMP-00388,2026-02-26,Termination,169000,0,0,0,DPT-010,ROL-009
CMP-000881,EMP-00389,2020-06-11,Hire,183000,205000,0.1,102500,DPT-002,ROL-005
CMP-000882,EMP-00389,2021-03-22,Equity Refresh,205000,205000,0.1,76432,DPT-002,ROL-005
CMP-000883,EMP-00390,2026-01-24,Hire,127000,148000,0.1,29600,DPT-026,ROL-024
CMP-000884,EMP-00391,2024-12-10,Hire,93000,103000,0.1,20600,DPT-004,ROL-002
CMP-000885,EMP-00391,2025-10-27,Promotion,103000,117555,0.1,0,DPT-004,ROL-002
CMP-000886,EMP-00392,2024-04-08,Hire,92000,102000,0.1,20400,DPT-010,ROL-007
CMP-000887,EMP-00392,2025-03-22,Annual Adjustment,102000,105781,0.1,0,DPT-010,ROL-007
CMP-000888,EMP-00393,2024-06-17,Hire,96000,109000,0.1,21800,DPT-001,ROL-002
CMP-000889,EMP-00393,2025-04-18,Annual Adjustment,109000,114233,0.1,0,DPT-001,ROL-002
CMP-000890,EMP-00393,2025-07-22,Termination,109000,0,0,0,DPT-001,ROL-002
CMP-000891,EMP-00394,2024-01-06,Hire,109000,128000,0.1,25600,DPT-009,ROL-021
CMP-000892,EMP-00394,2024-07-19,Promotion,128000,150860,0.1,0,DPT-009,ROL-021
CMP-000893,EMP-00395,2024-06-06,Hire,97000,108000,0.1,21600,DPT-023,ROL-023
CMP-000894,EMP-00395,2025-05-04,Annual Adjustment,108000,113773,0.1,0,DPT-023,ROL-023
CMP-000895,EMP-00395,2025-05-14,Termination,108000,0,0,0,DPT-023,ROL-023
CMP-000896,EMP-00396,2025-09-28,Hire,151000,167000,0.1,33400,DPT-009,ROL-009
CMP-000897,EMP-00397,2023-05-02,Hire,80000,93000,0.1,18600,DPT-018,ROL-016
CMP-000898,EMP-00397,2023-12-26,Promotion,93000,108946,0.1,0,DPT-018,ROL-016
CMP-000899,EMP-00397,2024-10-15,Equity Refresh,93000,93000,0.1,16748,DPT-018,ROL-016
CMP-000900,EMP-00397,2025-06-05,Annual Adjustment,93000,96829,0.1,0,DPT-018,ROL-016
CMP-000901,EMP-00398,2025-08-10,Hire,131000,148000,0.1,29600,DPT-022,ROL-024
CMP-000902,EMP-00399,2024-03-17,Hire,142000,166000,0.1,83000,DPT-001,ROL-004
CMP-000903,EMP-00399,2025-04-18,Promotion,166000,194891,0.1,0,DPT-001,ROL-004
CMP-000904,EMP-00399,2026-03-21,Termination,166000,0,0,0,DPT-001,ROL-004
CMP-000905,EMP-00400,2023-04-16,Hire,90000,101000,0.1,20200,DPT-011,ROL-011
CMP-000906,EMP-00400,2023-11-18,Equity Refresh,101000,101000,0.1,23528,DPT-011,ROL-011
CMP-000907,EMP-00400,2024-04-30,Termination,101000,0,0,0,DPT-011,ROL-011
CMP-000908,EMP-00401,2023-12-20,Hire,91000,102000,0.1,20400,DPT-024,ROL-023
CMP-000909,EMP-00401,2024-10-25,Annual Adjustment,102000,106887,0.1,0,DPT-024,ROL-023
CMP-000910,EMP-00401,2025-12-16,Annual Adjustment,102000,105116,0.1,0,DPT-024,ROL-023
CMP-000911,EMP-00402,2026-03-14,Hire,297000,329000,0.2,329000,DPT-007,ROL-033
CMP-000912,EMP-00403,2023-09-22,Hire,87000,102000,0.1,20400,DPT-009,ROL-007
CMP-000913,EMP-00403,2024-04-11,Equity Refresh,102000,102000,0.1,10479,DPT-009,ROL-007
CMP-000914,EMP-00403,2026-02-12,Termination,102000,0,0,0,DPT-009,ROL-007
CMP-000915,EMP-00404,2020-08-20,Hire,308000,342000,0.2,342000,DPT-008,ROL-032
CMP-000916,EMP-00404,2021-03-16,Annual Adjustment,342000,354749,0.2,0,DPT-008,ROL-032
CMP-000917,EMP-00404,2022-02-19,Promotion,342000,390356,0.2,0,DPT-008,ROL-032
CMP-000918,EMP-00405,2023-05-16,Hire,72000,85000,0.1,17000,DPT-015,ROL-010
CMP-000919,EMP-00405,2024-02-28,Equity Refresh,85000,85000,0.1,22968,DPT-015,ROL-010
CMP-000920,EMP-00405,2025-04-12,Annual Adjustment,85000,87791,0.1,0,DPT-015,ROL-010
CMP-000921,EMP-00406,2024-04-27,Hire,115000,130000,0.1,26000,DPT-008,ROL-003
CMP-000922,EMP-00406,2025-01-18,Annual Adjustment,130000,136470,0.1,0,DPT-008,ROL-003
CMP-000923,EMP-00406,2025-08-30,Annual Adjustment,130000,133182,0.1,0,DPT-008,ROL-003
CMP-000924,EMP-00407,2026-02-12,Hire,183000,207000,0.2,207000,DPT-013,ROL-030
CMP-000925,EMP-00408,2022-11-14,Hire,94000,110000,0.1,22000,DPT-024,ROL-023
CMP-000926,EMP-00408,2023-06-29,Annual Adjustment,110000,115048,0.1,0,DPT-024,ROL-023
CMP-000927,EMP-00408,2024-07-29,Promotion,110000,130137,0.1,0,DPT-024,ROL-023
CMP-000928,EMP-00408,2025-02-19,Annual Adjustment,110000,114328,0.1,0,DPT-024,ROL-023
CMP-000929,EMP-00409,2022-12-07,Hire,118000,131000,0.1,26200,DPT-006,ROL-003
CMP-000930,EMP-00409,2025-05-20,Termination,131000,0,0,0,DPT-006,ROL-003
CMP-000931,EMP-00410,2024-11-07,Hire,98000,110000,0.1,22000,DPT-003,ROL-002
CMP-000932,EMP-00410,2025-11-08,Annual Adjustment,110000,112479,0.1,0,DPT-003,ROL-002
CMP-000933,EMP-00410,2026-05-14,Equity Refresh,110000,110000,0.1,11589,DPT-003,ROL-002
CMP-000934,EMP-00411,2025-04-29,Hire,101000,112000,0.1,22400,DPT-016,ROL-017
CMP-000935,EMP-00411,2026-05-02,Annual Adjustment,112000,118488,0.1,0,DPT-016,ROL-017
CMP-000936,EMP-00412,2022-07-04,Hire,208000,228000,0.2,228000,DPT-015,ROL-029
CMP-000937,EMP-00412,2023-08-16,Equity Refresh,228000,228000,0.2,193187,DPT-015,ROL-029
CMP-000938,EMP-00413,2023-05-22,Hire,122000,134000,0.1,26800,DPT-014,ROL-012
CMP-000939,EMP-00413,2024-06-29,Annual Adjustment,134000,137824,0.1,0,DPT-014,ROL-012
CMP-000940,EMP-00413,2025-11-03,Termination,134000,0,0,0,DPT-014,ROL-012
CMP-000941,EMP-00414,2024-11-10,Hire,144000,160000,0.1,80000,DPT-004,ROL-004
CMP-000942,EMP-00415,2025-05-05,Hire,150000,165000,0.1,82500,DPT-004,ROL-004
CMP-000943,EMP-00415,2025-12-06,Promotion,165000,198291,0.1,0,DPT-004,ROL-004
CMP-000944,EMP-00416,2023-02-06,Hire,159000,177000,0.2,177000,DPT-023,ROL-025
CMP-000945,EMP-00416,2026-02-25,Termination,177000,0,0,0,DPT-023,ROL-025
CMP-000946,EMP-00417,2022-08-28,Hire,91000,103000,0.1,20600,DPT-004,ROL-002
CMP-000947,EMP-00417,2023-05-03,Annual Adjustment,103000,108323,0.1,0,DPT-004,ROL-002
CMP-000948,EMP-00417,2024-01-22,Equity Refresh,103000,103000,0.1,28856,DPT-004,ROL-002
CMP-000949,EMP-00418,2022-11-15,Hire,96000,107000,0.1,21400,DPT-012,ROL-013
CMP-000950,EMP-00418,2023-10-04,Annual Adjustment,107000,112726,0.1,0,DPT-012,ROL-013
CMP-000951,EMP-00418,2024-02-11,Termination,107000,0,0,0,DPT-012,ROL-013
CMP-000952,EMP-00419,2025-12-09,Hire,191000,212000,0.2,212000,DPT-005,ROL-030
CMP-000953,EMP-00420,2022-10-27,Hire,273000,298000,0.2,298000,DPT-001,ROL-033
CMP-000954,EMP-00420,2023-07-21,Annual Adjustment,298000,312344,0.2,0,DPT-001,ROL-033
CMP-000955,EMP-00420,2024-08-05,Annual Adjustment,298000,314079,0.2,0,DPT-001,ROL-033
CMP-000956,EMP-00420,2025-03-10,Termination,298000,0,0,0,DPT-001,ROL-033
CMP-000957,EMP-00421,2024-10-21,Hire,74000,85000,0.1,17000,DPT-002,ROL-001
CMP-000958,EMP-00421,2025-10-09,Promotion,85000,100069,0.1,0,DPT-002,ROL-001
CMP-000959,EMP-00422,2025-12-16,Hire,203000,229000,0.2,229000,DPT-019,ROL-028
CMP-000960,EMP-00423,2023-02-02,Hire,71000,81000,0.1,16200,DPT-011,ROL-010
CMP-000961,EMP-00423,2023-12-12,Annual Adjustment,81000,84304,0.1,0,DPT-011,ROL-010
CMP-000962,EMP-00424,2024-03-26,Hire,92000,101000,0.1,20200,DPT-010,ROL-007
CMP-000963,EMP-00424,2025-03-26,Annual Adjustment,101000,105111,0.1,0,DPT-010,ROL-007
CMP-000964,EMP-00424,2026-03-26,Annual Adjustment,101000,103718,0.1,0,DPT-010,ROL-007
CMP-000965,EMP-00425,2021-06-22,Hire,110000,129000,0.1,25800,DPT-011,ROL-012
CMP-000966,EMP-00425,2022-04-30,Annual Adjustment,129000,133264,0.1,0,DPT-011,ROL-012
CMP-000967,EMP-00425,2023-02-06,Annual Adjustment,129000,135783,0.1,0,DPT-011,ROL-012
CMP-000968,EMP-00425,2023-12-14,Annual Adjustment,129000,131879,0.1,0,DPT-011,ROL-012
CMP-000969,EMP-00426,2025-07-29,Hire,97000,110000,0.1,22000,DPT-001,ROL-002
CMP-000970,EMP-00426,2026-05-20,Annual Adjustment,110000,112990,0.1,0,DPT-001,ROL-002
CMP-000971,EMP-00427,2021-09-18,Hire,170000,190000,0.2,190000,DPT-002,ROL-025
CMP-000972,EMP-00427,2022-03-23,Annual Adjustment,190000,195953,0.2,0,DPT-002,ROL-025
CMP-000973,EMP-00427,2023-02-09,Annual Adjustment,190000,200845,0.2,0,DPT-002,ROL-025
CMP-000974,EMP-00428,2023-12-04,Hire,67000,77000,0.1,15400,DPT-020,ROL-019
CMP-000975,EMP-00428,2024-06-26,Promotion,77000,90902,0.1,0,DPT-020,ROL-019
CMP-000976,EMP-00428,2025-06-01,Promotion,77000,91635,0.1,0,DPT-020,ROL-019
CMP-000977,EMP-00428,2026-01-30,Annual Adjustment,77000,81536,0.1,0,DPT-020,ROL-019
CMP-000978,EMP-00429,2022-06-19,Hire,98000,110000,0.1,22000,DPT-024,ROL-023
CMP-000979,EMP-00430,2025-05-26,Hire,122000,136000,0.1,27200,DPT-007,ROL-003
CMP-000980,EMP-00431,2025-01-14,Hire,274000,304000,0.2,304000,DPT-011,ROL-034
CMP-000981,EMP-00431,2025-08-17,Annual Adjustment,304000,321071,0.2,0,DPT-011,ROL-034
CMP-000982,EMP-00431,2026-03-18,Annual Adjustment,304000,312989,0.2,0,DPT-011,ROL-034
CMP-000983,EMP-00432,2023-04-03,Hire,122000,135000,0.1,27000,DPT-004,ROL-003
CMP-000984,EMP-00432,2024-03-06,Annual Adjustment,135000,141659,0.1,0,DPT-004,ROL-003
CMP-000985,EMP-00433,2023-11-04,Hire,116000,136000,0.1,27200,DPT-001,ROL-003
CMP-000986,EMP-00434,2024-08-26,Hire,166000,192000,0.2,192000,DPT-002,ROL-031
CMP-000987,EMP-00434,2025-08-19,Annual Adjustment,192000,198284,0.2,0,DPT-002,ROL-031
CMP-000988,EMP-00435,2024-12-20,Hire,90000,102000,0.1,20400,DPT-003,ROL-002
CMP-000989,EMP-00435,2025-08-07,Equity Refresh,102000,102000,0.1,24393,DPT-003,ROL-002
CMP-000990,EMP-00436,2023-07-28,Hire,103000,114000,0.1,22800,DPT-020,ROL-017
CMP-000991,EMP-00437,2022-06-18,Hire,169000,187000,0.2,187000,DPT-020,ROL-025
CMP-000992,EMP-00438,2023-03-21,Hire,184000,209000,0.1,104500,DPT-002,ROL-005
CMP-000993,EMP-00438,2024-03-23,Annual Adjustment,209000,216808,0.1,0,DPT-002,ROL-005
CMP-000994,EMP-00438,2026-04-02,Termination,209000,0,0,0,DPT-002,ROL-005
CMP-000995,EMP-00439,2023-08-28,Hire,96000,113000,0.1,22600,DPT-025,ROL-023
CMP-000996,EMP-00440,2023-12-31,Hire,96000,106000,0.1,21200,DPT-001,ROL-002
CMP-000997,EMP-00440,2024-12-18,Equity Refresh,106000,106000,0.1,12400,DPT-001,ROL-002
CMP-000998,EMP-00441,2024-07-22,Hire,74000,84000,0.1,16800,DPT-004,ROL-001
CMP-000999,EMP-00442,2024-09-29,Hire,68000,79000,0.1,15800,DPT-026,ROL-022
CMP-001000,EMP-00442,2025-06-28,Promotion,79000,93770,0.1,0,DPT-026,ROL-022
CMP-001001,EMP-00442,2026-03-27,Annual Adjustment,79000,82030,0.1,0,DPT-026,ROL-022
CMP-001002,EMP-00443,2025-09-12,Hire,210000,245000,0.2,245000,DPT-017,ROL-028
CMP-001003,EMP-00444,2025-10-18,Hire,163000,182000,0.2,182000,DPT-001,ROL-031
CMP-001004,EMP-00445,2023-06-30,Hire,96000,111000,0.1,22200,DPT-003,ROL-002
CMP-001005,EMP-00445,2024-04-11,Annual Adjustment,111000,113879,0.1,0,DPT-003,ROL-002
CMP-001006,EMP-00445,2025-05-23,Annual Adjustment,111000,114314,0.1,0,DPT-003,ROL-002
CMP-001007,EMP-00446,2023-03-30,Hire,88000,103000,0.1,20600,DPT-009,ROL-020
CMP-001008,EMP-00446,2024-01-23,Equity Refresh,103000,103000,0.1,29765,DPT-009,ROL-020
CMP-001009,EMP-00447,2023-06-08,Hire,78000,86000,0.1,17200,DPT-003,ROL-001
CMP-001010,EMP-00447,2024-02-22,Annual Adjustment,86000,88385,0.1,0,DPT-003,ROL-001
CMP-001011,EMP-00448,2024-05-14,Hire,122000,134000,0.1,26800,DPT-009,ROL-021
CMP-001012,EMP-00448,2025-02-23,Annual Adjustment,134000,139790,0.1,0,DPT-009,ROL-021
CMP-001013,EMP-00448,2025-04-29,Termination,134000,0,0,0,DPT-009,ROL-021
CMP-001014,EMP-00449,2024-06-12,Hire,100000,117000,0.1,23400,DPT-020,ROL-017
CMP-001015,EMP-00449,2025-04-14,Annual Adjustment,117000,121855,0.1,0,DPT-020,ROL-017
CMP-001016,EMP-00449,2026-05-13,Termination,117000,0,0,0,DPT-020,ROL-017
CMP-001017,EMP-00450,2024-05-20,Hire,184000,215000,0.2,215000,DPT-001,ROL-029
CMP-001018,EMP-00450,2025-05-13,Annual Adjustment,215000,225724,0.2,0,DPT-001,ROL-029
CMP-001019,EMP-00450,2025-12-15,Annual Adjustment,215000,226605,0.2,0,DPT-001,ROL-029
CMP-001020,EMP-00451,2023-04-29,Hire,103000,120000,0.1,24000,DPT-020,ROL-017
CMP-001021,EMP-00451,2024-01-24,Annual Adjustment,120000,123235,0.1,0,DPT-020,ROL-017
CMP-001022,EMP-00452,2024-12-28,Hire,123000,136000,0.1,27200,DPT-006,ROL-003
CMP-001023,EMP-00452,2025-07-17,Annual Adjustment,136000,142538,0.1,0,DPT-006,ROL-003
CMP-001024,EMP-00453,2024-03-29,Hire,108000,124000,0.1,24800,DPT-004,ROL-003
CMP-001025,EMP-00453,2025-05-17,Annual Adjustment,124000,129029,0.1,0,DPT-004,ROL-003
CMP-001026,EMP-00453,2025-12-31,Annual Adjustment,124000,131223,0.1,0,DPT-004,ROL-003
CMP-001027,EMP-00454,2024-07-14,Hire,76000,83000,0.1,16600,DPT-021,ROL-022
CMP-001028,EMP-00454,2025-02-26,Promotion,83000,91974,0.1,0,DPT-021,ROL-022
CMP-001029,EMP-00454,2026-02-16,Annual Adjustment,83000,86587,0.1,0,DPT-021,ROL-022
CMP-001030,EMP-00455,2023-03-04,Hire,174000,190000,0.2,190000,DPT-024,ROL-031
CMP-001031,EMP-00456,2022-12-23,Hire,166000,186000,0.2,186000,DPT-021,ROL-025
CMP-001032,EMP-00457,2024-04-07,Hire,76000,85000,0.1,17000,DPT-003,ROL-001
CMP-001033,EMP-00457,2024-11-24,Annual Adjustment,85000,87667,0.1,0,DPT-003,ROL-001
CMP-001034,EMP-00458,2022-05-24,Hire,92000,108000,0.1,21600,DPT-005,ROL-002
CMP-001035,EMP-00458,2023-01-11,Annual Adjustment,108000,111759,0.1,0,DPT-005,ROL-002
CMP-001036,EMP-00458,2026-02-02,Termination,108000,0,0,0,DPT-005,ROL-002
CMP-001037,EMP-00459,2024-10-15,Hire,74000,83000,0.1,16600,DPT-004,ROL-001
CMP-001038,EMP-00459,2025-10-09,Annual Adjustment,83000,85737,0.1,0,DPT-004,ROL-001
CMP-001039,EMP-00459,2026-05-23,Promotion,83000,95364,0.1,0,DPT-004,ROL-001
CMP-001040,EMP-00460,2024-06-12,Hire,110000,126000,0.1,25200,DPT-001,ROL-003
CMP-001041,EMP-00460,2025-06-10,Annual Adjustment,126000,132994,0.1,0,DPT-001,ROL-003
CMP-001042,EMP-00461,2022-03-30,Hire,179000,198000,0.2,198000,DPT-021,ROL-030
CMP-001043,EMP-00461,2023-05-20,Annual Adjustment,198000,207543,0.2,0,DPT-021,ROL-030
CMP-001044,EMP-00461,2024-07-09,Equity Refresh,198000,198000,0.2,207146,DPT-021,ROL-030
CMP-001045,EMP-00462,2021-02-05,Hire,141000,163000,0.1,81500,DPT-007,ROL-004
CMP-001046,EMP-00462,2022-03-09,Equity Refresh,163000,163000,0.1,64673,DPT-007,ROL-004
CMP-001047,EMP-00462,2023-01-12,Promotion,163000,189348,0.1,0,DPT-007,ROL-004
CMP-001048,EMP-00462,2023-07-17,Promotion,163000,187192,0.1,0,DPT-007,ROL-004
CMP-001049,EMP-00463,2023-04-12,Hire,113000,129000,0.1,25800,DPT-004,ROL-003
CMP-001050,EMP-00463,2023-12-18,Annual Adjustment,129000,133250,0.1,0,DPT-004,ROL-003
CMP-001051,EMP-00464,2023-07-06,Hire,115000,126000,0.1,25200,DPT-004,ROL-003
CMP-001052,EMP-00464,2025-07-31,Termination,126000,0,0,0,DPT-004,ROL-003
CMP-001053,EMP-00465,2024-06-09,Hire,121000,135000,0.1,27000,DPT-010,ROL-008
CMP-001054,EMP-00466,2020-11-08,Hire,162000,190000,0.2,190000,DPT-015,ROL-025
CMP-001055,EMP-00466,2021-11-13,Annual Adjustment,190000,200812,0.2,0,DPT-015,ROL-025
CMP-001056,EMP-00466,2022-09-09,Annual Adjustment,190000,194774,0.2,0,DPT-015,ROL-025
CMP-001057,EMP-00466,2023-04-05,Annual Adjustment,190000,201239,0.2,0,DPT-015,ROL-025
CMP-001058,EMP-00467,2024-10-08,Hire,93000,102000,0.1,20400,DPT-013,ROL-011
CMP-001059,EMP-00467,2025-05-27,Equity Refresh,102000,102000,0.1,17907,DPT-013,ROL-011
CMP-001060,EMP-00468,2024-01-25,Hire,62000,72000,0.1,14400,DPT-018,ROL-015
CMP-001061,EMP-00468,2025-01-01,Termination,72000,0,0,0,DPT-018,ROL-015
CMP-001062,EMP-00469,2023-03-26,Hire,153000,168000,0.1,33600,DPT-010,ROL-009
CMP-001063,EMP-00469,2024-03-22,Equity Refresh,168000,168000,0.1,36350,DPT-010,ROL-009
CMP-001064,EMP-00469,2025-02-24,Annual Adjustment,168000,173864,0.1,0,DPT-010,ROL-009
CMP-001065,EMP-00470,2023-09-13,Hire,76000,85000,0.1,17000,DPT-004,ROL-001
CMP-001066,EMP-00470,2024-10-14,Promotion,85000,102368,0.1,0,DPT-004,ROL-001
CMP-001067,EMP-00471,2023-01-31,Hire,112000,127000,0.1,25400,DPT-002,ROL-003
CMP-001068,EMP-00471,2024-03-25,Equity Refresh,127000,127000,0.1,17330,DPT-002,ROL-003
CMP-001069,EMP-00471,2026-05-06,Termination,127000,0,0,0,DPT-002,ROL-003
CMP-001070,EMP-00472,2023-06-06,Hire,98000,107000,0.1,21400,DPT-001,ROL-002
CMP-001071,EMP-00472,2024-02-09,Promotion,107000,122455,0.1,0,DPT-001,ROL-002
CMP-001072,EMP-00472,2024-09-10,Annual Adjustment,107000,112019,0.1,0,DPT-001,ROL-002
CMP-001073,EMP-00472,2025-05-12,Annual Adjustment,107000,112633,0.1,0,DPT-001,ROL-002
CMP-001074,EMP-00473,2022-06-12,Hire,98000,110000,0.1,22000,DPT-024,ROL-023
CMP-001075,EMP-00473,2022-12-14,Annual Adjustment,110000,115336,0.1,0,DPT-024,ROL-023
CMP-001076,EMP-00473,2023-09-09,Promotion,110000,130586,0.1,0,DPT-024,ROL-023
CMP-001077,EMP-00474,2023-01-10,Hire,85000,94000,0.1,18800,DPT-016,ROL-016
CMP-001078,EMP-00475,2023-06-14,Hire,187000,217000,0.2,217000,DPT-017,ROL-026
CMP-001079,EMP-00475,2023-12-11,Equity Refresh,217000,217000,0.2,139815,DPT-017,ROL-026
CMP-001080,EMP-00476,2024-02-03,Hire,123000,135000,0.1,27000,DPT-004,ROL-003
CMP-001081,EMP-00476,2024-11-23,Annual Adjustment,135000,138235,0.1,0,DPT-004,ROL-003
CMP-001082,EMP-00476,2025-06-12,Equity Refresh,135000,135000,0.1,22535,DPT-004,ROL-003
CMP-001083,EMP-00476,2025-10-20,Termination,135000,0,0,0,DPT-004,ROL-003
CMP-001084,EMP-00477,2026-05-22,Hire,193000,211000,0.2,211000,DPT-006,ROL-030
CMP-001085,EMP-00478,2024-08-16,Hire,63000,73000,0.1,14600,DPT-020,ROL-015
CMP-001086,EMP-00478,2025-06-10,Equity Refresh,73000,73000,0.1,13486,DPT-020,ROL-015
CMP-001087,EMP-00479,2024-09-12,Hire,108000,120000,0.1,24000,DPT-018,ROL-017
CMP-001088,EMP-00479,2025-06-16,Annual Adjustment,120000,126354,0.1,0,DPT-018,ROL-017
CMP-001089,EMP-00480,2023-02-21,Hire,163000,187000,0.2,187000,DPT-012,ROL-025
CMP-001090,EMP-00480,2023-09-19,Promotion,187000,217196,0.2,0,DPT-012,ROL-025
CMP-001091,EMP-00480,2024-08-22,Annual Adjustment,187000,197868,0.2,0,DPT-012,ROL-025
CMP-001092,EMP-00481,2023-12-07,Hire,93000,106000,0.1,21200,DPT-001,ROL-002
CMP-001093,EMP-00481,2024-10-09,Annual Adjustment,106000,109392,0.1,0,DPT-001,ROL-002
CMP-001094,EMP-00481,2025-11-05,Termination,106000,0,0,0,DPT-001,ROL-002
CMP-001095,EMP-00482,2023-09-04,Hire,92000,103000,0.1,20600,DPT-006,ROL-002
CMP-001096,EMP-00482,2024-09-24,Equity Refresh,103000,103000,0.1,28361,DPT-006,ROL-002
CMP-001097,EMP-00482,2025-08-27,Equity Refresh,103000,103000,0.1,15883,DPT-006,ROL-002
CMP-001098,EMP-00482,2026-05-09,Termination,103000,0,0,0,DPT-006,ROL-002
CMP-001099,EMP-00483,2025-08-08,Hire,99000,111000,0.1,22200,DPT-017,ROL-017
CMP-001100,EMP-00483,2026-03-03,Promotion,111000,133865,0.1,0,DPT-017,ROL-017
CMP-001101,EMP-00484,2024-08-03,Hire,100000,115000,0.1,23000,DPT-017,ROL-017
CMP-001102,EMP-00484,2025-07-09,Equity Refresh,115000,115000,0.1,18500,DPT-017,ROL-017
CMP-001103,EMP-00484,2026-03-13,Annual Adjustment,115000,118547,0.1,0,DPT-017,ROL-017
CMP-001104,EMP-00485,2024-08-01,Hire,87000,102000,0.1,20400,DPT-012,ROL-011
CMP-001105,EMP-00485,2025-04-29,Equity Refresh,102000,102000,0.1,12488,DPT-012,ROL-011
CMP-001106,EMP-00485,2025-12-31,Annual Adjustment,102000,106904,0.1,0,DPT-012,ROL-011
CMP-001107,EMP-00486,2023-06-25,Hire,100000,110000,0.1,22000,DPT-021,ROL-023
CMP-001108,EMP-00487,2025-04-29,Hire,77000,87000,0.1,17400,DPT-004,ROL-001
CMP-001109,EMP-00487,2025-11-01,Promotion,87000,98080,0.1,0,DPT-004,ROL-001
CMP-001110,EMP-00488,2022-05-12,Hire,177000,200000,0.1,100000,DPT-002,ROL-005
CMP-001111,EMP-00488,2025-09-29,Termination,200000,0,0,0,DPT-002,ROL-005
CMP-001112,EMP-00489,2023-02-15,Hire,91000,106000,0.1,21200,DPT-009,ROL-020
CMP-001113,EMP-00489,2024-02-13,Promotion,106000,125085,0.1,0,DPT-009,ROL-020
CMP-001114,EMP-00489,2025-01-14,Annual Adjustment,106000,110423,0.1,0,DPT-009,ROL-020
CMP-001115,EMP-00489,2026-01-22,Promotion,106000,122672,0.1,0,DPT-009,ROL-020
CMP-001116,EMP-00490,2024-04-01,Hire,88000,102000,0.1,20400,DPT-013,ROL-013
CMP-001117,EMP-00490,2025-01-26,Annual Adjustment,102000,105202,0.1,0,DPT-013,ROL-013
CMP-001118,EMP-00490,2025-06-20,Termination,102000,0,0,0,DPT-013,ROL-013
CMP-001119,EMP-00491,2024-12-06,Hire,171000,187000,0.2,187000,DPT-002,ROL-025
CMP-001120,EMP-00491,2025-11-23,Promotion,187000,222075,0.2,0,DPT-002,ROL-025
CMP-001121,EMP-00492,2024-04-25,Hire,97000,107000,0.1,21400,DPT-011,ROL-013
CMP-001122,EMP-00493,2023-06-28,Hire,211000,233000,0.2,233000,DPT-023,ROL-028
CMP-001123,EMP-00493,2024-05-09,Annual Adjustment,233000,245424,0.2,0,DPT-023,ROL-028
CMP-001124,EMP-00494,2023-02-22,Hire,193000,213000,0.2,213000,DPT-004,ROL-029
CMP-001125,EMP-00495,2024-03-16,Hire,139000,157000,0.1,78500,DPT-002,ROL-004
CMP-001126,EMP-00495,2025-02-01,Equity Refresh,157000,157000,0.1,100355,DPT-002,ROL-004
CMP-001127,EMP-00496,2024-01-26,Hire,63000,70000,0.1,14000,DPT-018,ROL-015
CMP-001128,EMP-00497,2024-09-25,Hire,142000,166000,0.1,33200,DPT-009,ROL-009
CMP-001129,EMP-00497,2025-06-04,Annual Adjustment,166000,172757,0.1,0,DPT-009,ROL-009
CMP-001130,EMP-00497,2026-03-17,Termination,166000,0,0,0,DPT-009,ROL-009
CMP-001131,EMP-00498,2025-03-12,Hire,70000,82000,0.1,16400,DPT-023,ROL-022
CMP-001132,EMP-00498,2026-01-31,Annual Adjustment,82000,86403,0.1,0,DPT-023,ROL-022
CMP-001133,EMP-00499,2023-04-20,Hire,86000,99000,0.1,19800,DPT-010,ROL-007
CMP-001134,EMP-00499,2024-05-30,Annual Adjustment,99000,104801,0.1,0,DPT-010,ROL-007
CMP-001135,EMP-00500,2024-08-25,Hire,125000,140000,0.1,28000,DPT-009,ROL-008
CMP-001136,EMP-00500,2025-04-26,Equity Refresh,140000,140000,0.1,26872,DPT-009,ROL-008
CMP-001137,EMP-00500,2025-11-03,Termination,140000,0,0,0,DPT-009,ROL-008
CMP-001138,EMP-00501,2024-07-05,Hire,68000,78000,0.1,15600,DPT-021,ROL-022
CMP-001139,EMP-00501,2025-08-15,Annual Adjustment,78000,82533,0.1,0,DPT-021,ROL-022
CMP-001140,EMP-00502,2020-10-11,Hire,166000,184000,0.2,184000,DPT-003,ROL-031
CMP-001141,EMP-00502,2021-05-26,Promotion,184000,207498,0.2,0,DPT-003,ROL-031
CMP-001142,EMP-00503,2024-08-27,Hire,79000,91000,0.1,18200,DPT-018,ROL-016
CMP-001143,EMP-00503,2025-06-23,Annual Adjustment,91000,93513,0.1,0,DPT-018,ROL-016
CMP-001144,EMP-00504,2024-12-06,Hire,140000,158000,0.1,79000,DPT-007,ROL-004
CMP-001145,EMP-00504,2025-09-02,Annual Adjustment,158000,162143,0.1,0,DPT-007,ROL-004
CMP-001146,EMP-00504,2026-05-14,Equity Refresh,158000,158000,0.1,97636,DPT-007,ROL-004
CMP-001147,EMP-00505,2026-04-16,Hire,157000,174000,0.1,87000,DPT-003,ROL-004
CMP-001148,EMP-00506,2021-11-12,Hire,155000,175000,0.1,35000,DPT-009,ROL-009
CMP-001149,EMP-00506,2022-08-22,Annual Adjustment,175000,184544,0.1,0,DPT-009,ROL-009
CMP-001150,EMP-00506,2023-09-09,Annual Adjustment,175000,178978,0.1,0,DPT-009,ROL-009
CMP-001151,EMP-00507,2023-12-02,Hire,99000,110000,0.1,22000,DPT-004,ROL-002
CMP-001152,EMP-00507,2024-09-10,Promotion,110000,129262,0.1,0,DPT-004,ROL-002
CMP-001153,EMP-00507,2025-09-24,Termination,110000,0,0,0,DPT-004,ROL-002
CMP-001154,EMP-00508,2025-02-23,Hire,94000,105000,0.1,21000,DPT-009,ROL-007
CMP-001155,EMP-00508,2026-03-20,Equity Refresh,105000,105000,0.1,12452,DPT-009,ROL-007
CMP-001156,EMP-00509,2024-04-18,Hire,84000,93000,0.1,18600,DPT-005,ROL-001
CMP-001157,EMP-00509,2025-03-20,Equity Refresh,93000,93000,0.1,12706,DPT-005,ROL-001
CMP-001158,EMP-00510,2024-05-05,Hire,97000,113000,0.1,22600,DPT-007,ROL-002
CMP-001159,EMP-00510,2025-02-12,Termination,113000,0,0,0,DPT-007,ROL-002
CMP-001160,EMP-00511,2025-05-15,Hire,83000,96000,0.1,19200,DPT-018,ROL-016
CMP-001161,EMP-00511,2026-02-16,Equity Refresh,96000,96000,0.1,27580,DPT-018,ROL-016
CMP-001162,EMP-00512,2021-12-23,Hire,125000,138000,0.1,27600,DPT-026,ROL-024
CMP-001163,EMP-00513,2024-03-25,Hire,150000,173000,0.1,86500,DPT-006,ROL-004
CMP-001164,EMP-00513,2024-12-20,Equity Refresh,173000,173000,0.1,119587,DPT-006,ROL-004
CMP-001165,EMP-00513,2025-10-07,Annual Adjustment,173000,180355,0.1,0,DPT-006,ROL-004
CMP-001166,EMP-00514,2024-07-13,Hire,74000,85000,0.1,17000,DPT-013,ROL-010
CMP-001167,EMP-00514,2025-07-28,Annual Adjustment,85000,86948,0.1,0,DPT-013,ROL-010
CMP-001168,EMP-00514,2025-09-30,Termination,85000,0,0,0,DPT-013,ROL-010
CMP-001169,EMP-00515,2021-07-31,Hire,312000,345000,0.2,345000,DPT-003,ROL-032
CMP-001170,EMP-00516,2022-09-10,Hire,91000,102000,0.1,20400,DPT-022,ROL-023
CMP-001171,EMP-00516,2023-08-23,Equity Refresh,102000,102000,0.1,16173,DPT-022,ROL-023
CMP-001172,EMP-00516,2024-03-17,Annual Adjustment,102000,106071,0.1,0,DPT-022,ROL-023
CMP-001173,EMP-00516,2025-03-29,Promotion,102000,117611,0.1,0,DPT-022,ROL-023
CMP-001174,EMP-00516,2025-12-01,Termination,102000,0,0,0,DPT-022,ROL-023
CMP-001175,EMP-00517,2025-07-10,Hire,154000,170000,0.1,85000,DPT-006,ROL-004
CMP-001176,EMP-00517,2026-02-11,Annual Adjustment,170000,177377,0.1,0,DPT-006,ROL-004
CMP-001177,EMP-00518,2021-07-10,Hire,128000,146000,0.1,29200,DPT-022,ROL-024
CMP-001178,EMP-00518,2022-05-30,Equity Refresh,146000,146000,0.1,33281,DPT-022,ROL-024
CMP-001179,EMP-00518,2023-03-27,Annual Adjustment,146000,150197,0.1,0,DPT-022,ROL-024
CMP-001180,EMP-00518,2023-09-25,Annual Adjustment,146000,149010,0.1,0,DPT-022,ROL-024
CMP-001181,EMP-00519,2025-10-14,Hire,99000,114000,0.1,22800,DPT-001,ROL-002
CMP-001182,EMP-00520,2024-10-22,Hire,103000,113000,0.1,22600,DPT-001,ROL-002
CMP-001183,EMP-00521,2025-08-15,Hire,119000,135000,0.1,27000,DPT-006,ROL-003
CMP-001184,EMP-00522,2025-04-26,Hire,102000,114000,0.1,22800,DPT-018,ROL-017
CMP-001185,EMP-00522,2026-04-26,Promotion,114000,133617,0.1,0,DPT-018,ROL-017
CMP-001186,EMP-00523,2021-06-07,Hire,144000,169000,0.1,84500,DPT-002,ROL-004
CMP-001187,EMP-00523,2022-01-05,Annual Adjustment,169000,176556,0.1,0,DPT-002,ROL-004
CMP-001188,EMP-00523,2022-12-29,Annual Adjustment,169000,176457,0.1,0,DPT-002,ROL-004
CMP-001189,EMP-00524,2023-06-23,Hire,176000,194000,0.1,97000,DPT-005,ROL-005
CMP-001190,EMP-00524,2024-01-23,Annual Adjustment,194000,201130,0.1,0,DPT-005,ROL-005
CMP-001191,EMP-00524,2024-04-12,Termination,194000,0,0,0,DPT-005,ROL-005
CMP-001192,EMP-00525,2025-03-03,Hire,75000,86000,0.1,17200,DPT-023,ROL-022
CMP-001193,EMP-00525,2025-11-27,Annual Adjustment,86000,90712,0.1,0,DPT-023,ROL-022
CMP-001194,EMP-00526,2023-09-29,Hire,177000,196000,0.2,196000,DPT-022,ROL-031
CMP-001195,EMP-00526,2024-11-05,Equity Refresh,196000,196000,0.2,280147,DPT-022,ROL-031
CMP-001196,EMP-00527,2024-05-29,Hire,88000,103000,0.1,20600,DPT-002,ROL-002
CMP-001197,EMP-00527,2025-02-25,Annual Adjustment,103000,107095,0.1,0,DPT-002,ROL-002
CMP-001198,EMP-00527,2025-09-24,Annual Adjustment,103000,106915,0.1,0,DPT-002,ROL-002
CMP-001199,EMP-00528,2024-03-23,Hire,189000,211000,0.2,211000,DPT-026,ROL-029
CMP-001200,EMP-00528,2025-03-16,Annual Adjustment,211000,217267,0.2,0,DPT-026,ROL-029
CMP-001201,EMP-00528,2026-03-19,Termination,211000,0,0,0,DPT-026,ROL-029
CMP-001202,EMP-00529,2022-08-26,Hire,149000,170000,0.1,34000,DPT-010,ROL-009
CMP-001203,EMP-00530,2025-04-01,Hire,184000,215000,0.2,215000,DPT-011,ROL-030
CMP-001204,EMP-00530,2026-04-17,Annual Adjustment,215000,220570,0.2,0,DPT-011,ROL-030
CMP-001205,EMP-00531,2020-06-08,Hire,149000,172000,0.1,86000,DPT-005,ROL-004
CMP-001206,EMP-00531,2021-05-11,Annual Adjustment,172000,175611,0.1,0,DPT-005,ROL-004
CMP-001207,EMP-00532,2024-04-20,Hire,162000,187000,0.2,187000,DPT-007,ROL-025
CMP-001208,EMP-00533,2023-10-26,Hire,67000,75000,0.1,15000,DPT-020,ROL-015
CMP-001209,EMP-00533,2024-11-10,Annual Adjustment,75000,79034,0.1,0,DPT-020,ROL-015
CMP-001210,EMP-00533,2025-05-21,Equity Refresh,75000,75000,0.1,8509,DPT-020,ROL-015
CMP-001211,EMP-00534,2022-12-31,Hire,123000,137000,0.1,27400,DPT-009,ROL-008
CMP-001212,EMP-00534,2024-02-09,Annual Adjustment,137000,140480,0.1,0,DPT-009,ROL-008
CMP-001213,EMP-00534,2025-03-31,Annual Adjustment,137000,140767,0.1,0,DPT-009,ROL-008
CMP-001214,EMP-00534,2025-09-24,Termination,137000,0,0,0,DPT-009,ROL-008
CMP-001215,EMP-00535,2022-11-17,Hire,163000,181000,0.2,181000,DPT-001,ROL-025
CMP-001216,EMP-00535,2023-08-30,Annual Adjustment,181000,189134,0.2,0,DPT-001,ROL-025
CMP-001217,EMP-00536,2025-01-21,Hire,113000,126000,0.1,25200,DPT-012,ROL-014
CMP-001218,EMP-00536,2026-01-14,Equity Refresh,126000,126000,0.1,21818,DPT-012,ROL-014
CMP-001219,EMP-00537,2024-03-14,Hire,65000,71000,0.1,14200,DPT-017,ROL-015
CMP-001220,EMP-00537,2024-12-26,Promotion,71000,86293,0.1,0,DPT-017,ROL-015
CMP-001221,EMP-00537,2025-07-07,Annual Adjustment,71000,74473,0.1,0,DPT-017,ROL-015
CMP-001222,EMP-00538,2024-08-30,Hire,78000,88000,0.1,17600,DPT-002,ROL-001
CMP-001223,EMP-00538,2025-07-28,Annual Adjustment,88000,91256,0.1,0,DPT-002,ROL-001
CMP-001224,EMP-00538,2026-04-02,Annual Adjustment,88000,91197,0.1,0,DPT-002,ROL-001
CMP-001225,EMP-00539,2023-07-05,Hire,280000,324000,0.2,324000,DPT-007,ROL-032
CMP-001226,EMP-00539,2024-02-12,Annual Adjustment,324000,335079,0.2,0,DPT-007,ROL-032
CMP-001227,EMP-00540,2023-11-11,Hire,96000,105000,0.1,21000,DPT-012,ROL-013
CMP-001228,EMP-00540,2024-09-01,Annual Adjustment,105000,107993,0.1,0,DPT-012,ROL-013
CMP-001229,EMP-00540,2025-05-26,Termination,105000,0,0,0,DPT-012,ROL-013
CMP-001230,EMP-00541,2022-02-24,Hire,127000,141000,0.1,28200,DPT-014,ROL-012
CMP-001231,EMP-00541,2023-02-18,Annual Adjustment,141000,144099,0.1,0,DPT-014,ROL-012
CMP-001232,EMP-00541,2023-11-02,Annual Adjustment,141000,146316,0.1,0,DPT-014,ROL-012
CMP-001233,EMP-00542,2024-06-08,Hire,60000,68000,0.1,13600,DPT-020,ROL-015
CMP-001234,EMP-00542,2025-06-05,Annual Adjustment,68000,69571,0.1,0,DPT-020,ROL-015
CMP-001235,EMP-00543,2023-04-20,Hire,108000,127000,0.1,25400,DPT-002,ROL-003
CMP-001236,EMP-00543,2024-01-03,Promotion,127000,147481,0.1,0,DPT-002,ROL-003
CMP-001237,EMP-00543,2024-07-13,Annual Adjustment,127000,131474,0.1,0,DPT-002,ROL-003
CMP-001238,EMP-00543,2025-08-21,Annual Adjustment,127000,132591,0.1,0,DPT-002,ROL-003
CMP-001239,EMP-00544,2026-05-13,Hire,172000,191000,0.2,191000,DPT-001,ROL-025
CMP-001240,EMP-00545,2026-01-22,Hire,196000,223000,0.2,223000,DPT-023,ROL-026
CMP-001241,EMP-00546,2022-03-08,Hire,130000,142000,0.1,28400,DPT-021,ROL-024
CMP-001242,EMP-00546,2023-04-23,Annual Adjustment,142000,147062,0.1,0,DPT-021,ROL-024
CMP-001243,EMP-00546,2024-05-07,Annual Adjustment,142000,146131,0.1,0,DPT-021,ROL-024
CMP-001244,EMP-00546,2025-04-06,Termination,142000,0,0,0,DPT-021,ROL-024
CMP-001245,EMP-00547,2025-01-26,Hire,105000,124000,0.1,24800,DPT-004,ROL-003
CMP-001246,EMP-00547,2026-02-23,Promotion,124000,137819,0.1,0,DPT-004,ROL-003
CMP-001247,EMP-00548,2025-06-17,Hire,117000,132000,0.1,26400,DPT-009,ROL-008
CMP-001248,EMP-00548,2026-05-14,Annual Adjustment,132000,137343,0.1,0,DPT-009,ROL-008
CMP-001249,EMP-00549,2026-04-07,Hire,77000,87000,0.1,17400,DPT-018,ROL-016
CMP-001250,EMP-00550,2025-08-02,Hire,120000,139000,0.1,27800,DPT-012,ROL-012
CMP-001251,EMP-00551,2024-07-03,Hire,108000,125000,0.1,25000,DPT-020,ROL-017
CMP-001252,EMP-00551,2025-04-01,Equity Refresh,125000,125000,0.1,37152,DPT-020,ROL-017
CMP-001253,EMP-00551,2025-10-05,Equity Refresh,125000,125000,0.1,33876,DPT-020,ROL-017
CMP-001254,EMP-00552,2025-06-16,Hire,129000,143000,0.1,28600,DPT-009,ROL-021
CMP-001255,EMP-00552,2026-03-15,Annual Adjustment,143000,148816,0.1,0,DPT-009,ROL-021
CMP-001256,EMP-00553,2023-03-03,Hire,92000,108000,0.1,21600,DPT-002,ROL-002
CMP-001257,EMP-00553,2023-12-15,Equity Refresh,108000,108000,0.1,31730,DPT-002,ROL-002
CMP-001258,EMP-00553,2024-09-14,Promotion,108000,118838,0.1,0,DPT-002,ROL-002
CMP-001259,EMP-00553,2025-03-27,Promotion,108000,129695,0.1,0,DPT-002,ROL-002
CMP-001260,EMP-00553,2025-09-20,Termination,108000,0,0,0,DPT-002,ROL-002
CMP-001261,EMP-00554,2020-06-18,Hire,229000,261000,0.2,261000,DPT-018,ROL-027
CMP-001262,EMP-00554,2021-02-12,Annual Adjustment,261000,270837,0.2,0,DPT-018,ROL-027
CMP-001263,EMP-00555,2020-08-05,Hire,148000,163000,0.1,81500,DPT-005,ROL-004
CMP-001264,EMP-00555,2021-02-07,Annual Adjustment,163000,169617,0.1,0,DPT-005,ROL-004
CMP-001265,EMP-00556,2025-12-11,Hire,123000,144000,0.1,28800,DPT-014,ROL-012
CMP-001266,EMP-00557,2022-11-02,Hire,160000,184000,0.2,184000,DPT-016,ROL-031
CMP-001267,EMP-00557,2023-12-04,Equity Refresh,184000,184000,0.2,125576,DPT-016,ROL-031
CMP-001268,EMP-00557,2024-12-02,Termination,184000,0,0,0,DPT-016,ROL-031
CMP-001269,EMP-00558,2024-11-28,Hire,74000,87000,0.1,17400,DPT-017,ROL-016
CMP-001270,EMP-00558,2025-09-14,Annual Adjustment,87000,90772,0.1,0,DPT-017,ROL-016
CMP-001271,EMP-00559,2024-01-22,Hire,168000,190000,0.2,190000,DPT-013,ROL-025
CMP-001272,EMP-00559,2025-02-20,Equity Refresh,190000,190000,0.2,151878,DPT-013,ROL-025
CMP-001273,EMP-00559,2026-04-11,Equity Refresh,190000,190000,0.2,109251,DPT-013,ROL-025
CMP-001274,EMP-00560,2023-07-21,Hire,151000,168000,0.1,84000,DPT-001,ROL-004
CMP-001275,EMP-00560,2024-08-22,Equity Refresh,168000,168000,0.1,119569,DPT-001,ROL-004
CMP-001276,EMP-00560,2025-09-27,Equity Refresh,168000,168000,0.1,58490,DPT-001,ROL-004
CMP-001277,EMP-00561,2025-06-05,Hire,77000,84000,0.1,16800,DPT-001,ROL-001
CMP-001278,EMP-00561,2025-12-16,Annual Adjustment,84000,85926,0.1,0,DPT-001,ROL-001
CMP-001279,EMP-00562,2024-05-19,Hire,116000,134000,0.1,26800,DPT-007,ROL-003
CMP-001280,EMP-00563,2021-05-30,Hire,247000,289000,0.2,289000,DPT-015,ROL-034
CMP-001281,EMP-00563,2022-02-09,Annual Adjustment,289000,305231,0.2,0,DPT-015,ROL-034
CMP-001282,EMP-00563,2023-03-08,Annual Adjustment,289000,298056,0.2,0,DPT-015,ROL-034
CMP-001283,EMP-00564,2024-06-12,Hire,115000,134000,0.1,26800,DPT-009,ROL-021
CMP-001284,EMP-00564,2025-04-12,Annual Adjustment,134000,141478,0.1,0,DPT-009,ROL-021
CMP-001285,EMP-00565,2023-05-27,Hire,175000,195000,0.2,195000,DPT-001,ROL-025
CMP-001286,EMP-00565,2023-12-16,Promotion,195000,230298,0.2,0,DPT-001,ROL-025
CMP-001287,EMP-00565,2024-12-24,Promotion,195000,217518,0.2,0,DPT-001,ROL-025
CMP-001288,EMP-00566,2024-03-07,Hire,103000,114000,0.1,22800,DPT-006,ROL-002
CMP-001289,EMP-00567,2024-09-30,Hire,92000,104000,0.1,20800,DPT-021,ROL-023
CMP-001290,EMP-00567,2025-06-14,Promotion,104000,120232,0.1,0,DPT-021,ROL-023
CMP-001291,EMP-00568,2024-03-08,Hire,78000,88000,0.1,17600,DPT-016,ROL-016
CMP-001292,EMP-00568,2024-12-09,Annual Adjustment,88000,90046,0.1,0,DPT-016,ROL-016
CMP-001293,EMP-00568,2025-09-18,Equity Refresh,88000,88000,0.1,16791,DPT-016,ROL-016
CMP-001294,EMP-00569,2025-04-04,Hire,98000,111000,0.1,22200,DPT-006,ROL-002
CMP-001295,EMP-00569,2026-02-25,Annual Adjustment,111000,114220,0.1,0,DPT-006,ROL-002
CMP-001296,EMP-00570,2024-10-19,Hire,122000,133000,0.1,26600,DPT-002,ROL-003
CMP-001297,EMP-00571,2025-09-11,Hire,76000,88000,0.1,17600,DPT-019,ROL-016
CMP-001298,EMP-00572,2023-01-03,Hire,120000,137000,0.1,27400,DPT-009,ROL-008
CMP-001299,EMP-00573,2026-04-22,Hire,262000,301000,0.2,301000,DPT-026,ROL-034
CMP-001300,EMP-00574,2023-04-25,Hire,74000,82000,0.1,16400,DPT-011,ROL-010
CMP-001301,EMP-00575,2026-04-07,Hire,148000,163000,0.1,81500,DPT-001,ROL-004
CMP-001302,EMP-00576,2024-03-27,Hire,146000,159000,0.1,79500,DPT-002,ROL-004
CMP-001303,EMP-00576,2024-09-26,Annual Adjustment,159000,162733,0.1,0,DPT-002,ROL-004
CMP-001304,EMP-00576,2025-04-20,Promotion,159000,180325,0.1,0,DPT-002,ROL-004
CMP-001305,EMP-00577,2025-03-02,Hire,121000,132000,0.1,26400,DPT-021,ROL-024
CMP-001306,EMP-00577,2025-11-15,Annual Adjustment,132000,135561,0.1,0,DPT-021,ROL-024
CMP-001307,EMP-00578,2025-02-05,Hire,192000,210000,0.2,210000,DPT-018,ROL-026
CMP-001308,EMP-00578,2026-03-18,Annual Adjustment,210000,221885,0.2,0,DPT-018,ROL-026
CMP-001309,EMP-00579,2020-06-01,Hire,180000,211000,0.2,211000,DPT-005,ROL-030
CMP-001310,EMP-00579,2021-03-20,Promotion,211000,236219,0.2,0,DPT-005,ROL-030
CMP-001311,EMP-00579,2022-01-15,Annual Adjustment,211000,216087,0.2,0,DPT-005,ROL-030
CMP-001312,EMP-00580,2022-03-10,Hire,257000,300000,0.2,300000,DPT-001,ROL-033
CMP-001313,EMP-00580,2023-04-16,Annual Adjustment,300000,315816,0.2,0,DPT-001,ROL-033
CMP-001314,EMP-00581,2025-11-24,Hire,164000,186000,0.2,186000,DPT-016,ROL-031
CMP-001315,EMP-00582,2024-06-25,Hire,99000,108000,0.1,21600,DPT-011,ROL-013
CMP-001316,EMP-00582,2025-04-06,Annual Adjustment,108000,112496,0.1,0,DPT-011,ROL-013
CMP-001317,EMP-00582,2025-10-29,Equity Refresh,108000,108000,0.1,27725,DPT-011,ROL-013
CMP-001318,EMP-00583,2021-06-05,Hire,202000,226000,0.2,226000,DPT-004,ROL-028
CMP-001319,EMP-00583,2022-03-03,Annual Adjustment,226000,232493,0.2,0,DPT-004,ROL-028
CMP-001320,EMP-00583,2022-10-21,Annual Adjustment,226000,234309,0.2,0,DPT-004,ROL-028
CMP-001321,EMP-00584,2025-03-05,Hire,182000,212000,0.2,212000,DPT-018,ROL-029
CMP-001322,EMP-00585,2025-01-19,Hire,110000,129000,0.1,25800,DPT-010,ROL-021
CMP-001323,EMP-00585,2026-03-11,Promotion,129000,149523,0.1,0,DPT-010,ROL-021
CMP-001324,EMP-00586,2024-12-29,Hire,120000,133000,0.1,26600,DPT-009,ROL-021
CMP-001325,EMP-00586,2026-01-28,Annual Adjustment,133000,139358,0.1,0,DPT-009,ROL-021
CMP-001326,EMP-00587,2025-10-19,Hire,113000,132000,0.1,26400,DPT-004,ROL-003
CMP-001327,EMP-00588,2021-11-29,Hire,170000,186000,0.2,186000,DPT-004,ROL-031
CMP-001328,EMP-00588,2022-12-12,Annual Adjustment,186000,190258,0.2,0,DPT-004,ROL-031
CMP-001329,EMP-00588,2023-07-12,Promotion,186000,206974,0.2,0,DPT-004,ROL-031
CMP-001330,EMP-00588,2026-01-17,Termination,186000,0,0,0,DPT-004,ROL-031
CMP-001331,EMP-00589,2023-04-28,Hire,78000,86000,0.1,17200,DPT-011,ROL-010
CMP-001332,EMP-00589,2023-12-10,Annual Adjustment,86000,90214,0.1,0,DPT-011,ROL-010
CMP-001333,EMP-00590,2024-07-21,Hire,78000,90000,0.1,18000,DPT-019,ROL-016
CMP-001334,EMP-00590,2025-05-28,Annual Adjustment,90000,95359,0.1,0,DPT-019,ROL-016
CMP-001335,EMP-00591,2021-05-26,Hire,225000,261000,0.2,261000,DPT-001,ROL-027
CMP-001336,EMP-00592,2023-03-12,Hire,70000,81000,0.1,16200,DPT-011,ROL-010
CMP-001337,EMP-00592,2023-09-20,Promotion,81000,92420,0.1,0,DPT-011,ROL-010
CMP-001338,EMP-00592,2026-04-27,Termination,81000,0,0,0,DPT-011,ROL-010
CMP-001339,EMP-00593,2024-07-07,Hire,90000,105000,0.1,21000,DPT-014,ROL-011
CMP-001340,EMP-00593,2025-05-07,Annual Adjustment,105000,107471,0.1,0,DPT-014,ROL-011
CMP-001341,EMP-00594,2023-06-24,Hire,152000,168000,0.1,84000,DPT-005,ROL-004
CMP-001342,EMP-00594,2024-07-08,Promotion,168000,201054,0.1,0,DPT-005,ROL-004
CMP-001343,EMP-00595,2023-04-26,Hire,68000,78000,0.1,15600,DPT-026,ROL-022
CMP-001344,EMP-00595,2023-10-27,Annual Adjustment,78000,79879,0.1,0,DPT-026,ROL-022
CMP-001345,EMP-00595,2024-07-11,Equity Refresh,78000,78000,0.1,13763,DPT-026,ROL-022
CMP-001346,EMP-00596,2025-02-07,Hire,111000,130000,0.1,26000,DPT-001,ROL-003
CMP-001347,EMP-00597,2024-08-19,Hire,99000,111000,0.1,22200,DPT-001,ROL-002
CMP-001348,EMP-00597,2025-07-14,Promotion,111000,132944,0.1,0,DPT-001,ROL-002
CMP-001349,EMP-00597,2026-02-21,Annual Adjustment,111000,113340,0.1,0,DPT-001,ROL-002
CMP-001350,EMP-00598,2023-10-07,Hire,121000,132000,0.1,26400,DPT-026,ROL-024
CMP-001351,EMP-00598,2024-04-12,Promotion,132000,146831,0.1,0,DPT-026,ROL-024
CMP-001352,EMP-00598,2024-11-17,Annual Adjustment,132000,136698,0.1,0,DPT-026,ROL-024
CMP-001353,EMP-00598,2025-11-23,Annual Adjustment,132000,139051,0.1,0,DPT-026,ROL-024
CMP-001354,EMP-00599,2024-09-19,Hire,171000,194000,0.2,194000,DPT-021,ROL-025
CMP-001355,EMP-00599,2025-08-21,Equity Refresh,194000,194000,0.2,274704,DPT-021,ROL-025
CMP-001356,EMP-00600,2024-08-24,Hire,71000,82000,0.1,16400,DPT-023,ROL-022
CMP-001357,EMP-00600,2025-06-08,Annual Adjustment,82000,85482,0.1,0,DPT-023,ROL-022
CMP-001358,EMP-00601,2024-07-26,Hire,119000,130000,0.1,26000,DPT-006,ROL-003
CMP-001359,EMP-00601,2025-06-06,Termination,130000,0,0,0,DPT-006,ROL-003
CMP-001360,EMP-00602,2024-08-31,Hire,68000,80000,0.1,16000,DPT-022,ROL-022
CMP-001361,EMP-00602,2025-10-02,Annual Adjustment,80000,82533,0.1,0,DPT-022,ROL-022
CMP-001362,EMP-00603,2024-10-26,Hire,94000,105000,0.1,21000,DPT-005,ROL-002
CMP-001363,EMP-00603,2025-08-21,Annual Adjustment,105000,109704,0.1,0,DPT-005,ROL-002
CMP-001364,EMP-00603,2025-12-10,Termination,105000,0,0,0,DPT-005,ROL-002
CMP-001365,EMP-00604,2024-07-02,Hire,273000,320000,0.2,320000,DPT-020,ROL-032
CMP-001366,EMP-00604,2025-03-03,Equity Refresh,320000,320000,0.2,460034,DPT-020,ROL-032
CMP-001367,EMP-00605,2024-07-08,Hire,89000,101000,0.1,20200,DPT-011,ROL-013
CMP-001368,EMP-00605,2025-02-21,Equity Refresh,101000,101000,0.1,12660,DPT-011,ROL-013
CMP-001369,EMP-00605,2026-01-06,Annual Adjustment,101000,105311,0.1,0,DPT-011,ROL-013
CMP-001370,EMP-00606,2023-07-01,Hire,176000,204000,0.2,204000,DPT-002,ROL-029
CMP-001371,EMP-00606,2024-01-11,Equity Refresh,204000,204000,0.2,258636,DPT-002,ROL-029
CMP-001372,EMP-00606,2025-08-20,Termination,204000,0,0,0,DPT-002,ROL-029
CMP-001373,EMP-00607,2022-05-09,Hire,77000,85000,0.1,17000,DPT-003,ROL-001
CMP-001374,EMP-00607,2023-04-14,Equity Refresh,85000,85000,0.1,11693,DPT-003,ROL-001
CMP-001375,EMP-00607,2025-09-08,Termination,85000,0,0,0,DPT-003,ROL-001
CMP-001376,EMP-00608,2023-05-12,Hire,182000,201000,0.2,201000,DPT-020,ROL-030
CMP-001377,EMP-00608,2023-12-10,Annual Adjustment,201000,210292,0.2,0,DPT-020,ROL-030
CMP-001378,EMP-00609,2024-09-04,Hire,99000,113000,0.1,22600,DPT-002,ROL-002
CMP-001379,EMP-00609,2025-07-26,Annual Adjustment,113000,115795,0.1,0,DPT-002,ROL-002
CMP-001380,EMP-00610,2024-11-20,Hire,71000,80000,0.1,16000,DPT-020,ROL-019
CMP-001381,EMP-00610,2025-09-11,Annual Adjustment,80000,82413,0.1,0,DPT-020,ROL-019
CMP-001382,EMP-00610,2026-05-06,Promotion,80000,90876,0.1,0,DPT-020,ROL-019
CMP-001383,EMP-00611,2023-10-14,Hire,97000,106000,0.1,21200,DPT-021,ROL-023
CMP-001384,EMP-00611,2024-05-03,Promotion,106000,117711,0.1,0,DPT-021,ROL-023
CMP-001385,EMP-00612,2022-04-24,Hire,218000,247000,0.2,247000,DPT-016,ROL-028
CMP-001386,EMP-00612,2022-11-04,Annual Adjustment,247000,259417,0.2,0,DPT-016,ROL-028
CMP-001387,EMP-00613,2025-05-04,Hire,124000,144000,0.1,28800,DPT-012,ROL-012
CMP-001388,EMP-00614,2023-10-07,Hire,93000,106000,0.1,21200,DPT-021,ROL-023
CMP-001389,EMP-00614,2024-09-08,Equity Refresh,106000,106000,0.1,13598,DPT-021,ROL-023
CMP-001390,EMP-00614,2025-07-08,Promotion,106000,128612,0.1,0,DPT-021,ROL-023
CMP-001391,EMP-00615,2024-04-29,Hire,98000,108000,0.1,21600,DPT-023,ROL-023
CMP-001392,EMP-00615,2025-02-10,Annual Adjustment,108000,110358,0.1,0,DPT-023,ROL-023
CMP-001393,EMP-00615,2025-12-05,Annual Adjustment,108000,111667,0.1,0,DPT-023,ROL-023
CMP-001394,EMP-00616,2022-01-15,Hire,163000,185000,0.2,185000,DPT-025,ROL-031
CMP-001395,EMP-00616,2022-11-11,Annual Adjustment,185000,195126,0.2,0,DPT-025,ROL-031
CMP-001396,EMP-00616,2023-09-12,Annual Adjustment,185000,193603,0.2,0,DPT-025,ROL-031
CMP-001397,EMP-00616,2024-09-10,Equity Refresh,185000,185000,0.2,119066,DPT-025,ROL-031
CMP-001398,EMP-00617,2024-10-24,Hire,96000,105000,0.1,21000,DPT-009,ROL-007
CMP-001399,EMP-00617,2025-12-17,Annual Adjustment,105000,111117,0.1,0,DPT-009,ROL-007
CMP-001400,EMP-00618,2024-01-31,Hire,247000,282000,0.2,282000,DPT-019,ROL-027
CMP-001401,EMP-00618,2025-02-15,Equity Refresh,282000,282000,0.2,164187,DPT-019,ROL-027
CMP-001402,EMP-00619,2025-09-11,Hire,96000,112000,0.1,22400,DPT-017,ROL-017
CMP-001403,EMP-00620,2020-11-16,Hire,163000,190000,0.2,190000,DPT-001,ROL-025
CMP-001404,EMP-00620,2021-10-04,Annual Adjustment,190000,199545,0.2,0,DPT-001,ROL-025
CMP-001405,EMP-00620,2022-10-18,Promotion,190000,225917,0.2,0,DPT-001,ROL-025
CMP-001406,EMP-00621,2024-05-29,Hire,75000,82000,0.1,16400,DPT-020,ROL-019
CMP-001407,EMP-00621,2025-03-18,Annual Adjustment,82000,86308,0.1,0,DPT-020,ROL-019
CMP-001408,EMP-00621,2026-02-09,Annual Adjustment,82000,86002,0.1,0,DPT-020,ROL-019
CMP-001409,EMP-00622,2025-12-25,Hire,60000,70000,0.1,14000,DPT-016,ROL-015
CMP-001410,EMP-00623,2024-05-05,Hire,112000,131000,0.1,26200,DPT-009,ROL-021
CMP-001411,EMP-00623,2024-11-18,Annual Adjustment,131000,133712,0.1,0,DPT-009,ROL-021
CMP-001412,EMP-00623,2025-03-20,Termination,131000,0,0,0,DPT-009,ROL-021
CMP-001413,EMP-00624,2024-11-23,Hire,76000,83000,0.1,16600,DPT-025,ROL-022
CMP-001414,EMP-00624,2025-07-01,Promotion,83000,100059,0.1,0,DPT-025,ROL-022
CMP-001415,EMP-00625,2021-10-17,Hire,295000,338000,0.2,338000,DPT-002,ROL-032
CMP-001416,EMP-00625,2022-06-19,Promotion,338000,400161,0.2,0,DPT-002,ROL-032
CMP-001417,EMP-00625,2023-07-21,Annual Adjustment,338000,346945,0.2,0,DPT-002,ROL-032
CMP-001418,EMP-00625,2024-02-15,Termination,338000,0,0,0,DPT-002,ROL-032
CMP-001419,EMP-00626,2020-07-15,Hire,157000,174000,0.1,87000,DPT-007,ROL-004
CMP-001420,EMP-00626,2021-03-04,Equity Refresh,174000,174000,0.1,88484,DPT-007,ROL-004
CMP-001421,EMP-00627,2023-02-12,Hire,75000,88000,0.1,17600,DPT-016,ROL-016
CMP-001422,EMP-00628,2024-12-25,Hire,98000,108000,0.1,21600,DPT-023,ROL-023
CMP-001423,EMP-00629,2022-05-15,Hire,166000,187000,0.2,187000,DPT-001,ROL-025
CMP-001424,EMP-00629,2023-05-08,Equity Refresh,187000,187000,0.2,138670,DPT-001,ROL-025
CMP-001425,EMP-00630,2025-10-30,Hire,96000,111000,0.1,22200,DPT-006,ROL-002
CMP-001426,EMP-00631,2024-04-23,Hire,122000,137000,0.1,27400,DPT-009,ROL-008
CMP-001427,EMP-00631,2025-05-25,Annual Adjustment,137000,143647,0.1,0,DPT-009,ROL-008
CMP-001428,EMP-00631,2026-01-23,Termination,137000,0,0,0,DPT-009,ROL-008
CMP-001429,EMP-00632,2024-03-08,Hire,119000,130000,0.1,26000,DPT-003,ROL-003
CMP-001430,EMP-00633,2023-09-06,Hire,93000,104000,0.1,20800,DPT-023,ROL-023
CMP-001431,EMP-00633,2024-08-26,Annual Adjustment,104000,106951,0.1,0,DPT-023,ROL-023
CMP-001432,EMP-00633,2025-10-01,Annual Adjustment,104000,108767,0.1,0,DPT-023,ROL-023
CMP-001433,EMP-00634,2024-12-16,Hire,111000,125000,0.1,25000,DPT-001,ROL-003
CMP-001434,EMP-00634,2025-09-27,Annual Adjustment,125000,128560,0.1,0,DPT-001,ROL-003
CMP-001435,EMP-00635,2021-12-25,Hire,298000,349000,0.2,349000,DPT-004,ROL-032
CMP-001436,EMP-00635,2022-11-03,Annual Adjustment,349000,369410,0.2,0,DPT-004,ROL-032
CMP-001437,EMP-00635,2023-12-19,Equity Refresh,349000,349000,0.2,357331,DPT-004,ROL-032
CMP-001438,EMP-00635,2025-09-07,Termination,349000,0,0,0,DPT-004,ROL-032
CMP-001439,EMP-00636,2023-02-28,Hire,70000,80000,0.1,16000,DPT-025,ROL-022
CMP-001440,EMP-00637,2025-07-24,Hire,162000,190000,0.2,190000,DPT-016,ROL-025
CMP-001441,EMP-00638,2024-08-12,Hire,94000,107000,0.1,21400,DPT-023,ROL-023
CMP-001442,EMP-00638,2025-10-02,Termination,107000,0,0,0,DPT-023,ROL-023
CMP-001443,EMP-00639,2024-05-27,Hire,84000,92000,0.1,18400,DPT-006,ROL-001
CMP-001444,EMP-00639,2025-05-01,Equity Refresh,92000,92000,0.1,11596,DPT-006,ROL-001
CMP-001445,EMP-00639,2026-05-04,Equity Refresh,92000,92000,0.1,16153,DPT-006,ROL-001
CMP-001446,EMP-00640,2024-06-11,Hire,141000,163000,0.1,32600,DPT-009,ROL-009
CMP-001447,EMP-00640,2025-04-09,Annual Adjustment,163000,168055,0.1,0,DPT-009,ROL-009
CMP-001448,EMP-00640,2025-06-16,Termination,163000,0,0,0,DPT-009,ROL-009
CMP-001449,EMP-00641,2023-06-26,Hire,104000,118000,0.1,23600,DPT-019,ROL-017
CMP-001450,EMP-00641,2024-03-21,Annual Adjustment,118000,124931,0.1,0,DPT-019,ROL-017
CMP-001451,EMP-00641,2024-11-13,Promotion,118000,137856,0.1,0,DPT-019,ROL-017
CMP-001452,EMP-00641,2025-07-15,Termination,118000,0,0,0,DPT-019,ROL-017
CMP-001453,EMP-00642,2024-06-11,Hire,101000,110000,0.1,22000,DPT-009,ROL-020
CMP-001454,EMP-00642,2025-07-31,Equity Refresh,110000,110000,0.1,13209,DPT-009,ROL-020
CMP-001455,EMP-00643,2023-04-01,Hire,184000,214000,0.2,214000,DPT-017,ROL-029
CMP-001456,EMP-00643,2024-03-17,Annual Adjustment,214000,223466,0.2,0,DPT-017,ROL-029
CMP-001457,EMP-00644,2022-10-13,Hire,215000,249000,0.2,249000,DPT-002,ROL-028
CMP-001458,EMP-00644,2023-07-07,Annual Adjustment,249000,263374,0.2,0,DPT-002,ROL-028
CMP-001459,EMP-00644,2025-09-04,Termination,249000,0,0,0,DPT-002,ROL-028
CMP-001460,EMP-00645,2021-09-04,Hire,121000,135000,0.1,27000,DPT-011,ROL-012
CMP-001461,EMP-00645,2022-07-12,Equity Refresh,135000,135000,0.1,32294,DPT-011,ROL-012
CMP-001462,EMP-00645,2023-06-13,Annual Adjustment,135000,138552,0.1,0,DPT-011,ROL-012
CMP-001463,EMP-00646,2022-07-28,Hire,126000,138000,0.1,27600,DPT-013,ROL-014
CMP-001464,EMP-00646,2023-01-24,Equity Refresh,138000,138000,0.1,18977,DPT-013,ROL-014
CMP-001465,EMP-00646,2023-11-02,Equity Refresh,138000,138000,0.1,16900,DPT-013,ROL-014
CMP-001466,EMP-00647,2021-10-15,Hire,290000,315000,0.2,315000,DPT-026,ROL-034
CMP-001467,EMP-00648,2024-05-15,Hire,93000,108000,0.1,21600,DPT-007,ROL-002
CMP-001468,EMP-00648,2025-04-14,Annual Adjustment,108000,112248,0.1,0,DPT-007,ROL-002
CMP-001469,EMP-00648,2025-10-14,Annual Adjustment,108000,113791,0.1,0,DPT-007,ROL-002
CMP-001470,EMP-00649,2023-02-04,Hire,78000,87000,0.1,17400,DPT-019,ROL-016
CMP-001471,EMP-00649,2024-01-26,Equity Refresh,87000,87000,0.1,15323,DPT-019,ROL-016
CMP-001472,EMP-00649,2024-10-12,Equity Refresh,87000,87000,0.1,10580,DPT-019,ROL-016
CMP-001473,EMP-00650,2022-10-12,Hire,73000,84000,0.1,16800,DPT-021,ROL-022
CMP-001474,EMP-00650,2023-08-29,Annual Adjustment,84000,87683,0.1,0,DPT-021,ROL-022
CMP-001475,EMP-00650,2024-03-23,Annual Adjustment,84000,86990,0.1,0,DPT-021,ROL-022
CMP-001476,EMP-00651,2022-01-19,Hire,144000,169000,0.1,33800,DPT-010,ROL-009
CMP-001477,EMP-00651,2022-10-08,Equity Refresh,169000,169000,0.1,44447,DPT-010,ROL-009
CMP-001478,EMP-00651,2023-04-11,Termination,169000,0,0,0,DPT-010,ROL-009
CMP-001479,EMP-00652,2024-09-06,Hire,94000,105000,0.1,21000,DPT-021,ROL-023
CMP-001480,EMP-00653,2023-10-12,Hire,162000,187000,0.2,187000,DPT-021,ROL-025
CMP-001481,EMP-00653,2024-05-04,Annual Adjustment,187000,193686,0.2,0,DPT-021,ROL-025
CMP-001482,EMP-00654,2024-03-14,Hire,69000,81000,0.1,16200,DPT-021,ROL-022
CMP-001483,EMP-00654,2024-12-01,Annual Adjustment,81000,83336,0.1,0,DPT-021,ROL-022
CMP-001484,EMP-00654,2025-11-05,Termination,81000,0,0,0,DPT-021,ROL-022
CMP-001485,EMP-00655,2024-05-17,Hire,210000,231000,0.2,231000,DPT-002,ROL-028
CMP-001486,EMP-00655,2025-07-09,Annual Adjustment,231000,238672,0.2,0,DPT-002,ROL-028
CMP-001487,EMP-00655,2025-11-20,Termination,231000,0,0,0,DPT-002,ROL-028
CMP-001488,EMP-00656,2020-08-19,Hire,119000,130000,0.1,26000,DPT-013,ROL-012
CMP-001489,EMP-00656,2021-04-26,Annual Adjustment,130000,136998,0.1,0,DPT-013,ROL-012
CMP-001490,EMP-00656,2022-02-26,Promotion,130000,151965,0.1,0,DPT-013,ROL-012
CMP-001491,EMP-00656,2023-01-28,Equity Refresh,130000,130000,0.1,19596,DPT-013,ROL-012
CMP-001492,EMP-00657,2024-11-11,Hire,62000,68000,0.1,13600,DPT-016,ROL-015
CMP-001493,EMP-00657,2025-08-26,Termination,68000,0,0,0,DPT-016,ROL-015
CMP-001494,EMP-00658,2023-04-21,Hire,96000,109000,0.1,21800,DPT-021,ROL-023
CMP-001495,EMP-00658,2023-12-12,Promotion,109000,128839,0.1,0,DPT-021,ROL-023
CMP-001496,EMP-00659,2024-07-10,Hire,117000,133000,0.1,26600,DPT-002,ROL-003
CMP-001497,EMP-00659,2025-03-18,Annual Adjustment,133000,139068,0.1,0,DPT-002,ROL-003
CMP-001498,EMP-00659,2026-04-06,Annual Adjustment,133000,136593,0.1,0,DPT-002,ROL-003
CMP-001499,EMP-00660,2026-01-09,Hire,112000,127000,0.1,25400,DPT-002,ROL-003
CMP-001500,EMP-00661,2024-11-20,Hire,90000,106000,0.1,21200,DPT-012,ROL-011
CMP-001501,EMP-00661,2025-09-16,Annual Adjustment,106000,109869,0.1,0,DPT-012,ROL-011
CMP-001502,EMP-00662,2024-02-27,Hire,163000,179000,0.2,179000,DPT-020,ROL-031
CMP-001503,EMP-00662,2025-01-22,Equity Refresh,179000,179000,0.2,143005,DPT-020,ROL-031
CMP-001504,EMP-00662,2025-09-25,Promotion,179000,212643,0.2,0,DPT-020,ROL-031
CMP-001505,EMP-00663,2024-04-06,Hire,75000,83000,0.1,16600,DPT-023,ROL-022
CMP-001506,EMP-00663,2024-10-22,Equity Refresh,83000,83000,0.1,21384,DPT-023,ROL-022
CMP-001507,EMP-00663,2025-06-24,Annual Adjustment,83000,85218,0.1,0,DPT-023,ROL-022
CMP-001508,EMP-00664,2024-04-10,Hire,67000,78000,0.1,15600,DPT-025,ROL-022
CMP-001509,EMP-00665,2025-02-16,Hire,75000,86000,0.1,17200,DPT-002,ROL-001
CMP-001510,EMP-00665,2025-12-02,Annual Adjustment,86000,89134,0.1,0,DPT-002,ROL-001
CMP-001511,EMP-00666,2023-09-21,Hire,71000,82000,0.1,16400,DPT-012,ROL-010
CMP-001512,EMP-00666,2024-09-15,Annual Adjustment,82000,86506,0.1,0,DPT-012,ROL-010
CMP-001513,EMP-00667,2023-07-21,Hire,97000,110000,0.1,22000,DPT-014,ROL-013
CMP-001514,EMP-00667,2024-09-13,Annual Adjustment,110000,115511,0.1,0,DPT-014,ROL-013
CMP-001515,EMP-00668,2025-01-20,Hire,141000,160000,0.1,80000,DPT-002,ROL-004
CMP-001516,EMP-00669,2024-08-06,Hire,81000,92000,0.1,18400,DPT-020,ROL-016
CMP-001517,EMP-00669,2025-05-21,Annual Adjustment,92000,97088,0.1,0,DPT-020,ROL-016
CMP-001518,EMP-00670,2023-09-30,Hire,76000,85000,0.1,17000,DPT-004,ROL-001
CMP-001519,EMP-00670,2024-09-09,Equity Refresh,85000,85000,0.1,14161,DPT-004,ROL-001
CMP-001520,EMP-00670,2025-07-06,Equity Refresh,85000,85000,0.1,14936,DPT-004,ROL-001
CMP-001521,EMP-00670,2026-04-27,Termination,85000,0,0,0,DPT-004,ROL-001
CMP-001522,EMP-00671,2024-01-25,Hire,92000,106000,0.1,21200,DPT-007,ROL-002
CMP-001523,EMP-00671,2024-12-12,Equity Refresh,106000,106000,0.1,22784,DPT-007,ROL-002
CMP-001524,EMP-00671,2025-12-26,Annual Adjustment,106000,108252,0.1,0,DPT-007,ROL-002
CMP-001525,EMP-00672,2023-12-04,Hire,166000,183000,0.2,183000,DPT-016,ROL-025
CMP-001526,EMP-00672,2025-01-05,Promotion,183000,204499,0.2,0,DPT-016,ROL-025
CMP-001527,EMP-00672,2025-07-08,Annual Adjustment,183000,190927,0.2,0,DPT-016,ROL-025
CMP-001528,EMP-00672,2026-04-24,Annual Adjustment,183000,191643,0.2,0,DPT-016,ROL-025
CMP-001529,EMP-00673,2022-12-07,Hire,195000,215000,0.2,215000,DPT-026,ROL-026
CMP-001530,EMP-00673,2023-08-23,Promotion,215000,259174,0.2,0,DPT-026,ROL-026
CMP-001531,EMP-00673,2024-12-25,Termination,215000,0,0,0,DPT-026,ROL-026
CMP-001532,EMP-00674,2025-05-16,Hire,122000,134000,0.1,26800,DPT-010,ROL-008
CMP-001533,EMP-00675,2021-02-25,Hire,247000,272000,0.2,272000,DPT-013,ROL-027
CMP-001534,EMP-00675,2021-11-03,Annual Adjustment,272000,280889,0.2,0,DPT-013,ROL-027
CMP-001535,EMP-00675,2022-09-29,Equity Refresh,272000,272000,0.2,379890,DPT-013,ROL-027
CMP-001536,EMP-00676,2025-05-09,Hire,91000,101000,0.1,20200,DPT-012,ROL-013
CMP-001537,EMP-00676,2026-04-26,Annual Adjustment,101000,105921,0.1,0,DPT-012,ROL-013
CMP-001538,EMP-00677,2025-09-18,Hire,114000,130000,0.1,26000,DPT-005,ROL-003
CMP-001539,EMP-00677,2026-03-18,Equity Refresh,130000,130000,0.1,28611,DPT-005,ROL-003
CMP-001540,EMP-00678,2024-01-26,Hire,95000,109000,0.1,21800,DPT-003,ROL-002
CMP-001541,EMP-00678,2024-10-29,Promotion,109000,128734,0.1,0,DPT-003,ROL-002
CMP-001542,EMP-00679,2026-02-05,Hire,125000,139000,0.1,27800,DPT-012,ROL-014
CMP-001543,EMP-00680,2022-10-17,Hire,119000,134000,0.1,26800,DPT-015,ROL-012
CMP-001544,EMP-00680,2023-06-27,Equity Refresh,134000,134000,0.1,15876,DPT-015,ROL-012
CMP-001545,EMP-00681,2025-07-12,Hire,72000,81000,0.1,16200,DPT-020,ROL-019
CMP-001546,EMP-00682,2025-09-17,Hire,163000,190000,0.2,190000,DPT-022,ROL-025
CMP-001547,EMP-00683,2024-03-18,Hire,122000,135000,0.1,27000,DPT-003,ROL-003
CMP-001548,EMP-00683,2025-01-29,Annual Adjustment,135000,138256,0.1,0,DPT-003,ROL-003
CMP-001549,EMP-00684,2024-10-11,Hire,99000,110000,0.1,22000,DPT-002,ROL-002
CMP-001550,EMP-00684,2025-09-15,Annual Adjustment,110000,115797,0.1,0,DPT-002,ROL-002
CMP-001551,EMP-00685,2023-01-30,Hire,158000,179000,0.1,35800,DPT-009,ROL-009
CMP-001552,EMP-00685,2023-12-06,Annual Adjustment,179000,186424,0.1,0,DPT-009,ROL-009
CMP-001553,EMP-00685,2024-08-24,Termination,179000,0,0,0,DPT-009,ROL-009
CMP-001554,EMP-00686,2024-09-19,Hire,146000,160000,0.1,80000,DPT-004,ROL-004
CMP-001555,EMP-00686,2025-09-22,Equity Refresh,160000,160000,0.1,56252,DPT-004,ROL-004
CMP-001556,EMP-00686,2026-04-15,Equity Refresh,160000,160000,0.1,97385,DPT-004,ROL-004
CMP-001557,EMP-00687,2021-11-04,Hire,148000,169000,0.1,84500,DPT-003,ROL-004
CMP-001558,EMP-00687,2022-10-17,Annual Adjustment,169000,173683,0.1,0,DPT-003,ROL-004
CMP-001559,EMP-00688,2022-01-11,Hire,193000,227000,0.2,227000,DPT-024,ROL-029
CMP-001560,EMP-00688,2022-11-12,Annual Adjustment,227000,233801,0.2,0,DPT-024,ROL-029
CMP-001561,EMP-00689,2021-12-11,Hire,110000,126000,0.1,25200,DPT-012,ROL-014
CMP-001562,EMP-00689,2022-06-14,Equity Refresh,126000,126000,0.1,25310,DPT-012,ROL-014
CMP-001563,EMP-00689,2022-11-26,Termination,126000,0,0,0,DPT-012,ROL-014
CMP-001564,EMP-00690,2023-05-04,Hire,101000,111000,0.1,22200,DPT-023,ROL-023
CMP-001565,EMP-00691,2023-05-05,Hire,192000,218000,0.2,218000,DPT-020,ROL-026
CMP-001566,EMP-00691,2024-03-13,Annual Adjustment,218000,227464,0.2,0,DPT-020,ROL-026
CMP-001567,EMP-00691,2025-01-27,Annual Adjustment,218000,228611,0.2,0,DPT-020,ROL-026
CMP-001568,EMP-00692,2025-05-25,Hire,128000,144000,0.1,28800,DPT-010,ROL-008
CMP-001569,EMP-00693,2024-02-15,Hire,97000,114000,0.1,22800,DPT-002,ROL-002
CMP-001570,EMP-00693,2024-11-03,Annual Adjustment,114000,117207,0.1,0,DPT-002,ROL-002
CMP-001571,EMP-00693,2024-12-24,Termination,114000,0,0,0,DPT-002,ROL-002
CMP-001572,EMP-00694,2024-06-21,Hire,100000,116000,0.1,23200,DPT-017,ROL-017
CMP-001573,EMP-00695,2025-01-26,Hire,94000,107000,0.1,21400,DPT-015,ROL-013
CMP-001574,EMP-00695,2025-10-10,Annual Adjustment,107000,111379,0.1,0,DPT-015,ROL-013
CMP-001575,EMP-00696,2024-12-27,Hire,101000,114000,0.1,22800,DPT-006,ROL-002
CMP-001576,EMP-00696,2026-01-16,Annual Adjustment,114000,117027,0.1,0,DPT-006,ROL-002
CMP-001577,EMP-00697,2023-10-21,Hire,88000,103000,0.1,20600,DPT-025,ROL-023
CMP-001578,EMP-00698,2023-02-06,Hire,94000,103000,0.1,20600,DPT-012,ROL-011
CMP-001579,EMP-00699,2022-01-18,Hire,193000,220000,0.2,220000,DPT-019,ROL-029
CMP-001580,EMP-00699,2022-08-03,Annual Adjustment,220000,228948,0.2,0,DPT-019,ROL-029
CMP-001581,EMP-00699,2023-01-30,Annual Adjustment,220000,226657,0.2,0,DPT-019,ROL-029
CMP-001582,EMP-00699,2025-06-17,Termination,220000,0,0,0,DPT-019,ROL-029
CMP-001583,EMP-00700,2023-11-28,Hire,159000,174000,0.1,87000,DPT-008,ROL-004
CMP-001584,EMP-00700,2024-06-14,Promotion,174000,198531,0.1,0,DPT-008,ROL-004
CMP-001585,EMP-00700,2025-04-06,Equity Refresh,174000,174000,0.1,116464,DPT-008,ROL-004
CMP-001586,EMP-00700,2025-12-23,Termination,174000,0,0,0,DPT-008,ROL-004
CMP-001587,EMP-00701,2025-04-25,Hire,85000,93000,0.1,18600,DPT-007,ROL-001
CMP-001588,EMP-00701,2026-02-12,Promotion,93000,111843,0.1,0,DPT-007,ROL-001
CMP-001589,EMP-00702,2024-07-20,Hire,86000,97000,0.1,19400,DPT-019,ROL-016
CMP-001590,EMP-00702,2025-02-06,Annual Adjustment,97000,102589,0.1,0,DPT-019,ROL-016
CMP-001591,EMP-00702,2025-12-09,Promotion,97000,109061,0.1,0,DPT-019,ROL-016
CMP-001592,EMP-00703,2025-04-30,Hire,121000,141000,0.1,28200,DPT-011,ROL-014
CMP-001593,EMP-00704,2024-01-04,Hire,137000,157000,0.1,78500,DPT-003,ROL-004
CMP-001594,EMP-00704,2024-10-09,Annual Adjustment,157000,164008,0.1,0,DPT-003,ROL-004
CMP-001595,EMP-00705,2024-07-23,Hire,85000,96000,0.1,19200,DPT-020,ROL-016
CMP-001596,EMP-00705,2025-05-08,Annual Adjustment,96000,100582,0.1,0,DPT-020,ROL-016
CMP-001597,EMP-00706,2022-11-24,Hire,164000,183000,0.2,183000,DPT-013,ROL-031
CMP-001598,EMP-00706,2023-11-30,Promotion,183000,207160,0.2,0,DPT-013,ROL-031
CMP-001599,EMP-00706,2024-09-20,Annual Adjustment,183000,189631,0.2,0,DPT-013,ROL-031
CMP-001600,EMP-00706,2026-03-31,Termination,183000,0,0,0,DPT-013,ROL-031
CMP-001601,EMP-00707,2026-03-14,Hire,148000,163000,0.1,81500,DPT-001,ROL-004
CMP-001602,EMP-00708,2025-10-19,Hire,220000,242000,0.2,242000,DPT-001,ROL-028
CMP-001603,EMP-00709,2024-01-20,Hire,91000,106000,0.1,21200,DPT-021,ROL-023
CMP-001604,EMP-00709,2024-09-05,Equity Refresh,106000,106000,0.1,19524,DPT-021,ROL-023
CMP-001605,EMP-00709,2025-07-19,Annual Adjustment,106000,109907,0.1,0,DPT-021,ROL-023
CMP-001606,EMP-00710,2022-02-19,Hire,172000,192000,0.2,192000,DPT-015,ROL-031
CMP-001607,EMP-00710,2022-10-02,Annual Adjustment,192000,197702,0.2,0,DPT-015,ROL-031
CMP-001608,EMP-00710,2023-04-16,Annual Adjustment,192000,197235,0.2,0,DPT-015,ROL-031
CMP-001609,EMP-00711,2024-01-07,Hire,99000,109000,0.1,21800,DPT-007,ROL-002
CMP-001610,EMP-00711,2024-08-05,Equity Refresh,109000,109000,0.1,21336,DPT-007,ROL-002
CMP-001611,EMP-00711,2025-02-18,Annual Adjustment,109000,111783,0.1,0,DPT-007,ROL-002
CMP-001612,EMP-00711,2026-02-19,Equity Refresh,109000,109000,0.1,23815,DPT-007,ROL-002
CMP-001613,EMP-00712,2024-05-08,Hire,66000,76000,0.1,15200,DPT-020,ROL-019
CMP-001614,EMP-00712,2025-04-26,Annual Adjustment,76000,80047,0.1,0,DPT-020,ROL-019
CMP-001615,EMP-00712,2026-02-17,Annual Adjustment,76000,79425,0.1,0,DPT-020,ROL-019
CMP-001616,EMP-00713,2023-02-20,Hire,69000,81000,0.1,16200,DPT-026,ROL-022
CMP-001617,EMP-00713,2024-01-12,Equity Refresh,81000,81000,0.1,22483,DPT-026,ROL-022
CMP-001618,EMP-00713,2024-12-03,Annual Adjustment,81000,83658,0.1,0,DPT-026,ROL-022
CMP-001619,EMP-00714,2020-11-30,Hire,149000,167000,0.1,83500,DPT-006,ROL-004
CMP-001620,EMP-00714,2021-09-15,Annual Adjustment,167000,171224,0.1,0,DPT-006,ROL-004
CMP-001621,EMP-00715,2020-07-19,Hire,124000,137000,0.1,27400,DPT-021,ROL-024
CMP-001622,EMP-00716,2026-03-03,Hire,98000,113000,0.1,22600,DPT-009,ROL-020
CMP-001623,EMP-00717,2025-11-20,Hire,87000,97000,0.1,19400,DPT-016,ROL-016
CMP-001624,EMP-00718,2024-10-25,Hire,89000,102000,0.1,20400,DPT-002,ROL-002
CMP-001625,EMP-00718,2025-09-09,Promotion,102000,122285,0.1,0,DPT-002,ROL-002
CMP-001626,EMP-00718,2026-03-25,Annual Adjustment,102000,104801,0.1,0,DPT-002,ROL-002
CMP-001627,EMP-00719,2022-07-11,Hire,70000,82000,0.1,16400,DPT-023,ROL-022
CMP-001628,EMP-00719,2023-08-01,Promotion,82000,90387,0.1,0,DPT-023,ROL-022
CMP-001629,EMP-00719,2024-05-04,Annual Adjustment,82000,86508,0.1,0,DPT-023,ROL-022
CMP-001630,EMP-00719,2025-12-28,Termination,82000,0,0,0,DPT-023,ROL-022
CMP-001631,EMP-00720,2024-04-24,Hire,173000,199000,0.1,99500,DPT-001,ROL-005
CMP-001632,EMP-00720,2025-05-02,Promotion,199000,236009,0.1,0,DPT-001,ROL-005
CMP-001633,EMP-00720,2026-01-21,Equity Refresh,199000,199000,0.1,142991,DPT-001,ROL-005
CMP-001634,EMP-00721,2024-10-27,Hire,177000,199000,0.2,199000,DPT-001,ROL-031
CMP-001635,EMP-00721,2025-11-12,Equity Refresh,199000,199000,0.2,289283,DPT-001,ROL-031
CMP-001636,EMP-00722,2023-08-26,Hire,123000,138000,0.1,27600,DPT-009,ROL-021
CMP-001637,EMP-00723,2021-05-24,Hire,284000,328000,0.2,328000,DPT-021,ROL-033
CMP-001638,EMP-00723,2022-03-24,Equity Refresh,328000,328000,0.2,251225,DPT-021,ROL-033
CMP-001639,EMP-00723,2023-07-29,Termination,328000,0,0,0,DPT-021,ROL-033
CMP-001640,EMP-00724,2023-06-25,Hire,78000,85000,0.1,17000,DPT-023,ROL-022
CMP-001641,EMP-00724,2024-03-22,Annual Adjustment,85000,88998,0.1,0,DPT-023,ROL-022
CMP-001642,EMP-00725,2025-09-07,Hire,174000,204000,0.2,204000,DPT-024,ROL-030
CMP-001643,EMP-00726,2025-01-22,Hire,172000,193000,0.2,193000,DPT-020,ROL-025
CMP-001644,EMP-00726,2025-11-09,Annual Adjustment,193000,199007,0.2,0,DPT-020,ROL-025
CMP-001645,EMP-00727,2023-04-03,Hire,116000,134000,0.1,26800,DPT-004,ROL-003
CMP-001646,EMP-00727,2023-11-18,Promotion,134000,151964,0.1,0,DPT-004,ROL-003
CMP-001647,EMP-00728,2025-10-20,Hire,99000,112000,0.1,22400,DPT-002,ROL-002
CMP-001648,EMP-00729,2023-06-04,Hire,107000,119000,0.1,23800,DPT-018,ROL-017
CMP-001649,EMP-00729,2024-02-04,Equity Refresh,119000,119000,0.1,20442,DPT-018,ROL-017
CMP-001650,EMP-00729,2024-04-02,Termination,119000,0,0,0,DPT-018,ROL-017
CMP-001651,EMP-00730,2025-10-13,Hire,83000,93000,0.1,18600,DPT-018,ROL-016
CMP-001652,EMP-00731,2021-09-17,Hire,255000,299000,0.2,299000,DPT-023,ROL-033
CMP-001653,EMP-00731,2022-05-06,Promotion,299000,342884,0.2,0,DPT-023,ROL-033
CMP-001654,EMP-00732,2024-03-17,Hire,63000,69000,0.1,13800,DPT-019,ROL-015
CMP-001655,EMP-00732,2024-12-19,Annual Adjustment,69000,72904,0.1,0,DPT-019,ROL-015
CMP-001656,EMP-00733,2023-05-11,Hire,154000,177000,0.1,35400,DPT-010,ROL-009
CMP-001657,EMP-00733,2023-11-08,Equity Refresh,177000,177000,0.1,39321,DPT-010,ROL-009
CMP-001658,EMP-00733,2024-05-24,Promotion,177000,206310,0.1,0,DPT-010,ROL-009
CMP-001659,EMP-00733,2024-12-07,Termination,177000,0,0,0,DPT-010,ROL-009
CMP-001660,EMP-00734,2023-02-15,Hire,199000,223000,0.2,223000,DPT-022,ROL-029
CMP-001661,EMP-00734,2024-02-13,Annual Adjustment,223000,232849,0.2,0,DPT-022,ROL-029
CMP-001662,EMP-00734,2024-08-24,Termination,223000,0,0,0,DPT-022,ROL-029
CMP-001663,EMP-00735,2026-02-16,Hire,96000,107000,0.1,21400,DPT-010,ROL-020
CMP-001664,EMP-00736,2021-07-25,Hire,168000,188000,0.2,188000,DPT-002,ROL-031
CMP-001665,EMP-00736,2022-04-29,Annual Adjustment,188000,197594,0.2,0,DPT-002,ROL-031
CMP-001666,EMP-00736,2022-11-18,Termination,188000,0,0,0,DPT-002,ROL-031
CMP-001667,EMP-00737,2023-01-23,Hire,69000,79000,0.1,15800,DPT-020,ROL-019
CMP-001668,EMP-00737,2023-08-17,Annual Adjustment,79000,80717,0.1,0,DPT-020,ROL-019
CMP-001669,EMP-00737,2024-07-15,Annual Adjustment,79000,80969,0.1,0,DPT-020,ROL-019
CMP-001670,EMP-00737,2025-07-31,Equity Refresh,79000,79000,0.1,13178,DPT-020,ROL-019
CMP-001671,EMP-00738,2022-08-15,Hire,127000,147000,0.1,29400,DPT-021,ROL-024
CMP-001672,EMP-00738,2023-08-06,Annual Adjustment,147000,154767,0.1,0,DPT-021,ROL-024
CMP-001673,EMP-00738,2024-09-09,Annual Adjustment,147000,153852,0.1,0,DPT-021,ROL-024
CMP-001674,EMP-00739,2024-01-27,Hire,240000,279000,0.1,139500,DPT-006,ROL-006
CMP-001675,EMP-00739,2024-08-02,Annual Adjustment,279000,285680,0.1,0,DPT-006,ROL-006
CMP-001676,EMP-00739,2025-04-17,Annual Adjustment,279000,293631,0.1,0,DPT-006,ROL-006
CMP-001677,EMP-00739,2025-11-18,Annual Adjustment,279000,285492,0.1,0,DPT-006,ROL-006
CMP-001678,EMP-00740,2025-04-22,Hire,94000,105000,0.1,21000,DPT-004,ROL-002
CMP-001679,EMP-00740,2025-10-30,Annual Adjustment,105000,111060,0.1,0,DPT-004,ROL-002
CMP-001680,EMP-00741,2025-08-23,Hire,106000,124000,0.1,24800,DPT-007,ROL-003
CMP-001681,EMP-00742,2024-07-02,Hire,119000,133000,0.1,26600,DPT-023,ROL-024
CMP-001682,EMP-00742,2025-08-15,Annual Adjustment,133000,136749,0.1,0,DPT-023,ROL-024
CMP-001683,EMP-00743,2026-01-08,Hire,187000,218000,0.2,218000,DPT-020,ROL-026
CMP-001684,EMP-00744,2024-09-05,Hire,110000,124000,0.1,24800,DPT-001,ROL-003
CMP-001685,EMP-00744,2025-06-15,Annual Adjustment,124000,131125,0.1,0,DPT-001,ROL-003
CMP-001686,EMP-00744,2026-01-14,Annual Adjustment,124000,130972,0.1,0,DPT-001,ROL-003
CMP-001687,EMP-00745,2023-12-24,Hire,82000,92000,0.1,18400,DPT-004,ROL-001
CMP-001688,EMP-00745,2024-11-17,Equity Refresh,92000,92000,0.1,14915,DPT-004,ROL-001
CMP-001689,EMP-00746,2025-07-22,Hire,103000,113000,0.1,22600,DPT-016,ROL-017
CMP-001690,EMP-00746,2026-02-27,Annual Adjustment,113000,118223,0.1,0,DPT-016,ROL-017
CMP-001691,EMP-00747,2024-02-22,Hire,212000,239000,0.2,239000,DPT-024,ROL-028
CMP-001692,EMP-00747,2025-07-03,Termination,239000,0,0,0,DPT-024,ROL-028
CMP-001693,EMP-00748,2025-11-08,Hire,80000,90000,0.1,18000,DPT-019,ROL-016
CMP-001694,EMP-00749,2026-03-27,Hire,153000,167000,0.1,83500,DPT-005,ROL-004
CMP-001695,EMP-00750,2023-09-19,Hire,64000,75000,0.1,15000,DPT-016,ROL-015
CMP-001696,EMP-00750,2024-03-24,Annual Adjustment,75000,78984,0.1,0,DPT-016,ROL-015
CMP-001697,EMP-00750,2024-11-17,Termination,75000,0,0,0,DPT-016,ROL-015
CMP-001698,EMP-00751,2025-07-16,Hire,151000,172000,0.1,86000,DPT-005,ROL-004
CMP-001699,EMP-00751,2026-02-16,Equity Refresh,172000,172000,0.1,108335,DPT-005,ROL-004
CMP-001700,EMP-00752,2023-03-10,Hire,98000,114000,0.1,22800,DPT-023,ROL-023
CMP-001701,EMP-00752,2023-09-23,Annual Adjustment,114000,119327,0.1,0,DPT-023,ROL-023
CMP-001702,EMP-00752,2024-04-04,Equity Refresh,114000,114000,0.1,21608,DPT-023,ROL-023
CMP-001703,EMP-00753,2023-08-21,Hire,263000,303000,0.2,303000,DPT-020,ROL-033
CMP-001704,EMP-00753,2024-04-30,Annual Adjustment,303000,318027,0.2,0,DPT-020,ROL-033
CMP-001705,EMP-00754,2024-03-27,Hire,114000,131000,0.1,26200,DPT-010,ROL-008
CMP-001706,EMP-00754,2025-03-12,Promotion,131000,153993,0.1,0,DPT-010,ROL-008
CMP-001707,EMP-00754,2026-03-16,Annual Adjustment,131000,134018,0.1,0,DPT-010,ROL-008
CMP-001708,EMP-00755,2024-06-27,Hire,115000,131000,0.1,26200,DPT-003,ROL-003
CMP-001709,EMP-00756,2023-04-01,Hire,72000,81000,0.1,16200,DPT-020,ROL-019
CMP-001710,EMP-00756,2024-05-19,Annual Adjustment,81000,85573,0.1,0,DPT-020,ROL-019
CMP-001711,EMP-00757,2024-07-05,Hire,88000,103000,0.1,20600,DPT-021,ROL-023
CMP-001712,EMP-00757,2025-06-30,Annual Adjustment,103000,108650,0.1,0,DPT-021,ROL-023
CMP-001713,EMP-00757,2026-05-08,Termination,103000,0,0,0,DPT-021,ROL-023
CMP-001714,EMP-00758,2026-03-28,Hire,188000,206000,0.2,206000,DPT-009,ROL-029
CMP-001715,EMP-00759,2023-04-24,Hire,76000,88000,0.1,17600,DPT-019,ROL-016
CMP-001716,EMP-00759,2024-03-09,Promotion,88000,97966,0.1,0,DPT-019,ROL-016
CMP-001717,EMP-00759,2025-02-27,Annual Adjustment,88000,90326,0.1,0,DPT-019,ROL-016
CMP-001718,EMP-00759,2025-10-09,Annual Adjustment,88000,92603,0.1,0,DPT-019,ROL-016
CMP-001719,EMP-00760,2025-01-16,Hire,76000,85000,0.1,17000,DPT-022,ROL-022
CMP-001720,EMP-00760,2026-02-16,Equity Refresh,85000,85000,0.1,10053,DPT-022,ROL-022
CMP-001721,EMP-00761,2025-08-12,Hire,62000,72000,0.1,14400,DPT-016,ROL-015
CMP-001722,EMP-00762,2024-05-02,Hire,203000,222000,0.2,222000,DPT-001,ROL-028
CMP-001723,EMP-00763,2020-09-22,Hire,125000,146000,0.1,29200,DPT-023,ROL-024
CMP-001724,EMP-00763,2021-10-08,Equity Refresh,146000,146000,0.1,18488,DPT-023,ROL-024
CMP-001725,EMP-00763,2022-08-05,Annual Adjustment,146000,150631,0.1,0,DPT-023,ROL-024
CMP-001726,EMP-00763,2025-04-06,Termination,146000,0,0,0,DPT-023,ROL-024
CMP-001727,EMP-00764,2024-07-13,Hire,94000,110000,0.1,22000,DPT-014,ROL-011
CMP-001728,EMP-00764,2025-05-18,Equity Refresh,110000,110000,0.1,29452,DPT-014,ROL-011
CMP-001729,EMP-00765,2024-04-10,Hire,115000,130000,0.1,26000,DPT-002,ROL-003
CMP-001730,EMP-00765,2025-05-03,Annual Adjustment,130000,137592,0.1,0,DPT-002,ROL-003
CMP-001731,EMP-00765,2025-11-02,Annual Adjustment,130000,134778,0.1,0,DPT-002,ROL-003
CMP-001732,EMP-00765,2025-11-09,Termination,130000,0,0,0,DPT-002,ROL-003
CMP-001733,EMP-00766,2021-06-04,Hire,168000,193000,0.2,193000,DPT-012,ROL-025
CMP-001734,EMP-00766,2021-12-25,Equity Refresh,193000,193000,0.2,262739,DPT-012,ROL-025
CMP-001735,EMP-00766,2022-09-12,Annual Adjustment,193000,204075,0.2,0,DPT-012,ROL-025
CMP-001736,EMP-00767,2023-07-11,Hire,89000,104000,0.1,20800,DPT-012,ROL-011
CMP-001737,EMP-00767,2024-06-01,Annual Adjustment,104000,107156,0.1,0,DPT-012,ROL-011
CMP-001738,EMP-00767,2024-12-24,Annual Adjustment,104000,110205,0.1,0,DPT-012,ROL-011
CMP-001739,EMP-00767,2025-11-14,Annual Adjustment,104000,107996,0.1,0,DPT-012,ROL-011
CMP-001740,EMP-00768,2024-08-15,Hire,68000,79000,0.1,15800,DPT-023,ROL-022
CMP-001741,EMP-00768,2025-11-26,Termination,79000,0,0,0,DPT-023,ROL-022
CMP-001742,EMP-00769,2025-02-15,Hire,112000,123000,0.1,24600,DPT-020,ROL-017
CMP-001743,EMP-00769,2026-01-26,Equity Refresh,123000,123000,0.1,23932,DPT-020,ROL-017
CMP-001744,EMP-00770,2023-05-28,Hire,93000,106000,0.1,21200,DPT-014,ROL-013
CMP-001745,EMP-00770,2023-12-23,Promotion,106000,127741,0.1,0,DPT-014,ROL-013
CMP-001746,EMP-00770,2025-02-05,Annual Adjustment,106000,111484,0.1,0,DPT-014,ROL-013
CMP-001747,EMP-00771,2026-01-05,Hire,99000,114000,0.1,22800,DPT-006,ROL-002
CMP-001748,EMP-00772,2025-05-05,Hire,98000,113000,0.1,22600,DPT-023,ROL-023
CMP-001749,EMP-00772,2025-12-09,Promotion,113000,131600,0.1,0,DPT-023,ROL-023
CMP-001750,EMP-00773,2022-01-04,Hire,228000,263000,0.2,263000,DPT-001,ROL-027
CMP-001751,EMP-00773,2022-07-31,Annual Adjustment,263000,277423,0.2,0,DPT-001,ROL-027
CMP-001752,EMP-00774,2022-11-26,Hire,120000,135000,0.1,27000,DPT-001,ROL-003
CMP-001753,EMP-00774,2023-08-21,Promotion,135000,156752,0.1,0,DPT-001,ROL-003
CMP-001754,EMP-00774,2025-09-06,Termination,135000,0,0,0,DPT-001,ROL-003
CMP-001755,EMP-00775,2022-11-20,Hire,246000,278000,0.1,139000,DPT-005,ROL-006
CMP-001756,EMP-00775,2023-08-27,Annual Adjustment,278000,293849,0.1,0,DPT-005,ROL-006
CMP-001757,EMP-00775,2024-09-12,Annual Adjustment,278000,292606,0.1,0,DPT-005,ROL-006
CMP-001758,EMP-00776,2023-05-07,Hire,81000,91000,0.1,18200,DPT-001,ROL-001
CMP-001759,EMP-00776,2024-02-07,Annual Adjustment,91000,95877,0.1,0,DPT-001,ROL-001
CMP-001760,EMP-00776,2025-02-11,Equity Refresh,91000,91000,0.1,9150,DPT-001,ROL-001
CMP-001761,EMP-00777,2023-08-19,Hire,112000,123000,0.1,24600,DPT-020,ROL-017
CMP-001762,EMP-00777,2024-10-03,Equity Refresh,123000,123000,0.1,17630,DPT-020,ROL-017
CMP-001763,EMP-00777,2025-04-08,Equity Refresh,123000,123000,0.1,34117,DPT-020,ROL-017
CMP-001764,EMP-00778,2025-09-23,Hire,120000,135000,0.1,27000,DPT-002,ROL-003
CMP-001765,EMP-00778,2026-04-03,Annual Adjustment,135000,138101,0.1,0,DPT-002,ROL-003
CMP-001766,EMP-00779,2023-02-22,Hire,119000,137000,0.1,27400,DPT-010,ROL-021
CMP-001767,EMP-00779,2024-02-24,Annual Adjustment,137000,144636,0.1,0,DPT-010,ROL-021
CMP-001768,EMP-00779,2025-02-07,Equity Refresh,137000,137000,0.1,30401,DPT-010,ROL-021
CMP-001769,EMP-00779,2026-02-06,Termination,137000,0,0,0,DPT-010,ROL-021
CMP-001770,EMP-00780,2024-07-13,Hire,99000,110000,0.1,22000,DPT-004,ROL-002
CMP-001771,EMP-00780,2025-03-16,Annual Adjustment,110000,115686,0.1,0,DPT-004,ROL-002
CMP-001772,EMP-00780,2025-10-05,Equity Refresh,110000,110000,0.1,25730,DPT-004,ROL-002
CMP-001773,EMP-00781,2025-05-05,Hire,78000,87000,0.1,17400,DPT-024,ROL-022
CMP-001774,EMP-00782,2024-06-28,Hire,103000,114000,0.1,22800,DPT-005,ROL-002
CMP-001775,EMP-00782,2025-02-23,Equity Refresh,114000,114000,0.1,14525,DPT-005,ROL-002
CMP-001776,EMP-00783,2023-09-15,Hire,93000,102000,0.1,20400,DPT-013,ROL-011
CMP-001777,EMP-00784,2020-05-27,Hire,193000,219000,0.2,219000,DPT-006,ROL-029
CMP-001778,EMP-00784,2021-02-13,Annual Adjustment,219000,224651,0.2,0,DPT-006,ROL-029
CMP-001779,EMP-00785,2024-07-22,Hire,90000,102000,0.1,20400,DPT-008,ROL-002
CMP-001780,EMP-00785,2025-04-06,Promotion,102000,121305,0.1,0,DPT-008,ROL-002
CMP-001781,EMP-00785,2026-03-15,Equity Refresh,102000,102000,0.1,24141,DPT-008,ROL-002
CMP-001782,EMP-00785,2026-05-03,Termination,102000,0,0,0,DPT-008,ROL-002
CMP-001783,EMP-00786,2023-08-03,Hire,77000,85000,0.1,17000,DPT-026,ROL-022
CMP-001784,EMP-00786,2024-05-18,Promotion,85000,97992,0.1,0,DPT-026,ROL-022
CMP-001785,EMP-00786,2025-05-20,Annual Adjustment,85000,89661,0.1,0,DPT-026,ROL-022
CMP-001786,EMP-00786,2026-02-15,Annual Adjustment,85000,88335,0.1,0,DPT-026,ROL-022
CMP-001787,EMP-00787,2023-07-28,Hire,100000,110000,0.1,22000,DPT-012,ROL-011
CMP-001788,EMP-00787,2024-01-25,Annual Adjustment,110000,112297,0.1,0,DPT-012,ROL-011
CMP-001789,EMP-00787,2025-11-10,Termination,110000,0,0,0,DPT-012,ROL-011
CMP-001790,EMP-00788,2023-01-21,Hire,168000,196000,0.1,98000,DPT-008,ROL-005
CMP-001791,EMP-00788,2023-10-30,Annual Adjustment,196000,206319,0.1,0,DPT-008,ROL-005
CMP-001792,EMP-00789,2022-08-03,Hire,208000,244000,0.2,244000,DPT-020,ROL-028
CMP-001793,EMP-00789,2023-05-20,Termination,244000,0,0,0,DPT-020,ROL-028
CMP-001794,EMP-00790,2023-02-24,Hire,55000,62000,0.1,12400,DPT-020,ROL-018
CMP-001795,EMP-00790,2025-09-15,Termination,62000,0,0,0,DPT-020,ROL-018
CMP-001796,EMP-00791,2025-12-10,Hire,174000,190000,0.2,190000,DPT-006,ROL-031
CMP-001797,EMP-00792,2021-04-25,Hire,164000,182000,0.2,182000,DPT-011,ROL-031
CMP-001798,EMP-00792,2022-04-19,Annual Adjustment,182000,185901,0.2,0,DPT-011,ROL-031
CMP-001799,EMP-00793,2026-01-05,Hire,187000,209000,0.1,104500,DPT-003,ROL-005
CMP-001800,EMP-00794,2025-02-09,Hire,78000,88000,0.1,17600,DPT-001,ROL-001
CMP-001801,EMP-00794,2025-09-25,Annual Adjustment,88000,91467,0.1,0,DPT-001,ROL-001
CMP-001802,EMP-00795,2024-11-24,Hire,88000,101000,0.1,20200,DPT-010,ROL-007
CMP-001803,EMP-00796,2024-04-21,Hire,114000,132000,0.1,26400,DPT-005,ROL-003
CMP-001804,EMP-00796,2025-04-09,Annual Adjustment,132000,136378,0.1,0,DPT-005,ROL-003
CMP-001805,EMP-00796,2025-11-14,Equity Refresh,132000,132000,0.1,27810,DPT-005,ROL-003
CMP-001806,EMP-00797,2025-11-11,Hire,180000,211000,0.2,211000,DPT-006,ROL-026
CMP-001807,EMP-00798,2023-02-21,Hire,114000,132000,0.1,26400,DPT-006,ROL-003
CMP-001808,EMP-00798,2024-02-01,Equity Refresh,132000,132000,0.1,18020,DPT-006,ROL-003
CMP-001809,EMP-00798,2024-06-24,Termination,132000,0,0,0,DPT-006,ROL-003
CMP-001810,EMP-00799,2024-04-09,Hire,98000,114000,0.1,22800,DPT-009,ROL-020
CMP-001811,EMP-00799,2024-12-24,Annual Adjustment,114000,119576,0.1,0,DPT-009,ROL-020
CMP-001812,EMP-00799,2026-01-29,Equity Refresh,114000,114000,0.1,26639,DPT-009,ROL-020
CMP-001813,EMP-00800,2024-06-06,Hire,88000,103000,0.1,20600,DPT-011,ROL-013
CMP-001814,EMP-00801,2025-10-07,Hire,92000,101000,0.1,20200,DPT-011,ROL-013
CMP-001815,EMP-00802,2022-05-21,Hire,164000,187000,0.2,187000,DPT-023,ROL-025
CMP-001816,EMP-00803,2025-02-06,Hire,107000,118000,0.1,23600,DPT-018,ROL-017
CMP-001817,EMP-00803,2025-12-22,Promotion,118000,133713,0.1,0,DPT-018,ROL-017
CMP-001818,EMP-00804,2023-12-11,Hire,133000,148000,0.1,29600,DPT-023,ROL-024
CMP-001819,EMP-00804,2025-01-13,Annual Adjustment,148000,155200,0.1,0,DPT-023,ROL-024
CMP-001820,EMP-00805,2024-07-15,Hire,101000,112000,0.1,22400,DPT-020,ROL-017
CMP-001821,EMP-00805,2025-05-28,Annual Adjustment,112000,116995,0.1,0,DPT-020,ROL-017
CMP-001822,EMP-00805,2025-12-27,Annual Adjustment,112000,118185,0.1,0,DPT-020,ROL-017
CMP-001823,EMP-00806,2023-10-04,Hire,97000,108000,0.1,21600,DPT-005,ROL-002
CMP-001824,EMP-00806,2024-07-05,Promotion,108000,130184,0.1,0,DPT-005,ROL-002
CMP-001825,EMP-00807,2021-08-08,Hire,178000,203000,0.1,101500,DPT-005,ROL-005
CMP-001826,EMP-00807,2022-06-25,Equity Refresh,203000,203000,0.1,93530,DPT-005,ROL-005
CMP-001827,EMP-00807,2023-06-21,Annual Adjustment,203000,208308,0.1,0,DPT-005,ROL-005
CMP-001828,EMP-00807,2024-07-27,Annual Adjustment,203000,214256,0.1,0,DPT-005,ROL-005
CMP-001829,EMP-00808,2024-06-18,Hire,80000,90000,0.1,18000,DPT-001,ROL-001
CMP-001830,EMP-00808,2025-02-20,Annual Adjustment,90000,95176,0.1,0,DPT-001,ROL-001
CMP-001831,EMP-00808,2026-01-27,Annual Adjustment,90000,93898,0.1,0,DPT-001,ROL-001
CMP-001832,EMP-00809,2024-08-25,Hire,86000,95000,0.1,19000,DPT-020,ROL-016
CMP-001833,EMP-00809,2025-10-01,Promotion,95000,114580,0.1,0,DPT-020,ROL-016
CMP-001834,EMP-00810,2022-08-19,Hire,119000,137000,0.1,27400,DPT-001,ROL-003
CMP-001835,EMP-00810,2023-09-13,Annual Adjustment,137000,141113,0.1,0,DPT-001,ROL-003
CMP-001836,EMP-00810,2024-05-03,Equity Refresh,137000,137000,0.1,22630,DPT-001,ROL-003
CMP-001837,EMP-00811,2023-09-16,Hire,96000,109000,0.1,21800,DPT-002,ROL-002
CMP-001838,EMP-00812,2023-10-08,Hire,167000,189000,0.2,189000,DPT-006,ROL-025
CMP-001839,EMP-00812,2024-11-07,Annual Adjustment,189000,199246,0.2,0,DPT-006,ROL-025
CMP-001840,EMP-00813,2025-09-04,Hire,108000,126000,0.1,25200,DPT-004,ROL-003
CMP-001841,EMP-00813,2026-03-04,Promotion,126000,153303,0.1,0,DPT-004,ROL-003
CMP-001842,EMP-00814,2025-12-05,Hire,89000,104000,0.1,20800,DPT-002,ROL-002
CMP-001843,EMP-00815,2023-05-07,Hire,80000,91000,0.1,18200,DPT-016,ROL-016
CMP-001844,EMP-00816,2023-04-30,Hire,100000,110000,0.1,22000,DPT-021,ROL-023
CMP-001845,EMP-00816,2023-11-05,Annual Adjustment,110000,114981,0.1,0,DPT-021,ROL-023
CMP-001846,EMP-00816,2024-12-16,Annual Adjustment,110000,113017,0.1,0,DPT-021,ROL-023
CMP-001847,EMP-00817,2024-09-10,Hire,82000,92000,0.1,18400,DPT-005,ROL-001
CMP-001848,EMP-00817,2025-07-22,Promotion,92000,105315,0.1,0,DPT-005,ROL-001
CMP-001849,EMP-00817,2025-08-01,Termination,92000,0,0,0,DPT-005,ROL-001
CMP-001850,EMP-00818,2022-12-28,Hire,308000,358000,0.2,358000,DPT-006,ROL-032
CMP-001851,EMP-00818,2023-08-20,Annual Adjustment,358000,368782,0.2,0,DPT-006,ROL-032
CMP-001852,EMP-00819,2023-06-18,Hire,134000,157000,0.1,78500,DPT-003,ROL-004
CMP-001853,EMP-00819,2024-06-05,Equity Refresh,157000,157000,0.1,102428,DPT-003,ROL-004
CMP-001854,EMP-00820,2023-11-03,Hire,100000,112000,0.1,22400,DPT-021,ROL-023
CMP-001855,EMP-00820,2024-09-11,Annual Adjustment,112000,115903,0.1,0,DPT-021,ROL-023
CMP-001856,EMP-00821,2022-12-01,Hire,115000,133000,0.1,26600,DPT-004,ROL-003
CMP-001857,EMP-00821,2023-10-04,Equity Refresh,133000,133000,0.1,16730,DPT-004,ROL-003
CMP-001858,EMP-00822,2024-07-20,Hire,102000,113000,0.1,22600,DPT-008,ROL-002
CMP-001859,EMP-00823,2022-10-17,Hire,68000,78000,0.1,15600,DPT-012,ROL-010
CMP-001860,EMP-00823,2023-07-07,Promotion,78000,86772,0.1,0,DPT-012,ROL-010
CMP-001861,EMP-00823,2024-03-06,Annual Adjustment,78000,81905,0.1,0,DPT-012,ROL-010
CMP-001862,EMP-00824,2024-11-17,Hire,102000,112000,0.1,22400,DPT-021,ROL-023
CMP-001863,EMP-00824,2025-11-02,Equity Refresh,112000,112000,0.1,24692,DPT-021,ROL-023
CMP-001864,EMP-00824,2026-02-21,Termination,112000,0,0,0,DPT-021,ROL-023
CMP-001865,EMP-00825,2022-09-19,Hire,163000,180000,0.2,180000,DPT-017,ROL-025
CMP-001866,EMP-00826,2024-02-26,Hire,96000,106000,0.1,21200,DPT-021,ROL-023
CMP-001867,EMP-00826,2024-08-29,Promotion,106000,126865,0.1,0,DPT-021,ROL-023
CMP-001868,EMP-00826,2025-02-27,Annual Adjustment,106000,111022,0.1,0,DPT-021,ROL-023
CMP-001869,EMP-00826,2026-02-28,Annual Adjustment,106000,110409,0.1,0,DPT-021,ROL-023
CMP-001870,EMP-00827,2025-03-27,Hire,153000,173000,0.1,86500,DPT-002,ROL-004
CMP-001871,EMP-00827,2026-05-08,Promotion,173000,204031,0.1,0,DPT-002,ROL-004
CMP-001872,EMP-00828,2024-08-26,Hire,124000,135000,0.1,27000,DPT-001,ROL-003
CMP-001873,EMP-00828,2025-10-15,Promotion,135000,150447,0.1,0,DPT-001,ROL-003
CMP-001874,EMP-00829,2024-09-05,Hire,156000,173000,0.1,34600,DPT-009,ROL-009
CMP-001875,EMP-00829,2025-10-10,Equity Refresh,173000,173000,0.1,33703,DPT-009,ROL-009
CMP-001876,EMP-00830,2023-08-07,Hire,122000,141000,0.1,28200,DPT-021,ROL-024
CMP-001877,EMP-00831,2020-08-18,Hire,115000,135000,0.1,27000,DPT-012,ROL-014
CMP-001878,EMP-00831,2021-06-29,Annual Adjustment,135000,138485,0.1,0,DPT-012,ROL-014
CMP-001879,EMP-00831,2022-02-24,Annual Adjustment,135000,140338,0.1,0,DPT-012,ROL-014
CMP-001880,EMP-00831,2022-11-04,Annual Adjustment,135000,142572,0.1,0,DPT-012,ROL-014
CMP-001881,EMP-00832,2024-05-02,Hire,113000,128000,0.1,25600,DPT-007,ROL-003
CMP-001882,EMP-00832,2025-05-27,Equity Refresh,128000,128000,0.1,37048,DPT-007,ROL-003
CMP-001883,EMP-00833,2022-07-20,Hire,195000,214000,0.2,214000,DPT-002,ROL-029
CMP-001884,EMP-00833,2023-06-30,Termination,214000,0,0,0,DPT-002,ROL-029
CMP-001885,EMP-00834,2020-10-21,Hire,161000,182000,0.2,182000,DPT-007,ROL-025
CMP-001886,EMP-00834,2021-09-24,Annual Adjustment,182000,189114,0.2,0,DPT-007,ROL-025
CMP-001887,EMP-00834,2022-05-27,Termination,182000,0,0,0,DPT-007,ROL-025
CMP-001888,EMP-00835,2025-04-10,Hire,164000,179000,0.2,179000,DPT-019,ROL-025
CMP-001889,EMP-00835,2026-05-09,Annual Adjustment,179000,189438,0.2,0,DPT-019,ROL-025
CMP-001890,EMP-00836,2024-01-23,Hire,118000,136000,0.1,27200,DPT-009,ROL-021
CMP-001891,EMP-00837,2024-03-01,Hire,149000,165000,0.1,82500,DPT-004,ROL-004
CMP-001892,EMP-00838,2024-03-04,Hire,177000,202000,0.2,202000,DPT-003,ROL-030
CMP-001893,EMP-00838,2024-11-27,Annual Adjustment,202000,206613,0.2,0,DPT-003,ROL-030
CMP-001894,EMP-00838,2025-08-10,Promotion,202000,223674,0.2,0,DPT-003,ROL-030
CMP-001895,EMP-00839,2025-05-31,Hire,78000,86000,0.1,17200,DPT-021,ROL-022
CMP-001896,EMP-00840,2020-11-08,Hire,120000,139000,0.1,27800,DPT-026,ROL-024
CMP-001897,EMP-00840,2024-07-30,Termination,139000,0,0,0,DPT-026,ROL-024
CMP-001898,EMP-00841,2023-02-10,Hire,182000,204000,0.2,204000,DPT-001,ROL-030
CMP-001899,EMP-00841,2024-02-08,Promotion,204000,240812,0.2,0,DPT-001,ROL-030
CMP-001900,EMP-00841,2025-11-04,Termination,204000,0,0,0,DPT-001,ROL-030
CMP-001901,EMP-00842,2025-09-25,Hire,146000,161000,0.1,80500,DPT-001,ROL-004
CMP-001902,EMP-00843,2023-12-13,Hire,117000,133000,0.1,26600,DPT-005,ROL-003
CMP-001903,EMP-00843,2025-10-27,Termination,133000,0,0,0,DPT-005,ROL-003
CMP-001904,EMP-00844,2026-04-25,Hire,151000,166000,0.1,83000,DPT-001,ROL-004
CMP-001905,EMP-00845,2022-08-29,Hire,93000,104000,0.1,20800,DPT-004,ROL-002
CMP-001906,EMP-00845,2023-09-27,Promotion,104000,119918,0.1,0,DPT-004,ROL-002
CMP-001907,EMP-00845,2024-03-10,Termination,104000,0,0,0,DPT-004,ROL-002
CMP-001908,EMP-00846,2021-12-21,Hire,210000,238000,0.2,238000,DPT-006,ROL-028
CMP-001909,EMP-00846,2023-02-09,Annual Adjustment,238000,244636,0.2,0,DPT-006,ROL-028
CMP-001910,EMP-00846,2023-11-15,Annual Adjustment,238000,251980,0.2,0,DPT-006,ROL-028
CMP-001911,EMP-00846,2024-06-16,Annual Adjustment,238000,245065,0.2,0,DPT-006,ROL-028
CMP-001912,EMP-00847,2024-03-06,Hire,182000,212000,0.2,212000,DPT-017,ROL-029
CMP-001913,EMP-00847,2025-02-25,Annual Adjustment,212000,224012,0.2,0,DPT-017,ROL-029
CMP-001914,EMP-00848,2025-06-13,Hire,97000,107000,0.1,21400,DPT-006,ROL-002
CMP-001915,EMP-00849,2025-12-05,Hire,166000,184000,0.2,184000,DPT-016,ROL-031
CMP-001916,EMP-00850,2024-08-02,Hire,159000,184000,0.2,184000,DPT-012,ROL-025
CMP-001917,EMP-00850,2025-04-30,Termination,184000,0,0,0,DPT-012,ROL-025
CMP-001918,EMP-00851,2020-08-17,Hire,155000,171000,0.1,34200,DPT-009,ROL-009
CMP-001919,EMP-00851,2021-07-29,Promotion,171000,207256,0.1,0,DPT-009,ROL-009
CMP-001920,EMP-00852,2025-04-18,Hire,93000,106000,0.1,21200,DPT-021,ROL-023
CMP-001921,EMP-00853,2022-10-29,Hire,113000,126000,0.1,25200,DPT-008,ROL-003
CMP-001922,EMP-00853,2023-10-02,Annual Adjustment,126000,130375,0.1,0,DPT-008,ROL-003
CMP-001923,EMP-00853,2026-05-08,Termination,126000,0,0,0,DPT-008,ROL-003
CMP-001924,EMP-00854,2023-03-26,Hire,95000,105000,0.1,21000,DPT-023,ROL-023
CMP-001925,EMP-00854,2024-03-13,Annual Adjustment,105000,108703,0.1,0,DPT-023,ROL-023
CMP-001926,EMP-00854,2024-08-28,Termination,105000,0,0,0,DPT-023,ROL-023
CMP-001927,EMP-00855,2023-02-02,Hire,76000,85000,0.1,17000,DPT-002,ROL-001
CMP-001928,EMP-00855,2023-08-26,Annual Adjustment,85000,88369,0.1,0,DPT-002,ROL-001
CMP-001929,EMP-00855,2024-06-15,Annual Adjustment,85000,88945,0.1,0,DPT-002,ROL-001
CMP-001930,EMP-00856,2025-11-14,Hire,97000,108000,0.1,21600,DPT-004,ROL-002
CMP-001931,EMP-00857,2022-06-04,Hire,181000,202000,0.1,101000,DPT-004,ROL-005
CMP-001932,EMP-00858,2025-02-09,Hire,111000,123000,0.1,24600,DPT-020,ROL-017
CMP-001933,EMP-00858,2026-01-30,Annual Adjustment,123000,126420,0.1,0,DPT-020,ROL-017
CMP-001934,EMP-00859,2024-03-06,Hire,97000,107000,0.1,21400,DPT-009,ROL-020
CMP-001935,EMP-00859,2025-03-09,Annual Adjustment,107000,110580,0.1,0,DPT-009,ROL-020
CMP-001936,EMP-00859,2026-01-07,Annual Adjustment,107000,109311,0.1,0,DPT-009,ROL-020
CMP-001937,EMP-00860,2023-03-23,Hire,120000,138000,0.1,27600,DPT-023,ROL-024
CMP-001938,EMP-00860,2023-12-23,Equity Refresh,138000,138000,0.1,19890,DPT-023,ROL-024
CMP-001939,EMP-00860,2024-08-09,Annual Adjustment,138000,144891,0.1,0,DPT-023,ROL-024
CMP-001940,EMP-00860,2025-09-15,Annual Adjustment,138000,142743,0.1,0,DPT-023,ROL-024
CMP-001941,EMP-00861,2024-11-06,Hire,88000,102000,0.1,20400,DPT-011,ROL-013
CMP-001942,EMP-00861,2025-06-23,Annual Adjustment,102000,104991,0.1,0,DPT-011,ROL-013
CMP-001943,EMP-00862,2025-05-12,Hire,160000,178000,0.2,178000,DPT-016,ROL-025
CMP-001944,EMP-00862,2025-12-19,Equity Refresh,178000,178000,0.2,208444,DPT-016,ROL-025
CMP-001945,EMP-00863,2024-03-06,Hire,92000,103000,0.1,20600,DPT-001,ROL-002
CMP-001946,EMP-00863,2024-10-21,Annual Adjustment,103000,107307,0.1,0,DPT-001,ROL-002
CMP-001947,EMP-00863,2025-07-17,Annual Adjustment,103000,108743,0.1,0,DPT-001,ROL-002
CMP-001948,EMP-00864,2025-04-04,Hire,101000,111000,0.1,22200,DPT-023,ROL-023
CMP-001949,EMP-00864,2025-12-14,Equity Refresh,111000,111000,0.1,12586,DPT-023,ROL-023
CMP-001950,EMP-00865,2020-09-07,Hire,178000,197000,0.1,98500,DPT-006,ROL-005
CMP-001951,EMP-00865,2023-09-18,Termination,197000,0,0,0,DPT-006,ROL-005
CMP-001952,EMP-00866,2023-01-02,Hire,69000,78000,0.1,15600,DPT-020,ROL-019
CMP-001953,EMP-00867,2022-05-23,Hire,109000,123000,0.1,24600,DPT-003,ROL-003
CMP-001954,EMP-00867,2022-12-12,Annual Adjustment,123000,128624,0.1,0,DPT-003,ROL-003
CMP-001955,EMP-00868,2025-03-03,Hire,100000,113000,0.1,22600,DPT-023,ROL-023
CMP-001956,EMP-00868,2026-04-07,Equity Refresh,113000,113000,0.1,26794,DPT-023,ROL-023
CMP-001957,EMP-00869,2025-08-18,Hire,171000,198000,0.2,198000,DPT-003,ROL-030
CMP-001958,EMP-00869,2026-05-13,Annual Adjustment,198000,208299,0.2,0,DPT-003,ROL-030
CMP-001959,EMP-00870,2022-08-12,Hire,82000,92000,0.1,18400,DPT-016,ROL-016
CMP-001960,EMP-00870,2023-08-09,Annual Adjustment,92000,96462,0.1,0,DPT-016,ROL-016
CMP-001961,EMP-00870,2024-06-06,Annual Adjustment,92000,94247,0.1,0,DPT-016,ROL-016
CMP-001962,EMP-00870,2025-02-17,Annual Adjustment,92000,94581,0.1,0,DPT-016,ROL-016
CMP-001963,EMP-00871,2025-11-19,Hire,77000,87000,0.1,17400,DPT-016,ROL-016
CMP-001964,EMP-00872,2023-09-23,Hire,95000,110000,0.1,22000,DPT-013,ROL-013
CMP-001965,EMP-00872,2024-07-28,Promotion,110000,128873,0.1,0,DPT-013,ROL-013
CMP-001966,EMP-00872,2024-12-16,Termination,110000,0,0,0,DPT-013,ROL-013
CMP-001967,EMP-00873,2023-03-23,Hire,186000,203000,0.2,203000,DPT-001,ROL-029
CMP-001968,EMP-00873,2024-01-16,Annual Adjustment,203000,210617,0.2,0,DPT-001,ROL-029
CMP-001969,EMP-00873,2024-08-09,Annual Adjustment,203000,213493,0.2,0,DPT-001,ROL-029
CMP-001970,EMP-00873,2025-07-11,Termination,203000,0,0,0,DPT-001,ROL-029
CMP-001971,EMP-00874,2025-05-21,Hire,140000,160000,0.1,80000,DPT-006,ROL-004
CMP-001972,EMP-00874,2026-05-21,Promotion,160000,185694,0.1,0,DPT-006,ROL-004
CMP-001973,EMP-00875,2022-07-24,Hire,73000,79000,0.1,15800,DPT-023,ROL-022
CMP-001974,EMP-00875,2023-07-14,Equity Refresh,79000,79000,0.1,16411,DPT-023,ROL-022
CMP-001975,EMP-00876,2022-11-25,Hire,261000,288000,0.2,288000,DPT-002,ROL-034
CMP-001976,EMP-00876,2023-08-01,Annual Adjustment,288000,303598,0.2,0,DPT-002,ROL-034
CMP-001977,EMP-00876,2024-08-04,Termination,288000,0,0,0,DPT-002,ROL-034
CMP-001978,EMP-00877,2024-06-14,Hire,116000,127000,0.1,25400,DPT-005,ROL-003
CMP-001979,EMP-00878,2024-05-27,Hire,68000,78000,0.1,15600,DPT-013,ROL-010
CMP-001980,EMP-00879,2024-05-17,Hire,118000,133000,0.1,26600,DPT-006,ROL-003
CMP-001981,EMP-00879,2025-01-15,Equity Refresh,133000,133000,0.1,27652,DPT-006,ROL-003
CMP-001982,EMP-00880,2024-12-07,Hire,84000,93000,0.1,18600,DPT-005,ROL-001
CMP-001983,EMP-00880,2025-10-10,Equity Refresh,93000,93000,0.1,22858,DPT-005,ROL-001
CMP-001984,EMP-00881,2024-10-18,Hire,117000,130000,0.1,26000,DPT-007,ROL-003
CMP-001985,EMP-00881,2025-10-22,Annual Adjustment,130000,134314,0.1,0,DPT-007,ROL-003
CMP-001986,EMP-00881,2026-05-15,Annual Adjustment,130000,136657,0.1,0,DPT-007,ROL-003
CMP-001987,EMP-00882,2024-03-09,Hire,74000,85000,0.1,17000,DPT-005,ROL-001
CMP-001988,EMP-00882,2024-12-06,Annual Adjustment,85000,87137,0.1,0,DPT-005,ROL-001
CMP-001989,EMP-00882,2025-08-21,Annual Adjustment,85000,89047,0.1,0,DPT-005,ROL-001
CMP-001990,EMP-00883,2023-09-08,Hire,94000,105000,0.1,21000,DPT-023,ROL-023
CMP-001991,EMP-00883,2024-05-10,Promotion,105000,121204,0.1,0,DPT-023,ROL-023
CMP-001992,EMP-00883,2025-10-03,Termination,105000,0,0,0,DPT-023,ROL-023
CMP-001993,EMP-00884,2023-09-19,Hire,177000,198000,0.2,198000,DPT-010,ROL-030
CMP-001994,EMP-00884,2024-06-04,Equity Refresh,198000,198000,0.2,208135,DPT-010,ROL-030
CMP-001995,EMP-00885,2023-12-15,Hire,80000,89000,0.1,17800,DPT-016,ROL-016
CMP-001996,EMP-00885,2024-12-08,Promotion,89000,105199,0.1,0,DPT-016,ROL-016
CMP-001997,EMP-00885,2025-07-14,Annual Adjustment,89000,92759,0.1,0,DPT-016,ROL-016
CMP-001998,EMP-00886,2025-08-30,Hire,112000,129000,0.1,25800,DPT-008,ROL-003
CMP-001999,EMP-00887,2021-08-30,Hire,183000,203000,0.1,101500,DPT-002,ROL-005
CMP-002000,EMP-00887,2022-04-15,Equity Refresh,203000,203000,0.1,129658,DPT-002,ROL-005
CMP-002001,EMP-00887,2025-11-20,Termination,203000,0,0,0,DPT-002,ROL-005
CMP-002002,EMP-00888,2025-05-08,Hire,97000,107000,0.1,21400,DPT-002,ROL-002
CMP-002003,EMP-00888,2026-03-07,Annual Adjustment,107000,113276,0.1,0,DPT-002,ROL-002
CMP-002004,EMP-00889,2023-11-28,Hire,67000,76000,0.1,15200,DPT-018,ROL-015
CMP-002005,EMP-00889,2024-12-21,Annual Adjustment,76000,78239,0.1,0,DPT-018,ROL-015
CMP-002006,EMP-00889,2026-01-05,Annual Adjustment,76000,79157,0.1,0,DPT-018,ROL-015
CMP-002007,EMP-00890,2022-11-29,Hire,73000,83000,0.1,16600,DPT-006,ROL-001
CMP-002008,EMP-00890,2023-12-28,Equity Refresh,83000,83000,0.1,10452,DPT-006,ROL-001
CMP-002009,EMP-00891,2025-12-23,Hire,149000,173000,0.1,86500,DPT-001,ROL-004
CMP-002010,EMP-00892,2022-01-30,Hire,118000,138000,0.1,27600,DPT-011,ROL-012
CMP-002011,EMP-00892,2022-11-01,Annual Adjustment,138000,145627,0.1,0,DPT-011,ROL-012
CMP-002012,EMP-00892,2023-07-28,Promotion,138000,165820,0.1,0,DPT-011,ROL-012
CMP-002013,EMP-00893,2022-08-02,Hire,64000,71000,0.1,14200,DPT-020,ROL-015
CMP-002014,EMP-00893,2023-05-10,Annual Adjustment,71000,73971,0.1,0,DPT-020,ROL-015
CMP-002015,EMP-00894,2023-02-02,Hire,98000,108000,0.1,21600,DPT-026,ROL-023
CMP-002016,EMP-00894,2023-11-23,Equity Refresh,108000,108000,0.1,21033,DPT-026,ROL-023
CMP-002017,EMP-00894,2024-09-19,Annual Adjustment,108000,112347,0.1,0,DPT-026,ROL-023
CMP-002018,EMP-00894,2025-08-04,Annual Adjustment,108000,110455,0.1,0,DPT-026,ROL-023
CMP-002019,EMP-00895,2023-05-04,Hire,92000,105000,0.1,21000,DPT-012,ROL-013
CMP-002020,EMP-00895,2024-03-09,Annual Adjustment,105000,107408,0.1,0,DPT-012,ROL-013
CMP-002021,EMP-00895,2025-01-30,Promotion,105000,127324,0.1,0,DPT-012,ROL-013
CMP-002022,EMP-00895,2025-09-13,Annual Adjustment,105000,108861,0.1,0,DPT-012,ROL-013
CMP-002023,EMP-00896,2025-09-16,Hire,118000,130000,0.1,26000,DPT-011,ROL-012
CMP-002024,EMP-00897,2023-10-28,Hire,75000,84000,0.1,16800,DPT-024,ROL-022
CMP-002025,EMP-00898,2022-10-06,Hire,206000,239000,0.2,239000,DPT-007,ROL-028
CMP-002026,EMP-00898,2023-07-30,Annual Adjustment,239000,243950,0.2,0,DPT-007,ROL-028
CMP-002027,EMP-00899,2024-09-15,Hire,76000,87000,0.1,17400,DPT-006,ROL-001
CMP-002028,EMP-00899,2025-06-29,Promotion,87000,101293,0.1,0,DPT-006,ROL-001
CMP-002029,EMP-00900,2026-05-09,Hire,113000,130000,0.1,26000,DPT-011,ROL-012
CMP-002030,EMP-00901,2025-12-15,Hire,148000,164000,0.1,82000,DPT-002,ROL-004
CMP-002031,EMP-00902,2025-07-08,Hire,141000,165000,0.1,82500,DPT-007,ROL-004
CMP-002032,EMP-00902,2026-02-02,Annual Adjustment,165000,174520,0.1,0,DPT-007,ROL-004
CMP-002033,EMP-00903,2023-09-26,Hire,121000,141000,0.1,28200,DPT-009,ROL-021
CMP-002034,EMP-00903,2024-07-14,Annual Adjustment,141000,147374,0.1,0,DPT-009,ROL-021
CMP-002035,EMP-00903,2025-03-09,Equity Refresh,141000,141000,0.1,27017,DPT-009,ROL-021
CMP-002036,EMP-00904,2022-08-19,Hire,150000,173000,0.1,86500,DPT-001,ROL-004
CMP-002037,EMP-00904,2023-08-27,Promotion,173000,200829,0.1,0,DPT-001,ROL-004
CMP-002038,EMP-00904,2025-10-16,Termination,173000,0,0,0,DPT-001,ROL-004
CMP-002039,EMP-00905,2024-02-25,Hire,89000,102000,0.1,20400,DPT-003,ROL-002
CMP-002040,EMP-00906,2024-03-02,Hire,66000,78000,0.1,15600,DPT-011,ROL-010
CMP-002041,EMP-00906,2025-01-16,Annual Adjustment,78000,80323,0.1,0,DPT-011,ROL-010
CMP-002042,EMP-00906,2025-08-31,Termination,78000,0,0,0,DPT-011,ROL-010
CMP-002043,EMP-00907,2026-03-03,Hire,165000,184000,0.2,184000,DPT-002,ROL-025
CMP-002044,EMP-00908,2023-12-28,Hire,95000,111000,0.1,22200,DPT-005,ROL-002
CMP-002045,EMP-00909,2024-10-09,Hire,72000,84000,0.1,16800,DPT-026,ROL-022
CMP-002046,EMP-00909,2025-06-19,Promotion,84000,101599,0.1,0,DPT-026,ROL-022
CMP-002047,EMP-00909,2025-12-22,Annual Adjustment,84000,86062,0.1,0,DPT-026,ROL-022
CMP-002048,EMP-00910,2021-10-19,Hire,141000,165000,0.1,82500,DPT-006,ROL-004
CMP-002049,EMP-00910,2022-12-04,Equity Refresh,165000,165000,0.1,89721,DPT-006,ROL-004
CMP-002050,EMP-00910,2023-07-27,Equity Refresh,165000,165000,0.1,112387,DPT-006,ROL-004
CMP-002051,EMP-00911,2024-09-27,Hire,66000,72000,0.1,14400,DPT-017,ROL-015
CMP-002052,EMP-00911,2025-07-11,Promotion,72000,82814,0.1,0,DPT-017,ROL-015
CMP-002053,EMP-00911,2026-04-04,Equity Refresh,72000,72000,0.1,17130,DPT-017,ROL-015
CMP-002054,EMP-00912,2021-06-01,Hire,141000,159000,0.1,79500,DPT-007,ROL-004
CMP-002055,EMP-00912,2022-05-07,Annual Adjustment,159000,164197,0.1,0,DPT-007,ROL-004
CMP-002056,EMP-00913,2025-04-09,Hire,97000,109000,0.1,21800,DPT-012,ROL-013
CMP-002057,EMP-00913,2026-03-28,Equity Refresh,109000,109000,0.1,15752,DPT-012,ROL-013
CMP-002058,EMP-00914,2023-10-07,Hire,113000,127000,0.1,25400,DPT-005,ROL-003
CMP-002059,EMP-00914,2024-04-28,Annual Adjustment,127000,131887,0.1,0,DPT-005,ROL-003
CMP-002060,EMP-00915,2021-12-15,Hire,195000,215000,0.2,215000,DPT-001,ROL-026
CMP-002061,EMP-00915,2022-11-11,Annual Adjustment,215000,220282,0.2,0,DPT-001,ROL-026
CMP-002062,EMP-00915,2023-09-15,Equity Refresh,215000,215000,0.2,169312,DPT-001,ROL-026
CMP-002063,EMP-00915,2024-06-14,Promotion,215000,254274,0.2,0,DPT-001,ROL-026
CMP-002064,EMP-00916,2021-10-10,Hire,140000,164000,0.1,82000,DPT-001,ROL-004
CMP-002065,EMP-00916,2022-06-30,Annual Adjustment,164000,169839,0.1,0,DPT-001,ROL-004
CMP-002066,EMP-00916,2023-01-05,Annual Adjustment,164000,173341,0.1,0,DPT-001,ROL-004
CMP-002067,EMP-00917,2025-06-01,Hire,89000,101000,0.1,20200,DPT-012,ROL-011
CMP-002068,EMP-00917,2026-02-09,Annual Adjustment,101000,106633,0.1,0,DPT-012,ROL-011
CMP-002069,EMP-00918,2022-07-01,Hire,90000,103000,0.1,20600,DPT-021,ROL-023
CMP-002070,EMP-00918,2023-03-21,Promotion,103000,120123,0.1,0,DPT-021,ROL-023
CMP-002071,EMP-00918,2023-12-23,Promotion,103000,122992,0.1,0,DPT-021,ROL-023
CMP-002072,EMP-00919,2023-07-25,Hire,95000,111000,0.1,22200,DPT-001,ROL-002
CMP-002073,EMP-00919,2024-07-01,Annual Adjustment,111000,116580,0.1,0,DPT-001,ROL-002
CMP-002074,EMP-00919,2025-03-18,Equity Refresh,111000,111000,0.1,27752,DPT-001,ROL-002
CMP-002075,EMP-00919,2025-10-15,Annual Adjustment,111000,113257,0.1,0,DPT-001,ROL-002
CMP-002076,EMP-00920,2025-02-17,Hire,121000,141000,0.1,28200,DPT-026,ROL-024
CMP-002077,EMP-00920,2025-09-06,Annual Adjustment,141000,147553,0.1,0,DPT-026,ROL-024
CMP-002078,EMP-00921,2022-11-18,Hire,97000,112000,0.1,22400,DPT-016,ROL-017
CMP-002079,EMP-00921,2023-09-14,Promotion,112000,136523,0.1,0,DPT-016,ROL-017
CMP-002080,EMP-00921,2024-07-01,Annual Adjustment,112000,118185,0.1,0,DPT-016,ROL-017
CMP-002081,EMP-00921,2026-04-28,Termination,112000,0,0,0,DPT-016,ROL-017
CMP-002082,EMP-00922,2021-12-22,Hire,134000,148000,0.1,29600,DPT-026,ROL-024
CMP-002083,EMP-00922,2023-01-08,Annual Adjustment,148000,151422,0.1,0,DPT-026,ROL-024
CMP-002084,EMP-00922,2024-02-08,Annual Adjustment,148000,155305,0.1,0,DPT-026,ROL-024
CMP-002085,EMP-00922,2024-10-14,Annual Adjustment,148000,155107,0.1,0,DPT-026,ROL-024
CMP-002086,EMP-00923,2024-04-04,Hire,120000,134000,0.1,26800,DPT-008,ROL-003
CMP-002087,EMP-00924,2023-08-10,Hire,110000,125000,0.1,25000,DPT-013,ROL-014
CMP-002088,EMP-00924,2024-02-20,Promotion,125000,141851,0.1,0,DPT-013,ROL-014
CMP-002089,EMP-00924,2025-02-21,Promotion,125000,139806,0.1,0,DPT-013,ROL-014
CMP-002090,EMP-00924,2025-11-02,Annual Adjustment,125000,131184,0.1,0,DPT-013,ROL-014
CMP-002091,EMP-00925,2024-11-06,Hire,72000,84000,0.1,16800,DPT-001,ROL-001
CMP-002092,EMP-00925,2025-07-27,Equity Refresh,84000,84000,0.1,17184,DPT-001,ROL-001
CMP-002093,EMP-00926,2024-11-22,Hire,92000,102000,0.1,20400,DPT-013,ROL-013
CMP-002094,EMP-00926,2025-09-14,Annual Adjustment,102000,106052,0.1,0,DPT-013,ROL-013
CMP-002095,EMP-00926,2026-05-08,Annual Adjustment,102000,107974,0.1,0,DPT-013,ROL-013
CMP-002096,EMP-00927,2024-11-23,Hire,143000,162000,0.1,81000,DPT-004,ROL-004
CMP-002097,EMP-00927,2025-08-17,Annual Adjustment,162000,169434,0.1,0,DPT-004,ROL-004
CMP-002098,EMP-00928,2023-03-09,Hire,92000,104000,0.1,20800,DPT-021,ROL-023
CMP-002099,EMP-00928,2024-01-29,Promotion,104000,124156,0.1,0,DPT-021,ROL-023
CMP-002100,EMP-00928,2025-03-02,Termination,104000,0,0,0,DPT-021,ROL-023
CMP-002101,EMP-00929,2025-06-27,Hire,88000,101000,0.1,20200,DPT-012,ROL-011
CMP-002102,EMP-00929,2026-01-27,Annual Adjustment,101000,103687,0.1,0,DPT-012,ROL-011
CMP-002103,EMP-00930,2023-12-13,Hire,69000,78000,0.1,15600,DPT-020,ROL-019
CMP-002104,EMP-00930,2024-11-13,Annual Adjustment,78000,80847,0.1,0,DPT-020,ROL-019
CMP-002105,EMP-00930,2025-08-11,Equity Refresh,78000,78000,0.1,20517,DPT-020,ROL-019
CMP-002106,EMP-00931,2021-09-04,Hire,216000,244000,0.2,244000,DPT-001,ROL-028
CMP-002107,EMP-00931,2022-05-28,Annual Adjustment,244000,254283,0.2,0,DPT-001,ROL-028
CMP-002108,EMP-00932,2026-03-11,Hire,226000,258000,0.2,258000,DPT-020,ROL-027
CMP-002109,EMP-00933,2025-06-15,Hire,76000,84000,0.1,16800,DPT-023,ROL-022
CMP-002110,EMP-00933,2026-02-20,Annual Adjustment,84000,87774,0.1,0,DPT-023,ROL-022
CMP-002111,EMP-00934,2024-07-05,Hire,101000,111000,0.1,22200,DPT-017,ROL-017
CMP-002112,EMP-00934,2025-08-01,Annual Adjustment,111000,116337,0.1,0,DPT-017,ROL-017
CMP-002113,EMP-00935,2024-04-21,Hire,70000,80000,0.1,16000,DPT-020,ROL-019
CMP-002114,EMP-00935,2024-10-25,Annual Adjustment,80000,83412,0.1,0,DPT-020,ROL-019
CMP-002115,EMP-00935,2025-08-06,Annual Adjustment,80000,83658,0.1,0,DPT-020,ROL-019
CMP-002116,EMP-00936,2022-10-22,Hire,263000,292000,0.2,292000,DPT-003,ROL-034
CMP-002117,EMP-00937,2023-12-29,Hire,80000,91000,0.1,18200,DPT-003,ROL-001
CMP-002118,EMP-00937,2024-12-28,Promotion,91000,104974,0.1,0,DPT-003,ROL-001
CMP-002119,EMP-00938,2024-03-07,Hire,86000,96000,0.1,19200,DPT-016,ROL-016
CMP-002120,EMP-00938,2025-01-24,Promotion,96000,115466,0.1,0,DPT-016,ROL-016
CMP-002121,EMP-00938,2025-08-25,Termination,96000,0,0,0,DPT-016,ROL-016
CMP-002122,EMP-00939,2020-07-04,Hire,183000,208000,0.2,208000,DPT-001,ROL-029
CMP-002123,EMP-00939,2021-08-26,Annual Adjustment,208000,214422,0.2,0,DPT-001,ROL-029
CMP-002124,EMP-00939,2022-05-15,Annual Adjustment,208000,216879,0.2,0,DPT-001,ROL-029
CMP-002125,EMP-00939,2025-12-17,Termination,208000,0,0,0,DPT-001,ROL-029
CMP-002126,EMP-00940,2025-07-20,Hire,147000,166000,0.1,83000,DPT-004,ROL-004
CMP-002127,EMP-00941,2024-02-10,Hire,77000,85000,0.1,17000,DPT-001,ROL-001
CMP-002128,EMP-00941,2024-12-03,Annual Adjustment,85000,89165,0.1,0,DPT-001,ROL-001
CMP-002129,EMP-00941,2025-11-11,Annual Adjustment,85000,88182,0.1,0,DPT-001,ROL-001
CMP-002130,EMP-00942,2023-11-21,Hire,180000,200000,0.2,200000,DPT-012,ROL-031
CMP-002131,EMP-00942,2024-09-08,Equity Refresh,200000,200000,0.2,161661,DPT-012,ROL-031
CMP-002132,EMP-00942,2025-03-27,Annual Adjustment,200000,206963,0.2,0,DPT-012,ROL-031
CMP-002133,EMP-00943,2026-04-22,Hire,152000,178000,0.1,35600,DPT-010,ROL-009
CMP-002134,EMP-00944,2021-08-25,Hire,171000,191000,0.2,191000,DPT-007,ROL-025
CMP-002135,EMP-00945,2024-10-22,Hire,122000,134000,0.1,26800,DPT-001,ROL-003
CMP-002136,EMP-00946,2024-03-07,Hire,102000,113000,0.1,22600,DPT-001,ROL-002
CMP-002137,EMP-00946,2024-10-31,Annual Adjustment,113000,116809,0.1,0,DPT-001,ROL-002
CMP-002138,EMP-00946,2025-07-18,Annual Adjustment,113000,115477,0.1,0,DPT-001,ROL-002
CMP-002139,EMP-00947,2024-01-24,Hire,103000,116000,0.1,23200,DPT-020,ROL-017
CMP-002140,EMP-00947,2025-02-06,Promotion,116000,128565,0.1,0,DPT-020,ROL-017
CMP-002141,EMP-00947,2025-12-12,Promotion,116000,140092,0.1,0,DPT-020,ROL-017
CMP-002142,EMP-00948,2023-09-05,Hire,72000,85000,0.1,17000,DPT-004,ROL-001
CMP-002143,EMP-00948,2026-02-12,Termination,85000,0,0,0,DPT-004,ROL-001
CMP-002144,EMP-00949,2022-01-13,Hire,171000,200000,0.2,200000,DPT-001,ROL-030
CMP-002145,EMP-00949,2022-09-26,Equity Refresh,200000,200000,0.2,185832,DPT-001,ROL-030
CMP-002146,EMP-00950,2022-05-13,Hire,202000,225000,0.2,225000,DPT-009,ROL-026
CMP-002147,EMP-00950,2022-12-15,Annual Adjustment,225000,234430,0.2,0,DPT-009,ROL-026
CMP-002148,EMP-00950,2023-08-10,Equity Refresh,225000,225000,0.2,248799,DPT-009,ROL-026
CMP-002149,EMP-00950,2024-04-16,Annual Adjustment,225000,238230,0.2,0,DPT-009,ROL-026
CMP-002150,EMP-00951,2024-04-11,Hire,181000,212000,0.2,212000,DPT-017,ROL-029
CMP-002151,EMP-00951,2025-04-18,Promotion,212000,246270,0.2,0,DPT-017,ROL-029
CMP-002152,EMP-00952,2022-09-20,Hire,80000,87000,0.1,17400,DPT-020,ROL-016
CMP-002153,EMP-00952,2023-08-11,Promotion,87000,95890,0.1,0,DPT-020,ROL-016
CMP-002154,EMP-00952,2024-05-11,Annual Adjustment,87000,90320,0.1,0,DPT-020,ROL-016
CMP-002155,EMP-00953,2026-03-05,Hire,244000,277000,0.1,138500,DPT-005,ROL-006
CMP-002156,EMP-00954,2023-06-10,Hire,108000,124000,0.1,24800,DPT-016,ROL-017
CMP-002157,EMP-00954,2024-07-28,Promotion,124000,146117,0.1,0,DPT-016,ROL-017
CMP-002158,EMP-00954,2025-04-06,Equity Refresh,124000,124000,0.1,25858,DPT-016,ROL-017
CMP-002159,EMP-00954,2026-05-19,Annual Adjustment,124000,129519,0.1,0,DPT-016,ROL-017
CMP-002160,EMP-00955,2026-01-23,Hire,145000,159000,0.1,79500,DPT-001,ROL-004
CMP-002161,EMP-00956,2021-03-28,Hire,154000,179000,0.2,179000,DPT-021,ROL-031
CMP-002162,EMP-00956,2022-03-12,Annual Adjustment,179000,188920,0.2,0,DPT-021,ROL-031
CMP-002163,EMP-00956,2022-09-14,Annual Adjustment,179000,186802,0.2,0,DPT-021,ROL-031
CMP-002164,EMP-00956,2023-07-27,Termination,179000,0,0,0,DPT-021,ROL-031
CMP-002165,EMP-00957,2022-06-03,Hire,115000,130000,0.1,26000,DPT-003,ROL-003
CMP-002166,EMP-00958,2024-09-20,Hire,112000,126000,0.1,25200,DPT-006,ROL-003
CMP-002167,EMP-00958,2025-05-04,Equity Refresh,126000,126000,0.1,37107,DPT-006,ROL-003
CMP-002168,EMP-00958,2026-01-07,Termination,126000,0,0,0,DPT-006,ROL-003
CMP-002169,EMP-00959,2020-07-16,Hire,189000,206000,0.1,103000,DPT-006,ROL-005
CMP-002170,EMP-00959,2021-06-03,Annual Adjustment,206000,212695,0.1,0,DPT-006,ROL-005
CMP-002171,EMP-00960,2025-09-30,Hire,113000,125000,0.1,25000,DPT-007,ROL-003
CMP-002172,EMP-00961,2024-05-30,Hire,114000,129000,0.1,25800,DPT-007,ROL-003
CMP-002173,EMP-00961,2025-01-25,Promotion,129000,154885,0.1,0,DPT-007,ROL-003
CMP-002174,EMP-00961,2025-12-13,Annual Adjustment,129000,134278,0.1,0,DPT-007,ROL-003
CMP-002175,EMP-00962,2024-06-17,Hire,74000,84000,0.1,16800,DPT-023,ROL-022
CMP-002176,EMP-00962,2025-01-01,Promotion,84000,95948,0.1,0,DPT-023,ROL-022
CMP-002177,EMP-00962,2025-04-22,Termination,84000,0,0,0,DPT-023,ROL-022
CMP-002178,EMP-00963,2023-12-25,Hire,93000,107000,0.1,21400,DPT-004,ROL-002
CMP-002179,EMP-00963,2024-07-10,Annual Adjustment,107000,112893,0.1,0,DPT-004,ROL-002
CMP-002180,EMP-00963,2025-03-06,Annual Adjustment,107000,109901,0.1,0,DPT-004,ROL-002
CMP-002181,EMP-00964,2023-08-31,Hire,70000,79000,0.1,15800,DPT-015,ROL-010
CMP-002182,EMP-00964,2024-09-11,Promotion,79000,91911,0.1,0,DPT-015,ROL-010
CMP-002183,EMP-00964,2025-03-26,Annual Adjustment,79000,82095,0.1,0,DPT-015,ROL-010
CMP-002184,EMP-00964,2026-03-19,Annual Adjustment,79000,80849,0.1,0,DPT-015,ROL-010
CMP-002185,EMP-00965,2024-06-23,Hire,92000,105000,0.1,21000,DPT-009,ROL-020
CMP-002186,EMP-00965,2025-05-08,Annual Adjustment,105000,110569,0.1,0,DPT-009,ROL-020
CMP-002187,EMP-00965,2026-03-07,Annual Adjustment,105000,109841,0.1,0,DPT-009,ROL-020
CMP-002188,EMP-00966,2024-02-19,Hire,118000,132000,0.1,26400,DPT-006,ROL-003
CMP-002189,EMP-00966,2024-11-25,Equity Refresh,132000,132000,0.1,29085,DPT-006,ROL-003
CMP-002190,EMP-00966,2025-09-03,Annual Adjustment,132000,136994,0.1,0,DPT-006,ROL-003
CMP-002191,EMP-00967,2022-01-26,Hire,161000,189000,0.2,189000,DPT-017,ROL-025
CMP-002192,EMP-00967,2022-11-09,Equity Refresh,189000,189000,0.2,117773,DPT-017,ROL-025
CMP-002193,EMP-00967,2023-09-10,Equity Refresh,189000,189000,0.2,174102,DPT-017,ROL-025
CMP-002194,EMP-00968,2023-10-01,Hire,66000,76000,0.1,15200,DPT-017,ROL-015
CMP-002195,EMP-00968,2024-06-12,Annual Adjustment,76000,78208,0.1,0,DPT-017,ROL-015
CMP-002196,EMP-00968,2025-01-28,Annual Adjustment,76000,79468,0.1,0,DPT-017,ROL-015
CMP-002197,EMP-00968,2025-08-20,Promotion,76000,84880,0.1,0,DPT-017,ROL-015
CMP-002198,EMP-00969,2023-09-09,Hire,65000,74000,0.1,14800,DPT-020,ROL-015
CMP-002199,EMP-00969,2024-03-22,Annual Adjustment,74000,77490,0.1,0,DPT-020,ROL-015
CMP-002200,EMP-00970,2024-12-10,Hire,63000,71000,0.1,14200,DPT-019,ROL-015
CMP-002201,EMP-00971,2023-07-28,Hire,235000,265000,0.2,265000,DPT-019,ROL-027
CMP-002202,EMP-00971,2024-04-01,Promotion,265000,300292,0.2,0,DPT-019,ROL-027
CMP-002203,EMP-00971,2024-12-09,Annual Adjustment,265000,274748,0.2,0,DPT-019,ROL-027
CMP-002204,EMP-00972,2024-12-10,Hire,121000,137000,0.1,27400,DPT-002,ROL-003
CMP-002205,EMP-00972,2025-06-30,Promotion,137000,166472,0.1,0,DPT-002,ROL-003
CMP-002206,EMP-00973,2024-04-23,Hire,98000,114000,0.1,22800,DPT-005,ROL-002
CMP-002207,EMP-00973,2025-02-07,Annual Adjustment,114000,120641,0.1,0,DPT-005,ROL-002
CMP-002208,EMP-00973,2026-03-25,Annual Adjustment,114000,120073,0.1,0,DPT-005,ROL-002
CMP-002209,EMP-00973,2026-04-15,Termination,114000,0,0,0,DPT-005,ROL-002
CMP-002210,EMP-00974,2025-03-01,Hire,148000,161000,0.1,80500,DPT-006,ROL-004
CMP-002211,EMP-00974,2025-12-02,Promotion,161000,192257,0.1,0,DPT-006,ROL-004
CMP-002212,EMP-00975,2023-03-11,Hire,249000,283000,0.2,283000,DPT-023,ROL-027
CMP-002213,EMP-00975,2024-04-24,Annual Adjustment,283000,298514,0.2,0,DPT-023,ROL-027
CMP-002214,EMP-00975,2025-03-30,Termination,283000,0,0,0,DPT-023,ROL-027
CMP-002215,EMP-00976,2024-03-08,Hire,85000,97000,0.1,19400,DPT-018,ROL-016
CMP-002216,EMP-00976,2025-01-08,Promotion,97000,110117,0.1,0,DPT-018,ROL-016
CMP-002217,EMP-00977,2024-10-13,Hire,116000,131000,0.1,26200,DPT-005,ROL-003
CMP-002218,EMP-00977,2025-09-12,Annual Adjustment,131000,134017,0.1,0,DPT-005,ROL-003
CMP-002219,EMP-00978,2024-10-29,Hire,87000,96000,0.1,19200,DPT-018,ROL-016
CMP-002220,EMP-00978,2025-10-21,Annual Adjustment,96000,98588,0.1,0,DPT-018,ROL-016
CMP-002221,EMP-00979,2024-03-08,Hire,165000,184000,0.2,184000,DPT-005,ROL-025
CMP-002222,EMP-00979,2025-04-06,Annual Adjustment,184000,187694,0.2,0,DPT-005,ROL-025
CMP-002223,EMP-00980,2025-11-25,Hire,110000,126000,0.1,25200,DPT-001,ROL-003
CMP-002224,EMP-00981,2023-09-22,Hire,69000,75000,0.1,15000,DPT-016,ROL-015
CMP-002225,EMP-00981,2024-08-09,Termination,75000,0,0,0,DPT-016,ROL-015
CMP-002226,EMP-00982,2024-01-28,Hire,154000,173000,0.1,86500,DPT-007,ROL-004
CMP-002227,EMP-00982,2025-03-05,Equity Refresh,173000,173000,0.1,76036,DPT-007,ROL-004
CMP-002228,EMP-00983,2024-10-23,Hire,117000,137000,0.1,27400,DPT-009,ROL-008
CMP-002229,EMP-00984,2022-09-01,Hire,74000,81000,0.1,16200,DPT-012,ROL-010
CMP-002230,EMP-00985,2024-05-12,Hire,88000,97000,0.1,19400,DPT-017,ROL-016
CMP-002231,EMP-00985,2025-02-02,Promotion,97000,107577,0.1,0,DPT-017,ROL-016
CMP-002232,EMP-00986,2023-09-08,Hire,113000,129000,0.1,25800,DPT-008,ROL-003
CMP-002233,EMP-00987,2025-04-15,Hire,96000,112000,0.1,22400,DPT-004,ROL-002
CMP-002234,EMP-00987,2026-02-06,Annual Adjustment,112000,115234,0.1,0,DPT-004,ROL-002
CMP-002235,EMP-00988,2023-09-20,Hire,75000,83000,0.1,16600,DPT-023,ROL-022
CMP-002236,EMP-00988,2024-11-09,Promotion,83000,98710,0.1,0,DPT-023,ROL-022
CMP-002237,EMP-00988,2025-06-26,Annual Adjustment,83000,87880,0.1,0,DPT-023,ROL-022
CMP-002238,EMP-00988,2025-10-20,Termination,83000,0,0,0,DPT-023,ROL-022
CMP-002239,EMP-00989,2025-02-15,Hire,61000,69000,0.1,13800,DPT-016,ROL-015
CMP-002240,EMP-00989,2026-02-12,Equity Refresh,69000,69000,0.1,7462,DPT-016,ROL-015
CMP-002241,EMP-00990,2024-09-29,Hire,79000,88000,0.1,17600,DPT-016,ROL-016
CMP-002242,EMP-00990,2025-09-11,Annual Adjustment,88000,92769,0.1,0,DPT-016,ROL-016
CMP-002243,EMP-00991,2023-12-13,Hire,99000,113000,0.1,22600,DPT-001,ROL-002
CMP-002244,EMP-00992,2023-01-03,Hire,116000,129000,0.1,25800,DPT-002,ROL-003
CMP-002245,EMP-00992,2023-07-20,Annual Adjustment,129000,134446,0.1,0,DPT-002,ROL-003
CMP-002246,EMP-00992,2024-06-09,Annual Adjustment,129000,134577,0.1,0,DPT-002,ROL-003
CMP-002247,EMP-00992,2025-05-04,Termination,129000,0,0,0,DPT-002,ROL-003
CMP-002248,EMP-00993,2023-05-09,Hire,103000,113000,0.1,22600,DPT-016,ROL-017
CMP-002249,EMP-00993,2023-11-14,Promotion,113000,136635,0.1,0,DPT-016,ROL-017
CMP-002250,EMP-00993,2024-11-19,Annual Adjustment,113000,116564,0.1,0,DPT-016,ROL-017
CMP-002251,EMP-00993,2025-05-24,Termination,113000,0,0,0,DPT-016,ROL-017
CMP-002252,EMP-00994,2021-08-07,Hire,156000,171000,0.1,85500,DPT-003,ROL-004
CMP-002253,EMP-00994,2022-06-27,Promotion,171000,188966,0.1,0,DPT-003,ROL-004
CMP-002254,EMP-00994,2023-05-27,Annual Adjustment,171000,175071,0.1,0,DPT-003,ROL-004
CMP-002255,EMP-00995,2024-10-29,Hire,116000,128000,0.1,25600,DPT-006,ROL-003
CMP-002256,EMP-00996,2024-08-06,Hire,90000,104000,0.1,20800,DPT-003,ROL-002
CMP-002257,EMP-00996,2025-08-20,Annual Adjustment,104000,109487,0.1,0,DPT-003,ROL-002
CMP-002258,EMP-00996,2026-03-20,Annual Adjustment,104000,110115,0.1,0,DPT-003,ROL-002
CMP-002259,EMP-00997,2025-01-14,Hire,194000,222000,0.2,222000,DPT-008,ROL-026
CMP-002260,EMP-00997,2025-10-01,Annual Adjustment,222000,231943,0.2,0,DPT-008,ROL-026
CMP-002261,EMP-00998,2024-10-23,Hire,102000,111000,0.1,22200,DPT-001,ROL-002
CMP-002262,EMP-00998,2025-05-07,Equity Refresh,111000,111000,0.1,24120,DPT-001,ROL-002
CMP-002263,EMP-00999,2022-03-22,Hire,142000,163000,0.1,81500,DPT-008,ROL-004
CMP-002264,EMP-00999,2023-03-12,Annual Adjustment,163000,171344,0.1,0,DPT-008,ROL-004
CMP-002265,EMP-00999,2024-04-07,Annual Adjustment,163000,172765,0.1,0,DPT-008,ROL-004
CMP-002266,EMP-01000,2024-05-18,Hire,94000,109000,0.1,21800,DPT-009,ROL-020
CMP-002267,EMP-01001,2025-02-14,Hire,141000,159000,0.1,79500,DPT-004,ROL-004
CMP-002268,EMP-01001,2025-12-02,Annual Adjustment,159000,162666,0.1,0,DPT-004,ROL-004
CMP-002269,EMP-01002,2022-09-04,Hire,117000,130000,0.1,26000,DPT-003,ROL-003
CMP-002270,EMP-01003,2025-09-19,Hire,92000,104000,0.1,20800,DPT-026,ROL-023
CMP-002271,EMP-01003,2026-05-19,Annual Adjustment,104000,106196,0.1,0,DPT-026,ROL-023
CMP-002272,EMP-01004,2020-08-29,Hire,265000,291000,0.2,291000,DPT-021,ROL-034
CMP-002273,EMP-01004,2021-08-20,Annual Adjustment,291000,308024,0.2,0,DPT-021,ROL-034
CMP-002274,EMP-01004,2022-09-10,Annual Adjustment,291000,300930,0.2,0,DPT-021,ROL-034
CMP-002275,EMP-01005,2026-01-20,Hire,178000,203000,0.2,203000,DPT-021,ROL-029
CMP-002276,EMP-01006,2025-12-18,Hire,110000,128000,0.1,25600,DPT-001,ROL-003
CMP-002277,EMP-01007,2022-09-14,Hire,98000,114000,0.1,22800,DPT-002,ROL-002
CMP-002278,EMP-01007,2023-07-09,Annual Adjustment,114000,118221,0.1,0,DPT-002,ROL-002
CMP-002279,EMP-01008,2026-02-13,Hire,77000,88000,0.1,17600,DPT-020,ROL-016
CMP-002280,EMP-01009,2023-07-16,Hire,124000,144000,0.1,28800,DPT-023,ROL-024
CMP-002281,EMP-01009,2024-05-16,Termination,144000,0,0,0,DPT-023,ROL-024
CMP-002282,EMP-01010,2023-06-19,Hire,106000,124000,0.1,24800,DPT-008,ROL-003
CMP-002283,EMP-01010,2024-06-06,Annual Adjustment,124000,131431,0.1,0,DPT-008,ROL-003
CMP-002284,EMP-01011,2023-12-28,Hire,109000,123000,0.1,24600,DPT-006,ROL-003
CMP-002285,EMP-01011,2024-08-26,Equity Refresh,123000,123000,0.1,33465,DPT-006,ROL-003
CMP-002286,EMP-01011,2025-02-27,Annual Adjustment,123000,127930,0.1,0,DPT-006,ROL-003
CMP-002287,EMP-01011,2026-03-12,Annual Adjustment,123000,127757,0.1,0,DPT-006,ROL-003
CMP-002288,EMP-01012,2024-08-03,Hire,92000,108000,0.1,21600,DPT-011,ROL-013
CMP-002289,EMP-01012,2025-05-19,Promotion,108000,131393,0.1,0,DPT-011,ROL-013
CMP-002290,EMP-01012,2026-03-24,Termination,108000,0,0,0,DPT-011,ROL-013
CMP-002291,EMP-01013,2024-07-21,Hire,114000,129000,0.1,25800,DPT-002,ROL-003
CMP-002292,EMP-01013,2025-06-21,Annual Adjustment,129000,131696,0.1,0,DPT-002,ROL-003
CMP-002293,EMP-01013,2025-08-25,Termination,129000,0,0,0,DPT-002,ROL-003
CMP-002294,EMP-01014,2021-08-05,Hire,175000,205000,0.2,205000,DPT-024,ROL-030
CMP-002295,EMP-01015,2025-03-04,Hire,100000,111000,0.1,22200,DPT-009,ROL-020
CMP-002296,EMP-01015,2026-01-25,Equity Refresh,111000,111000,0.1,30423,DPT-009,ROL-020
CMP-002297,EMP-01016,2021-07-15,Hire,181000,197000,0.2,197000,DPT-004,ROL-031
CMP-002298,EMP-01016,2022-03-05,Annual Adjustment,197000,201195,0.2,0,DPT-004,ROL-031
CMP-002299,EMP-01016,2023-01-31,Equity Refresh,197000,197000,0.2,106500,DPT-004,ROL-031
CMP-002300,EMP-01017,2024-02-23,Hire,99000,114000,0.1,22800,DPT-023,ROL-023
CMP-002301,EMP-01017,2025-03-20,Annual Adjustment,114000,118413,0.1,0,DPT-023,ROL-023
CMP-002302,EMP-01018,2025-03-14,Hire,115000,135000,0.1,27000,DPT-003,ROL-003
CMP-002303,EMP-01018,2025-12-15,Equity Refresh,135000,135000,0.1,31816,DPT-003,ROL-003
CMP-002304,EMP-01019,2022-01-25,Hire,126000,145000,0.1,29000,DPT-024,ROL-024
CMP-002305,EMP-01019,2022-08-01,Annual Adjustment,145000,149766,0.1,0,DPT-024,ROL-024
CMP-002306,EMP-01019,2023-01-28,Equity Refresh,145000,145000,0.1,25188,DPT-024,ROL-024
CMP-002307,EMP-01020,2023-11-28,Hire,111000,125000,0.1,25000,DPT-003,ROL-003
CMP-002308,EMP-01020,2024-07-19,Annual Adjustment,125000,130139,0.1,0,DPT-003,ROL-003
CMP-002309,EMP-01021,2023-12-21,Hire,104000,113000,0.1,22600,DPT-024,ROL-023
CMP-002310,EMP-01022,2022-06-18,Hire,109000,119000,0.1,23800,DPT-020,ROL-017
CMP-002311,EMP-01022,2023-02-18,Annual Adjustment,119000,125035,0.1,0,DPT-020,ROL-017
CMP-002312,EMP-01023,2025-04-09,Hire,111000,126000,0.1,25200,DPT-003,ROL-003
CMP-002313,EMP-01024,2024-08-13,Hire,91000,102000,0.1,20400,DPT-007,ROL-002
CMP-002314,EMP-01025,2024-02-22,Hire,115000,126000,0.1,25200,DPT-002,ROL-003
CMP-002315,EMP-01025,2025-01-25,Annual Adjustment,126000,132674,0.1,0,DPT-002,ROL-003
CMP-002316,EMP-01025,2025-10-25,Termination,126000,0,0,0,DPT-002,ROL-003
CMP-002317,EMP-01026,2021-04-12,Hire,182000,201000,0.1,100500,DPT-007,ROL-005
CMP-002318,EMP-01027,2024-01-24,Hire,78000,89000,0.1,17800,DPT-003,ROL-001
CMP-002319,EMP-01027,2024-09-09,Promotion,89000,107705,0.1,0,DPT-003,ROL-001
CMP-002320,EMP-01027,2025-09-26,Annual Adjustment,89000,94193,0.1,0,DPT-003,ROL-001
CMP-002321,EMP-01028,2025-07-30,Hire,115000,131000,0.1,26200,DPT-010,ROL-008
CMP-002322,EMP-01029,2020-05-21,Hire,123000,140000,0.1,28000,DPT-015,ROL-012
CMP-002323,EMP-01029,2020-12-24,Promotion,140000,168815,0.1,0,DPT-015,ROL-012
CMP-002324,EMP-01029,2021-08-31,Annual Adjustment,140000,145828,0.1,0,DPT-015,ROL-012
CMP-002325,EMP-01030,2025-07-26,Hire,111000,129000,0.1,25800,DPT-007,ROL-003
CMP-002326,EMP-01031,2024-08-07,Hire,69000,77000,0.1,15400,DPT-020,ROL-019
CMP-002327,EMP-01031,2025-05-21,Equity Refresh,77000,77000,0.1,18921,DPT-020,ROL-019
CMP-002328,EMP-01031,2026-05-04,Equity Refresh,77000,77000,0.1,10302,DPT-020,ROL-019
CMP-002329,EMP-01032,2024-08-27,Hire,87000,102000,0.1,20400,DPT-009,ROL-007
CMP-002330,EMP-01032,2025-10-16,Annual Adjustment,102000,106109,0.1,0,DPT-009,ROL-007
CMP-002331,EMP-01033,2020-05-15,Hire,139000,157000,0.1,78500,DPT-003,ROL-004
CMP-002332,EMP-01033,2021-06-28,Annual Adjustment,157000,162315,0.1,0,DPT-003,ROL-004
CMP-002333,EMP-01033,2022-08-11,Equity Refresh,157000,157000,0.1,53859,DPT-003,ROL-004
CMP-002334,EMP-01034,2024-05-30,Hire,123000,137000,0.1,27400,DPT-002,ROL-003
CMP-002335,EMP-01034,2025-04-21,Promotion,137000,164478,0.1,0,DPT-002,ROL-003
CMP-002336,EMP-01034,2025-11-16,Equity Refresh,137000,137000,0.1,22776,DPT-002,ROL-003
CMP-002337,EMP-01035,2023-08-30,Hire,103000,114000,0.1,22800,DPT-007,ROL-002
CMP-002338,EMP-01036,2024-02-04,Hire,109000,124000,0.1,24800,DPT-001,ROL-003
CMP-002339,EMP-01036,2025-03-19,Annual Adjustment,124000,130717,0.1,0,DPT-001,ROL-003
CMP-002340,EMP-01036,2025-11-11,Annual Adjustment,124000,127598,0.1,0,DPT-001,ROL-003
CMP-002341,EMP-01037,2025-01-20,Hire,93000,103000,0.1,20600,DPT-024,ROL-023
CMP-002342,EMP-01037,2026-02-14,Promotion,103000,124560,0.1,0,DPT-024,ROL-023
CMP-002343,EMP-01038,2024-08-08,Hire,63000,71000,0.1,14200,DPT-016,ROL-015
CMP-002344,EMP-01038,2025-06-22,Annual Adjustment,71000,73685,0.1,0,DPT-016,ROL-015
CMP-002345,EMP-01039,2021-12-27,Hire,202000,227000,0.2,227000,DPT-005,ROL-026
CMP-002346,EMP-01040,2021-07-11,Hire,118000,137000,0.1,27400,DPT-012,ROL-014
CMP-002347,EMP-01040,2024-08-18,Termination,137000,0,0,0,DPT-012,ROL-014
CMP-002348,EMP-01041,2024-11-03,Hire,93000,109000,0.1,21800,DPT-006,ROL-002
CMP-002349,EMP-01041,2025-10-27,Equity Refresh,109000,109000,0.1,22056,DPT-006,ROL-002
CMP-002350,EMP-01041,2026-01-21,Termination,109000,0,0,0,DPT-006,ROL-002
CMP-002351,EMP-01042,2024-08-22,Hire,204000,232000,0.2,232000,DPT-007,ROL-028
CMP-002352,EMP-01042,2025-06-04,Termination,232000,0,0,0,DPT-007,ROL-028
CMP-002353,EMP-01043,2024-02-24,Hire,124000,143000,0.1,28600,DPT-021,ROL-024
CMP-002354,EMP-01043,2025-10-30,Termination,143000,0,0,0,DPT-021,ROL-024
CMP-002355,EMP-01044,2021-04-10,Hire,167000,194000,0.1,97000,DPT-006,ROL-005
CMP-002356,EMP-01044,2022-03-19,Annual Adjustment,194000,198383,0.1,0,DPT-006,ROL-005
CMP-002357,EMP-01045,2024-05-25,Hire,116000,127000,0.1,25400,DPT-006,ROL-003
CMP-002358,EMP-01045,2025-02-11,Equity Refresh,127000,127000,0.1,31376,DPT-006,ROL-003
CMP-002359,EMP-01045,2026-01-28,Annual Adjustment,127000,134517,0.1,0,DPT-006,ROL-003
CMP-002360,EMP-01046,2025-06-05,Hire,93000,103000,0.1,20600,DPT-005,ROL-002
CMP-002361,EMP-01046,2026-04-27,Annual Adjustment,103000,107769,0.1,0,DPT-005,ROL-002
CMP-002362,EMP-01047,2024-08-25,Hire,81000,95000,0.1,19000,DPT-020,ROL-016
CMP-002363,EMP-01047,2025-02-22,Promotion,95000,108998,0.1,0,DPT-020,ROL-016
CMP-002364,EMP-01047,2026-02-12,Annual Adjustment,95000,99628,0.1,0,DPT-020,ROL-016
CMP-002365,EMP-01048,2024-12-08,Hire,91000,101000,0.1,20200,DPT-009,ROL-007
CMP-002366,EMP-01048,2025-07-08,Annual Adjustment,101000,106935,0.1,0,DPT-009,ROL-007
CMP-002367,EMP-01048,2026-05-03,Annual Adjustment,101000,106465,0.1,0,DPT-009,ROL-007
CMP-002368,EMP-01049,2023-09-18,Hire,89000,102000,0.1,20400,DPT-001,ROL-002
CMP-002369,EMP-01049,2024-07-16,Promotion,102000,118467,0.1,0,DPT-001,ROL-002
CMP-002370,EMP-01049,2025-07-10,Promotion,102000,122554,0.1,0,DPT-001,ROL-002
CMP-002371,EMP-01050,2025-05-30,Hire,95000,111000,0.1,22200,DPT-007,ROL-002
CMP-002372,EMP-01050,2026-01-28,Annual Adjustment,111000,116734,0.1,0,DPT-007,ROL-002
CMP-002373,EMP-01051,2021-10-30,Hire,179000,208000,0.2,208000,DPT-018,ROL-029
CMP-002374,EMP-01051,2022-06-15,Annual Adjustment,208000,216730,0.2,0,DPT-018,ROL-029
CMP-002375,EMP-01052,2024-02-06,Hire,70000,81000,0.1,16200,DPT-022,ROL-022
CMP-002376,EMP-01052,2024-10-15,Equity Refresh,81000,81000,0.1,20108,DPT-022,ROL-022
CMP-002377,EMP-01053,2024-11-27,Hire,79000,91000,0.1,18200,DPT-020,ROL-016
CMP-002378,EMP-01054,2025-07-03,Hire,140000,159000,0.1,79500,DPT-002,ROL-004
CMP-002379,EMP-01055,2024-07-17,Hire,116000,132000,0.1,26400,DPT-005,ROL-003
CMP-002380,EMP-01055,2025-08-29,Promotion,132000,159149,0.1,0,DPT-005,ROL-003
CMP-002381,EMP-01055,2026-04-07,Annual Adjustment,132000,139376,0.1,0,DPT-005,ROL-003
CMP-002382,EMP-01056,2025-12-03,Hire,66000,73000,0.1,14600,DPT-018,ROL-015
CMP-002383,EMP-01057,2023-08-19,Hire,118000,139000,0.1,27800,DPT-009,ROL-021
CMP-002384,EMP-01057,2024-09-13,Annual Adjustment,139000,142828,0.1,0,DPT-009,ROL-021
CMP-002385,EMP-01057,2025-09-16,Termination,139000,0,0,0,DPT-009,ROL-021
CMP-002386,EMP-01058,2024-09-13,Hire,111000,131000,0.1,26200,DPT-008,ROL-003
CMP-002387,EMP-01058,2025-10-04,Equity Refresh,131000,131000,0.1,27692,DPT-008,ROL-003
CMP-002388,EMP-01058,2025-10-15,Termination,131000,0,0,0,DPT-008,ROL-003
CMP-002389,EMP-01059,2024-01-30,Hire,113000,133000,0.1,26600,DPT-004,ROL-003
CMP-002390,EMP-01059,2025-03-12,Promotion,133000,152005,0.1,0,DPT-004,ROL-003
CMP-002391,EMP-01060,2024-03-13,Hire,88000,102000,0.1,20400,DPT-014,ROL-013
CMP-002392,EMP-01060,2025-04-25,Termination,102000,0,0,0,DPT-014,ROL-013
CMP-002393,EMP-01061,2026-01-09,Hire,94000,106000,0.1,21200,DPT-002,ROL-002
CMP-002394,EMP-01062,2025-07-11,Hire,113000,132000,0.1,26400,DPT-002,ROL-003
CMP-002395,EMP-01063,2024-04-13,Hire,192000,220000,0.2,220000,DPT-005,ROL-029
CMP-002396,EMP-01063,2025-04-04,Annual Adjustment,220000,226776,0.2,0,DPT-005,ROL-029
CMP-002397,EMP-01064,2024-08-04,Hire,94000,107000,0.1,21400,DPT-013,ROL-011
CMP-002398,EMP-01064,2025-07-25,Annual Adjustment,107000,112634,0.1,0,DPT-013,ROL-011
CMP-002399,EMP-01065,2022-08-14,Hire,160000,178000,0.2,178000,DPT-016,ROL-025
CMP-002400,EMP-01065,2023-08-14,Promotion,178000,210407,0.2,0,DPT-016,ROL-025
CMP-002401,EMP-01066,2022-09-29,Hire,144000,157000,0.1,78500,DPT-001,ROL-004
CMP-002402,EMP-01066,2023-07-15,Annual Adjustment,157000,160747,0.1,0,DPT-001,ROL-004
CMP-002403,EMP-01067,2020-07-15,Hire,174000,192000,0.2,192000,DPT-006,ROL-025
CMP-002404,EMP-01067,2021-02-20,Annual Adjustment,192000,198222,0.2,0,DPT-006,ROL-025
CMP-002405,EMP-01068,2023-04-11,Hire,120000,133000,0.1,26600,DPT-008,ROL-003
CMP-002406,EMP-01068,2023-11-09,Annual Adjustment,133000,136350,0.1,0,DPT-008,ROL-003
CMP-002407,EMP-01069,2020-08-26,Hire,168000,184000,0.2,184000,DPT-016,ROL-025
CMP-002408,EMP-01069,2021-07-10,Annual Adjustment,184000,189103,0.2,0,DPT-016,ROL-025
CMP-002409,EMP-01070,2022-04-06,Hire,148000,166000,0.1,83000,DPT-008,ROL-004
CMP-002410,EMP-01070,2023-01-05,Annual Adjustment,166000,169527,0.1,0,DPT-008,ROL-004
CMP-002411,EMP-01070,2024-02-15,Annual Adjustment,166000,171062,0.1,0,DPT-008,ROL-004
CMP-002412,EMP-01071,2020-12-21,Hire,193000,223000,0.2,223000,DPT-001,ROL-029
CMP-002413,EMP-01071,2021-12-08,Promotion,223000,250200,0.2,0,DPT-001,ROL-029
CMP-002414,EMP-01072,2023-10-06,Hire,91000,104000,0.1,20800,DPT-006,ROL-002
CMP-002415,EMP-01072,2024-08-19,Annual Adjustment,104000,109741,0.1,0,DPT-006,ROL-002
CMP-002416,EMP-01072,2025-03-31,Annual Adjustment,104000,106833,0.1,0,DPT-006,ROL-002
CMP-002417,EMP-01072,2025-12-30,Termination,104000,0,0,0,DPT-006,ROL-002
CMP-002418,EMP-01073,2021-06-16,Hire,190000,223000,0.2,223000,DPT-003,ROL-026
CMP-002419,EMP-01073,2022-01-22,Annual Adjustment,223000,231929,0.2,0,DPT-003,ROL-026
CMP-002420,EMP-01073,2023-02-07,Annual Adjustment,223000,234267,0.2,0,DPT-003,ROL-026
CMP-002421,EMP-01074,2023-12-09,Hire,101000,110000,0.1,22000,DPT-007,ROL-002
CMP-002422,EMP-01074,2024-10-03,Annual Adjustment,110000,112503,0.1,0,DPT-007,ROL-002
CMP-002423,EMP-01074,2025-07-30,Equity Refresh,110000,110000,0.1,20466,DPT-007,ROL-002
CMP-002424,EMP-01075,2020-09-22,Hire,195000,216000,0.2,216000,DPT-016,ROL-030
CMP-002425,EMP-01075,2022-07-07,Termination,216000,0,0,0,DPT-016,ROL-030
CMP-002426,EMP-01076,2022-09-17,Hire,121000,140000,0.1,28000,DPT-011,ROL-014
CMP-002427,EMP-01076,2023-06-15,Equity Refresh,140000,140000,0.1,14252,DPT-011,ROL-014
CMP-002428,EMP-01076,2024-02-02,Annual Adjustment,140000,143459,0.1,0,DPT-011,ROL-014
CMP-002429,EMP-01077,2025-07-09,Hire,103000,114000,0.1,22800,DPT-016,ROL-017
CMP-002430,EMP-01078,2023-05-29,Hire,152000,169000,0.1,33800,DPT-009,ROL-009
CMP-002431,EMP-01078,2024-06-10,Annual Adjustment,169000,173210,0.1,0,DPT-009,ROL-009
CMP-002432,EMP-01078,2025-05-15,Promotion,169000,202376,0.1,0,DPT-009,ROL-009
CMP-002433,EMP-01078,2026-01-09,Annual Adjustment,169000,177292,0.1,0,DPT-009,ROL-009
CMP-002434,EMP-01079,2025-10-05,Hire,150000,164000,0.1,82000,DPT-002,ROL-004
CMP-002435,EMP-01080,2023-02-02,Hire,77000,85000,0.1,17000,DPT-022,ROL-022
CMP-002436,EMP-01081,2024-05-14,Hire,146000,164000,0.1,82000,DPT-008,ROL-004
CMP-002437,EMP-01081,2025-05-13,Annual Adjustment,164000,172902,0.1,0,DPT-008,ROL-004
CMP-002438,EMP-01081,2026-01-05,Annual Adjustment,164000,170533,0.1,0,DPT-008,ROL-004
CMP-002439,EMP-01082,2022-09-04,Hire,89000,102000,0.1,20400,DPT-015,ROL-013
CMP-002440,EMP-01082,2023-08-01,Promotion,102000,123001,0.1,0,DPT-015,ROL-013
CMP-002441,EMP-01082,2024-05-19,Annual Adjustment,102000,104547,0.1,0,DPT-015,ROL-013
CMP-002442,EMP-01083,2023-12-20,Hire,70000,79000,0.1,15800,DPT-013,ROL-010
CMP-002443,EMP-01083,2025-01-22,Annual Adjustment,79000,82445,0.1,0,DPT-013,ROL-010
CMP-002444,EMP-01083,2026-03-03,Annual Adjustment,79000,82375,0.1,0,DPT-013,ROL-010
CMP-002445,EMP-01084,2023-12-21,Hire,69000,78000,0.1,15600,DPT-026,ROL-022
CMP-002446,EMP-01084,2024-08-01,Promotion,78000,87816,0.1,0,DPT-026,ROL-022
CMP-002447,EMP-01084,2025-03-14,Annual Adjustment,78000,82547,0.1,0,DPT-026,ROL-022
CMP-002448,EMP-01085,2023-06-06,Hire,87000,97000,0.1,19400,DPT-009,ROL-007
CMP-002449,EMP-01085,2023-12-08,Annual Adjustment,97000,99042,0.1,0,DPT-009,ROL-007
CMP-002450,EMP-01086,2023-09-16,Hire,88000,97000,0.1,19400,DPT-017,ROL-016
CMP-002451,EMP-01087,2025-02-24,Hire,93000,107000,0.1,21400,DPT-001,ROL-002
CMP-002452,EMP-01087,2026-01-04,Annual Adjustment,107000,112675,0.1,0,DPT-001,ROL-002
CMP-002453,EMP-01088,2024-03-06,Hire,65000,72000,0.1,14400,DPT-019,ROL-015
CMP-002454,EMP-01088,2025-02-23,Annual Adjustment,72000,75702,0.1,0,DPT-019,ROL-015
CMP-002455,EMP-01088,2026-01-27,Promotion,72000,83216,0.1,0,DPT-019,ROL-015
CMP-002456,EMP-01089,2026-04-26,Hire,171000,188000,0.2,188000,DPT-003,ROL-031
CMP-002457,EMP-01090,2024-10-29,Hire,93000,108000,0.1,21600,DPT-024,ROL-023
CMP-002458,EMP-01090,2025-06-28,Annual Adjustment,108000,112364,0.1,0,DPT-024,ROL-023
CMP-002459,EMP-01091,2024-10-04,Hire,160000,187000,0.2,187000,DPT-009,ROL-025
CMP-002460,EMP-01091,2025-04-27,Annual Adjustment,187000,195338,0.2,0,DPT-009,ROL-025
CMP-002461,EMP-01091,2026-03-23,Termination,187000,0,0,0,DPT-009,ROL-025
CMP-002462,EMP-01092,2026-02-07,Hire,175000,201000,0.2,201000,DPT-003,ROL-031
CMP-002463,EMP-01093,2024-09-29,Hire,92000,104000,0.1,20800,DPT-004,ROL-002
CMP-002464,EMP-01093,2025-08-11,Annual Adjustment,104000,109711,0.1,0,DPT-004,ROL-002
CMP-002465,EMP-01093,2026-03-26,Annual Adjustment,104000,106482,0.1,0,DPT-004,ROL-002
CMP-002466,EMP-01094,2025-03-24,Hire,102000,116000,0.1,23200,DPT-017,ROL-017
CMP-002467,EMP-01094,2025-11-04,Annual Adjustment,116000,118763,0.1,0,DPT-017,ROL-017
CMP-002468,EMP-01095,2023-11-15,Hire,99000,111000,0.1,22200,DPT-021,ROL-023
CMP-002469,EMP-01096,2026-05-20,Hire,189000,218000,0.2,218000,DPT-002,ROL-029
CMP-002470,EMP-01097,2025-04-22,Hire,95000,105000,0.1,21000,DPT-003,ROL-002
CMP-002471,EMP-01097,2026-01-29,Annual Adjustment,105000,110025,0.1,0,DPT-003,ROL-002
CMP-002472,EMP-01098,2023-07-31,Hire,101000,113000,0.1,22600,DPT-016,ROL-017
CMP-002473,EMP-01098,2024-05-09,Equity Refresh,113000,113000,0.1,17299,DPT-016,ROL-017
CMP-002474,EMP-01098,2024-12-30,Promotion,113000,133217,0.1,0,DPT-016,ROL-017
CMP-002475,EMP-01099,2025-12-11,Hire,194000,223000,0.2,223000,DPT-004,ROL-028
CMP-002476,EMP-01100,2024-11-24,Hire,66000,75000,0.1,15000,DPT-020,ROL-015
CMP-002477,EMP-01100,2025-12-21,Equity Refresh,75000,75000,0.1,17485,DPT-020,ROL-015
CMP-002478,EMP-01101,2025-01-26,Hire,95000,110000,0.1,22000,DPT-021,ROL-023
CMP-002479,EMP-01102,2024-07-18,Hire,173000,195000,0.2,195000,DPT-017,ROL-025
CMP-002480,EMP-01102,2025-07-13,Promotion,195000,218863,0.2,0,DPT-017,ROL-025
CMP-002481,EMP-01102,2026-05-23,Annual Adjustment,195000,199074,0.2,0,DPT-017,ROL-025
CMP-002482,EMP-01103,2024-09-06,Hire,246000,268000,0.1,134000,DPT-001,ROL-006
CMP-002483,EMP-01103,2026-04-10,Termination,268000,0,0,0,DPT-001,ROL-006
CMP-002484,EMP-01104,2024-12-03,Hire,166000,192000,0.2,192000,DPT-023,ROL-025
